plant,scenario,mode,ambient,deadtime,resolution,SP,MAE,P95,ripple,overshoot,settling,High,Emergency,energy_j,heater_transitions,vent_runtime_s,max_authority_slew_pct_min,normal_authority_slew_pct_min,confidence_final,false_learning_count,self_heating_s,adaptive_s,cooling_capacity_w
light,steady,BASELINE,20.000000,5,0.100000,30.000000,0.034067,0.064217,0.132600,2.570011,715,0,0,14755200.000000,5224,0.000000,0.000000,0.000000,0.000000,0,0.000000,0.000000,0
light,steady,ADAPTIVE,20.000000,5,0.100000,30.000000,0.034067,0.064217,0.132600,2.570011,715,0,0,14755200.000000,5224,0.000000,0.000000,0.000000,12.000000,0,0.000000,0.000000,0
light,steady,BASELINE,20.000000,5,0.100000,32.000000,0.036810,0.066307,0.135596,2.534152,799,0,0,17664000.000000,6268,0.000000,0.000000,0.000000,0.000000,0,0.000000,0.000000,0
light,steady,ADAPTIVE,20.000000,5,0.100000,32.000000,0.036810,0.066307,0.135596,2.534152,799,0,0,17664000.000000,6268,0.000000,0.000000,0.000000,12.000000,0,0.000000,0.000000,0
light,steady,BASELINE,20.000000,5,0.100000,35.000000,0.033485,0.063777,0.131945,2.468349,989,0,0,22008000.000000,7828,0.000000,0.000000,0.000000,0.000000,0,0.000000,0.000000,0
light,steady,ADAPTIVE,20.000000,5,0.100000,35.000000,0.033485,0.063777,0.131945,2.468349,989,0,0,22008000.000000,7828,0.000000,0.000000,0.000000,12.000000,0,0.000000,0.000000,0
light,steady,BASELINE,20.000000,5,0.100000,37.500000,0.036437,0.064435,0.132408,1.375860,1109,1,0,25609600.000000,9142,120.000000,0.000000,0.000000,0.000000,0,0.000000,0.000000,0
light,steady,ADAPTIVE,20.000000,5,0.100000,37.500000,0.036437,0.064435,0.132408,1.375860,1109,1,0,25609600.000000,9142,120.000000,0.000000,0.000000,0.000000,0,0.000000,0.000000,0
light,steady,BASELINE,20.000000,5,0.010000,30.000000,0.003769,0.006876,0.015694,2.575097,724,0,0,14750400.000000,5220,0.000000,0.000000,0.000000,0.000000,0,0.000000,0.000000,0
light,steady,ADAPTIVE,20.000000,5,0.010000,30.000000,0.003769,0.006876,0.015694,2.575097,724,0,0,14750400.000000,5220,0.000000,19.999695,19.999695,100.000000,0,0.000000,8786.000000,0
light,steady,BASELINE,20.000000,5,0.010000,32.000000,0.003426,0.006354,0.014543,2.533956,901,0,0,17659200.000000,6268,0.000000,0.000000,0.000000,0.000000,0,0.000000,0.000000,0
light,steady,ADAPTIVE,20.000000,5,0.010000,32.000000,0.003426,0.006354,0.014543,2.533956,901,0,0,17659200.000000,6268,0.000000,19.999695,19.999695,100.000000,0,0.000000,8664.000000,0
light,steady,BASELINE,20.000000,5,0.010000,35.000000,0.002452,0.004559,0.006088,2.467741,994,0,0,22017600.000000,7830,0.000000,0.000000,0.000000,0.000000,0,0.000000,0.000000,0
light,steady,ADAPTIVE,20.000000,5,0.010000,35.000000,0.002452,0.004559,0.006088,2.467741,994,0,0,22017600.000000,7830,0.000000,19.999695,19.999695,100.000000,0,0.000000,8420.000000,0
light,steady,BASELINE,20.000000,5,0.010000,37.500000,0.003560,0.006691,0.014904,1.375617,1111,1,0,25614400.000000,9144,120.000000,0.000000,0.000000,0.000000,0,0.000000,0.000000,0
light,steady,ADAPTIVE,20.000000,5,0.010000,37.500000,0.003560,0.006691,0.014904,1.375617,1111,1,0,25614400.000000,9144,120.000000,19.999695,19.999695,100.000000,0,0.000000,8188.000000,0
light,steady,BASELINE,20.000000,15,0.100000,30.000000,0.179250,0.318232,0.584288,3.278619,-1,0,0,14870400.000000,5204,0.000000,0.000000,0.000000,0.000000,0,0.000000,0.000000,0
light,steady,ADAPTIVE,20.000000,15,0.100000,30.000000,0.179250,0.318232,0.584288,3.278619,-1,0,0,14870400.000000,5204,0.000000,0.000000,0.000000,12.000000,0,0.000000,0.000000,0
light,steady,BASELINE,20.000000,15,0.100000,32.000000,0.214110,0.407202,0.723118,3.223682,-1,0,0,17779200.000000,6252,0.000000,0.000000,0.000000,0.000000,0,0.000000,0.000000,0
light,steady,ADAPTIVE,20.000000,15,0.100000,32.000000,0.214110,0.407202,0.723118,3.223682,-1,0,0,17779200.000000,6252,0.000000,0.000000,0.000000,12.000000,0,0.000000,0.000000,0
light,steady,BASELINE,20.000000,15,0.100000,35.000000,0.303450,0.541929,0.946652,3.123724,-1,0,0,22128000.000000,7814,0.000000,0.000000,0.000000,0.000000,0,0.000000,0.000000,0
light,steady,ADAPTIVE,20.000000,15,0.100000,35.000000,0.303450,0.541929,0.946652,3.123724,-1,0,0,22128000.000000,7814,0.000000,0.000000,0.000000,0.000000,0,0.000000,0.000000,0
light,steady,BASELINE,20.000000,15,0.100000,37.500000,0.387651,0.715112,1.278843,2.101495,-1,1,1,25835200.000000,9172,5073.800000,0.000000,0.000000,0.000000,0,0.000000,0.000000,0
light,steady,ADAPTIVE,20.000000,15,0.100000,37.500000,0.387651,0.715112,1.278843,2.101495,-1,1,1,25835200.000000,9172,5073.800000,0.000000,0.000000,0.000000,0,0.000000,0.000000,0
light,steady,BASELINE,20.000000,15,0.010000,30.000000,0.192610,0.366694,0.649235,3.274350,-1,0,0,14875200.000000,5208,0.000000,0.000000,0.000000,0.000000,0,0.000000,0.000000,0
light,steady,ADAPTIVE,20.000000,15,0.010000,30.000000,0.192610,0.366694,0.649235,3.274350,-1,0,0,14875200.000000,5208,0.000000,0.000000,0.000000,12.000000,0,0.000000,0.000000,0
light,steady,BASELINE,20.000000,15,0.010000,32.000000,0.240534,0.438119,0.779059,3.224356,-1,0,0,17822400.000000,6270,0.000000,0.000000,0.000000,0.000000,0,0.000000,0.000000,0
light,steady,ADAPTIVE,20.000000,15,0.010000,32.000000,0.240534,0.438119,0.779059,3.224356,-1,0,0,17822400.000000,6270,0.000000,0.000000,0.000000,12.000000,0,0.000000,0.000000,0
light,steady,BASELINE,20.000000,15,0.010000,35.000000,0.305560,0.548197,0.959910,3.139145,-1,0,0,22147200.000000,7820,0.000000,0.000000,0.000000,0.000000,0,0.000000,0.000000,0
light,steady,ADAPTIVE,20.000000,15,0.010000,35.000000,0.305560,0.548197,0.959910,3.139145,-1,0,0,22147200.000000,7820,0.000000,0.000000,0.000000,0.000000,0,0.000000,0.000000,0
light,steady,BASELINE,20.000000,15,0.010000,37.500000,0.393908,0.735290,1.290961,2.101458,-1,1,1,25832000.000000,9172,5080.600000,0.000000,0.000000,0.000000,0,0.000000,0.000000,0
light,steady,ADAPTIVE,20.000000,15,0.010000,37.500000,0.393908,0.735290,1.290961,2.101458,-1,1,1,25832000.000000,9172,5080.600000,0.000000,0.000000,0.000000,0,0.000000,0.000000,0
light,steady,BASELINE,20.000000,30,0.100000,30.000000,0.329543,0.780101,1.159983,4.390506,-1,0,0,15206400.000000,5248,0.000000,0.000000,0.000000,0.000000,0,0.000000,0.000000,0
light,steady,ADAPTIVE,20.000000,30,0.100000,30.000000,0.329543,0.780101,1.159983,4.390506,-1,0,0,15206400.000000,5248,0.000000,0.000000,0.000000,12.000000,0,0.000000,0.000000,0
light,steady,BASELINE,20.000000,30,0.100000,32.000000,0.411453,0.968193,1.440526,4.357679,-1,0,0,18228800.000000,6340,0.000000,0.000000,0.000000,0.000000,0,0.000000,0.000000,0
light,steady,ADAPTIVE,20.000000,30,0.100000,32.000000,0.411453,0.968193,1.440526,4.357679,-1,0,0,18228800.000000,6340,0.000000,0.000000,0.000000,12.000000,0,0.000000,0.000000,0
light,steady,BASELINE,20.000000,30,0.100000,35.000000,0.596267,1.268171,1.851747,4.239783,-1,1,1,22516800.000000,7874,122.100000,0.000000,0.000000,0.000000,0,0.000000,0.000000,0
light,steady,ADAPTIVE,20.000000,30,0.100000,35.000000,0.596267,1.268171,1.851747,4.239783,-1,1,1,22516800.000000,7874,122.100000,0.000000,0.000000,12.000000,0,0.000000,0.000000,0
light,steady,BASELINE,20.000000,30,0.100000,37.500000,0.688334,1.544025,2.305163,3.225317,-1,1,1,25947200.000000,9120,3966.500000,0.000000,0.000000,0.000000,0,0.000000,0.000000,0
light,steady,ADAPTIVE,20.000000,30,0.100000,37.500000,0.688334,1.544025,2.305163,3.225317,-1,1,1,25947200.000000,9120,3966.500000,0.000000,0.000000,0.000000,0,0.000000,0.000000,0
light,steady,BASELINE,20.000000,30,0.010000,30.000000,0.353399,0.855180,1.281318,4.413295,-1,0,0,15278400.000000,5276,0.000000,0.000000,0.000000,0.000000,0,0.000000,0.000000,0
light,steady,ADAPTIVE,20.000000,30,0.010000,30.000000,0.353399,0.855180,1.281318,4.413295,-1,0,0,15278400.000000,5276,0.000000,19.999695,19.999695,100.000000,0,0.000000,8642.000000,0
light,steady,BASELINE,20.000000,30,0.010000,32.000000,0.476169,1.068525,1.530521,4.341358,-1,0,0,18168000.000000,6316,0.000000,0.000000,0.000000,0.000000,0,0.000000,0.000000,0
light,steady,ADAPTIVE,20.000000,30,0.010000,32.000000,0.476169,1.068525,1.530521,4.341358,-1,0,0,18168000.000000,6316,0.000000,19.999695,19.999695,100.000000,0,0.000000,8702.000000,0
light,steady,BASELINE,20.000000,30,0.010000,35.000000,0.634645,1.322238,1.902498,4.241653,-1,1,1,22545600.000000,7886,122.200000,0.000000,0.000000,0.000000,0,0.000000,0.000000,0
light,steady,ADAPTIVE,20.000000,30,0.010000,35.000000,0.634645,1.322238,1.902498,4.241653,-1,1,1,22545600.000000,7886,122.200000,19.999695,19.999695,100.000000,0,0.000000,5348.000000,0
light,steady,BASELINE,20.000000,30,0.010000,37.500000,0.697809,1.535576,2.291799,3.216337,-1,1,1,25985600.000000,9148,3966.000000,0.000000,0.000000,0.000000,0,0.000000,0.000000,0
light,steady,ADAPTIVE,20.000000,30,0.010000,37.500000,0.697809,1.535576,2.291799,3.216337,-1,1,1,25985600.000000,9148,3966.000000,0.000000,0.000000,0.000000,0,0.000000,0.000000,0
light,steady,BASELINE,20.000000,60,0.100000,30.000000,1.158584,2.645493,3.261182,6.714044,-1,0,0,16065600.000000,5406,0.000000,0.000000,0.000000,0.000000,0,0.000000,0.000000,0
light,steady,ADAPTIVE,20.000000,60,0.100000,30.000000,1.158584,2.645493,3.261182,6.714044,-1,0,0,16065600.000000,5406,0.000000,19.999695,19.999695,100.000000,0,0.000000,7406.000000,0
light,steady,BASELINE,20.000000,60,0.100000,32.000000,1.411405,3.215250,3.913987,6.620686,-1,1,0,19216000.000000,6202,120.000000,0.000000,0.000000,0.000000,0,0.000000,0.000000,0
light,steady,ADAPTIVE,20.000000,60,0.100000,32.000000,1.411405,3.215250,3.913987,6.620686,-1,1,0,19216000.000000,6202,120.000000,19.999695,19.999695,100.000000,0,0.000000,6794.000000,0
light,steady,BASELINE,20.000000,60,0.100000,35.000000,1.935492,4.591210,5.616130,6.428995,-1,1,1,24697600.000000,5475,2767.500000,0.000000,0.000000,0.000000,0,0.000000,0.000000,0
light,steady,ADAPTIVE,20.000000,60,0.100000,35.000000,1.935492,4.591210,5.616130,6.428995,-1,1,1,24697600.000000,5475,2767.500000,0.000000,0.000000,0.000000,0,0.000000,0.000000,0
light,steady,BASELINE,20.000000,60,0.100000,37.500000,1.790668,4.362792,5.580552,5.417039,-1,1,1,28089600.000000,4352,6427.200000,0.000000,0.000000,0.000000,0,0.000000,0.000000,0
light,steady,ADAPTIVE,20.000000,60,0.100000,37.500000,1.790668,4.362792,5.580552,5.417039,-1,1,1,28089600.000000,4352,6427.200000,0.000000,0.000000,0.000000,0,0.000000,0.000000,0
light,steady,BASELINE,20.000000,60,0.010000,30.000000,1.150686,2.847755,3.491384,6.715621,-1,0,0,16497600.000000,5586,0.000000,0.000000,0.000000,0.000000,0,0.000000,0.000000,0
light,steady,ADAPTIVE,20.000000,60,0.010000,30.000000,1.150686,2.847755,3.491384,6.715621,-1,0,0,16497600.000000,5586,0.000000,19.999695,19.999695,100.000000,0,0.000000,7342.000000,0
light,steady,BASELINE,20.000000,60,0.010000,32.000000,1.450403,3.403354,4.180830,6.607237,-1,1,0,19560000.000000,6122,120.000000,0.000000,0.000000,0.000000,0,0.000000,0.000000,0
light,steady,ADAPTIVE,20.000000,60,0.010000,32.000000,1.450403,3.403354,4.180830,6.607237,-1,1,0,19560000.000000,6122,120.000000,19.999695,19.999695,100.000000,0,0.000000,6738.000000,0
light,steady,BASELINE,20.000000,60,0.010000,35.000000,1.646594,4.187403,5.454102,6.448772,-1,1,1,25008000.000000,5608,2719.000000,0.000000,0.000000,0.000000,0,0.000000,0.000000,0
light,steady,ADAPTIVE,20.000000,60,0.010000,35.000000,1.646594,4.187403,5.454102,6.448772,-1,1,1,25008000.000000,5608,2719.000000,0.000000,0.000000,8.000000,0,0.000000,0.000000,0
light,steady,BASELINE,20.000000,60,0.010000,37.500000,1.790848,4.396229,5.612191,5.416781,-1,1,1,28160000.000000,4314,6430.700000,0.000000,0.000000,0.000000,0,0.000000,0.000000,0
light,steady,ADAPTIVE,20.000000,60,0.010000,37.500000,1.790848,4.396229,5.612191,5.416781,-1,1,1,28160000.000000,4314,6430.700000,0.000000,0.000000,0.000000,0,0.000000,0.000000,0
light,steady,BASELINE,25.000000,5,0.100000,30.000000,0.036132,0.067317,0.141829,2.680953,741,0,0,7459200.000000,2584,0.000000,0.000000,0.000000,0.000000,0,0.000000,0.000000,0
light,steady,ADAPTIVE,25.000000,5,0.100000,30.000000,0.036132,0.067317,0.141829,2.680953,741,0,0,7459200.000000,2584,0.000000,0.000000,0.000000,12.000000,0,0.000000,0.000000,0
light,steady,BASELINE,25.000000,5,0.100000,32.000000,0.035675,0.065988,0.136671,2.643008,612,0,0,10368000.000000,3636,0.000000,0.000000,0.000000,0.000000,0,0.000000,0.000000,0
light,steady,ADAPTIVE,25.000000,5,0.100000,32.000000,0.035675,0.065988,0.136671,2.643008,612,0,0,10368000.000000,3636,0.000000,0.000000,0.000000,12.000000,0,0.000000,0.000000,0
light,steady,BASELINE,25.000000,5,0.100000,35.000000,0.034148,0.063269,0.130032,2.570011,715,0,0,14755200.000000,5224,0.000000,0.000000,0.000000,0.000000,0,0.000000,0.000000,0
light,steady,ADAPTIVE,25.000000,5,0.100000,35.000000,0.034148,0.063269,0.130032,2.570011,715,0,0,14755200.000000,5224,0.000000,0.000000,0.000000,12.000000,0,0.000000,0.000000,0
light,steady,BASELINE,25.000000,5,0.100000,37.500000,0.034430,0.063413,0.131081,1.450759,877,1,0,18336000.000000,6536,120.000000,0.000000,0.000000,0.000000,0,0.000000,0.000000,0
light,steady,ADAPTIVE,25.000000,5,0.100000,37.500000,0.034430,0.063413,0.131081,1.450759,877,1,0,18336000.000000,6536,120.000000,0.000000,0.000000,0.000000,0,0.000000,0.000000,0
light,steady,BASELINE,25.000000,5,0.010000,30.000000,0.002252,0.005087,0.013199,2.682254,741,0,0,7468800.000000,2588,0.000000,0.000000,0.000000,0.000000,0,0.000000,0.000000,0
light,steady,ADAPTIVE,25.000000,5,0.010000,30.000000,0.002252,0.005087,0.013199,2.682254,741,0,0,7468800.000000,2588,0.000000,19.999695,19.999695,100.000000,0,0.000000,8786.000000,0
light,steady,BASELINE,25.000000,5,0.010000,32.000000,0.004289,0.007941,0.018341,2.642955,700,0,0,10377600.000000,3640,0.000000,0.000000,0.000000,0.000000,0,0.000000,0.000000,0
light,steady,ADAPTIVE,25.000000,5,0.010000,32.000000,0.004289,0.007941,0.018341,2.642955,700,0,0,10377600.000000,3640,0.000000,19.999695,19.999695,100.000000,0,0.000000,8908.000000,0
light,steady,BASELINE,25.000000,5,0.010000,35.000000,0.003832,0.006976,0.015315,2.575097,724,0,0,14745600.000000,5218,0.000000,0.000000,0.000000,0.000000,0,0.000000,0.000000,0
light,steady,ADAPTIVE,25.000000,5,0.010000,35.000000,0.003832,0.006976,0.015315,2.575097,724,0,0,14745600.000000,5218,0.000000,19.999695,19.999695,100.000000,0,0.000000,8664.000000,0
light,steady,BASELINE,25.000000,5,0.010000,37.500000,0.003499,0.006755,0.015290,1.443048,878,1,0,18348800.000000,6542,120.000000,0.000000,0.000000,0.000000,0,0.000000,0.000000,0
light,steady,ADAPTIVE,25.000000,5,0.010000,37.500000,0.003499,0.006755,0.015290,1.443048,878,1,0,18348800.000000,6542,120.000000,19.999695,19.999695,100.000000,0,0.000000,8464.000000,0
light,steady,BASELINE,25.000000,15,0.100000,30.000000,0.085181,0.151771,0.267830,3.400828,-1,0,0,7531200.000000,2552,0.000000,0.000000,0.000000,0.000000,0,0.000000,0.000000,0
light,steady,ADAPTIVE,25.000000,15,0.100000,30.000000,0.085181,0.151771,0.267830,3.400828,-1,0,0,7531200.000000,2552,0.000000,0.000000,0.000000,12.000000,0,0.000000,0.000000,0
light,steady,BASELINE,25.000000,15,0.100000,32.000000,0.134758,0.239111,0.427249,3.354546,-1,0,0,10440000.000000,3602,0.000000,0.000000,0.000000,0.000000,0,0.000000,0.000000,0
light,steady,ADAPTIVE,25.000000,15,0.100000,32.000000,0.134758,0.239111,0.427249,3.354546,-1,0,0,10440000.000000,3602,0.000000,0.000000,0.000000,12.000000,0,0.000000,0.000000,0
light,steady,BASELINE,25.000000,15,0.100000,35.000000,0.175084,0.316842,0.575174,3.278619,-1,1,0,14865600.000000,5202,120.000000,0.000000,0.000000,0.000000,0,0.000000,0.000000,0
light,steady,ADAPTIVE,25.000000,15,0.100000,35.000000,0.175084,0.316842,0.575174,3.278619,-1,1,0,14865600.000000,5202,120.000000,0.000000,0.000000,0.000000,0,0.000000,0.000000,0
light,steady,BASELINE,25.000000,15,0.100000,37.500000,0.228056,0.434028,0.768981,2.198180,-1,1,1,18488000.000000,6536,200.700000,0.000000,0.000000,0.000000,0,0.000000,0.000000,0
light,steady,ADAPTIVE,25.000000,15,0.100000,37.500000,0.228056,0.434028,0.768981,2.198180,-1,1,1,18488000.000000,6536,200.700000,0.000000,0.000000,0.000000,0,0.000000,0.000000,0
light,steady,BASELINE,25.000000,15,0.010000,30.000000,0.102242,0.192715,0.342235,3.402578,-1,0,0,7531200.000000,2550,0.000000,0.000000,0.000000,0.000000,0,0.000000,0.000000,0
light,steady,ADAPTIVE,25.000000,15,0.010000,30.000000,0.102242,0.192715,0.342235,3.402578,-1,0,0,7531200.000000,2550,0.000000,0.000000,0.000000,12.000000,0,0.000000,0.000000,0
light,steady,BASELINE,25.000000,15,0.010000,32.000000,0.148132,0.265293,0.467694,3.352492,-1,0,0,10444800.000000,3606,0.000000,0.000000,0.000000,0.000000,0,0.000000,0.000000,0
light,steady,ADAPTIVE,25.000000,15,0.010000,32.000000,0.148132,0.265293,0.467694,3.352492,-1,0,0,10444800.000000,3606,0.000000,0.000000,0.000000,12.000000,0,0.000000,0.000000,0
light,steady,BASELINE,25.000000,15,0.010000,35.000000,0.193870,0.368858,0.653874,3.274350,-1,1,0,14856000.000000,5200,120.000000,0.000000,0.000000,0.000000,0,0.000000,0.000000,0
light,steady,ADAPTIVE,25.000000,15,0.010000,35.000000,0.193870,0.368858,0.653874,3.274350,-1,1,0,14856000.000000,5200,120.000000,0.000000,0.000000,0.000000,0,0.000000,0.000000,0
light,steady,BASELINE,25.000000,15,0.010000,37.500000,0.251169,0.460859,0.809511,2.198464,-1,1,1,18368000.000000,6486,200.700000,0.000000,0.000000,0.000000,0,0.000000,0.000000,0
light,steady,ADAPTIVE,25.000000,15,0.010000,37.500000,0.251169,0.460859,0.809511,2.198464,-1,1,1,18368000.000000,6486,200.700000,0.000000,0.000000,0.000000,0,0.000000,0.000000,0
light,steady,BASELINE,25.000000,30,0.100000,30.000000,0.167290,0.381606,0.549176,4.578157,-1,0,0,7776000.000000,2554,0.000000,0.000000,0.000000,0.000000,0,0.000000,0.000000,0
light,steady,ADAPTIVE,25.000000,30,0.100000,30.000000,0.167290,0.381606,0.549176,4.578157,-1,0,0,7776000.000000,2554,0.000000,0.000000,0.000000,12.000000,0,0.000000,0.000000,0
light,steady,BASELINE,25.000000,30,0.100000,32.000000,0.230871,0.537734,0.804021,4.540591,-1,0,0,10766400.000000,3638,0.000000,0.000000,0.000000,0.000000,0,0.000000,0.000000,0
light,steady,ADAPTIVE,25.000000,30,0.100000,32.000000,0.230871,0.537734,0.804021,4.540591,-1,0,0,10766400.000000,3638,0.000000,0.000000,0.000000,12.000000,0,0.000000,0.000000,0
light,steady,BASELINE,25.000000,30,0.100000,35.000000,0.329128,0.765808,1.162718,4.390471,-1,1,1,15235200.000000,5260,171.000000,0.000000,0.000000,0.000000,0,0.000000,0.000000,0
light,steady,ADAPTIVE,25.000000,30,0.100000,35.000000,0.329128,0.765808,1.162718,4.390471,-1,1,1,15235200.000000,5260,171.000000,0.000000,0.000000,12.000000,0,0.000000,0.000000,0
light,steady,BASELINE,25.000000,30,0.100000,37.500000,0.474640,1.131858,1.739523,3.345785,-1,1,1,18940800.000000,6631,3807.800000,0.000000,0.000000,0.000000,0,0.000000,0.000000,0
light,steady,ADAPTIVE,25.000000,30,0.100000,37.500000,0.474640,1.131858,1.739523,3.345785,-1,1,1,18940800.000000,6631,3807.800000,0.000000,0.000000,0.000000,0,0.000000,0.000000,0
light,steady,BASELINE,25.000000,30,0.010000,30.000000,0.216154,0.465089,0.668997,4.582863,-1,0,0,7737600.000000,2536,0.000000,0.000000,0.000000,0.000000,0,0.000000,0.000000,0
light,steady,ADAPTIVE,25.000000,30,0.010000,30.000000,0.216154,0.465089,0.668997,4.582863,-1,0,0,7737600.000000,2536,0.000000,19.999695,19.999695,100.000000,0,0.000000,8262.000000,0
light,steady,BASELINE,25.000000,30,0.010000,32.000000,0.309755,0.637237,0.918355,4.517694,-1,0,0,10704000.000000,3614,0.000000,0.000000,0.000000,0.000000,0,0.000000,0.000000,0
light,steady,ADAPTIVE,25.000000,30,0.010000,32.000000,0.309755,0.637237,0.918355,4.517694,-1,0,0,10704000.000000,3614,0.000000,19.999695,19.999695,100.000000,0,0.000000,8476.000000,0
light,steady,BASELINE,25.000000,30,0.010000,35.000000,0.377870,0.875047,1.280167,4.413295,-1,1,1,15230400.000000,5256,173.700000,0.000000,0.000000,0.000000,0,0.000000,0.000000,0
light,steady,ADAPTIVE,25.000000,30,0.010000,35.000000,0.377870,0.875047,1.280167,4.413295,-1,1,1,15230400.000000,5256,173.700000,19.999695,19.999695,100.000000,0,0.000000,8278.000000,0
light,steady,BASELINE,25.000000,30,0.010000,37.500000,0.450198,1.118355,1.728961,3.377796,-1,1,1,18998400.000000,6670,3811.200000,0.000000,0.000000,0.000000,0,0.000000,0.000000,0
light,steady,ADAPTIVE,25.000000,30,0.010000,37.500000,0.450198,1.118355,1.728961,3.377796,-1,1,1,18998400.000000,6670,3811.200000,0.000000,0.000000,0.000000,0,0.000000,0.000000,0
light,steady,BASELINE,25.000000,60,0.100000,30.000000,0.586858,1.314075,1.611536,6.975150,-1,0,0,8361600.000000,2598,0.000000,0.000000,0.000000,0.000000,0,0.000000,0.000000,0
light,steady,ADAPTIVE,25.000000,60,0.100000,30.000000,0.586858,1.314075,1.611536,6.975150,-1,0,0,8361600.000000,2598,0.000000,19.999695,19.999695,100.000000,0,0.000000,7024.000000,0
light,steady,BASELINE,25.000000,60,0.100000,32.000000,0.775479,1.877372,2.298559,6.875252,-1,1,0,11668800.000000,3824,120.000000,0.000000,0.000000,0.000000,0,0.000000,0.000000,0
light,steady,ADAPTIVE,25.000000,60,0.100000,32.000000,0.775479,1.877372,2.298559,6.875252,-1,1,0,11668800.000000,3824,120.000000,19.999695,19.999695,100.000000,0,0.000000,6466.000000,0
light,steady,BASELINE,25.000000,60,0.100000,35.000000,1.220266,2.705771,3.322684,6.714009,-1,1,1,16166400.000000,5440,545.800000,0.000000,0.000000,0.000000,0,0.000000,0.000000,0
light,steady,ADAPTIVE,25.000000,60,0.100000,35.000000,1.220266,2.705771,3.322684,6.714009,-1,1,1,16166400.000000,5440,545.800000,19.999695,19.999695,100.000000,0,0.000000,5364.000000,0
light,steady,BASELINE,25.000000,60,0.100000,37.500000,1.388347,3.284583,4.152678,5.653955,-1,1,1,19992000.000000,5650,6279.500000,0.000000,0.000000,0.000000,0,0.000000,0.000000,0
light,steady,ADAPTIVE,25.000000,60,0.100000,37.500000,1.388347,3.284583,4.152678,5.653955,-1,1,1,19992000.000000,5650,6279.500000,0.000000,0.000000,0.000000,0,0.000000,0.000000,0
light,steady,BASELINE,25.000000,60,0.010000,30.000000,0.623496,1.452656,1.789032,6.999011,-1,0,0,8558400.000000,2678,0.000000,0.000000,0.000000,0.000000,0,0.000000,0.000000,0
light,steady,ADAPTIVE,25.000000,60,0.010000,30.000000,0.623496,1.452656,1.789032,6.999011,-1,0,0,8558400.000000,2678,0.000000,19.999695,19.999695,100.000000,0,0.000000,6836.000000,0
light,steady,BASELINE,25.000000,60,0.010000,32.000000,0.916491,2.025176,2.450597,6.875462,-1,1,0,11524800.000000,3756,120.000000,0.000000,0.000000,0.000000,0,0.000000,0.000000,0
light,steady,ADAPTIVE,25.000000,60,0.010000,32.000000,0.916491,2.025176,2.450597,6.875462,-1,1,0,11524800.000000,3756,120.000000,19.999695,19.999695,100.000000,0,0.000000,6404.000000,0
light,steady,BASELINE,25.000000,60,0.010000,35.000000,1.121102,2.848603,3.496025,6.715621,-1,1,1,16550400.000000,5606,425.700000,0.000000,0.000000,0.000000,0,0.000000,0.000000,0
light,steady,ADAPTIVE,25.000000,60,0.010000,35.000000,1.121102,2.848603,3.496025,6.715621,-1,1,1,16550400.000000,5606,425.700000,0.000000,0.000000,0.000000,0,0.000000,0.000000,0
light,steady,BASELINE,25.000000,60,0.010000,37.500000,1.377344,3.335884,4.209088,5.662363,-1,1,1,20139200.000000,5588,6281.200000,0.000000,0.000000,0.000000,0,0.000000,0.000000,0
light,steady,ADAPTIVE,25.000000,60,0.010000,37.500000,1.377344,3.335884,4.209088,5.662363,-1,1,1,20139200.000000,5588,6281.200000,0.000000,0.000000,0.000000,0,0.000000,0.000000,0
light,steady,BASELINE,28.000000,5,0.100000,30.000000,0.041638,0.046075,0.008989,1.930117,1030,0,0,3024000.000000,1162,0.000000,0.000000,0.000000,0.000000,0,0.000000,0.000000,0
light,steady,ADAPTIVE,28.000000,5,0.100000,30.000000,0.041638,0.046075,0.008989,1.930117,1030,0,0,3024000.000000,1162,0.000000,19.999695,19.999695,100.000000,0,0.000000,9030.000000,0
light,steady,BASELINE,28.000000,5,0.100000,32.000000,0.033920,0.065554,0.136198,2.692518,848,0,0,6014400.000000,2070,0.000000,0.000000,0.000000,0.000000,0,0.000000,0.000000,0
light,steady,ADAPTIVE,28.000000,5,0.100000,32.000000,0.033920,0.065554,0.136198,2.692518,848,0,0,6014400.000000,2070,0.000000,0.000000,0.000000,36.000000,0,0.000000,0.000000,0
light,steady,BASELINE,28.000000,5,0.100000,35.000000,0.034341,0.064518,0.133849,2.643008,612,0,0,10368000.000000,3636,0.000000,0.000000,0.000000,0.000000,0,0.000000,0.000000,0
light,steady,ADAPTIVE,28.000000,5,0.100000,35.000000,0.034341,0.064518,0.133849,2.643008,612,0,0,10368000.000000,3636,0.000000,0.000000,0.000000,12.000000,0,0.000000,0.000000,0
light,steady,BASELINE,28.000000,5,0.100000,37.500000,0.035860,0.064731,0.134687,1.489792,684,1,0,13974400.000000,4965,143.700000,0.000000,0.000000,0.000000,0,0.000000,0.000000,0
light,steady,ADAPTIVE,28.000000,5,0.100000,37.500000,0.035860,0.064731,0.134687,1.489792,684,1,0,13974400.000000,4965,143.700000,0.000000,0.000000,0.000000,0,0.000000,0.000000,0
light,steady,BASELINE,28.000000,5,0.010000,30.000000,0.002311,0.005151,0.012684,1.955076,1040,0,0,3062400.000000,1176,0.000000,0.000000,0.000000,0.000000,0,0.000000,0.000000,0
light,steady,ADAPTIVE,28.000000,5,0.010000,30.000000,0.002311,0.005151,0.012684,1.955076,1040,0,0,3062400.000000,1176,0.000000,19.999695,19.999695,100.000000,0,0.000000,9030.000000,0
light,steady,BASELINE,28.000000,5,0.010000,32.000000,0.002094,0.004392,0.010757,2.714745,854,0,0,6019200.000000,2070,0.000000,0.000000,0.000000,0.000000,0,0.000000,0.000000,0
light,steady,ADAPTIVE,28.000000,5,0.010000,32.000000,0.002094,0.004392,0.010757,2.714745,854,0,0,6019200.000000,2070,0.000000,19.999695,19.999695,100.000000,0,0.000000,8786.000000,0
light,steady,BASELINE,28.000000,5,0.010000,35.000000,0.003881,0.007288,0.016620,2.642955,700,0,0,10377600.000000,3640,0.000000,0.000000,0.000000,0.000000,0,0.000000,0.000000,0
light,steady,ADAPTIVE,28.000000,5,0.010000,35.000000,0.003881,0.007288,0.016620,2.642955,700,0,0,10377600.000000,3640,0.000000,19.999695,19.999695,100.000000,0,0.000000,8908.000000,0
light,steady,BASELINE,28.000000,5,0.010000,37.500000,0.003369,0.006497,0.014490,1.489452,682,1,0,13979200.000000,4968,143.600000,0.000000,0.000000,0.000000,0,0.000000,0.000000,0
light,steady,ADAPTIVE,28.000000,5,0.010000,37.500000,0.003369,0.006497,0.014490,1.489452,682,1,0,13979200.000000,4968,143.600000,19.999695,19.999695,100.000000,0,0.000000,8702.000000,0
light,steady,BASELINE,28.000000,15,0.100000,30.000000,0.040816,0.045281,0.009168,3.053232,1421,0,0,3144000.000000,1096,0.000000,0.000000,0.000000,0.000000,0,0.000000,0.000000,0
light,steady,ADAPTIVE,28.000000,15,0.100000,30.000000,0.040816,0.045281,0.009168,3.053232,1421,0,0,3144000.000000,1096,0.000000,19.999695,19.999695,100.000000,0,0.000000,8664.000000,0
light,steady,BASELINE,28.000000,15,0.100000,32.000000,0.061953,0.113745,0.207160,3.438871,1024,0,0,6120000.000000,2048,0.000000,0.000000,0.000000,0.000000,0,0.000000,0.000000,0
light,steady,ADAPTIVE,28.000000,15,0.100000,32.000000,0.061953,0.113745,0.207160,3.438871,1024,0,0,6120000.000000,2048,0.000000,0.000000,0.000000,12.000000,0,0.000000,0.000000,0
light,steady,BASELINE,28.000000,15,0.100000,35.000000,0.135868,0.238496,0.427263,3.354546,-1,1,0,10459200.000000,3610,120.000000,0.000000,0.000000,0.000000,0,0.000000,0.000000,0
light,steady,ADAPTIVE,28.000000,15,0.100000,35.000000,0.135868,0.238496,0.427263,3.354546,-1,1,0,10459200.000000,3610,120.000000,0.000000,0.000000,0.000000,0,0.000000,0.000000,0
light,steady,BASELINE,28.000000,15,0.100000,37.500000,0.175843,0.310984,0.556684,2.271177,-1,1,1,14038400.000000,4928,256.100000,0.000000,0.000000,0.000000,0,0.000000,0.000000,0
light,steady,ADAPTIVE,28.000000,15,0.100000,37.500000,0.175843,0.310984,0.556684,2.271177,-1,1,1,14038400.000000,4928,256.100000,0.000000,0.000000,0.000000,0,0.000000,0.000000,0
light,steady,BASELINE,28.000000,15,0.010000,30.000000,0.046171,0.086673,0.158989,3.076803,1429,0,0,3201600.000000,1118,0.000000,0.000000,0.000000,0.000000,0,0.000000,0.000000,0
light,steady,ADAPTIVE,28.000000,15,0.010000,30.000000,0.046171,0.086673,0.158989,3.076803,1429,0,0,3201600.000000,1118,0.000000,0.000000,0.000000,12.000000,0,0.000000,0.000000,0
light,steady,BASELINE,28.000000,15,0.010000,32.000000,0.085186,0.156707,0.280979,3.441039,-1,0,0,6129600.000000,2052,0.000000,0.000000,0.000000,0.000000,0,0.000000,0.000000,0
light,steady,ADAPTIVE,28.000000,15,0.010000,32.000000,0.085186,0.156707,0.280979,3.441039,-1,0,0,6129600.000000,2052,0.000000,0.000000,0.000000,12.000000,0,0.000000,0.000000,0
light,steady,BASELINE,28.000000,15,0.010000,35.000000,0.147016,0.263365,0.464070,3.352492,-1,1,0,10454400.000000,3610,120.000000,0.000000,0.000000,0.000000,0,0.000000,0.000000,0
light,steady,ADAPTIVE,28.000000,15,0.010000,35.000000,0.147016,0.263365,0.464070,3.352492,-1,1,0,10454400.000000,3610,120.000000,0.000000,0.000000,0.000000,0,0.000000,0.000000,0
light,steady,BASELINE,28.000000,15,0.010000,37.500000,0.198122,0.353818,0.621869,2.262776,-1,1,1,14027200.000000,4924,255.000000,0.000000,0.000000,0.000000,0,0.000000,0.000000,0
light,steady,ADAPTIVE,28.000000,15,0.010000,37.500000,0.198122,0.353818,0.621869,2.262776,-1,1,1,14027200.000000,4924,255.000000,0.000000,0.000000,0.000000,0,0.000000,0.000000,0
light,steady,BASELINE,28.000000,30,0.100000,30.000000,0.039859,0.044305,0.009119,4.818866,1899,0,0,3364800.000000,1012,0.000000,0.000000,0.000000,0.000000,0,0.000000,0.000000,0
light,steady,ADAPTIVE,28.000000,30,0.100000,30.000000,0.039859,0.044305,0.009119,4.818866,1899,0,0,3364800.000000,1012,0.000000,19.999695,19.999695,100.000000,0,0.000000,8176.000000,0
light,steady,BASELINE,28.000000,30,0.100000,32.000000,0.127915,0.281476,0.410383,4.629763,-1,0,0,6259200.000000,2006,0.000000,0.000000,0.000000,0.000000,0,0.000000,0.000000,0
light,steady,ADAPTIVE,28.000000,30,0.100000,32.000000,0.127915,0.281476,0.410383,4.629763,-1,0,0,6259200.000000,2006,0.000000,0.000000,0.000000,12.000000,0,0.000000,0.000000,0
light,steady,BASELINE,28.000000,30,0.100000,35.000000,0.247139,0.553287,0.813483,4.540591,-1,1,1,10737600.000000,3626,229.700000,0.000000,0.000000,0.000000,0,0.000000,0.000000,0
light,steady,ADAPTIVE,28.000000,30,0.100000,35.000000,0.247139,0.553287,0.813483,4.540591,-1,1,1,10737600.000000,3626,229.700000,0.000000,0.000000,12.000000,0,0.000000,0.000000,0
light,steady,BASELINE,28.000000,30,0.100000,37.500000,0.419137,0.945631,1.378364,3.437560,-1,1,1,14353600.000000,4962,3772.000000,0.000000,0.000000,0.000000,0,0.000000,0.000000,0
light,steady,ADAPTIVE,28.000000,30,0.100000,37.500000,0.419137,0.945631,1.378364,3.437560,-1,1,1,14353600.000000,4962,3772.000000,0.000000,0.000000,0.000000,0,0.000000,0.000000,0
light,steady,BASELINE,28.000000,30,0.010000,30.000000,0.093101,0.199547,0.291588,4.841834,-1,0,0,3451200.000000,1046,0.000000,0.000000,0.000000,0.000000,0,0.000000,0.000000,0
light,steady,ADAPTIVE,28.000000,30,0.010000,30.000000,0.093101,0.199547,0.291588,4.841834,-1,0,0,3451200.000000,1046,0.000000,19.999695,19.999695,100.000000,0,0.000000,5992.000000,0
light,steady,BASELINE,28.000000,30,0.010000,32.000000,0.149502,0.365684,0.534883,4.650123,-1,0,0,6364800.000000,2050,0.000000,0.000000,0.000000,0.000000,0,0.000000,0.000000,0
light,steady,ADAPTIVE,28.000000,30,0.010000,32.000000,0.149502,0.365684,0.534883,4.650123,-1,0,0,6364800.000000,2050,0.000000,19.999695,19.999695,100.000000,0,0.000000,8088.000000,0
light,steady,BASELINE,28.000000,30,0.010000,35.000000,0.305977,0.635065,0.910770,4.516170,-1,1,1,10723200.000000,3622,226.300000,0.000000,0.000000,0.000000,0,0.000000,0.000000,0
light,steady,ADAPTIVE,28.000000,30,0.010000,35.000000,0.305977,0.635065,0.910770,4.516170,-1,1,1,10723200.000000,3622,226.300000,19.999695,19.999695,100.000000,0,0.000000,8114.000000,0
light,steady,BASELINE,28.000000,30,0.010000,37.500000,0.388170,0.903894,1.361277,3.470124,-1,1,1,14427200.000000,4990,3775.700000,0.000000,0.000000,0.000000,0,0.000000,0.000000,0
light,steady,ADAPTIVE,28.000000,30,0.010000,37.500000,0.388170,0.903894,1.361277,3.470124,-1,1,1,14427200.000000,4990,3775.700000,0.000000,0.000000,0.000000,0,0.000000,0.000000,0
light,steady,BASELINE,28.000000,60,0.100000,30.000000,0.194750,0.456664,0.538284,7.287379,-1,0,0,4027200.000000,1086,0.000000,0.000000,0.000000,0.000000,0,0.000000,0.000000,0
light,steady,ADAPTIVE,28.000000,60,0.100000,30.000000,0.194750,0.456664,0.538284,7.287379,-1,0,0,4027200.000000,1086,0.000000,19.999695,19.999695,96.000000,0,0.000000,3864.000000,0
light,steady,BASELINE,28.000000,60,0.100000,32.000000,0.429168,1.041553,1.268838,7.064279,-1,1,1,7099200.000000,2155,158.900000,0.000000,0.000000,0.000000,0,0.000000,0.000000,0
light,steady,ADAPTIVE,28.000000,60,0.100000,32.000000,0.429168,1.041553,1.268838,7.064279,-1,1,1,7099200.000000,2155,158.900000,19.999695,19.999695,100.000000,0,0.000000,6082.000000,0
light,steady,BASELINE,28.000000,60,0.100000,35.000000,0.775479,1.877372,2.298559,6.875252,-1,1,1,11668800.000000,3824,534.800000,0.000000,0.000000,0.000000,0,0.000000,0.000000,0
light,steady,ADAPTIVE,28.000000,60,0.100000,35.000000,0.775479,1.877372,2.298559,6.875252,-1,1,1,11668800.000000,3824,534.800000,19.999695,19.999695,100.000000,0,0.000000,6466.000000,0
light,steady,BASELINE,28.000000,60,0.100000,37.500000,1.214572,2.710903,3.384384,5.801083,-1,1,1,15355200.000000,5186,6095.600000,0.000000,0.000000,0.000000,0,0.000000,0.000000,0
light,steady,ADAPTIVE,28.000000,60,0.100000,37.500000,1.214572,2.710903,3.384384,5.801083,-1,1,1,15355200.000000,5186,6095.600000,0.000000,0.000000,0.000000,0,0.000000,0.000000,0
light,steady,BASELINE,28.000000,60,0.010000,30.000000,0.290390,0.619891,0.761688,7.308513,-1,0,0,4012800.000000,1080,0.000000,0.000000,0.000000,0.000000,0,0.000000,0.000000,0
light,steady,ADAPTIVE,28.000000,60,0.010000,30.000000,0.290390,0.619891,0.761688,7.308513,-1,0,0,4012800.000000,1080,0.000000,19.999695,19.999695,100.000000,0,0.000000,5792.000000,0
light,steady,BASELINE,28.000000,60,0.010000,32.000000,0.441859,1.123521,1.442373,7.082626,-1,1,1,7171200.000000,2186,162.500000,0.000000,0.000000,0.000000,0,0.000000,0.000000,0
light,steady,ADAPTIVE,28.000000,60,0.010000,32.000000,0.441859,1.123521,1.442373,7.082626,-1,1,1,7171200.000000,2186,162.500000,19.999695,19.999695,100.000000,0,0.000000,5906.000000,0
light,steady,BASELINE,28.000000,60,0.010000,35.000000,0.916436,2.024928,2.452498,6.875297,-1,1,1,11524800.000000,3756,534.900000,0.000000,0.000000,0.000000,0,0.000000,0.000000,0
light,steady,ADAPTIVE,28.000000,60,0.010000,35.000000,0.916436,2.024928,2.452498,6.875297,-1,1,1,11524800.000000,3756,534.900000,19.999695,19.999695,100.000000,0,0.000000,6406.000000,0
light,steady,BASELINE,28.000000,60,0.010000,37.500000,1.208552,2.673949,3.342200,5.809219,-1,1,1,15272000.000000,5146,6039.000000,0.000000,0.000000,0.000000,0,0.000000,0.000000,0
light,steady,ADAPTIVE,28.000000,60,0.010000,37.500000,1.208552,2.673949,3.342200,5.809219,-1,1,1,15272000.000000,5146,6039.000000,0.000000,0.000000,0.000000,0,0.000000,0.000000,0
light,light_to_heavy,BASELINE,25.000000,5,0.100000,37.500000,0.027746,0.050664,0.099894,1.450759,877,1,0,18364800.000000,6548,120.000000,0.000000,0.000000,0.000000,0,0.000000,0.000000,0
light,light_to_heavy,ADAPTIVE,25.000000,5,0.100000,37.500000,0.027746,0.050664,0.099894,1.450759,877,1,0,18364800.000000,6548,120.000000,19.999695,19.999695,100.000000,0,0.000000,4678.000000,0
light,light_to_heavy,BASELINE,25.000000,5,0.010000,37.500000,0.002487,0.005011,0.007516,1.443048,878,1,0,18353600.000000,6544,120.000000,0.000000,0.000000,0.000000,0,0.000000,0.000000,0
light,light_to_heavy,ADAPTIVE,25.000000,5,0.010000,37.500000,0.002487,0.005011,0.007516,1.443048,878,1,0,18353600.000000,6544,120.000000,19.999695,19.999695,100.000000,0,0.000000,8464.000000,0
light,light_to_heavy,BASELINE,25.000000,15,0.100000,37.500000,0.073723,0.121554,0.231053,2.198180,5624,1,1,17844800.000000,6268,200.700000,0.000000,0.000000,0.000000,0,0.000000,0.000000,0
light,light_to_heavy,ADAPTIVE,25.000000,15,0.100000,37.500000,0.073723,0.121554,0.231053,2.198180,5624,1,1,17844800.000000,6268,200.700000,19.999695,19.999695,96.000000,0,0.000000,2020.000000,0
light,light_to_heavy,BASELINE,25.000000,15,0.010000,37.500000,0.082449,0.134017,0.260432,2.198464,5589,1,1,18032000.000000,6346,200.700000,0.000000,0.000000,0.000000,0,0.000000,0.000000,0
light,light_to_heavy,ADAPTIVE,25.000000,15,0.010000,37.500000,0.082449,0.134017,0.260432,2.198464,5589,1,1,18032000.000000,6346,200.700000,19.999695,19.999695,84.000000,0,0.000000,2962.000000,0
light,light_to_heavy,BASELINE,25.000000,30,0.100000,37.500000,0.089672,0.174946,0.303271,3.345785,-1,1,1,18224000.000000,6330,2007.800000,0.000000,0.000000,0.000000,0,0.000000,0.000000,0
light,light_to_heavy,ADAPTIVE,25.000000,30,0.100000,37.500000,0.089672,0.174946,0.303271,3.345785,-1,1,1,18224000.000000,6330,2007.800000,0.000000,0.000000,24.000000,0,0.000000,0.000000,0
light,light_to_heavy,BASELINE,25.000000,30,0.010000,37.500000,0.097445,0.191003,0.338073,3.377796,-1,1,1,18382400.000000,6402,2010.800000,0.000000,0.000000,0.000000,0,0.000000,0.000000,0
light,light_to_heavy,ADAPTIVE,25.000000,30,0.010000,37.500000,0.097445,0.191003,0.338073,3.377796,-1,1,1,18382400.000000,6402,2010.800000,19.999695,19.999695,100.000000,0,0.000000,2146.000000,0
light,light_to_heavy,BASELINE,25.000000,60,0.100000,37.500000,0.166030,0.346232,0.450480,5.653955,-1,1,1,19718400.000000,5576,3570.700000,0.000000,0.000000,0.000000,0,0.000000,0.000000,0
light,light_to_heavy,ADAPTIVE,25.000000,60,0.100000,37.500000,0.166030,0.346232,0.450480,5.653955,-1,1,1,19718400.000000,5576,3570.700000,0.000000,0.000000,48.000000,0,0.000000,0.000000,0
light,light_to_heavy,BASELINE,25.000000,60,0.010000,37.500000,0.211994,0.379076,0.559668,5.662363,-1,1,1,20105600.000000,5496,3673.500000,0.000000,0.000000,0.000000,0,0.000000,0.000000,0
light,light_to_heavy,ADAPTIVE,25.000000,60,0.010000,37.500000,0.211994,0.379076,0.559668,5.662363,-1,1,1,20105600.000000,5496,3673.500000,19.999695,19.999695,60.000000,0,0.000000,60.000000,0
light,heavy_to_light,BASELINE,25.000000,5,0.100000,37.500000,0.037647,0.066872,0.140358,1.450759,877,1,0,18340800.000000,6538,120.000000,0.000000,0.000000,0.000000,0,0.000000,0.000000,0
light,heavy_to_light,ADAPTIVE,25.000000,5,0.100000,37.500000,0.037647,0.066872,0.140358,1.450759,877,1,0,18340800.000000,6538,120.000000,0.000000,0.000000,0.000000,0,0.000000,0.000000,0
light,heavy_to_light,BASELINE,25.000000,5,0.010000,37.500000,0.003736,0.006828,0.015217,1.443048,878,1,0,18348800.000000,6542,120.000000,0.000000,0.000000,0.000000,0,0.000000,0.000000,0
light,heavy_to_light,ADAPTIVE,25.000000,5,0.010000,37.500000,0.003736,0.006828,0.015217,1.443048,878,1,0,18348800.000000,6542,120.000000,19.999695,19.999695,100.000000,0,0.000000,8464.000000,0
light,heavy_to_light,BASELINE,25.000000,15,0.100000,37.500000,0.256842,0.505255,0.889855,2.198180,-1,1,1,18531200.000000,6554,200.700000,0.000000,0.000000,0.000000,0,0.000000,0.000000,0
light,heavy_to_light,ADAPTIVE,25.000000,15,0.100000,37.500000,0.256842,0.505255,0.889855,2.198180,-1,1,1,18531200.000000,6554,200.700000,0.000000,0.000000,0.000000,0,0.000000,0.000000,0
light,heavy_to_light,BASELINE,25.000000,15,0.010000,37.500000,0.287928,0.536261,0.924809,2.198464,-1,1,1,18420800.000000,6508,200.700000,0.000000,0.000000,0.000000,0,0.000000,0.000000,0
light,heavy_to_light,ADAPTIVE,25.000000,15,0.010000,37.500000,0.287928,0.536261,0.924809,2.198464,-1,1,1,18420800.000000,6508,200.700000,0.000000,0.000000,0.000000,0,0.000000,0.000000,0
light,heavy_to_light,BASELINE,25.000000,30,0.100000,37.500000,0.649130,1.455431,2.092106,3.345785,-1,1,1,18756800.000000,6552,3927.800000,0.000000,0.000000,0.000000,0,0.000000,0.000000,0
light,heavy_to_light,ADAPTIVE,25.000000,30,0.100000,37.500000,0.649130,1.455431,2.092106,3.345785,-1,1,1,18756800.000000,6552,3927.800000,0.000000,0.000000,0.000000,0,0.000000,0.000000,0
light,heavy_to_light,BASELINE,25.000000,30,0.010000,37.500000,0.650949,1.451711,2.082059,3.377796,-1,1,1,18753600.000000,6560,3930.800000,0.000000,0.000000,0.000000,0,0.000000,0.000000,0
light,heavy_to_light,ADAPTIVE,25.000000,30,0.010000,37.500000,0.650949,1.451711,2.082059,3.377796,-1,1,1,18753600.000000,6560,3930.800000,0.000000,0.000000,0.000000,0,0.000000,0.000000,0
light,heavy_to_light,BASELINE,25.000000,60,0.100000,37.500000,1.791550,4.241649,5.271055,5.653955,-1,1,1,20204800.000000,5244,6493.800000,0.000000,0.000000,0.000000,0,0.000000,0.000000,0
light,heavy_to_light,ADAPTIVE,25.000000,60,0.100000,37.500000,1.791550,4.241649,5.271055,5.653955,-1,1,1,20204800.000000,5244,6493.800000,0.000000,0.000000,0.000000,0,0.000000,0.000000,0
light,heavy_to_light,BASELINE,25.000000,60,0.010000,37.500000,1.770363,4.211636,5.238869,5.662363,-1,1,1,20219200.000000,5240,6496.100000,0.000000,0.000000,0.000000,0,0.000000,0.000000,0
light,heavy_to_light,ADAPTIVE,25.000000,60,0.010000,37.500000,1.770363,4.211636,5.238869,5.662363,-1,1,1,20219200.000000,5240,6496.100000,0.000000,0.000000,0.000000,0,0.000000,0.000000,0
light,loss_up,BASELINE,25.000000,5,0.100000,37.500000,0.032896,0.060982,0.125871,1.450759,5581,1,0,22406400.000000,8232,120.000000,0.000000,0.000000,0.000000,0,0.000000,0.000000,0
light,loss_up,ADAPTIVE,25.000000,5,0.100000,37.500000,0.032896,0.060982,0.125871,1.450759,5581,1,0,22406400.000000,8232,120.000000,0.000000,0.000000,0.000000,0,0.000000,0.000000,0
light,loss_up,BASELINE,25.000000,5,0.010000,37.500000,0.002922,0.006033,0.014208,1.443048,5463,1,0,22409600.000000,8234,120.000000,0.000000,0.000000,0.000000,0,0.000000,0.000000,0
light,loss_up,ADAPTIVE,25.000000,5,0.010000,37.500000,0.002922,0.006033,0.014208,1.443048,5463,1,0,22409600.000000,8234,120.000000,19.999695,19.999695,100.000000,0,0.000000,8464.000000,0
light,loss_up,BASELINE,25.000000,15,0.100000,37.500000,0.360348,0.641186,1.138853,2.198180,-1,1,1,22606400.000000,8252,200.700000,0.000000,0.000000,0.000000,0,0.000000,0.000000,0
light,loss_up,ADAPTIVE,25.000000,15,0.100000,37.500000,0.360348,0.641186,1.138853,2.198180,-1,1,1,22606400.000000,8252,200.700000,0.000000,0.000000,0.000000,0,0.000000,0.000000,0
light,loss_up,BASELINE,25.000000,15,0.010000,37.500000,0.352945,0.656476,1.170987,2.198464,-1,1,1,22548800.000000,8228,200.700000,0.000000,0.000000,0.000000,0,0.000000,0.000000,0
light,loss_up,ADAPTIVE,25.000000,15,0.010000,37.500000,0.352945,0.656476,1.170987,2.198464,-1,1,1,22548800.000000,8228,200.700000,0.000000,0.000000,0.000000,0,0.000000,0.000000,0
light,loss_up,BASELINE,25.000000,30,0.100000,37.500000,0.700522,1.584488,2.389849,3.345785,-1,1,1,23081600.000000,8284,4015.400000,0.000000,0.000000,0.000000,0,0.000000,0.000000,0
light,loss_up,ADAPTIVE,25.000000,30,0.100000,37.500000,0.700522,1.584488,2.389849,3.345785,-1,1,1,23081600.000000,8284,4015.400000,0.000000,0.000000,0.000000,0,0.000000,0.000000,0
light,loss_up,BASELINE,25.000000,30,0.010000,37.500000,0.717950,1.576204,2.375127,3.377796,-1,1,1,23017600.000000,8284,4044.700000,0.000000,0.000000,0.000000,0,0.000000,0.000000,0
light,loss_up,ADAPTIVE,25.000000,30,0.010000,37.500000,0.717950,1.576204,2.375127,3.377796,-1,1,1,23017600.000000,8284,4044.700000,0.000000,0.000000,0.000000,0,0.000000,0.000000,0
light,loss_up,BASELINE,25.000000,60,0.100000,37.500000,1.869960,4.501073,5.802488,5.653955,-1,1,1,24928000.000000,4926,6309.300000,0.000000,0.000000,0.000000,0,0.000000,0.000000,0
light,loss_up,ADAPTIVE,25.000000,60,0.100000,37.500000,1.869960,4.501073,5.802488,5.653955,-1,1,1,24928000.000000,4926,6309.300000,0.000000,0.000000,0.000000,0,0.000000,0.000000,0
light,loss_up,BASELINE,25.000000,60,0.010000,37.500000,1.886251,4.460900,5.756663,5.662363,-1,1,1,25051200.000000,4894,6307.600000,0.000000,0.000000,0.000000,0,0.000000,0.000000,0
light,loss_up,ADAPTIVE,25.000000,60,0.010000,37.500000,1.886251,4.460900,5.756663,5.662363,-1,1,1,25051200.000000,4894,6307.600000,0.000000,0.000000,0.000000,0,0.000000,0.000000,0
light,loss_down,BASELINE,25.000000,5,0.100000,37.500000,0.040258,0.070752,0.145435,1.450759,877,1,0,15091200.000000,5184,120.000000,0.000000,0.000000,0.000000,0,0.000000,0.000000,0
light,loss_down,ADAPTIVE,25.000000,5,0.100000,37.500000,0.040258,0.070752,0.145435,1.450759,877,1,0,15091200.000000,5184,120.000000,0.000000,0.000000,0.000000,0,0.000000,0.000000,0
light,loss_down,BASELINE,25.000000,5,0.010000,37.500000,0.003990,0.007455,0.016983,1.443048,878,1,0,15104000.000000,5190,120.000000,0.000000,0.000000,0.000000,0,0.000000,0.000000,0
light,loss_down,ADAPTIVE,25.000000,5,0.010000,37.500000,0.003990,0.007455,0.016983,1.443048,878,1,0,15104000.000000,5190,120.000000,19.999695,19.999695,100.000000,0,0.000000,8464.000000,0
light,loss_down,BASELINE,25.000000,15,0.100000,37.500000,0.141978,0.258501,0.457282,2.198180,-1,1,1,15204800.000000,5168,200.700000,0.000000,0.000000,0.000000,0,0.000000,0.000000,0
light,loss_down,ADAPTIVE,25.000000,15,0.100000,37.500000,0.141978,0.258501,0.457282,2.198180,-1,1,1,15204800.000000,5168,200.700000,0.000000,0.000000,0.000000,0,0.000000,0.000000,0
light,loss_down,BASELINE,25.000000,15,0.010000,37.500000,0.155299,0.286819,0.508913,2.198464,-1,1,1,15214400.000000,5172,200.700000,0.000000,0.000000,0.000000,0,0.000000,0.000000,0
light,loss_down,ADAPTIVE,25.000000,15,0.010000,37.500000,0.155299,0.286819,0.508913,2.198464,-1,1,1,15214400.000000,5172,200.700000,0.000000,0.000000,0.000000,0,0.000000,0.000000,0
light,loss_down,BASELINE,25.000000,30,0.100000,37.500000,0.326388,0.751168,1.126128,3.345785,-1,1,1,15411200.000000,5158,3687.800000,0.000000,0.000000,0.000000,0,0.000000,0.000000,0
light,loss_down,ADAPTIVE,25.000000,30,0.100000,37.500000,0.326388,0.751168,1.126128,3.345785,-1,1,1,15411200.000000,5158,3687.800000,0.000000,0.000000,0.000000,0,0.000000,0.000000,0
light,loss_down,BASELINE,25.000000,30,0.010000,37.500000,0.294660,0.747561,1.114921,3.377796,-1,1,1,15540800.000000,5218,3690.800000,0.000000,0.000000,0.000000,0,0.000000,0.000000,0
light,loss_down,ADAPTIVE,25.000000,30,0.010000,37.500000,0.294660,0.747561,1.114921,3.377796,-1,1,1,15540800.000000,5218,3690.800000,0.000000,0.000000,0.000000,0,0.000000,0.000000,0
light,loss_down,BASELINE,25.000000,60,0.100000,37.500000,0.857793,2.320551,2.859083,5.653955,-1,1,1,16524800.000000,4828,6092.200000,0.000000,0.000000,0.000000,0,0.000000,0.000000,0
light,loss_down,ADAPTIVE,25.000000,60,0.100000,37.500000,0.857793,2.320551,2.859083,5.653955,-1,1,1,16524800.000000,4828,6092.200000,0.000000,0.000000,0.000000,0,0.000000,0.000000,0
light,loss_down,BASELINE,25.000000,60,0.010000,37.500000,0.884905,2.266218,2.793861,5.662363,-1,1,1,16481600.000000,4778,6096.100000,0.000000,0.000000,0.000000,0,0.000000,0.000000,0
light,loss_down,ADAPTIVE,25.000000,60,0.010000,37.500000,0.884905,2.266218,2.793861,5.662363,-1,1,1,16481600.000000,4778,6096.100000,0.000000,0.000000,0.000000,0,0.000000,0.000000,0
light,ambient_rise,BASELINE,25.000000,5,0.100000,37.500000,0.034578,0.064190,0.132247,1.450759,877,1,0,16387200.000000,5724,120.000000,0.000000,0.000000,0.000000,0,0.000000,0.000000,0
light,ambient_rise,ADAPTIVE,25.000000,5,0.100000,37.500000,0.034578,0.064190,0.132247,1.450759,877,1,0,16387200.000000,5724,120.000000,0.000000,0.000000,0.000000,0,0.000000,0.000000,0
light,ambient_rise,BASELINE,25.000000,5,0.010000,37.500000,0.003407,0.006647,0.015676,1.443048,878,1,0,16400000.000000,5730,120.000000,0.000000,0.000000,0.000000,0,0.000000,0.000000,0
light,ambient_rise,ADAPTIVE,25.000000,5,0.010000,37.500000,0.003407,0.006647,0.015676,1.443048,878,1,0,16400000.000000,5730,120.000000,19.999695,19.999695,100.000000,0,0.000000,8464.000000,0
light,ambient_rise,BASELINE,25.000000,15,0.100000,37.500000,0.168703,0.308094,0.556565,2.198180,-1,1,1,16520000.000000,5716,200.700000,0.000000,0.000000,0.000000,0,0.000000,0.000000,0
light,ambient_rise,ADAPTIVE,25.000000,15,0.100000,37.500000,0.168703,0.308094,0.556565,2.198180,-1,1,1,16520000.000000,5716,200.700000,0.000000,0.000000,0.000000,0,0.000000,0.000000,0
light,ambient_rise,BASELINE,25.000000,15,0.010000,37.500000,0.196756,0.353231,0.620105,2.198464,-1,1,1,16438400.000000,5682,200.700000,0.000000,0.000000,0.000000,0,0.000000,0.000000,0
light,ambient_rise,ADAPTIVE,25.000000,15,0.010000,37.500000,0.196756,0.353231,0.620105,2.198464,-1,1,1,16438400.000000,5682,200.700000,0.000000,0.000000,0.000000,0,0.000000,0.000000,0
light,ambient_rise,BASELINE,25.000000,30,0.100000,37.500000,0.470546,0.957778,1.377314,3.345785,-1,1,1,16808000.000000,5740,3807.800000,0.000000,0.000000,0.000000,0,0.000000,0.000000,0
light,ambient_rise,ADAPTIVE,25.000000,30,0.100000,37.500000,0.470546,0.957778,1.377314,3.345785,-1,1,1,16808000.000000,5740,3807.800000,0.000000,0.000000,0.000000,0,0.000000,0.000000,0
light,ambient_rise,BASELINE,25.000000,30,0.010000,37.500000,0.459523,0.949062,1.362897,3.377796,-1,1,1,16769600.000000,5730,3810.800000,0.000000,0.000000,0.000000,0,0.000000,0.000000,0
light,ambient_rise,ADAPTIVE,25.000000,30,0.010000,37.500000,0.459523,0.949062,1.362897,3.377796,-1,1,1,16769600.000000,5730,3810.800000,0.000000,0.000000,0.000000,0,0.000000,0.000000,0
light,ambient_rise,BASELINE,25.000000,60,0.100000,37.500000,1.059150,2.677416,3.349843,5.653955,-1,1,1,18336000.000000,5580,6041.000000,0.000000,0.000000,0.000000,0,0.000000,0.000000,0
light,ambient_rise,ADAPTIVE,25.000000,60,0.100000,37.500000,1.059150,2.677416,3.349843,5.653955,-1,1,1,18336000.000000,5580,6041.000000,0.000000,0.000000,0.000000,0,0.000000,0.000000,0
light,ambient_rise,BASELINE,25.000000,60,0.010000,37.500000,1.075869,2.673895,3.342836,5.662363,-1,1,1,18326400.000000,5532,6044.000000,0.000000,0.000000,0.000000,0,0.000000,0.000000,0
light,ambient_rise,ADAPTIVE,25.000000,60,0.010000,37.500000,1.075869,2.673895,3.342836,5.662363,-1,1,1,18326400.000000,5532,6044.000000,0.000000,0.000000,0.000000,0,0.000000,0.000000,0
light,door,BASELINE,25.000000,5,0.100000,37.500000,0.038079,0.066231,0.136392,1.450759,6139,1,0,18715200.000000,6546,240.000000,0.000000,0.000000,0.000000,0,0.000000,0.000000,0
light,door,ADAPTIVE,25.000000,5,0.100000,37.500000,0.038079,0.066231,0.136392,1.450759,6139,1,0,18715200.000000,6546,240.000000,0.000000,0.000000,0.000000,0,0.000000,0.000000,0
light,door,BASELINE,25.000000,5,0.010000,37.500000,0.003796,0.006937,0.015137,1.443048,6140,1,0,18715200.000000,6540,240.000000,0.000000,0.000000,0.000000,0,0.000000,0.000000,0
light,door,ADAPTIVE,25.000000,5,0.010000,37.500000,0.003335,0.006762,0.015145,1.443048,6134,1,0,18710400.000000,6594,240.000000,18055.865479,19.999695,100.000000,0,0.000000,6264.000000,0
light,door,BASELINE,25.000000,15,0.100000,37.500000,0.227280,0.429033,0.760696,2.198180,-1,1,1,18833600.000000,6510,360.200000,0.000000,0.000000,0.000000,0,0.000000,0.000000,0
light,door,ADAPTIVE,25.000000,15,0.100000,37.500000,0.227280,0.429033,0.760696,2.198180,-1,1,1,18833600.000000,6510,360.200000,0.000000,0.000000,0.000000,0,0.000000,0.000000,0
light,door,BASELINE,25.000000,15,0.010000,37.500000,0.246155,0.455551,0.810473,2.198464,-1,1,1,18760000.000000,6478,360.500000,0.000000,0.000000,0.000000,0,0.000000,0.000000,0
light,door,ADAPTIVE,25.000000,15,0.010000,37.500000,0.246155,0.455551,0.810473,2.198464,-1,1,1,18760000.000000,6478,360.500000,0.000000,0.000000,0.000000,0,0.000000,0.000000,0
light,door,BASELINE,25.000000,30,0.100000,37.500000,0.560609,1.203850,1.755257,3.345785,-1,1,1,19096000.000000,6375,4008.700000,0.000000,0.000000,0.000000,0,0.000000,0.000000,0
light,door,ADAPTIVE,25.000000,30,0.100000,37.500000,0.560609,1.203850,1.755257,3.345785,-1,1,1,19096000.000000,6375,4008.700000,0.000000,0.000000,0.000000,0,0.000000,0.000000,0
light,door,BASELINE,25.000000,30,0.010000,37.500000,0.553397,1.190389,1.734355,3.393978,-1,1,1,19097600.000000,6352,4023.500000,0.000000,0.000000,0.000000,0,0.000000,0.000000,0
light,door,ADAPTIVE,25.000000,30,0.010000,37.500000,0.553397,1.190389,1.734355,3.393978,-1,1,1,19097600.000000,6352,4023.500000,0.000000,0.000000,0.000000,0,0.000000,0.000000,0
light,door,BASELINE,25.000000,60,0.100000,37.500000,1.280914,3.061889,4.153899,5.714710,-1,1,1,20819200.000000,5514,6246.700000,0.000000,0.000000,0.000000,0,0.000000,0.000000,0
light,door,ADAPTIVE,25.000000,60,0.100000,37.500000,1.280914,3.061889,4.153899,5.714710,-1,1,1,20819200.000000,5514,6246.700000,0.000000,0.000000,0.000000,0,0.000000,0.000000,0
light,door,BASELINE,25.000000,60,0.010000,37.500000,1.299437,3.245553,4.207758,5.677894,-1,1,1,20920000.000000,5366,6266.400000,0.000000,0.000000,0.000000,0,0.000000,0.000000,0
light,door,ADAPTIVE,25.000000,60,0.010000,37.500000,1.299437,3.245553,4.207758,5.677894,-1,1,1,20920000.000000,5366,6266.400000,0.000000,0.000000,0.000000,0,0.000000,0.000000,0
light,self_heating,BASELINE,25.000000,5,0.100000,37.500000,3.344621,3.484620,0.328774,3.498081,-1,1,1,10252800.000000,3168,2588.500000,0.000000,0.000000,0.000000,0,0.000000,0.000000,0
light,self_heating,ADAPTIVE,25.000000,5,0.100000,37.500000,3.344621,3.484620,0.328774,3.498081,-1,1,1,10252800.000000,3168,2588.500000,0.000000,0.000000,0.000000,0,0.000000,0.000000,0
light,self_heating,BASELINE,25.000000,5,0.010000,37.500000,3.337097,3.478377,0.331783,3.491962,-1,1,1,10246400.000000,3166,2574.900000,0.000000,0.000000,0.000000,0,0.000000,0.000000,0
light,self_heating,ADAPTIVE,25.000000,5,0.010000,37.500000,3.337097,3.478377,0.331783,3.491962,-1,1,1,10246400.000000,3166,2574.900000,15446.502686,19.999695,0.000000,0,0.000000,5886.000000,0
light,self_heating,BASELINE,25.000000,15,0.100000,37.500000,3.348288,3.487662,0.327307,3.501063,-1,1,1,10294400.000000,3122,2675.900000,0.000000,0.000000,0.000000,0,0.000000,0.000000,0
light,self_heating,ADAPTIVE,25.000000,15,0.100000,37.500000,3.348288,3.487662,0.327307,3.501063,-1,1,1,10294400.000000,3122,2675.900000,0.000000,0.000000,0.000000,0,0.000000,0.000000,0
light,self_heating,BASELINE,25.000000,15,0.010000,37.500000,3.372763,3.507969,0.317518,3.520970,-1,1,1,10318400.000000,3132,2721.500000,0.000000,0.000000,0.000000,0,0.000000,0.000000,0
light,self_heating,ADAPTIVE,25.000000,15,0.010000,37.500000,3.372763,3.507969,0.317518,3.520970,-1,1,1,10318400.000000,3132,2721.500000,0.000000,0.000000,0.000000,0,0.000000,0.000000,0
light,self_heating,BASELINE,25.000000,30,0.100000,37.500000,3.368239,3.504215,0.319328,3.517290,-1,1,1,10476800.000000,3102,4520.100000,0.000000,0.000000,0.000000,0,0.000000,0.000000,0
light,self_heating,ADAPTIVE,25.000000,30,0.100000,37.500000,3.368239,3.504215,0.319328,3.517290,-1,1,1,10476800.000000,3102,4520.100000,0.000000,0.000000,0.000000,0,0.000000,0.000000,0
light,self_heating,BASELINE,25.000000,30,0.010000,37.500000,3.355529,3.493670,0.324411,3.506953,-1,1,1,10481600.000000,3102,4499.400000,0.000000,0.000000,0.000000,0,0.000000,0.000000,0
light,self_heating,ADAPTIVE,25.000000,30,0.010000,37.500000,3.355529,3.493670,0.324411,3.506953,-1,1,1,10481600.000000,3102,4499.400000,0.000000,0.000000,0.000000,0,0.000000,0.000000,0
light,self_heating,BASELINE,25.000000,60,0.100000,37.500000,3.506304,3.618767,0.264109,5.653955,-1,1,1,11201600.000000,2976,6774.000000,0.000000,0.000000,0.000000,0,0.000000,0.000000,0
light,self_heating,ADAPTIVE,25.000000,60,0.100000,37.500000,3.506304,3.618767,0.264109,5.653955,-1,1,1,11201600.000000,2976,6774.000000,0.000000,0.000000,0.000000,0,0.000000,0.000000,0
light,self_heating,BASELINE,25.000000,60,0.010000,37.500000,3.480083,3.597012,0.274596,5.662363,-1,1,1,11176000.000000,2942,6749.200000,0.000000,0.000000,0.000000,0,0.000000,0.000000,0
light,self_heating,ADAPTIVE,25.000000,60,0.010000,37.500000,3.480083,3.597012,0.274596,5.662363,-1,1,1,11176000.000000,2942,6749.200000,0.000000,0.000000,0.000000,0,0.000000,0.000000,0
light,sensor_loss,BASELINE,25.000000,5,0.100000,37.500000,0.036724,0.064412,0.134037,1.450759,5920,1,0,18345600.000000,6540,240.000000,0.000000,0.000000,0.000000,0,0.000000,0.000000,0
light,sensor_loss,ADAPTIVE,25.000000,5,0.100000,37.500000,0.036724,0.064412,0.134037,1.450759,5920,1,0,18345600.000000,6540,240.000000,0.000000,0.000000,0.000000,0,0.000000,0.000000,0
light,sensor_loss,BASELINE,25.000000,5,0.010000,37.500000,0.003836,0.007115,0.015951,1.443048,5924,1,0,18348800.000000,6542,240.000000,0.000000,0.000000,0.000000,0,0.000000,0.000000,0
light,sensor_loss,ADAPTIVE,25.000000,5,0.010000,37.500000,0.003836,0.007115,0.015951,1.443048,5924,1,0,18348800.000000,6542,240.000000,21600.000000,19.999695,100.000000,0,0.000000,6456.000000,0
light,sensor_loss,BASELINE,25.000000,15,0.100000,37.500000,0.228787,0.434635,0.768976,2.198180,-1,1,1,18488000.000000,6536,320.700000,0.000000,0.000000,0.000000,0,0.000000,0.000000,0
light,sensor_loss,ADAPTIVE,25.000000,15,0.100000,37.500000,0.228787,0.434635,0.768976,2.198180,-1,1,1,18488000.000000,6536,320.700000,0.000000,0.000000,0.000000,0,0.000000,0.000000,0
light,sensor_loss,BASELINE,25.000000,15,0.010000,37.500000,0.248256,0.459021,0.806303,2.198464,-1,1,1,18372800.000000,6488,320.700000,0.000000,0.000000,0.000000,0,0.000000,0.000000,0
light,sensor_loss,ADAPTIVE,25.000000,15,0.010000,37.500000,0.248256,0.459021,0.806303,2.198464,-1,1,1,18372800.000000,6488,320.700000,0.000000,0.000000,0.000000,0,0.000000,0.000000,0
light,sensor_loss,BASELINE,25.000000,30,0.100000,37.500000,0.474640,1.131858,1.739523,3.345785,-1,1,1,18940800.000000,6631,3827.700000,0.000000,0.000000,0.000000,0,0.000000,0.000000,0
light,sensor_loss,ADAPTIVE,25.000000,30,0.100000,37.500000,0.474640,1.131858,1.739523,3.345785,-1,1,1,18940800.000000,6631,3827.700000,0.000000,0.000000,0.000000,0,0.000000,0.000000,0
light,sensor_loss,BASELINE,25.000000,30,0.010000,37.500000,0.450198,1.118355,1.728961,3.377796,-1,1,1,18998400.000000,6670,3931.200000,0.000000,0.000000,0.000000,0,0.000000,0.000000,0
light,sensor_loss,ADAPTIVE,25.000000,30,0.010000,37.500000,0.450198,1.118355,1.728961,3.377796,-1,1,1,18998400.000000,6670,3931.200000,0.000000,0.000000,0.000000,0,0.000000,0.000000,0
light,sensor_loss,BASELINE,25.000000,60,0.100000,37.500000,1.422449,3.284458,4.152645,5.653955,-1,1,1,20219200.000000,5747,6099.500000,0.000000,0.000000,0.000000,0,0.000000,0.000000,0
light,sensor_loss,ADAPTIVE,25.000000,60,0.100000,37.500000,1.422449,3.284458,4.152645,5.653955,-1,1,1,20219200.000000,5747,6099.500000,0.000000,0.000000,0.000000,0,0.000000,0.000000,0
light,sensor_loss,BASELINE,25.000000,60,0.010000,37.500000,1.460554,3.334304,4.207317,5.662363,-1,1,1,19784000.000000,5528,6271.100000,0.000000,0.000000,0.000000,0,0.000000,0.000000,0
light,sensor_loss,ADAPTIVE,25.000000,60,0.010000,37.500000,1.460554,3.334304,4.207317,5.662363,-1,1,1,19784000.000000,5528,6271.100000,0.000000,0.000000,0.000000,0,0.000000,0.000000,0
light,bad_sample,BASELINE,25.000000,5,0.100000,37.500000,0.034830,0.065103,0.133575,1.450759,5919,1,0,18336000.000000,6536,120.000000,0.000000,0.000000,0.000000,0,0.000000,0.000000,0
light,bad_sample,ADAPTIVE,25.000000,5,0.100000,37.500000,0.034830,0.065103,0.133575,1.450759,5919,1,0,18336000.000000,6536,120.000000,0.000000,0.000000,0.000000,0,0.000000,0.000000,0
light,bad_sample,BASELINE,25.000000,5,0.010000,37.500000,0.003598,0.006933,0.015704,1.443048,5919,1,0,18348800.000000,6542,120.000000,0.000000,0.000000,0.000000,0,0.000000,0.000000,0
light,bad_sample,ADAPTIVE,25.000000,5,0.010000,37.500000,0.003598,0.006933,0.015704,1.443048,5919,1,0,18348800.000000,6542,120.000000,21600.000000,19.999695,100.000000,0,0.000000,6454.000000,0
light,bad_sample,BASELINE,25.000000,15,0.100000,37.500000,0.228787,0.434635,0.768976,2.198180,-1,1,1,18488000.000000,6536,200.700000,0.000000,0.000000,0.000000,0,0.000000,0.000000,0
light,bad_sample,ADAPTIVE,25.000000,15,0.100000,37.500000,0.228787,0.434635,0.768976,2.198180,-1,1,1,18488000.000000,6536,200.700000,0.000000,0.000000,0.000000,0,0.000000,0.000000,0
light,bad_sample,BASELINE,25.000000,15,0.010000,37.500000,0.248256,0.459021,0.806303,2.198464,-1,1,1,18372800.000000,6488,200.700000,0.000000,0.000000,0.000000,0,0.000000,0.000000,0
light,bad_sample,ADAPTIVE,25.000000,15,0.010000,37.500000,0.248256,0.459021,0.806303,2.198464,-1,1,1,18372800.000000,6488,200.700000,0.000000,0.000000,0.000000,0,0.000000,0.000000,0
light,bad_sample,BASELINE,25.000000,30,0.100000,37.500000,0.474640,1.131858,1.739523,3.345785,-1,1,1,18940800.000000,6631,3807.800000,0.000000,0.000000,0.000000,0,0.000000,0.000000,0
light,bad_sample,ADAPTIVE,25.000000,30,0.100000,37.500000,0.474640,1.131858,1.739523,3.345785,-1,1,1,18940800.000000,6631,3807.800000,0.000000,0.000000,0.000000,0,0.000000,0.000000,0
light,bad_sample,BASELINE,25.000000,30,0.010000,37.500000,0.450198,1.118355,1.728961,3.377796,-1,1,1,18998400.000000,6670,3811.200000,0.000000,0.000000,0.000000,0,0.000000,0.000000,0
light,bad_sample,ADAPTIVE,25.000000,30,0.010000,37.500000,0.450198,1.118355,1.728961,3.377796,-1,1,1,18998400.000000,6670,3811.200000,0.000000,0.000000,0.000000,0,0.000000,0.000000,0
light,bad_sample,BASELINE,25.000000,60,0.100000,37.500000,1.398218,3.284402,4.148515,5.653955,-1,1,1,19848000.000000,5633,6095.100000,0.000000,0.000000,0.000000,0,0.000000,0.000000,0
light,bad_sample,ADAPTIVE,25.000000,60,0.100000,37.500000,1.398218,3.284402,4.148515,5.653955,-1,1,1,19848000.000000,5633,6095.100000,0.000000,0.000000,0.000000,0,0.000000,0.000000,0
light,bad_sample,BASELINE,25.000000,60,0.010000,37.500000,1.451593,3.335171,4.207694,5.662363,-1,1,1,19846400.000000,5546,6211.900000,0.000000,0.000000,0.000000,0,0.000000,0.000000,0
light,bad_sample,ADAPTIVE,25.000000,60,0.010000,37.500000,1.451593,3.335171,4.207694,5.662363,-1,1,1,19846400.000000,5546,6211.900000,0.000000,0.000000,0.000000,0,0.000000,0.000000,0
light,safety_cut,BASELINE,25.000000,5,0.100000,37.500000,0.038606,0.066985,0.139039,1.450759,5946,1,0,18350400.000000,6542,120.000000,0.000000,0.000000,0.000000,0,0.000000,0.000000,0
light,safety_cut,ADAPTIVE,25.000000,5,0.100000,37.500000,0.038606,0.066985,0.139039,1.450759,5946,1,0,18350400.000000,6542,120.000000,0.000000,0.000000,0.000000,0,0.000000,0.000000,0
light,safety_cut,BASELINE,25.000000,5,0.010000,37.500000,0.002888,0.005685,0.013297,1.443048,6052,1,0,18348800.000000,6542,120.000000,0.000000,0.000000,0.000000,0,0.000000,0.000000,0
light,safety_cut,ADAPTIVE,25.000000,5,0.010000,37.500000,0.002888,0.005685,0.013297,1.443048,6052,1,0,18348800.000000,6542,120.000000,21600.000000,19.999695,100.000000,0,0.000000,6372.000000,0
light,safety_cut,BASELINE,25.000000,15,0.100000,37.500000,0.226079,0.428571,0.764680,2.198180,-1,1,1,18488000.000000,6536,200.700000,0.000000,0.000000,0.000000,0,0.000000,0.000000,0
light,safety_cut,ADAPTIVE,25.000000,15,0.100000,37.500000,0.226079,0.428571,0.764680,2.198180,-1,1,1,18488000.000000,6536,200.700000,0.000000,0.000000,0.000000,0,0.000000,0.000000,0
light,safety_cut,BASELINE,25.000000,15,0.010000,37.500000,0.248256,0.459021,0.806303,2.198464,-1,1,1,18372800.000000,6488,200.700000,0.000000,0.000000,0.000000,0,0.000000,0.000000,0
light,safety_cut,ADAPTIVE,25.000000,15,0.010000,37.500000,0.248256,0.459021,0.806303,2.198464,-1,1,1,18372800.000000,6488,200.700000,0.000000,0.000000,0.000000,0,0.000000,0.000000,0
light,safety_cut,BASELINE,25.000000,30,0.100000,37.500000,0.468995,1.131861,1.739524,3.345785,-1,1,1,18953600.000000,6638,3807.800000,0.000000,0.000000,0.000000,0,0.000000,0.000000,0
light,safety_cut,ADAPTIVE,25.000000,30,0.100000,37.500000,0.468995,1.131861,1.739524,3.345785,-1,1,1,18953600.000000,6638,3807.800000,0.000000,0.000000,0.000000,0,0.000000,0.000000,0
light,safety_cut,BASELINE,25.000000,30,0.010000,37.500000,0.450747,1.123909,1.733262,3.377796,-1,1,1,18995200.000000,6668,3812.000000,0.000000,0.000000,0.000000,0,0.000000,0.000000,0
light,safety_cut,ADAPTIVE,25.000000,30,0.010000,37.500000,0.450747,1.123909,1.733262,3.377796,-1,1,1,18995200.000000,6668,3812.000000,0.000000,0.000000,0.000000,0,0.000000,0.000000,0
light,safety_cut,BASELINE,25.000000,60,0.100000,37.500000,1.394407,3.283788,4.153839,5.653955,-1,1,1,20395200.000000,5810,6078.300000,0.000000,0.000000,0.000000,0,0.000000,0.000000,0
light,safety_cut,ADAPTIVE,25.000000,60,0.100000,37.500000,1.394407,3.283788,4.153839,5.653955,-1,1,1,20395200.000000,5810,6078.300000,0.000000,0.000000,0.000000,0,0.000000,0.000000,0
light,safety_cut,BASELINE,25.000000,60,0.010000,37.500000,1.314595,3.335874,4.209662,5.662363,-1,1,1,20288000.000000,5708,6119.600000,0.000000,0.000000,0.000000,0,0.000000,0.000000,0
light,safety_cut,ADAPTIVE,25.000000,60,0.010000,37.500000,1.314595,3.335874,4.209662,5.662363,-1,1,1,20288000.000000,5708,6119.600000,0.000000,0.000000,0.000000,0,0.000000,0.000000,0
light,scheduled_vent,BASELINE,25.000000,5,0.100000,37.500000,0.034430,0.063413,0.131081,1.450759,877,1,0,18336000.000000,6536,240.000000,0.000000,0.000000,0.000000,0,0.000000,0.000000,0
light,scheduled_vent,ADAPTIVE,25.000000,5,0.100000,37.500000,0.034430,0.063413,0.131081,1.450759,877,1,0,18336000.000000,6536,240.000000,0.000000,0.000000,0.000000,0,0.000000,0.000000,0
light,scheduled_vent,BASELINE,25.000000,5,0.010000,37.500000,0.003499,0.006755,0.015290,1.443048,878,1,0,18348800.000000,6542,240.000000,0.000000,0.000000,0.000000,0,0.000000,0.000000,0
light,scheduled_vent,ADAPTIVE,25.000000,5,0.010000,37.500000,0.003499,0.006755,0.015290,1.443048,878,1,0,18348800.000000,6542,240.000000,19.999695,19.999695,100.000000,0,0.000000,7554.000000,0
light,scheduled_vent,BASELINE,25.000000,15,0.100000,37.500000,0.228056,0.434028,0.768981,2.198180,-1,1,1,18488000.000000,6536,320.700000,0.000000,0.000000,0.000000,0,0.000000,0.000000,0
light,scheduled_vent,ADAPTIVE,25.000000,15,0.100000,37.500000,0.228056,0.434028,0.768981,2.198180,-1,1,1,18488000.000000,6536,320.700000,0.000000,0.000000,0.000000,0,0.000000,0.000000,0
light,scheduled_vent,BASELINE,25.000000,15,0.010000,37.500000,0.251169,0.460859,0.809511,2.198464,-1,1,1,18368000.000000,6486,320.700000,0.000000,0.000000,0.000000,0,0.000000,0.000000,0
light,scheduled_vent,ADAPTIVE,25.000000,15,0.010000,37.500000,0.251169,0.460859,0.809511,2.198464,-1,1,1,18368000.000000,6486,320.700000,0.000000,0.000000,0.000000,0,0.000000,0.000000,0
light,scheduled_vent,BASELINE,25.000000,30,0.100000,37.500000,0.474640,1.131858,1.739523,3.345785,-1,1,1,18940800.000000,6631,3867.700000,0.000000,0.000000,0.000000,0,0.000000,0.000000,0
light,scheduled_vent,ADAPTIVE,25.000000,30,0.100000,37.500000,0.474640,1.131858,1.739523,3.345785,-1,1,1,18940800.000000,6631,3867.700000,0.000000,0.000000,0.000000,0,0.000000,0.000000,0
light,scheduled_vent,BASELINE,25.000000,30,0.010000,37.500000,0.450198,1.118355,1.728961,3.377796,-1,1,1,18998400.000000,6670,3811.200000,0.000000,0.000000,0.000000,0,0.000000,0.000000,0
light,scheduled_vent,ADAPTIVE,25.000000,30,0.010000,37.500000,0.450198,1.118355,1.728961,3.377796,-1,1,1,18998400.000000,6670,3811.200000,0.000000,0.000000,0.000000,0,0.000000,0.000000,0
light,scheduled_vent,BASELINE,25.000000,60,0.100000,37.500000,1.388347,3.284583,4.152678,5.653955,-1,1,1,19992000.000000,5650,6335.600000,0.000000,0.000000,0.000000,0,0.000000,0.000000,0
light,scheduled_vent,ADAPTIVE,25.000000,60,0.100000,37.500000,1.388347,3.284583,4.152678,5.653955,-1,1,1,19992000.000000,5650,6335.600000,0.000000,0.000000,0.000000,0,0.000000,0.000000,0
light,scheduled_vent,BASELINE,25.000000,60,0.010000,37.500000,1.377344,3.335884,4.209088,5.662363,-1,1,1,20139200.000000,5588,6369.700000,0.000000,0.000000,0.000000,0,0.000000,0.000000,0
light,scheduled_vent,ADAPTIVE,25.000000,60,0.010000,37.500000,1.377344,3.335884,4.209088,5.662363,-1,1,1,20139200.000000,5588,6369.700000,0.000000,0.000000,0.000000,0,0.000000,0.000000,0
light,setpoint,BASELINE,25.000000,5,0.100000,37.500000,0.035862,0.065318,0.135246,2.043929,5852,1,0,16713600.000000,5860,120.000000,0.000000,0.000000,0.000000,0,0.000000,0.000000,0
light,setpoint,ADAPTIVE,25.000000,5,0.100000,37.500000,0.035862,0.065318,0.135246,2.043929,5852,1,0,16713600.000000,5860,120.000000,0.000000,0.000000,0.000000,0,0.000000,0.000000,0
light,setpoint,BASELINE,25.000000,5,0.010000,37.500000,0.003257,0.006462,0.015117,2.000541,5960,1,0,16723200.000000,5865,120.000000,0.000000,0.000000,0.000000,0,0.000000,0.000000,0
light,setpoint,ADAPTIVE,25.000000,5,0.010000,37.500000,0.003257,0.006462,0.015117,2.000541,5960,1,0,16723200.000000,5865,120.000000,21600.000000,19.999695,100.000000,0,0.000000,6456.000000,0
light,setpoint,BASELINE,25.000000,15,0.100000,37.500000,0.189580,0.349425,0.624823,2.427789,-1,1,1,16873600.000000,5863,200.700000,0.000000,0.000000,0.000000,0,0.000000,0.000000,0
light,setpoint,ADAPTIVE,25.000000,15,0.100000,37.500000,0.189580,0.349425,0.624823,2.427789,-1,1,1,16873600.000000,5863,200.700000,0.000000,0.000000,0.000000,0,0.000000,0.000000,0
light,setpoint,BASELINE,25.000000,15,0.010000,37.500000,0.210922,0.388101,0.681505,2.419339,-1,1,1,16760000.000000,5816,200.700000,0.000000,0.000000,0.000000,0,0.000000,0.000000,0
light,setpoint,ADAPTIVE,25.000000,15,0.010000,37.500000,0.210922,0.388101,0.681505,2.419339,-1,1,1,16760000.000000,5816,200.700000,0.000000,0.000000,0.000000,0,0.000000,0.000000,0
light,setpoint,BASELINE,25.000000,30,0.100000,37.500000,0.426988,0.898506,1.313387,3.345785,-1,1,1,17105600.000000,5864,2007.800000,0.000000,0.000000,0.000000,0,0.000000,0.000000,0
light,setpoint,ADAPTIVE,25.000000,30,0.100000,37.500000,0.426988,0.898506,1.313387,3.345785,-1,1,1,17105600.000000,5864,2007.800000,0.000000,0.000000,12.000000,0,0.000000,0.000000,0
light,setpoint,BASELINE,25.000000,30,0.010000,37.500000,0.449752,0.939447,1.346845,3.377796,-1,1,1,17081600.000000,5860,2010.800000,0.000000,0.000000,0.000000,0,0.000000,0.000000,0
light,setpoint,ADAPTIVE,25.000000,30,0.010000,37.500000,0.449752,0.939447,1.346845,3.377796,-1,1,1,17081600.000000,5860,2010.800000,19.999695,19.999695,100.000000,0,0.000000,3366.000000,0
light,setpoint,BASELINE,25.000000,60,0.100000,37.500000,1.480583,3.209155,3.667088,5.653955,-1,1,1,18124800.000000,5462,4040.400000,0.000000,0.000000,0.000000,0,0.000000,0.000000,0
light,setpoint,ADAPTIVE,25.000000,60,0.100000,37.500000,1.480583,3.209155,3.667088,5.653955,-1,1,1,18124800.000000,5462,4040.400000,0.000000,0.000000,0.000000,0,0.000000,0.000000,0
light,setpoint,BASELINE,25.000000,60,0.010000,37.500000,1.081552,2.653600,3.547218,5.662363,-1,1,1,18793600.000000,5690,3954.000000,0.000000,0.000000,0.000000,0,0.000000,0.000000,0
light,setpoint,ADAPTIVE,25.000000,60,0.010000,37.500000,1.081552,2.653600,3.547218,5.662363,-1,1,1,18793600.000000,5690,3954.000000,0.000000,0.000000,0.000000,0,0.000000,0.000000,0
light,power_recovery,BASELINE,25.000000,5,0.100000,37.500000,0.035695,0.066194,0.136284,1.450759,6300,1,0,18350400.000000,6532,240.000000,0.000000,0.000000,0.000000,0,0.000000,0.000000,0
light,power_recovery,ADAPTIVE,25.000000,5,0.100000,37.500000,0.035695,0.066194,0.136284,1.450759,6300,1,0,18350400.000000,6532,240.000000,0.000000,0.000000,0.000000,0,0.000000,0.000000,0
light,power_recovery,BASELINE,25.000000,5,0.010000,37.500000,0.003444,0.006610,0.015379,1.443048,6302,1,0,18337600.000000,6528,240.000000,0.000000,0.000000,0.000000,0,0.000000,0.000000,0
light,power_recovery,ADAPTIVE,25.000000,5,0.010000,37.500000,0.003444,0.006610,0.015379,1.443048,6302,1,0,18337600.000000,6528,240.000000,21600.000000,19.999695,100.000000,0,0.000000,6076.000000,0
light,power_recovery,BASELINE,25.000000,15,0.100000,37.500000,0.244664,0.438763,0.768976,2.198180,-1,1,1,18459200.000000,6512,320.700000,0.000000,0.000000,0.000000,0,0.000000,0.000000,0
light,power_recovery,ADAPTIVE,25.000000,15,0.100000,37.500000,0.244664,0.438763,0.768976,2.198180,-1,1,1,18459200.000000,6512,320.700000,0.000000,0.000000,0.000000,0,0.000000,0.000000,0
light,power_recovery,BASELINE,25.000000,15,0.010000,37.500000,0.251511,0.457018,0.808077,2.198464,-1,1,1,18507200.000000,6544,320.700000,0.000000,0.000000,0.000000,0,0.000000,0.000000,0
light,power_recovery,ADAPTIVE,25.000000,15,0.010000,37.500000,0.251511,0.457018,0.808077,2.198464,-1,1,1,18507200.000000,6544,320.700000,0.000000,0.000000,0.000000,0,0.000000,0.000000,0
light,power_recovery,BASELINE,25.000000,30,0.100000,37.500000,0.565742,1.189501,1.728381,3.345785,-1,1,1,18756800.000000,6434,3922.700000,0.000000,0.000000,0.000000,0,0.000000,0.000000,0
light,power_recovery,ADAPTIVE,25.000000,30,0.100000,37.500000,0.565742,1.189501,1.728381,3.345785,-1,1,1,18756800.000000,6434,3922.700000,0.000000,0.000000,0.000000,0,0.000000,0.000000,0
light,power_recovery,BASELINE,25.000000,30,0.010000,37.500000,0.576476,1.191254,1.733426,3.377796,-1,1,1,18814400.000000,6434,3944.500000,0.000000,0.000000,0.000000,0,0.000000,0.000000,0
light,power_recovery,ADAPTIVE,25.000000,30,0.010000,37.500000,0.576476,1.191254,1.733426,3.377796,-1,1,1,18814400.000000,6434,3944.500000,0.000000,0.000000,0.000000,0,0.000000,0.000000,0
light,power_recovery,BASELINE,25.000000,60,0.100000,37.500000,1.394407,3.283788,4.153839,5.653955,-1,1,1,20395200.000000,5810,6078.300000,0.000000,0.000000,0.000000,0,0.000000,0.000000,0
light,power_recovery,ADAPTIVE,25.000000,60,0.100000,37.500000,1.394407,3.283788,4.153839,5.653955,-1,1,1,20395200.000000,5810,6078.300000,0.000000,0.000000,0.000000,0,0.000000,0.000000,0
light,power_recovery,BASELINE,25.000000,60,0.010000,37.500000,1.445533,3.335876,4.209662,5.662363,-1,1,1,19812800.000000,5154,6217.600000,0.000000,0.000000,0.000000,0,0.000000,0.000000,0
light,power_recovery,ADAPTIVE,25.000000,60,0.010000,37.500000,1.445533,3.335876,4.209662,5.662363,-1,1,1,19812800.000000,5154,6217.600000,0.000000,0.000000,0.000000,0,0.000000,0.000000,0
light,test_mode,BASELINE,25.000000,5,0.100000,37.500000,0.038419,0.067073,0.139027,1.450759,6051,1,0,18350400.000000,6542,120.000000,0.000000,0.000000,0.000000,0,0.000000,0.000000,0
light,test_mode,ADAPTIVE,25.000000,5,0.100000,37.500000,0.038419,0.067073,0.139027,1.450759,6051,1,0,18350400.000000,6542,120.000000,0.000000,0.000000,0.000000,0,0.000000,0.000000,0
light,test_mode,BASELINE,25.000000,5,0.010000,37.500000,0.003918,0.007151,0.015593,1.443048,6053,1,0,18348800.000000,6542,120.000000,0.000000,0.000000,0.000000,0,0.000000,0.000000,0
light,test_mode,ADAPTIVE,25.000000,5,0.010000,37.500000,0.003918,0.007151,0.015593,1.443048,6053,1,0,18348800.000000,6542,120.000000,21600.000000,19.999695,100.000000,0,0.000000,6368.000000,0
light,test_mode,BASELINE,25.000000,15,0.100000,37.500000,0.226079,0.428572,0.764680,2.198180,-1,1,1,18488000.000000,6536,200.700000,0.000000,0.000000,0.000000,0,0.000000,0.000000,0
light,test_mode,ADAPTIVE,25.000000,15,0.100000,37.500000,0.226079,0.428572,0.764680,2.198180,-1,1,1,18488000.000000,6536,200.700000,0.000000,0.000000,0.000000,0,0.000000,0.000000,0
light,test_mode,BASELINE,25.000000,15,0.010000,37.500000,0.248125,0.459388,0.806990,2.198464,-1,1,1,18372800.000000,6488,200.700000,0.000000,0.000000,0.000000,0,0.000000,0.000000,0
light,test_mode,ADAPTIVE,25.000000,15,0.010000,37.500000,0.248125,0.459388,0.806990,2.198464,-1,1,1,18372800.000000,6488,200.700000,0.000000,0.000000,0.000000,0,0.000000,0.000000,0
light,test_mode,BASELINE,25.000000,30,0.100000,37.500000,0.474640,1.131858,1.739523,3.345785,-1,1,1,18940800.000000,6631,3807.700000,0.000000,0.000000,0.000000,0,0.000000,0.000000,0
light,test_mode,ADAPTIVE,25.000000,30,0.100000,37.500000,0.474640,1.131858,1.739523,3.345785,-1,1,1,18940800.000000,6631,3807.700000,0.000000,0.000000,0.000000,0,0.000000,0.000000,0
light,test_mode,BASELINE,25.000000,30,0.010000,37.500000,0.450931,1.124625,1.735190,3.377796,-1,1,1,18995200.000000,6668,3812.000000,0.000000,0.000000,0.000000,0,0.000000,0.000000,0
light,test_mode,ADAPTIVE,25.000000,30,0.010000,37.500000,0.450931,1.124625,1.735190,3.377796,-1,1,1,18995200.000000,6668,3812.000000,0.000000,0.000000,0.000000,0,0.000000,0.000000,0
light,test_mode,BASELINE,25.000000,60,0.100000,37.500000,1.394407,3.283788,4.153839,5.653955,-1,1,1,20395200.000000,5810,6078.300000,0.000000,0.000000,0.000000,0,0.000000,0.000000,0
light,test_mode,ADAPTIVE,25.000000,60,0.100000,37.500000,1.394407,3.283788,4.153839,5.653955,-1,1,1,20395200.000000,5810,6078.300000,0.000000,0.000000,0.000000,0,0.000000,0.000000,0
light,test_mode,BASELINE,25.000000,60,0.010000,37.500000,1.307970,3.334239,4.207354,5.662363,-1,1,1,20308800.000000,5710,6119.200000,0.000000,0.000000,0.000000,0,0.000000,0.000000,0
light,test_mode,ADAPTIVE,25.000000,60,0.010000,37.500000,1.307970,3.334239,4.207354,5.662363,-1,1,1,20308800.000000,5710,6119.200000,0.000000,0.000000,0.000000,0,0.000000,0.000000,0
medium,steady,BASELINE,20.000000,5,0.100000,30.000000,0.028606,0.053996,0.110184,1.482259,1315,0,0,25185600.000000,7540,0.000000,0.000000,0.000000,0.000000,0,0.000000,0.000000,0
medium,steady,ADAPTIVE,20.000000,5,0.100000,30.000000,0.028606,0.053996,0.110184,1.482259,1315,0,0,25185600.000000,7540,0.000000,19.999695,19.999695,100.000000,0,0.000000,6956.000000,0
medium,steady,BASELINE,20.000000,5,0.100000,32.000000,0.027605,0.053828,0.110102,1.444488,1734,0,0,30052800.000000,8994,0.000000,0.000000,0.000000,0.000000,0,0.000000,0.000000,0
medium,steady,ADAPTIVE,20.000000,5,0.100000,32.000000,0.027605,0.053828,0.110102,1.444488,1734,0,0,30052800.000000,8994,0.000000,19.999695,19.999695,100.000000,0,0.000000,6346.000000,0
medium,steady,BASELINE,20.000000,5,0.100000,35.000000,0.027667,0.053544,0.109283,1.387116,2213,0,0,37372800.000000,11152,0.000000,0.000000,0.000000,0.000000,0,0.000000,0.000000,0
medium,steady,ADAPTIVE,20.000000,5,0.100000,35.000000,0.027667,0.053544,0.109283,1.387116,2213,0,0,37372800.000000,11152,0.000000,19.999695,19.999695,100.000000,0,0.000000,5858.000000,0
medium,steady,BASELINE,20.000000,5,0.100000,37.500000,0.027596,0.053420,0.109054,0.854127,2569,1,0,43401600.000000,12948,120.000000,0.000000,0.000000,0.000000,0,0.000000,0.000000,0
medium,steady,ADAPTIVE,20.000000,5,0.100000,37.500000,0.027596,0.053420,0.109054,0.854127,2569,1,0,43401600.000000,12948,120.000000,19.999695,19.999695,100.000000,0,0.000000,5202.000000,0
medium,steady,BASELINE,20.000000,5,0.010000,30.000000,0.002937,0.005463,0.011642,1.483741,1331,0,0,25156800.000000,7528,0.000000,0.000000,0.000000,0.000000,0,0.000000,0.000000,0
medium,steady,ADAPTIVE,20.000000,5,0.010000,30.000000,0.002937,0.005463,0.011642,1.483741,1331,0,0,25156800.000000,7528,0.000000,19.999695,19.999695,100.000000,0,0.000000,7566.000000,0
medium,steady,BASELINE,20.000000,5,0.010000,32.000000,0.002604,0.005157,0.011090,1.447391,1749,0,0,30073600.000000,9001,0.000000,0.000000,0.000000,0.000000,0,0.000000,0.000000,0
medium,steady,ADAPTIVE,20.000000,5,0.010000,32.000000,0.002604,0.005157,0.011090,1.447391,1749,0,0,30073600.000000,9001,0.000000,19.999695,19.999695,100.000000,0,0.000000,7566.000000,0
medium,steady,BASELINE,20.000000,5,0.010000,35.000000,0.002252,0.004780,0.008041,1.391244,2215,0,0,37387200.000000,11156,0.000000,0.000000,0.000000,0.000000,0,0.000000,0.000000,0
medium,steady,ADAPTIVE,20.000000,5,0.010000,35.000000,0.002252,0.004780,0.008041,1.391244,2215,0,0,37387200.000000,11156,0.000000,19.999695,19.999695,100.000000,0,0.000000,7078.000000,0
medium,steady,BASELINE,20.000000,5,0.010000,37.500000,0.002738,0.005168,0.011212,0.857038,2367,1,0,43408000.000000,12950,120.000000,0.000000,0.000000,0.000000,0,0.000000,0.000000,0
medium,steady,ADAPTIVE,20.000000,5,0.010000,37.500000,0.002738,0.005168,0.011212,0.857038,2367,1,0,43408000.000000,12950,120.000000,19.999695,19.999695,100.000000,0,0.000000,6422.000000,0
medium,steady,BASELINE,20.000000,15,0.100000,30.000000,0.136388,0.218770,0.415223,1.668050,-1,0,0,25132800.000000,7458,0.000000,0.000000,0.000000,0.000000,0,0.000000,0.000000,0
medium,steady,ADAPTIVE,20.000000,15,0.100000,30.000000,0.136388,0.218770,0.415223,1.668050,-1,0,0,25132800.000000,7458,0.000000,0.000000,0.000000,20.000000,0,0.000000,0.000000,0
medium,steady,BASELINE,20.000000,15,0.100000,32.000000,0.156224,0.259790,0.509478,1.626148,-1,0,0,30232000.000000,9007,0.000000,0.000000,0.000000,0.000000,0,0.000000,0.000000,0
medium,steady,ADAPTIVE,20.000000,15,0.100000,32.000000,0.156224,0.259790,0.509478,1.626148,-1,0,0,30232000.000000,9007,0.000000,0.000000,0.000000,28.000000,0,0.000000,0.000000,0
medium,steady,BASELINE,20.000000,15,0.100000,35.000000,0.203718,0.344752,0.661368,1.562666,-1,0,0,37604800.000000,11187,0.000000,0.000000,0.000000,0.000000,0,0.000000,0.000000,0
medium,steady,ADAPTIVE,20.000000,15,0.100000,35.000000,0.203718,0.344752,0.661368,1.562666,-1,0,0,37604800.000000,11187,0.000000,0.000000,0.000000,36.000000,0,0.000000,0.000000,0
medium,steady,BASELINE,20.000000,15,0.100000,37.500000,0.259279,0.404053,0.771459,1.044772,-1,1,0,43420800.000000,12894,120.000000,0.000000,0.000000,0.000000,0,0.000000,0.000000,0
medium,steady,ADAPTIVE,20.000000,15,0.100000,37.500000,0.259279,0.404053,0.771459,1.044772,-1,1,0,43420800.000000,12894,120.000000,0.000000,0.000000,0.000000,0,0.000000,0.000000,0
medium,steady,BASELINE,20.000000,15,0.010000,30.000000,0.138447,0.234254,0.453554,1.671267,-1,0,0,25334400.000000,7540,0.000000,0.000000,0.000000,0.000000,0,0.000000,0.000000,0
medium,steady,ADAPTIVE,20.000000,15,0.010000,30.000000,0.138447,0.234254,0.453554,1.671267,-1,0,0,25334400.000000,7540,0.000000,0.000000,0.000000,20.000000,0,0.000000,0.000000,0
medium,steady,BASELINE,20.000000,15,0.010000,32.000000,0.167235,0.284188,0.542892,1.630680,-1,0,0,30268800.000000,9020,0.000000,0.000000,0.000000,0.000000,0,0.000000,0.000000,0
medium,steady,ADAPTIVE,20.000000,15,0.010000,32.000000,0.167235,0.284188,0.542892,1.630680,-1,0,0,30268800.000000,9020,0.000000,0.000000,0.000000,28.000000,0,0.000000,0.000000,0
medium,steady,BASELINE,20.000000,15,0.010000,35.000000,0.205998,0.348818,0.677101,1.567376,-1,0,0,37636800.000000,11198,0.000000,0.000000,0.000000,0.000000,0,0.000000,0.000000,0
medium,steady,ADAPTIVE,20.000000,15,0.010000,35.000000,0.205998,0.348818,0.677101,1.567376,-1,0,0,37636800.000000,11198,0.000000,0.000000,0.000000,36.000000,0,0.000000,0.000000,0
medium,steady,BASELINE,20.000000,15,0.010000,37.500000,0.246937,0.416596,0.792643,1.043496,-1,1,0,43659200.000000,12994,120.000000,0.000000,0.000000,0.000000,0,0.000000,0.000000,0
medium,steady,ADAPTIVE,20.000000,15,0.010000,37.500000,0.246937,0.416596,0.792643,1.043496,-1,1,0,43659200.000000,12994,120.000000,0.000000,0.000000,0.000000,0,0.000000,0.000000,0
medium,steady,BASELINE,20.000000,30,0.100000,30.000000,0.166647,0.354836,0.594201,1.977233,-1,0,0,25166400.000000,7376,0.000000,0.000000,0.000000,0.000000,0,0.000000,0.000000,0
medium,steady,ADAPTIVE,20.000000,30,0.100000,30.000000,0.166647,0.354836,0.594201,1.977233,-1,0,0,25166400.000000,7376,0.000000,0.000000,0.000000,28.000000,0,0.000000,0.000000,0
medium,steady,BASELINE,20.000000,30,0.100000,32.000000,0.206001,0.448885,0.747123,1.929217,-1,0,0,30062400.000000,8840,0.000000,0.000000,0.000000,0.000000,0,0.000000,0.000000,0
medium,steady,ADAPTIVE,20.000000,30,0.100000,32.000000,0.206001,0.448885,0.747123,1.929217,-1,0,0,30062400.000000,8840,0.000000,0.000000,0.000000,28.000000,0,0.000000,0.000000,0
medium,steady,BASELINE,20.000000,30,0.100000,35.000000,0.298443,0.575029,0.955168,1.853694,-1,0,0,37502400.000000,11048,0.000000,0.000000,0.000000,0.000000,0,0.000000,0.000000,0
medium,steady,ADAPTIVE,20.000000,30,0.100000,35.000000,0.298443,0.575029,0.955168,1.853694,-1,0,0,37502400.000000,11048,0.000000,0.000000,0.000000,26.000000,0,0.000000,0.000000,0
medium,steady,BASELINE,20.000000,30,0.100000,37.500000,0.417722,0.737577,1.204673,1.343864,-1,1,0,43772800.000000,12658,2531.000000,0.000000,0.000000,0.000000,0,0.000000,0.000000,0
medium,steady,ADAPTIVE,20.000000,30,0.100000,37.500000,0.417722,0.737577,1.204673,1.343864,-1,1,0,43772800.000000,12658,2531.000000,0.000000,0.000000,0.000000,0,0.000000,0.000000,0
medium,steady,BASELINE,20.000000,30,0.010000,30.000000,0.224193,0.400409,0.657081,1.984930,-1,0,0,25478400.000000,7502,0.000000,0.000000,0.000000,0.000000,0,0.000000,0.000000,0
medium,steady,ADAPTIVE,20.000000,30,0.010000,30.000000,0.224193,0.400409,0.657081,1.984930,-1,0,0,25478400.000000,7502,0.000000,19.999695,19.999695,100.000000,0,0.000000,8634.000000,0
medium,steady,BASELINE,20.000000,30,0.010000,32.000000,0.274377,0.481356,0.789897,1.934478,-1,0,0,30412800.000000,8984,0.000000,0.000000,0.000000,0.000000,0,0.000000,0.000000,0
medium,steady,ADAPTIVE,20.000000,30,0.010000,32.000000,0.274377,0.481356,0.789897,1.934478,-1,0,0,30412800.000000,8984,0.000000,19.999695,19.999695,100.000000,0,0.000000,8164.000000,0
medium,steady,BASELINE,20.000000,30,0.010000,35.000000,0.332799,0.601418,0.985306,1.858966,-1,0,0,37843200.000000,11188,0.000000,0.000000,0.000000,0.000000,0,0.000000,0.000000,0
medium,steady,ADAPTIVE,20.000000,30,0.010000,35.000000,0.332799,0.601418,0.985306,1.858966,-1,0,0,37843200.000000,11188,0.000000,19.999695,19.999695,96.000000,0,0.000000,5700.000000,0
medium,steady,BASELINE,20.000000,30,0.010000,37.500000,0.415836,0.729975,1.196100,1.348433,-1,1,0,43780800.000000,12714,2525.700000,0.000000,0.000000,0.000000,0,0.000000,0.000000,0
medium,steady,ADAPTIVE,20.000000,30,0.010000,37.500000,0.415836,0.729975,1.196100,1.348433,-1,1,0,43780800.000000,12714,2525.700000,0.000000,0.000000,0.000000,0,0.000000,0.000000,0
medium,steady,BASELINE,20.000000,60,0.100000,30.000000,0.336245,0.872814,1.208695,2.644696,-1,0,0,26068800.000000,7552,0.000000,0.000000,0.000000,0.000000,0,0.000000,0.000000,0
medium,steady,ADAPTIVE,20.000000,60,0.100000,30.000000,0.336245,0.872814,1.208695,2.644696,-1,0,0,26068800.000000,7552,0.000000,19.999695,19.999695,82.000000,0,0.000000,8180.000000,0
medium,steady,BASELINE,20.000000,60,0.100000,32.000000,0.380137,0.868557,1.386627,2.578151,-1,0,0,31329600.000000,9128,0.000000,0.000000,0.000000,0.000000,0,0.000000,0.000000,0
medium,steady,ADAPTIVE,20.000000,60,0.100000,32.000000,0.382578,0.869303,1.442795,2.578151,-1,0,0,31305600.000000,9118,0.000000,19.999695,19.999695,100.000000,0,0.000000,8226.000000,0
medium,steady,BASELINE,20.000000,60,0.100000,35.000000,0.487442,1.187905,1.824082,2.479695,-1,0,0,38971200.000000,9423,0.000000,0.000000,0.000000,0.000000,0,0.000000,0.000000,0
medium,steady,ADAPTIVE,20.000000,60,0.100000,35.000000,0.496334,1.306885,1.835746,2.479695,-1,0,0,38726400.000000,9366,0.000000,19.999695,19.999695,100.000000,0,0.000000,8638.000000,0
medium,steady,BASELINE,20.000000,60,0.100000,37.500000,0.561836,1.268810,2.083840,1.969452,-1,1,1,44833600.000000,7592,3539.100000,0.000000,0.000000,0.000000,0,0.000000,0.000000,0
medium,steady,ADAPTIVE,20.000000,60,0.100000,37.500000,0.561836,1.268810,2.083840,1.969452,-1,1,1,44833600.000000,7592,3539.100000,0.000000,0.000000,0.000000,0,0.000000,0.000000,0
medium,steady,BASELINE,20.000000,60,0.010000,30.000000,0.442346,0.938449,1.293565,2.652408,-1,0,0,25598400.000000,7354,0.000000,0.000000,0.000000,0.000000,0,0.000000,0.000000,0
medium,steady,ADAPTIVE,20.000000,60,0.010000,30.000000,0.442346,0.938449,1.293565,2.652408,-1,0,0,25598400.000000,7354,0.000000,19.999695,19.999695,100.000000,0,0.000000,8154.000000,0
medium,steady,BASELINE,20.000000,60,0.010000,32.000000,0.531497,1.122161,1.550108,2.585677,-1,0,0,30838400.000000,8861,0.000000,0.000000,0.000000,0.000000,0,0.000000,0.000000,0
medium,steady,ADAPTIVE,20.000000,60,0.010000,32.000000,0.531497,1.122161,1.550108,2.585677,-1,0,0,30838400.000000,8861,0.000000,19.999695,19.999695,100.000000,0,0.000000,7916.000000,0
medium,steady,BASELINE,20.000000,60,0.010000,35.000000,0.660976,1.403308,1.938346,2.484299,-1,0,0,38323200.000000,9089,0.000000,0.000000,0.000000,0.000000,0,0.000000,0.000000,0
medium,steady,ADAPTIVE,20.000000,60,0.010000,35.000000,0.534590,1.167670,1.697872,2.484299,-1,0,0,37916800.000000,9245,0.000000,19.999695,19.999695,100.000000,0,0.000000,8920.000000,0
medium,steady,BASELINE,20.000000,60,0.010000,37.500000,0.564612,1.268009,2.150658,1.973994,-1,1,1,44790400.000000,7612,3537.600000,0.000000,0.000000,0.000000,0,0.000000,0.000000,0
medium,steady,ADAPTIVE,20.000000,60,0.010000,37.500000,0.564612,1.268009,2.150658,1.973994,-1,1,1,44790400.000000,7612,3537.600000,0.000000,0.000000,0.000000,0,0.000000,0.000000,0
medium,steady,BASELINE,25.000000,5,0.100000,30.000000,0.027913,0.053765,0.110017,1.579357,1139,0,0,12763200.000000,3738,0.000000,0.000000,0.000000,0.000000,0,0.000000,0.000000,0
medium,steady,ADAPTIVE,25.000000,5,0.100000,30.000000,0.027913,0.053765,0.110017,1.579357,1139,0,0,12763200.000000,3738,0.000000,19.999695,19.999695,100.000000,0,0.000000,7688.000000,0
medium,steady,BASELINE,25.000000,5,0.100000,32.000000,0.026737,0.053745,0.109612,1.538468,994,0,0,17736000.000000,5272,0.000000,0.000000,0.000000,0.000000,0,0.000000,0.000000,0
medium,steady,ADAPTIVE,25.000000,5,0.100000,32.000000,0.026737,0.053745,0.109612,1.538468,994,0,0,17736000.000000,5272,0.000000,19.999695,19.999695,100.000000,0,0.000000,7322.000000,0
medium,steady,BASELINE,25.000000,5,0.100000,35.000000,0.026946,0.053887,0.110164,1.482259,1315,0,0,25161600.000000,7530,0.000000,0.000000,0.000000,0.000000,0,0.000000,0.000000,0
medium,steady,ADAPTIVE,25.000000,5,0.100000,35.000000,0.026946,0.053887,0.110164,1.482259,1315,0,0,25161600.000000,7530,0.000000,19.999695,19.999695,100.000000,0,0.000000,6956.000000,0
medium,steady,BASELINE,25.000000,5,0.100000,37.500000,0.028202,0.052868,0.107876,0.886958,1774,1,0,31257600.000000,9404,120.000000,0.000000,0.000000,0.000000,0,0.000000,0.000000,0
medium,steady,ADAPTIVE,25.000000,5,0.100000,37.500000,0.028202,0.052868,0.107876,0.886958,1774,1,0,31257600.000000,9404,120.000000,19.999695,19.999695,100.000000,0,0.000000,6238.000000,0
medium,steady,BASELINE,25.000000,5,0.010000,30.000000,0.002874,0.005583,0.011981,1.579089,1139,0,0,12772800.000000,3744,0.000000,0.000000,0.000000,0.000000,0,0.000000,0.000000,0
medium,steady,ADAPTIVE,25.000000,5,0.010000,30.000000,0.002874,0.005583,0.011981,1.579089,1139,0,0,12772800.000000,3744,0.000000,19.999695,19.999695,100.000000,0,0.000000,8542.000000,0
medium,steady,BASELINE,25.000000,5,0.010000,32.000000,0.002941,0.005126,0.010964,1.539675,994,0,0,17736000.000000,5272,0.000000,0.000000,0.000000,0.000000,0,0.000000,0.000000,0
medium,steady,ADAPTIVE,25.000000,5,0.010000,32.000000,0.002941,0.005126,0.010964,1.539675,994,0,0,17736000.000000,5272,0.000000,19.999695,19.999695,100.000000,0,0.000000,8176.000000,0
medium,steady,BASELINE,25.000000,5,0.010000,35.000000,0.002435,0.005144,0.011137,1.483741,1331,0,0,25152000.000000,7526,0.000000,0.000000,0.000000,0.000000,0,0.000000,0.000000,0
medium,steady,ADAPTIVE,25.000000,5,0.010000,35.000000,0.002435,0.005144,0.011137,1.483741,1331,0,0,25152000.000000,7526,0.000000,19.999695,19.999695,100.000000,0,0.000000,7566.000000,0
medium,steady,BASELINE,25.000000,5,0.010000,37.500000,0.002869,0.005209,0.011079,0.885507,1765,1,0,31256000.000000,9404,120.000000,0.000000,0.000000,0.000000,0,0.000000,0.000000,0
medium,steady,ADAPTIVE,25.000000,5,0.010000,37.500000,0.002869,0.005209,0.011079,0.885507,1765,1,0,31256000.000000,9404,120.000000,19.999695,19.999695,100.000000,0,0.000000,7226.000000,0
medium,steady,BASELINE,25.000000,15,0.100000,30.000000,0.058180,0.098957,0.188752,1.782066,1256,0,0,12878400.000000,3724,0.000000,0.000000,0.000000,0.000000,0,0.000000,0.000000,0
medium,steady,ADAPTIVE,25.000000,15,0.100000,30.000000,0.058180,0.098957,0.188752,1.782066,1256,0,0,12878400.000000,3724,0.000000,0.000000,0.000000,12.000000,0,0.000000,0.000000,0
medium,steady,BASELINE,25.000000,15,0.100000,32.000000,0.089305,0.149345,0.279754,1.730237,-1,0,0,17726400.000000,5208,0.000000,0.000000,0.000000,0.000000,0,0.000000,0.000000,0
medium,steady,ADAPTIVE,25.000000,15,0.100000,32.000000,0.089305,0.149345,0.279754,1.730237,-1,0,0,17726400.000000,5208,0.000000,0.000000,0.000000,12.000000,0,0.000000,0.000000,0
medium,steady,BASELINE,25.000000,15,0.100000,35.000000,0.136383,0.218773,0.415217,1.668050,-1,0,0,25132800.000000,7458,0.000000,0.000000,0.000000,0.000000,0,0.000000,0.000000,0
medium,steady,ADAPTIVE,25.000000,15,0.100000,35.000000,0.136383,0.218773,0.415217,1.668050,-1,0,0,25132800.000000,7458,0.000000,0.000000,0.000000,20.000000,0,0.000000,0.000000,0
medium,steady,BASELINE,25.000000,15,0.100000,37.500000,0.163578,0.279126,0.540620,1.083792,-1,1,0,31128000.000000,9292,132.000000,0.000000,0.000000,0.000000,0,0.000000,0.000000,0
medium,steady,ADAPTIVE,25.000000,15,0.100000,37.500000,0.163578,0.279126,0.540620,1.083792,-1,1,0,31128000.000000,9292,132.000000,0.000000,0.000000,0.000000,0,0.000000,0.000000,0
medium,steady,BASELINE,25.000000,15,0.010000,30.000000,0.069281,0.117929,0.228432,1.775034,1252,0,0,12748800.000000,3672,0.000000,0.000000,0.000000,0.000000,0,0.000000,0.000000,0
medium,steady,ADAPTIVE,25.000000,15,0.010000,30.000000,0.069281,0.117929,0.228432,1.775034,1252,0,0,12748800.000000,3672,0.000000,0.000000,0.000000,12.000000,0,0.000000,0.000000,0
medium,steady,BASELINE,25.000000,15,0.010000,32.000000,0.098879,0.164147,0.318600,1.735772,-1,0,0,17846400.000000,5256,0.000000,0.000000,0.000000,0.000000,0,0.000000,0.000000,0
medium,steady,ADAPTIVE,25.000000,15,0.010000,32.000000,0.098879,0.164147,0.318600,1.735772,-1,0,0,17846400.000000,5256,0.000000,0.000000,0.000000,12.000000,0,0.000000,0.000000,0
medium,steady,BASELINE,25.000000,15,0.010000,35.000000,0.138419,0.234328,0.453281,1.671267,-1,0,0,25334400.000000,7540,0.000000,0.000000,0.000000,0.000000,0,0.000000,0.000000,0
medium,steady,ADAPTIVE,25.000000,15,0.010000,35.000000,0.138419,0.234328,0.453281,1.671267,-1,0,0,25334400.000000,7540,0.000000,0.000000,0.000000,20.000000,0,0.000000,0.000000,0
medium,steady,BASELINE,25.000000,15,0.010000,37.500000,0.172856,0.296121,0.566152,1.088921,-1,1,0,31136000.000000,9292,133.400000,0.000000,0.000000,0.000000,0,0.000000,0.000000,0
medium,steady,ADAPTIVE,25.000000,15,0.010000,37.500000,0.172856,0.296121,0.566152,1.088921,-1,1,0,31136000.000000,9292,133.400000,0.000000,0.000000,0.000000,0,0.000000,0.000000,0
medium,steady,BASELINE,25.000000,30,0.100000,30.000000,0.081413,0.168339,0.277586,2.103992,-1,0,0,12864000.000000,3626,0.000000,0.000000,0.000000,0.000000,0,0.000000,0.000000,0
medium,steady,ADAPTIVE,25.000000,30,0.100000,30.000000,0.081413,0.168339,0.277586,2.103992,-1,0,0,12864000.000000,3626,0.000000,0.000000,0.000000,12.000000,0,0.000000,0.000000,0
medium,steady,BASELINE,25.000000,30,0.100000,32.000000,0.140330,0.249726,0.409215,2.053519,-1,0,0,17870400.000000,5172,0.000000,0.000000,0.000000,0.000000,0,0.000000,0.000000,0
medium,steady,ADAPTIVE,25.000000,30,0.100000,32.000000,0.140330,0.249726,0.409215,2.053519,-1,0,0,17870400.000000,5172,0.000000,0.000000,0.000000,20.000000,0,0.000000,0.000000,0
medium,steady,BASELINE,25.000000,30,0.100000,35.000000,0.166647,0.354836,0.594201,1.977233,-1,0,0,25166400.000000,7376,0.000000,0.000000,0.000000,0.000000,0,0.000000,0.000000,0
medium,steady,ADAPTIVE,25.000000,30,0.100000,35.000000,0.166647,0.354836,0.594201,1.977233,-1,0,0,25166400.000000,7376,0.000000,0.000000,0.000000,28.000000,0,0.000000,0.000000,0
medium,steady,BASELINE,25.000000,30,0.100000,37.500000,0.238713,0.469550,0.780287,1.412605,-1,1,0,31505600.000000,9350,226.600000,0.000000,0.000000,0.000000,0,0.000000,0.000000,0
medium,steady,ADAPTIVE,25.000000,30,0.100000,37.500000,0.238713,0.469550,0.780287,1.412605,-1,1,0,31505600.000000,9350,226.600000,0.000000,0.000000,0.000000,0,0.000000,0.000000,0
medium,steady,BASELINE,25.000000,30,0.010000,30.000000,0.100007,0.199866,0.333162,2.106387,-1,0,0,12888000.000000,3634,0.000000,0.000000,0.000000,0.000000,0,0.000000,0.000000,0
medium,steady,ADAPTIVE,25.000000,30,0.010000,30.000000,0.100007,0.199866,0.333162,2.106387,-1,0,0,12888000.000000,3634,0.000000,19.999695,19.999695,100.000000,0,0.000000,7300.000000,0
medium,steady,BASELINE,25.000000,30,0.010000,32.000000,0.139948,0.277547,0.463105,2.062014,-1,0,0,17945600.000000,5199,0.000000,0.000000,0.000000,0.000000,0,0.000000,0.000000,0
medium,steady,ADAPTIVE,25.000000,30,0.010000,32.000000,0.139948,0.277547,0.463105,2.062014,-1,0,0,17945600.000000,5199,0.000000,19.999695,19.999695,100.000000,0,0.000000,8010.000000,0
medium,steady,BASELINE,25.000000,30,0.010000,35.000000,0.223915,0.399622,0.656521,1.984930,-1,0,0,25478400.000000,7502,0.000000,0.000000,0.000000,0.000000,0,0.000000,0.000000,0
medium,steady,ADAPTIVE,25.000000,30,0.010000,35.000000,0.223915,0.399622,0.656521,1.984930,-1,0,0,25478400.000000,7502,0.000000,19.999695,19.999695,100.000000,0,0.000000,8634.000000,0
medium,steady,BASELINE,25.000000,30,0.010000,37.500000,0.224826,0.491913,0.820124,1.412742,-1,1,0,31241600.000000,9240,226.600000,0.000000,0.000000,0.000000,0,0.000000,0.000000,0
medium,steady,ADAPTIVE,25.000000,30,0.010000,37.500000,0.224826,0.491913,0.820124,1.412742,-1,1,0,31241600.000000,9240,226.600000,0.000000,0.000000,0.000000,0,0.000000,0.000000,0
medium,steady,BASELINE,25.000000,60,0.100000,30.000000,0.158178,0.347247,0.495116,2.806142,-1,0,0,13156800.000000,3548,0.000000,0.000000,0.000000,0.000000,0,0.000000,0.000000,0
medium,steady,ADAPTIVE,25.000000,60,0.100000,30.000000,0.158178,0.347247,0.495116,2.806142,-1,0,0,13156800.000000,3548,0.000000,19.999695,19.999695,100.000000,0,0.000000,6712.000000,0
medium,steady,BASELINE,25.000000,60,0.100000,32.000000,0.220372,0.554229,0.814269,2.746028,-1,0,0,18489600.000000,5230,0.000000,0.000000,0.000000,0.000000,0,0.000000,0.000000,0
medium,steady,ADAPTIVE,25.000000,60,0.100000,32.000000,0.220372,0.554229,0.814269,2.746028,-1,0,0,18489600.000000,5230,0.000000,19.999695,19.999695,100.000000,0,0.000000,7324.000000,0
medium,steady,BASELINE,25.000000,60,0.100000,35.000000,0.336242,0.872819,1.208695,2.644696,-1,0,0,26068800.000000,7552,0.000000,0.000000,0.000000,0.000000,0,0.000000,0.000000,0
medium,steady,ADAPTIVE,25.000000,60,0.100000,35.000000,0.336242,0.872819,1.208695,2.644696,-1,0,0,26068800.000000,7552,0.000000,19.999695,19.999695,82.000000,0,0.000000,8180.000000,0
medium,steady,BASELINE,25.000000,60,0.100000,37.500000,0.528438,1.135073,1.618322,2.081973,-1,1,1,31958400.000000,8910,3106.700000,0.000000,0.000000,0.000000,0,0.000000,0.000000,0
medium,steady,ADAPTIVE,25.000000,60,0.100000,37.500000,0.528438,1.135073,1.618322,2.081973,-1,1,1,31958400.000000,8910,3106.700000,0.000000,0.000000,0.000000,0,0.000000,0.000000,0
medium,steady,BASELINE,25.000000,60,0.010000,30.000000,0.159821,0.362910,0.569249,2.813577,-1,0,0,13512000.000000,3694,0.000000,0.000000,0.000000,0.000000,0,0.000000,0.000000,0
medium,steady,ADAPTIVE,25.000000,60,0.010000,30.000000,0.159821,0.362910,0.569249,2.813577,-1,0,0,13512000.000000,3694,0.000000,19.999695,19.999695,100.000000,0,0.000000,6238.000000,0
medium,steady,BASELINE,25.000000,60,0.010000,32.000000,0.328456,0.658965,0.910063,2.754483,-1,0,0,18249600.000000,5126,0.000000,0.000000,0.000000,0.000000,0,0.000000,0.000000,0
medium,steady,ADAPTIVE,25.000000,60,0.010000,32.000000,0.328456,0.658965,0.910063,2.754483,-1,0,0,18249600.000000,5126,0.000000,19.999695,19.999695,100.000000,0,0.000000,7248.000000,0
medium,steady,BASELINE,25.000000,60,0.010000,35.000000,0.442331,0.938283,1.293402,2.652408,-1,0,0,25598400.000000,7354,0.000000,0.000000,0.000000,0.000000,0,0.000000,0.000000,0
medium,steady,ADAPTIVE,25.000000,60,0.010000,35.000000,0.442331,0.938283,1.293402,2.652408,-1,0,0,25598400.000000,7354,0.000000,19.999695,19.999695,100.000000,0,0.000000,8154.000000,0
medium,steady,BASELINE,25.000000,60,0.010000,37.500000,0.529032,1.151874,1.633031,2.082114,-1,1,1,32000000.000000,8826,3163.400000,0.000000,0.000000,0.000000,0,0.000000,0.000000,0
medium,steady,ADAPTIVE,25.000000,60,0.010000,37.500000,0.529032,1.151874,1.633031,2.082114,-1,1,1,32000000.000000,8826,3163.400000,0.000000,0.000000,0.000000,0,0.000000,0.000000,0
medium,steady,BASELINE,28.000000,5,0.100000,30.000000,0.021003,0.048493,0.076676,1.630147,1969,0,0,5332800.000000,1518,0.000000,0.000000,0.000000,0.000000,0,0.000000,0.000000,0
medium,steady,ADAPTIVE,28.000000,5,0.100000,30.000000,0.021003,0.048493,0.076676,1.630147,1969,0,0,5332800.000000,1518,0.000000,19.999695,19.999695,100.000000,0,0.000000,8054.000000,0
medium,steady,BASELINE,28.000000,5,0.100000,32.000000,0.026911,0.053446,0.109443,1.602125,1285,0,0,10291200.000000,2980,0.000000,0.000000,0.000000,0.000000,0,0.000000,0.000000,0
medium,steady,ADAPTIVE,28.000000,5,0.100000,32.000000,0.026911,0.053446,0.109443,1.602125,1285,0,0,10291200.000000,2980,0.000000,19.999695,19.999695,100.000000,0,0.000000,7932.000000,0
medium,steady,BASELINE,28.000000,5,0.100000,35.000000,0.027972,0.053717,0.110001,1.538468,994,0,0,17716800.000000,5263,0.000000,0.000000,0.000000,0.000000,0,0.000000,0.000000,0
medium,steady,ADAPTIVE,28.000000,5,0.100000,35.000000,0.027972,0.053717,0.110001,1.538468,994,0,0,17716800.000000,5263,0.000000,19.999695,19.999695,100.000000,0,0.000000,7322.000000,0
medium,steady,BASELINE,28.000000,5,0.100000,37.500000,0.026244,0.052790,0.108042,0.901958,1290,1,0,23843200.000000,7180,120.000000,0.000000,0.000000,0.000000,0,0.000000,0.000000,0
medium,steady,ADAPTIVE,28.000000,5,0.100000,37.500000,0.026244,0.052790,0.108042,0.901958,1290,1,0,23843200.000000,7180,120.000000,19.999695,19.999695,100.000000,0,0.000000,6200.000000,0
medium,steady,BASELINE,28.000000,5,0.010000,30.000000,0.001741,0.003928,0.006497,1.637228,1976,0,0,5356800.000000,1526,0.000000,0.000000,0.000000,0.000000,0,0.000000,0.000000,0
medium,steady,ADAPTIVE,28.000000,5,0.010000,30.000000,0.001741,0.003928,0.006497,1.637228,1976,0,0,5356800.000000,1526,0.000000,19.999695,19.999695,100.000000,0,0.000000,8298.000000,0
medium,steady,BASELINE,28.000000,5,0.010000,32.000000,0.002810,0.005439,0.011853,1.594477,1280,0,0,10291200.000000,2984,0.000000,0.000000,0.000000,0.000000,0,0.000000,0.000000,0
medium,steady,ADAPTIVE,28.000000,5,0.010000,32.000000,0.002810,0.005439,0.011853,1.594477,1280,0,0,10291200.000000,2984,0.000000,19.999695,19.999695,100.000000,0,0.000000,8786.000000,0
medium,steady,BASELINE,28.000000,5,0.010000,35.000000,0.003196,0.005677,0.012032,1.539675,994,0,0,17736000.000000,5272,0.000000,0.000000,0.000000,0.000000,0,0.000000,0.000000,0
medium,steady,ADAPTIVE,28.000000,5,0.010000,35.000000,0.003196,0.005677,0.012032,1.539675,994,0,0,17736000.000000,5272,0.000000,19.999695,19.999695,100.000000,0,0.000000,8176.000000,0
medium,steady,BASELINE,28.000000,5,0.010000,37.500000,0.002636,0.005461,0.011594,0.906811,1103,1,0,23870400.000000,7188,120.000000,0.000000,0.000000,0.000000,0,0.000000,0.000000,0
medium,steady,ADAPTIVE,28.000000,5,0.010000,37.500000,0.002636,0.005461,0.011594,0.906811,1103,1,0,23870400.000000,7188,120.000000,19.999695,19.999695,100.000000,0,0.000000,7552.000000,0
medium,steady,BASELINE,28.000000,15,0.100000,30.000000,0.028817,0.060092,0.116690,1.844331,2175,0,0,5414400.000000,1482,0.000000,0.000000,0.000000,0.000000,0,0.000000,0.000000,0
medium,steady,ADAPTIVE,28.000000,15,0.100000,30.000000,0.028817,0.060092,0.116690,1.844331,2175,0,0,5414400.000000,1482,0.000000,19.999695,19.999695,100.000000,0,0.000000,7810.000000,0
medium,steady,BASELINE,28.000000,15,0.100000,32.000000,0.047842,0.085482,0.160065,1.803085,1419,0,0,10296000.000000,2922,0.000000,0.000000,0.000000,0.000000,0,0.000000,0.000000,0
medium,steady,ADAPTIVE,28.000000,15,0.100000,32.000000,0.047842,0.085482,0.160065,1.803085,1419,0,0,10296000.000000,2922,0.000000,0.000000,0.000000,12.000000,0,0.000000,0.000000,0
medium,steady,BASELINE,28.000000,15,0.100000,35.000000,0.089284,0.149363,0.279754,1.730237,-1,0,0,17726400.000000,5208,0.000000,0.000000,0.000000,0.000000,0,0.000000,0.000000,0
medium,steady,ADAPTIVE,28.000000,15,0.100000,35.000000,0.089284,0.149363,0.279754,1.730237,-1,0,0,17726400.000000,5208,0.000000,0.000000,0.000000,12.000000,0,0.000000,0.000000,0
medium,steady,BASELINE,28.000000,15,0.100000,37.500000,0.122220,0.207499,0.396263,1.115497,-1,1,0,24027200.000000,7194,171.600000,0.000000,0.000000,0.000000,0,0.000000,0.000000,0
medium,steady,ADAPTIVE,28.000000,15,0.100000,37.500000,0.122220,0.207499,0.396263,1.115497,-1,1,0,24027200.000000,7194,171.600000,0.000000,0.000000,0.000000,0,0.000000,0.000000,0
medium,steady,BASELINE,28.000000,15,0.010000,30.000000,0.028184,0.047725,0.093727,1.844126,2175,0,0,5448000.000000,1494,0.000000,0.000000,0.000000,0.000000,0,0.000000,0.000000,0
medium,steady,ADAPTIVE,28.000000,15,0.010000,30.000000,0.028184,0.047725,0.093727,1.844126,2175,0,0,5448000.000000,1494,0.000000,19.999695,19.999695,100.000000,0,0.000000,8054.000000,0
medium,steady,BASELINE,28.000000,15,0.010000,32.000000,0.056626,0.096456,0.185184,1.797240,1415,0,0,10392000.000000,2964,0.000000,0.000000,0.000000,0.000000,0,0.000000,0.000000,0
medium,steady,ADAPTIVE,28.000000,15,0.010000,32.000000,0.056626,0.096456,0.185184,1.797240,1415,0,0,10392000.000000,2964,0.000000,19.999695,19.999695,84.000000,0,0.000000,6468.000000,0
medium,steady,BASELINE,28.000000,15,0.010000,35.000000,0.099177,0.164365,0.319153,1.735772,-1,0,0,17841600.000000,5254,0.000000,0.000000,0.000000,0.000000,0,0.000000,0.000000,0
medium,steady,ADAPTIVE,28.000000,15,0.010000,35.000000,0.099177,0.164365,0.319153,1.735772,-1,0,0,17841600.000000,5254,0.000000,0.000000,0.000000,12.000000,0,0.000000,0.000000,0
medium,steady,BASELINE,28.000000,15,0.010000,37.500000,0.129545,0.222000,0.430172,1.115757,-1,1,0,23777600.000000,7090,171.600000,0.000000,0.000000,0.000000,0,0.000000,0.000000,0
medium,steady,ADAPTIVE,28.000000,15,0.010000,37.500000,0.129545,0.222000,0.430172,1.115757,-1,1,0,23777600.000000,7090,171.600000,0.000000,0.000000,0.000000,0,0.000000,0.000000,0
medium,steady,BASELINE,28.000000,30,0.100000,30.000000,0.042952,0.093347,0.152951,2.177991,2478,0,0,5529600.000000,1432,0.000000,0.000000,0.000000,0.000000,0,0.000000,0.000000,0
medium,steady,ADAPTIVE,28.000000,30,0.100000,30.000000,0.042952,0.093347,0.152951,2.177991,2478,0,0,5529600.000000,1432,0.000000,19.999695,19.999695,100.000000,0,0.000000,7078.000000,0
medium,steady,BASELINE,28.000000,30,0.100000,32.000000,0.086201,0.148053,0.234367,2.133273,1628,0,0,10488000.000000,2906,0.000000,0.000000,0.000000,0.000000,0,0.000000,0.000000,0
medium,steady,ADAPTIVE,28.000000,30,0.100000,32.000000,0.086201,0.148053,0.234367,2.133273,1628,0,0,10488000.000000,2906,0.000000,19.999695,19.999695,84.000000,0,0.000000,2808.000000,0
medium,steady,BASELINE,28.000000,30,0.100000,35.000000,0.140332,0.249731,0.409214,2.053519,-1,0,0,17870400.000000,5172,0.000000,0.000000,0.000000,0.000000,0,0.000000,0.000000,0
medium,steady,ADAPTIVE,28.000000,30,0.100000,35.000000,0.140332,0.249731,0.409214,2.053519,-1,0,0,17870400.000000,5172,0.000000,0.000000,0.000000,20.000000,0,0.000000,0.000000,0
medium,steady,BASELINE,28.000000,30,0.100000,37.500000,0.170830,0.337278,0.566381,1.454196,-1,1,0,24096000.000000,7124,290.900000,0.000000,0.000000,0.000000,0,0.000000,0.000000,0
medium,steady,ADAPTIVE,28.000000,30,0.100000,37.500000,0.170830,0.337278,0.566381,1.454196,-1,1,0,24096000.000000,7124,290.900000,0.000000,0.000000,0.000000,0,0.000000,0.000000,0
medium,steady,BASELINE,28.000000,30,0.010000,30.000000,0.039477,0.082335,0.137445,2.185801,2484,0,0,5572800.000000,1448,0.000000,0.000000,0.000000,0.000000,0,0.000000,0.000000,0
medium,steady,ADAPTIVE,28.000000,30,0.010000,30.000000,0.039477,0.082335,0.137445,2.185801,2484,0,0,5572800.000000,1448,0.000000,19.999695,19.999695,100.000000,0,0.000000,7810.000000,0
medium,steady,BASELINE,28.000000,30,0.010000,32.000000,0.079574,0.158899,0.266394,2.138351,-1,0,0,10483200.000000,2904,0.000000,0.000000,0.000000,0.000000,0,0.000000,0.000000,0
medium,steady,ADAPTIVE,28.000000,30,0.010000,32.000000,0.079574,0.158899,0.266394,2.138351,-1,0,0,10483200.000000,2904,0.000000,19.999695,19.999695,100.000000,0,0.000000,7068.000000,0
medium,steady,BASELINE,28.000000,30,0.010000,35.000000,0.139948,0.277547,0.463105,2.062014,-1,0,0,17945600.000000,5199,0.000000,0.000000,0.000000,0.000000,0,0.000000,0.000000,0
medium,steady,ADAPTIVE,28.000000,30,0.010000,35.000000,0.139948,0.277547,0.463105,2.062014,-1,0,0,17945600.000000,5199,0.000000,19.999695,19.999695,100.000000,0,0.000000,8010.000000,0
medium,steady,BASELINE,28.000000,30,0.010000,37.500000,0.171453,0.374116,0.623986,1.461172,-1,1,0,23884800.000000,7034,293.300000,0.000000,0.000000,0.000000,0,0.000000,0.000000,0
medium,steady,ADAPTIVE,28.000000,30,0.010000,37.500000,0.171453,0.374116,0.623986,1.461172,-1,1,0,23884800.000000,7034,293.300000,19.999695,19.999695,100.000000,0,0.000000,6862.000000,0
medium,steady,BASELINE,28.000000,60,0.100000,30.000000,0.058504,0.160313,0.240904,2.901512,-1,0,0,5836800.000000,1362,0.000000,0.000000,0.000000,0.000000,0,0.000000,0.000000,0
medium,steady,ADAPTIVE,28.000000,60,0.100000,30.000000,0.058504,0.160313,0.240904,2.901512,-1,0,0,5836800.000000,1362,0.000000,19.999695,19.999695,100.000000,0,0.000000,6346.000000,0
medium,steady,BASELINE,28.000000,60,0.100000,32.000000,0.124628,0.300363,0.412585,2.854919,-1,0,0,10896000.000000,2876,0.000000,0.000000,0.000000,0.000000,0,0.000000,0.000000,0
medium,steady,ADAPTIVE,28.000000,60,0.100000,32.000000,0.124628,0.300363,0.412585,2.854919,-1,0,0,10896000.000000,2876,0.000000,19.999695,19.999695,100.000000,0,0.000000,6190.000000,0
medium,steady,BASELINE,28.000000,60,0.100000,35.000000,0.220372,0.554232,0.814269,2.746028,-1,0,0,18489600.000000,5230,0.000000,0.000000,0.000000,0.000000,0,0.000000,0.000000,0
medium,steady,ADAPTIVE,28.000000,60,0.100000,35.000000,0.220372,0.554232,0.814269,2.746028,-1,0,0,18489600.000000,5230,0.000000,19.999695,19.999695,100.000000,0,0.000000,7324.000000,0
medium,steady,BASELINE,28.000000,60,0.100000,37.500000,0.427037,0.903923,1.262375,2.149711,-1,1,1,24496000.000000,7091,2339.700000,0.000000,0.000000,0.000000,0,0.000000,0.000000,0
medium,steady,ADAPTIVE,28.000000,60,0.100000,37.500000,0.427037,0.903923,1.262375,2.149711,-1,1,1,24496000.000000,7091,2339.700000,0.000000,0.000000,0.000000,0,0.000000,0.000000,0
medium,steady,BASELINE,28.000000,60,0.010000,30.000000,0.071861,0.181107,0.267720,2.916501,-1,0,0,5961600.000000,1410,0.000000,0.000000,0.000000,0.000000,0,0.000000,0.000000,0
medium,steady,ADAPTIVE,28.000000,60,0.010000,30.000000,0.071861,0.181107,0.267720,2.916501,-1,0,0,5961600.000000,1410,0.000000,19.999695,19.999695,100.000000,0,0.000000,7200.000000,0
medium,steady,BASELINE,28.000000,60,0.010000,32.000000,0.175356,0.379930,0.520019,2.854730,-1,0,0,10670400.000000,2782,0.000000,0.000000,0.000000,0.000000,0,0.000000,0.000000,0
medium,steady,ADAPTIVE,28.000000,60,0.010000,32.000000,0.175356,0.379930,0.520019,2.854730,-1,0,0,10670400.000000,2782,0.000000,19.999695,19.999695,100.000000,0,0.000000,5964.000000,0
medium,steady,BASELINE,28.000000,60,0.010000,35.000000,0.328458,0.658973,0.910063,2.754483,-1,0,0,18249600.000000,5126,0.000000,0.000000,0.000000,0.000000,0,0.000000,0.000000,0
medium,steady,ADAPTIVE,28.000000,60,0.010000,35.000000,0.328458,0.658973,0.910063,2.754483,-1,0,0,18249600.000000,5126,0.000000,19.999695,19.999695,100.000000,0,0.000000,7248.000000,0
medium,steady,BASELINE,28.000000,60,0.010000,37.500000,0.441621,0.920329,1.275530,2.156628,-1,1,1,24422400.000000,7058,2423.700000,0.000000,0.000000,0.000000,0,0.000000,0.000000,0
medium,steady,ADAPTIVE,28.000000,60,0.010000,37.500000,0.441621,0.920329,1.275530,2.156628,-1,1,1,24422400.000000,7058,2423.700000,0.000000,0.000000,0.000000,0,0.000000,0.000000,0
medium,light_to_heavy,BASELINE,25.000000,5,0.100000,37.500000,0.027426,0.050327,0.102161,0.886958,1774,1,0,31305600.000000,9424,120.000000,0.000000,0.000000,0.000000,0,0.000000,0.000000,0
medium,light_to_heavy,ADAPTIVE,25.000000,5,0.100000,37.500000,0.027426,0.050327,0.102161,0.886958,1774,1,0,31305600.000000,9424,120.000000,19.999695,19.999695,100.000000,0,0.000000,6238.000000,0
medium,light_to_heavy,BASELINE,25.000000,5,0.010000,37.500000,0.002741,0.005434,0.011357,0.885507,1765,1,0,31246400.000000,9400,120.000000,0.000000,0.000000,0.000000,0,0.000000,0.000000,0
medium,light_to_heavy,ADAPTIVE,25.000000,5,0.010000,37.500000,0.002741,0.005434,0.011357,0.885507,1765,1,0,31246400.000000,9400,120.000000,19.999695,19.999695,100.000000,0,0.000000,7226.000000,0
medium,light_to_heavy,BASELINE,25.000000,15,0.100000,37.500000,0.114849,0.186507,0.361714,1.083792,-1,1,0,31400000.000000,9405,132.000000,0.000000,0.000000,0.000000,0,0.000000,0.000000,0
medium,light_to_heavy,ADAPTIVE,25.000000,15,0.100000,37.500000,0.114849,0.186507,0.361714,1.083792,-1,1,0,31400000.000000,9405,132.000000,0.000000,0.000000,0.000000,0,0.000000,0.000000,0
medium,light_to_heavy,BASELINE,25.000000,15,0.010000,37.500000,0.123526,0.198670,0.387298,1.088921,-1,1,0,31208000.000000,9322,133.400000,0.000000,0.000000,0.000000,0,0.000000,0.000000,0
medium,light_to_heavy,ADAPTIVE,25.000000,15,0.010000,37.500000,0.123526,0.198670,0.387298,1.088921,-1,1,0,31208000.000000,9322,133.400000,0.000000,0.000000,0.000000,0,0.000000,0.000000,0
medium,light_to_heavy,BASELINE,25.000000,30,0.100000,37.500000,0.140358,0.271511,0.470501,1.412605,-1,1,0,31832000.000000,9486,226.600000,0.000000,0.000000,0.000000,0,0.000000,0.000000,0
medium,light_to_heavy,ADAPTIVE,25.000000,30,0.100000,37.500000,0.140358,0.271511,0.470501,1.412605,-1,1,0,31832000.000000,9486,226.600000,0.000000,0.000000,20.000000,0,0.000000,0.000000,0
medium,light_to_heavy,BASELINE,25.000000,30,0.010000,37.500000,0.155348,0.287824,0.502310,1.412742,-1,1,0,31232000.000000,9236,226.600000,0.000000,0.000000,0.000000,0,0.000000,0.000000,0
medium,light_to_heavy,ADAPTIVE,25.000000,30,0.010000,37.500000,0.155348,0.287824,0.502310,1.412742,-1,1,0,31232000.000000,9236,226.600000,19.999695,19.999695,96.000000,0,0.000000,2154.000000,0
medium,light_to_heavy,BASELINE,25.000000,60,0.100000,37.500000,0.211693,0.495916,0.746509,2.081973,-1,1,1,32174400.000000,9246,1566.900000,0.000000,0.000000,0.000000,0,0.000000,0.000000,0
medium,light_to_heavy,ADAPTIVE,25.000000,60,0.100000,37.500000,0.211693,0.495916,0.746509,2.081973,-1,1,1,32174400.000000,9246,1566.900000,0.000000,0.000000,0.000000,0,0.000000,0.000000,0
medium,light_to_heavy,BASELINE,25.000000,60,0.010000,37.500000,0.172503,0.339837,0.705088,2.082114,-1,1,1,32443200.000000,9314,1589.700000,0.000000,0.000000,0.000000,0,0.000000,0.000000,0
medium,light_to_heavy,ADAPTIVE,25.000000,60,0.010000,37.500000,0.172503,0.339837,0.705088,2.082114,-1,1,1,32443200.000000,9314,1589.700000,0.000000,0.000000,0.000000,0,0.000000,0.000000,0
medium,heavy_to_light,BASELINE,25.000000,5,0.100000,37.500000,0.035572,0.063363,0.130041,0.886958,1774,1,0,31257600.000000,9404,120.000000,0.000000,0.000000,0.000000,0,0.000000,0.000000,0
medium,heavy_to_light,ADAPTIVE,25.000000,5,0.100000,37.500000,0.035572,0.063363,0.130041,0.886958,1774,1,0,31257600.000000,9404,120.000000,19.999695,19.999695,100.000000,0,0.000000,6238.000000,0
medium,heavy_to_light,BASELINE,25.000000,5,0.010000,37.500000,0.002939,0.006924,0.017954,0.885507,1765,1,0,31260800.000000,9406,120.000000,0.000000,0.000000,0.000000,0,0.000000,0.000000,0
medium,heavy_to_light,ADAPTIVE,25.000000,5,0.010000,37.500000,0.002939,0.006924,0.017954,0.885507,1765,1,0,31260800.000000,9406,120.000000,19.999695,19.999695,100.000000,0,0.000000,7226.000000,0
medium,heavy_to_light,BASELINE,25.000000,15,0.100000,37.500000,0.456358,0.865918,1.544960,1.083792,-1,1,0,31342400.000000,9382,2979.500000,0.000000,0.000000,0.000000,0,0.000000,0.000000,0
medium,heavy_to_light,ADAPTIVE,25.000000,15,0.100000,37.500000,0.456358,0.865918,1.544960,1.083792,-1,1,0,31342400.000000,9382,2979.500000,0.000000,0.000000,0.000000,0,0.000000,0.000000,0
medium,heavy_to_light,BASELINE,25.000000,15,0.010000,37.500000,0.458003,0.872955,1.541891,1.088921,-1,1,0,31323200.000000,9370,2982.400000,0.000000,0.000000,0.000000,0,0.000000,0.000000,0
medium,heavy_to_light,ADAPTIVE,25.000000,15,0.010000,37.500000,0.458003,0.872955,1.541891,1.088921,-1,1,0,31323200.000000,9370,2982.400000,0.000000,0.000000,0.000000,0,0.000000,0.000000,0
medium,heavy_to_light,BASELINE,25.000000,30,0.100000,37.500000,0.852689,1.919642,2.851731,1.992673,-1,1,1,31624000.000000,9082,2437.300000,0.000000,0.000000,0.000000,0,0.000000,0.000000,0
medium,heavy_to_light,ADAPTIVE,25.000000,30,0.100000,37.500000,0.852689,1.919642,2.851731,1.992673,-1,1,1,31624000.000000,9082,2437.300000,0.000000,0.000000,0.000000,0,0.000000,0.000000,0
medium,heavy_to_light,BASELINE,25.000000,30,0.010000,37.500000,0.828113,1.910662,2.828434,1.980053,-1,1,1,31873600.000000,9196,2380.200000,0.000000,0.000000,0.000000,0,0.000000,0.000000,0
medium,heavy_to_light,ADAPTIVE,25.000000,30,0.010000,37.500000,0.828113,1.910662,2.828434,1.980053,-1,1,1,31873600.000000,9196,2380.200000,0.000000,0.000000,0.000000,0,0.000000,0.000000,0
medium,heavy_to_light,BASELINE,25.000000,60,0.100000,37.500000,2.420809,5.588973,7.109505,5.869483,-1,1,1,33832000.000000,5724,4884.000000,0.000000,0.000000,0.000000,0,0.000000,0.000000,0
medium,heavy_to_light,ADAPTIVE,25.000000,60,0.100000,37.500000,2.420809,5.588973,7.109505,5.869483,-1,1,1,33832000.000000,5724,4884.000000,0.000000,0.000000,0.000000,0,0.000000,0.000000,0
medium,heavy_to_light,BASELINE,25.000000,60,0.010000,37.500000,2.419788,5.587124,7.113356,5.849959,-1,1,1,33843200.000000,5684,4905.800000,0.000000,0.000000,0.000000,0,0.000000,0.000000,0
medium,heavy_to_light,ADAPTIVE,25.000000,60,0.010000,37.500000,2.419788,5.587124,7.113356,5.849959,-1,1,1,33843200.000000,5684,4905.800000,0.000000,0.000000,0.000000,0,0.000000,0.000000,0
medium,loss_up,BASELINE,25.000000,5,0.100000,37.500000,0.027641,0.053289,0.108769,0.886958,5516,1,0,37329600.000000,11934,120.000000,0.000000,0.000000,0.000000,0,0.000000,0.000000,0
medium,loss_up,ADAPTIVE,25.000000,5,0.100000,37.500000,0.027641,0.053289,0.108769,0.886958,5516,1,0,37329600.000000,11934,120.000000,19.999695,19.999695,100.000000,0,0.000000,6238.000000,0
medium,loss_up,BASELINE,25.000000,5,0.010000,37.500000,0.003458,0.006115,0.012624,0.885507,1765,1,0,37342400.000000,11940,120.000000,0.000000,0.000000,0.000000,0,0.000000,0.000000,0
medium,loss_up,ADAPTIVE,25.000000,5,0.010000,37.500000,0.003458,0.006115,0.012624,0.885507,1765,1,0,37342400.000000,11940,120.000000,19.999695,19.999695,100.000000,0,0.000000,7226.000000,0
medium,loss_up,BASELINE,25.000000,15,0.100000,37.500000,0.254440,0.417275,0.812279,1.083792,-1,1,0,37257600.000000,11846,132.000000,0.000000,0.000000,0.000000,0,0.000000,0.000000,0
medium,loss_up,ADAPTIVE,25.000000,15,0.100000,37.500000,0.254440,0.417275,0.812279,1.083792,-1,1,0,37257600.000000,11846,132.000000,0.000000,0.000000,0.000000,0,0.000000,0.000000,0
medium,loss_up,BASELINE,25.000000,15,0.010000,37.500000,0.252663,0.427566,0.833965,1.088921,-1,1,0,37164800.000000,11804,133.400000,0.000000,0.000000,0.000000,0,0.000000,0.000000,0
medium,loss_up,ADAPTIVE,25.000000,15,0.010000,37.500000,0.252663,0.427566,0.833965,1.088921,-1,1,0,37164800.000000,11804,133.400000,0.000000,0.000000,0.000000,0,0.000000,0.000000,0
medium,loss_up,BASELINE,25.000000,30,0.100000,37.500000,0.373358,0.739351,1.260393,1.412605,-1,1,0,37776000.000000,11525,1426.600000,0.000000,0.000000,0.000000,0,0.000000,0.000000,0
medium,loss_up,ADAPTIVE,25.000000,30,0.100000,37.500000,0.373358,0.739351,1.260393,1.412605,-1,1,0,37776000.000000,11525,1426.600000,0.000000,0.000000,0.000000,0,0.000000,0.000000,0
medium,loss_up,BASELINE,25.000000,30,0.010000,37.500000,0.375756,0.739674,1.258012,1.412742,-1,1,0,37390400.000000,11384,1546.600000,0.000000,0.000000,0.000000,0,0.000000,0.000000,0
medium,loss_up,ADAPTIVE,25.000000,30,0.010000,37.500000,0.375756,0.739674,1.258012,1.412742,-1,1,0,37390400.000000,11384,1546.600000,0.000000,0.000000,0.000000,0,0.000000,0.000000,0
medium,loss_up,BASELINE,25.000000,60,0.100000,37.500000,0.595277,1.352156,2.146808,2.081973,-1,1,1,38974400.000000,8190,3352.100000,0.000000,0.000000,0.000000,0,0.000000,0.000000,0
medium,loss_up,ADAPTIVE,25.000000,60,0.100000,37.500000,0.595277,1.352156,2.146808,2.081973,-1,1,1,38974400.000000,8190,3352.100000,0.000000,0.000000,0.000000,0,0.000000,0.000000,0
medium,loss_up,BASELINE,25.000000,60,0.010000,37.500000,0.602351,1.379766,2.202243,2.082114,-1,1,1,39030400.000000,8038,3388.500000,0.000000,0.000000,0.000000,0,0.000000,0.000000,0
medium,loss_up,ADAPTIVE,25.000000,60,0.010000,37.500000,0.602351,1.379766,2.202243,2.082114,-1,1,1,39030400.000000,8038,3388.500000,0.000000,0.000000,0.000000,0,0.000000,0.000000,0
medium,loss_down,BASELINE,25.000000,5,0.100000,37.500000,0.029950,0.054850,0.111718,0.886958,1774,1,0,26371200.000000,7368,120.000000,0.000000,0.000000,0.000000,0,0.000000,0.000000,0
medium,loss_down,ADAPTIVE,25.000000,5,0.100000,37.500000,0.029950,0.054850,0.111718,0.886958,1774,1,0,26371200.000000,7368,120.000000,19.999695,19.999695,100.000000,0,0.000000,6238.000000,0
medium,loss_down,BASELINE,25.000000,5,0.010000,37.500000,0.004442,0.007918,0.016033,0.885507,1765,1,0,26384000.000000,7373,120.000000,0.000000,0.000000,0.000000,0,0.000000,0.000000,0
medium,loss_down,ADAPTIVE,25.000000,5,0.010000,37.500000,0.004442,0.007918,0.016033,0.885507,1765,1,0,26384000.000000,7373,120.000000,19.999695,19.999695,100.000000,0,0.000000,7226.000000,0
medium,loss_down,BASELINE,25.000000,15,0.100000,37.500000,0.097891,0.158320,0.308593,1.083792,-1,1,0,26438400.000000,7338,132.000000,0.000000,0.000000,0.000000,0,0.000000,0.000000,0
medium,loss_down,ADAPTIVE,25.000000,15,0.100000,37.500000,0.097891,0.158320,0.308593,1.083792,-1,1,0,26438400.000000,7338,132.000000,0.000000,0.000000,36.000000,0,0.000000,0.000000,0
medium,loss_down,BASELINE,25.000000,15,0.010000,37.500000,0.116030,0.182319,0.345329,1.088921,-1,1,0,26432000.000000,7332,133.400000,0.000000,0.000000,0.000000,0,0.000000,0.000000,0
medium,loss_down,ADAPTIVE,25.000000,15,0.010000,37.500000,0.116030,0.182319,0.345329,1.088921,-1,1,0,26432000.000000,7332,133.400000,0.000000,0.000000,0.000000,0,0.000000,0.000000,0
medium,loss_down,BASELINE,25.000000,30,0.100000,37.500000,0.131685,0.275514,0.455800,1.412605,-1,1,0,26604800.000000,7308,226.600000,0.000000,0.000000,0.000000,0,0.000000,0.000000,0
medium,loss_down,ADAPTIVE,25.000000,30,0.100000,37.500000,0.131685,0.275514,0.455800,1.412605,-1,1,0,26604800.000000,7308,226.600000,0.000000,0.000000,0.000000,0,0.000000,0.000000,0
medium,loss_down,BASELINE,25.000000,30,0.010000,37.500000,0.145226,0.302370,0.502808,1.412742,-1,1,0,26417600.000000,7230,226.600000,0.000000,0.000000,0.000000,0,0.000000,0.000000,0
medium,loss_down,ADAPTIVE,25.000000,30,0.010000,37.500000,0.145226,0.302370,0.502808,1.412742,-1,1,0,26417600.000000,7230,226.600000,19.999695,19.999695,100.000000,0,0.000000,2948.000000,0
medium,loss_down,BASELINE,25.000000,60,0.100000,37.500000,0.378907,0.786432,1.072891,2.081973,-1,1,1,26729600.000000,6977,2413.300000,0.000000,0.000000,0.000000,0,0.000000,0.000000,0
medium,loss_down,ADAPTIVE,25.000000,60,0.100000,37.500000,0.378907,0.786432,1.072891,2.081973,-1,1,1,26729600.000000,6977,2413.300000,0.000000,0.000000,0.000000,0,0.000000,0.000000,0
medium,loss_down,BASELINE,25.000000,60,0.010000,37.500000,0.289035,0.714655,1.030232,2.082114,-1,1,1,27081600.000000,7080,2429.700000,0.000000,0.000000,0.000000,0,0.000000,0.000000,0
medium,loss_down,ADAPTIVE,25.000000,60,0.010000,37.500000,0.289035,0.714655,1.030232,2.082114,-1,1,1,27081600.000000,7080,2429.700000,0.000000,0.000000,0.000000,0,0.000000,0.000000,0
medium,ambient_rise,BASELINE,25.000000,5,0.100000,37.500000,0.026221,0.052928,0.108044,0.886958,1774,1,0,28358400.000000,8196,120.000000,0.000000,0.000000,0.000000,0,0.000000,0.000000,0
medium,ambient_rise,ADAPTIVE,25.000000,5,0.100000,37.500000,0.026221,0.052928,0.108044,0.886958,1774,1,0,28358400.000000,8196,120.000000,19.999695,19.999695,100.000000,0,0.000000,6238.000000,0
medium,ambient_rise,BASELINE,25.000000,5,0.010000,37.500000,0.002722,0.005468,0.011602,0.885507,1765,1,0,28328000.000000,8184,120.000000,0.000000,0.000000,0.000000,0,0.000000,0.000000,0
medium,ambient_rise,ADAPTIVE,25.000000,5,0.010000,37.500000,0.002722,0.005468,0.011602,0.885507,1765,1,0,28328000.000000,8184,120.000000,19.999695,19.999695,100.000000,0,0.000000,7226.000000,0
medium,ambient_rise,BASELINE,25.000000,15,0.100000,37.500000,0.122423,0.203616,0.393512,1.083792,-1,1,0,28310400.000000,8118,132.000000,0.000000,0.000000,0.000000,0,0.000000,0.000000,0
medium,ambient_rise,ADAPTIVE,25.000000,15,0.100000,37.500000,0.122423,0.203616,0.393512,1.083792,-1,1,0,28310400.000000,8118,132.000000,0.000000,0.000000,0.000000,0,0.000000,0.000000,0
medium,ambient_rise,BASELINE,25.000000,15,0.010000,37.500000,0.139814,0.226923,0.432413,1.088921,-1,1,0,28294400.000000,8108,133.400000,0.000000,0.000000,0.000000,0,0.000000,0.000000,0
medium,ambient_rise,ADAPTIVE,25.000000,15,0.010000,37.500000,0.139814,0.226923,0.432413,1.088921,-1,1,0,28294400.000000,8108,133.400000,0.000000,0.000000,0.000000,0,0.000000,0.000000,0
medium,ambient_rise,BASELINE,25.000000,30,0.100000,37.500000,0.178039,0.341211,0.570000,1.412605,-1,1,0,28499200.000000,8097,226.600000,0.000000,0.000000,0.000000,0,0.000000,0.000000,0
medium,ambient_rise,ADAPTIVE,25.000000,30,0.100000,37.500000,0.178039,0.341211,0.570000,1.412605,-1,1,0,28499200.000000,8097,226.600000,0.000000,0.000000,0.000000,0,0.000000,0.000000,0
medium,ambient_rise,BASELINE,25.000000,30,0.010000,37.500000,0.171251,0.374124,0.623614,1.412742,-1,1,0,28332800.000000,8028,226.600000,0.000000,0.000000,0.000000,0,0.000000,0.000000,0
medium,ambient_rise,ADAPTIVE,25.000000,30,0.010000,37.500000,0.171251,0.374124,0.623614,1.412742,-1,1,0,28332800.000000,8028,226.600000,19.999695,19.999695,100.000000,0,0.000000,2958.000000,0
medium,ambient_rise,BASELINE,25.000000,60,0.100000,37.500000,0.321430,0.877330,1.257389,2.081973,-1,1,1,29289600.000000,8044,2612.700000,0.000000,0.000000,0.000000,0,0.000000,0.000000,0
medium,ambient_rise,ADAPTIVE,25.000000,60,0.100000,37.500000,0.321430,0.877330,1.257389,2.081973,-1,1,1,29289600.000000,8044,2612.700000,0.000000,0.000000,0.000000,0,0.000000,0.000000,0
medium,ambient_rise,BASELINE,25.000000,60,0.010000,37.500000,0.317096,0.827437,1.267822,2.082114,-1,1,1,29344000.000000,8024,2668.900000,0.000000,0.000000,0.000000,0,0.000000,0.000000,0
medium,ambient_rise,ADAPTIVE,25.000000,60,0.010000,37.500000,0.317096,0.827437,1.267822,2.082114,-1,1,1,29344000.000000,8024,2668.900000,0.000000,0.000000,0.000000,0,0.000000,0.000000,0
medium,door,BASELINE,25.000000,5,0.100000,37.500000,0.027166,0.052872,0.108041,0.886958,6760,1,0,32467200.000000,9129,240.000000,0.000000,0.000000,0.000000,0,0.000000,0.000000,0
medium,door,ADAPTIVE,25.000000,5,0.100000,37.500000,0.027636,0.054397,0.111066,0.886958,6775,1,0,32448000.000000,9316,240.000000,7093.542480,19.999695,100.000000,0,0.000000,1832.000000,0
medium,door,BASELINE,25.000000,5,0.010000,37.500000,0.010723,0.018159,0.035815,0.886050,6755,1,0,32457600.000000,9134,240.000000,0.000000,0.000000,0.000000,0,0.000000,0.000000,0
medium,door,ADAPTIVE,25.000000,5,0.010000,37.500000,0.010926,0.018236,0.036482,0.885507,6781,1,0,32449600.000000,9454,240.000000,11717.413330,19.999695,100.000000,0,0.000000,4038.000000,0
medium,door,BASELINE,25.000000,15,0.100000,37.500000,0.163901,0.268826,0.531529,1.086662,-1,1,0,32625600.000000,9134,264.800000,0.000000,0.000000,0.000000,0,0.000000,0.000000,0
medium,door,ADAPTIVE,25.000000,15,0.100000,37.500000,0.163901,0.268826,0.531529,1.086662,-1,1,0,32625600.000000,9134,264.800000,0.000000,0.000000,0.000000,0,0.000000,0.000000,0
medium,door,BASELINE,25.000000,15,0.010000,37.500000,0.178859,0.293404,0.568012,1.088921,-1,1,0,32585600.000000,9096,266.200000,0.000000,0.000000,0.000000,0,0.000000,0.000000,0
medium,door,ADAPTIVE,25.000000,15,0.010000,37.500000,0.178859,0.293404,0.568012,1.088921,-1,1,0,32585600.000000,9096,266.200000,0.000000,0.000000,0.000000,0,0.000000,0.000000,0
medium,door,BASELINE,25.000000,30,0.100000,37.500000,0.236620,0.469597,0.780284,1.412605,-1,1,0,32531200.000000,8754,452.200000,0.000000,0.000000,0.000000,0,0.000000,0.000000,0
medium,door,ADAPTIVE,25.000000,30,0.100000,37.500000,0.236620,0.469597,0.780284,1.412605,-1,1,0,32531200.000000,8754,452.200000,0.000000,0.000000,0.000000,0,0.000000,0.000000,0
medium,door,BASELINE,25.000000,30,0.010000,37.500000,0.286208,0.501384,0.821877,1.413983,-1,1,0,32707200.000000,8872,453.500000,0.000000,0.000000,0.000000,0,0.000000,0.000000,0
medium,door,ADAPTIVE,25.000000,30,0.010000,37.500000,0.286208,0.501384,0.821877,1.413983,-1,1,0,32707200.000000,8872,453.500000,0.000000,0.000000,0.000000,0,0.000000,0.000000,0
medium,door,BASELINE,25.000000,60,0.100000,37.500000,0.441428,1.143780,1.628176,2.083015,-1,1,1,33520000.000000,8366,3246.900000,0.000000,0.000000,0.000000,0,0.000000,0.000000,0
medium,door,ADAPTIVE,25.000000,60,0.100000,37.500000,0.441428,1.143780,1.628176,2.083015,-1,1,1,33520000.000000,8366,3246.900000,0.000000,0.000000,0.000000,0,0.000000,0.000000,0
medium,door,BASELINE,25.000000,60,0.010000,37.500000,0.442045,1.153690,1.634869,2.082114,-1,1,1,33547200.000000,8294,3292.000000,0.000000,0.000000,0.000000,0,0.000000,0.000000,0
medium,door,ADAPTIVE,25.000000,60,0.010000,37.500000,0.442045,1.153690,1.634869,2.082114,-1,1,1,33547200.000000,8294,3292.000000,0.000000,0.000000,0.000000,0,0.000000,0.000000,0
medium,self_heating,BASELINE,25.000000,5,0.100000,37.500000,0.006413,0.009812,0.008929,0.886958,1774,1,0,21792000.000000,5460,120.000000,0.000000,0.000000,0.000000,0,0.000000,0.000000,0
medium,self_heating,ADAPTIVE,25.000000,5,0.100000,37.500000,0.006413,0.009812,0.008929,0.886958,1774,1,0,21792000.000000,5460,120.000000,19.999695,19.999695,100.000000,0,0.000000,5384.000000,0
medium,self_heating,BASELINE,25.000000,5,0.010000,37.500000,0.005471,0.009709,0.021168,0.885507,1765,1,0,21785600.000000,5458,120.000000,0.000000,0.000000,0.000000,0,0.000000,0.000000,0
medium,self_heating,ADAPTIVE,25.000000,5,0.010000,37.500000,0.005471,0.009709,0.021168,0.885507,1765,1,0,21785600.000000,5458,120.000000,19.999695,19.999695,100.000000,0,0.000000,6250.000000,0
medium,self_heating,BASELINE,25.000000,15,0.100000,37.500000,0.010468,0.015851,0.014273,1.083792,8467,1,0,21792000.000000,5402,132.000000,0.000000,0.000000,0.000000,0,0.000000,0.000000,0
medium,self_heating,ADAPTIVE,25.000000,15,0.100000,37.500000,0.010468,0.015851,0.014273,1.083792,8467,1,0,21792000.000000,5402,132.000000,19.999695,19.999695,100.000000,0,0.000000,1536.000000,0
medium,self_heating,BASELINE,25.000000,15,0.010000,37.500000,0.020798,0.034140,0.067373,1.088921,8321,1,0,21785600.000000,5396,133.400000,0.000000,0.000000,0.000000,0,0.000000,0.000000,0
medium,self_heating,ADAPTIVE,25.000000,15,0.010000,37.500000,0.020798,0.034140,0.067373,1.088921,8321,1,0,21785600.000000,5396,133.400000,19.999695,19.999695,100.000000,0,0.000000,2032.000000,0
medium,self_heating,BASELINE,25.000000,30,0.100000,37.500000,0.016862,0.021774,0.012964,1.412605,8332,1,0,21828800.000000,5318,226.600000,0.000000,0.000000,0.000000,0,0.000000,0.000000,0
medium,self_heating,ADAPTIVE,25.000000,30,0.100000,37.500000,0.016862,0.021774,0.012964,1.412605,8332,1,0,21828800.000000,5318,226.600000,19.999695,19.999695,100.000000,0,0.000000,1658.000000,0
medium,self_heating,BASELINE,25.000000,30,0.010000,37.500000,0.028150,0.056842,0.097605,1.412742,8786,1,0,21894400.000000,5345,226.600000,0.000000,0.000000,0.000000,0,0.000000,0.000000,0
medium,self_heating,ADAPTIVE,25.000000,30,0.010000,37.500000,0.028150,0.056842,0.097605,1.412742,8786,1,0,21894400.000000,5345,226.600000,19.999695,19.999695,100.000000,0,0.000000,4094.000000,0
medium,self_heating,BASELINE,25.000000,60,0.100000,37.500000,0.019290,0.023934,0.012307,2.081973,8590,1,1,22064000.000000,5156,1437.500000,0.000000,0.000000,0.000000,0,0.000000,0.000000,0
medium,self_heating,ADAPTIVE,25.000000,60,0.100000,37.500000,0.019290,0.023934,0.012307,2.081973,8590,1,1,22064000.000000,5156,1437.500000,19.999695,19.999695,100.000000,0,0.000000,1338.000000,0
medium,self_heating,BASELINE,25.000000,60,0.010000,37.500000,0.069077,0.137939,0.190461,2.082114,9026,1,1,22131200.000000,5168,1467.800000,0.000000,0.000000,0.000000,0,0.000000,0.000000,0
medium,self_heating,ADAPTIVE,25.000000,60,0.010000,37.500000,0.069077,0.137939,0.190461,2.082114,9026,1,1,22131200.000000,5168,1467.800000,19.999695,19.999695,100.000000,0,0.000000,918.000000,0
medium,sensor_loss,BASELINE,25.000000,5,0.100000,37.500000,0.028115,0.052972,0.108469,0.886958,6374,1,0,31257600.000000,9404,240.000000,0.000000,0.000000,0.000000,0,0.000000,0.000000,0
medium,sensor_loss,ADAPTIVE,25.000000,5,0.100000,37.500000,0.028115,0.052972,0.108469,0.886958,6374,1,0,31257600.000000,9404,240.000000,16001.367188,19.999695,100.000000,0,0.000000,2156.000000,0
medium,sensor_loss,BASELINE,25.000000,5,0.010000,37.500000,0.008473,0.014202,0.028846,0.885507,6368,1,0,31256000.000000,9404,240.000000,0.000000,0.000000,0.000000,0,0.000000,0.000000,0
medium,sensor_loss,ADAPTIVE,25.000000,5,0.010000,37.500000,0.008473,0.014202,0.028846,0.885507,6368,1,0,31256000.000000,9404,240.000000,21600.000000,19.999695,100.000000,0,0.000000,4364.000000,0
medium,sensor_loss,BASELINE,25.000000,15,0.100000,37.500000,0.175127,0.269638,0.531477,1.083792,-1,1,0,31286400.000000,9358,252.000000,0.000000,0.000000,0.000000,0,0.000000,0.000000,0
medium,sensor_loss,ADAPTIVE,25.000000,15,0.100000,37.500000,0.175127,0.269638,0.531477,1.083792,-1,1,0,31286400.000000,9358,252.000000,0.000000,0.000000,0.000000,0,0.000000,0.000000,0
medium,sensor_loss,BASELINE,25.000000,15,0.010000,37.500000,0.184369,0.292119,0.566584,1.088921,-1,1,0,31270400.000000,9348,253.400000,0.000000,0.000000,0.000000,0,0.000000,0.000000,0
medium,sensor_loss,ADAPTIVE,25.000000,15,0.010000,37.500000,0.184369,0.292119,0.566584,1.088921,-1,1,0,31270400.000000,9348,253.400000,0.000000,0.000000,0.000000,0,0.000000,0.000000,0
medium,sensor_loss,BASELINE,25.000000,30,0.100000,37.500000,0.225399,0.472174,0.784155,1.412605,-1,1,0,31244800.000000,9242,346.600000,0.000000,0.000000,0.000000,0,0.000000,0.000000,0
medium,sensor_loss,ADAPTIVE,25.000000,30,0.100000,37.500000,0.225399,0.472174,0.784155,1.412605,-1,1,0,31244800.000000,9242,346.600000,0.000000,0.000000,0.000000,0,0.000000,0.000000,0
medium,sensor_loss,BASELINE,25.000000,30,0.010000,37.500000,0.229796,0.489295,0.817766,1.412742,-1,1,0,31280000.000000,9256,346.600000,0.000000,0.000000,0.000000,0,0.000000,0.000000,0
medium,sensor_loss,ADAPTIVE,25.000000,30,0.010000,37.500000,0.229796,0.489295,0.817766,1.412742,-1,1,0,31280000.000000,9256,346.600000,0.000000,0.000000,0.000000,0,0.000000,0.000000,0
medium,sensor_loss,BASELINE,25.000000,60,0.100000,37.500000,0.499288,1.134116,1.617011,2.081973,-1,1,1,32073600.000000,8864,3271.800000,0.000000,0.000000,0.000000,0,0.000000,0.000000,0
medium,sensor_loss,ADAPTIVE,25.000000,60,0.100000,37.500000,0.499288,1.134116,1.617011,2.081973,-1,1,1,32073600.000000,8864,3271.800000,0.000000,0.000000,0.000000,0,0.000000,0.000000,0
medium,sensor_loss,BASELINE,25.000000,60,0.010000,37.500000,0.507647,1.151750,1.633110,2.082114,-1,1,1,32084800.000000,8796,3314.300000,0.000000,0.000000,0.000000,0,0.000000,0.000000,0
medium,sensor_loss,ADAPTIVE,25.000000,60,0.010000,37.500000,0.507647,1.151750,1.633110,2.082114,-1,1,1,32084800.000000,8796,3314.300000,0.000000,0.000000,0.000000,0,0.000000,0.000000,0
medium,bad_sample,BASELINE,25.000000,5,0.100000,37.500000,0.028115,0.052972,0.108469,0.886958,6374,1,0,31257600.000000,9404,120.000000,0.000000,0.000000,0.000000,0,0.000000,0.000000,0
medium,bad_sample,ADAPTIVE,25.000000,5,0.100000,37.500000,0.028115,0.052972,0.108469,0.886958,6374,1,0,31257600.000000,9404,120.000000,16001.367188,19.999695,100.000000,0,0.000000,2154.000000,0
medium,bad_sample,BASELINE,25.000000,5,0.010000,37.500000,0.008049,0.013527,0.026928,0.885507,6185,1,0,31256000.000000,9404,120.000000,0.000000,0.000000,0.000000,0,0.000000,0.000000,0
medium,bad_sample,ADAPTIVE,25.000000,5,0.010000,37.500000,0.008049,0.013527,0.026928,0.885507,6185,1,0,31256000.000000,9404,120.000000,21600.000000,19.999695,100.000000,0,0.000000,4362.000000,0
medium,bad_sample,BASELINE,25.000000,15,0.100000,37.500000,0.175127,0.269638,0.531477,1.083792,-1,1,0,31286400.000000,9358,132.000000,0.000000,0.000000,0.000000,0,0.000000,0.000000,0
medium,bad_sample,ADAPTIVE,25.000000,15,0.100000,37.500000,0.175127,0.269638,0.531477,1.083792,-1,1,0,31286400.000000,9358,132.000000,0.000000,0.000000,0.000000,0,0.000000,0.000000,0
medium,bad_sample,BASELINE,25.000000,15,0.010000,37.500000,0.184369,0.292119,0.566584,1.088921,-1,1,0,31270400.000000,9348,133.400000,0.000000,0.000000,0.000000,0,0.000000,0.000000,0
medium,bad_sample,ADAPTIVE,25.000000,15,0.010000,37.500000,0.184369,0.292119,0.566584,1.088921,-1,1,0,31270400.000000,9348,133.400000,0.000000,0.000000,0.000000,0,0.000000,0.000000,0
medium,bad_sample,BASELINE,25.000000,30,0.100000,37.500000,0.239269,0.467745,0.779591,1.412605,-1,1,0,31312000.000000,9269,226.600000,0.000000,0.000000,0.000000,0,0.000000,0.000000,0
medium,bad_sample,ADAPTIVE,25.000000,30,0.100000,37.500000,0.239269,0.467745,0.779591,1.412605,-1,1,0,31312000.000000,9269,226.600000,0.000000,0.000000,0.000000,0,0.000000,0.000000,0
medium,bad_sample,BASELINE,25.000000,30,0.010000,37.500000,0.226720,0.492598,0.821548,1.412742,-1,1,0,31256000.000000,9246,226.600000,0.000000,0.000000,0.000000,0,0.000000,0.000000,0
medium,bad_sample,ADAPTIVE,25.000000,30,0.010000,37.500000,0.226720,0.492598,0.821548,1.412742,-1,1,0,31256000.000000,9246,226.600000,0.000000,0.000000,0.000000,0,0.000000,0.000000,0
medium,bad_sample,BASELINE,25.000000,60,0.100000,37.500000,0.515881,1.134090,1.617013,2.081973,-1,1,1,32006400.000000,8890,3128.500000,0.000000,0.000000,0.000000,0,0.000000,0.000000,0
medium,bad_sample,ADAPTIVE,25.000000,60,0.100000,37.500000,0.515881,1.134090,1.617013,2.081973,-1,1,1,32006400.000000,8890,3128.500000,0.000000,0.000000,0.000000,0,0.000000,0.000000,0
medium,bad_sample,BASELINE,25.000000,60,0.010000,37.500000,0.521303,1.151998,1.633133,2.082114,-1,1,1,32030400.000000,8814,3174.600000,0.000000,0.000000,0.000000,0,0.000000,0.000000,0
medium,bad_sample,ADAPTIVE,25.000000,60,0.010000,37.500000,0.521303,1.151998,1.633133,2.082114,-1,1,1,32030400.000000,8814,3174.600000,0.000000,0.000000,0.000000,0,0.000000,0.000000,0
medium,safety_cut,BASELINE,25.000000,5,0.100000,37.500000,0.028596,0.053348,0.109178,0.886958,6579,1,0,31281600.000000,9414,120.000000,0.000000,0.000000,0.000000,0,0.000000,0.000000,0
medium,safety_cut,ADAPTIVE,25.000000,5,0.100000,37.500000,0.028596,0.053348,0.109178,0.886958,6579,1,0,31281600.000000,9414,120.000000,16001.367188,19.999695,100.000000,0,0.000000,1974.000000,0
medium,safety_cut,BASELINE,25.000000,5,0.010000,37.500000,0.010280,0.017373,0.036248,0.885507,6596,1,0,31260800.000000,9405,120.000000,0.000000,0.000000,0.000000,0,0.000000,0.000000,0
medium,safety_cut,ADAPTIVE,25.000000,5,0.010000,37.500000,0.010280,0.017373,0.036248,0.885507,6596,1,0,31260800.000000,9405,120.000000,21600.000000,19.999695,100.000000,0,0.000000,4060.000000,0
medium,safety_cut,BASELINE,25.000000,15,0.100000,37.500000,0.175124,0.269647,0.531477,1.083792,-1,1,0,31286400.000000,9358,132.000000,0.000000,0.000000,0.000000,0,0.000000,0.000000,0
medium,safety_cut,ADAPTIVE,25.000000,15,0.100000,37.500000,0.175124,0.269647,0.531477,1.083792,-1,1,0,31286400.000000,9358,132.000000,0.000000,0.000000,0.000000,0,0.000000,0.000000,0
medium,safety_cut,BASELINE,25.000000,15,0.010000,37.500000,0.184368,0.292121,0.566584,1.088921,-1,1,0,31270400.000000,9348,133.400000,0.000000,0.000000,0.000000,0,0.000000,0.000000,0
medium,safety_cut,ADAPTIVE,25.000000,15,0.010000,37.500000,0.184368,0.292121,0.566584,1.088921,-1,1,0,31270400.000000,9348,133.400000,0.000000,0.000000,0.000000,0,0.000000,0.000000,0
medium,safety_cut,BASELINE,25.000000,30,0.100000,37.500000,0.218970,0.469570,0.780285,1.412605,-1,1,0,31264000.000000,9242,346.600000,0.000000,0.000000,0.000000,0,0.000000,0.000000,0
medium,safety_cut,ADAPTIVE,25.000000,30,0.100000,37.500000,0.218970,0.469570,0.780285,1.412605,-1,1,0,31264000.000000,9242,346.600000,0.000000,0.000000,0.000000,0,0.000000,0.000000,0
medium,safety_cut,BASELINE,25.000000,30,0.010000,37.500000,0.264755,0.493230,0.818981,1.412742,-1,1,0,31404800.000000,9308,346.600000,0.000000,0.000000,0.000000,0,0.000000,0.000000,0
medium,safety_cut,ADAPTIVE,25.000000,30,0.010000,37.500000,0.264755,0.493230,0.818981,1.412742,-1,1,0,31404800.000000,9308,346.600000,0.000000,0.000000,0.000000,0,0.000000,0.000000,0
medium,safety_cut,BASELINE,25.000000,60,0.100000,37.500000,0.462878,1.138341,1.621341,2.081973,-1,1,1,32227200.000000,8780,3161.400000,0.000000,0.000000,0.000000,0,0.000000,0.000000,0
medium,safety_cut,ADAPTIVE,25.000000,60,0.100000,37.500000,0.462878,1.138341,1.621341,2.081973,-1,1,1,32227200.000000,8780,3161.400000,0.000000,0.000000,0.000000,0,0.000000,0.000000,0
medium,safety_cut,BASELINE,25.000000,60,0.010000,37.500000,0.468030,1.152474,1.634282,2.082114,-1,1,1,32241600.000000,8714,3205.700000,0.000000,0.000000,0.000000,0,0.000000,0.000000,0
medium,safety_cut,ADAPTIVE,25.000000,60,0.010000,37.500000,0.468030,1.152474,1.634282,2.082114,-1,1,1,32241600.000000,8714,3205.700000,0.000000,0.000000,0.000000,0,0.000000,0.000000,0
medium,scheduled_vent,BASELINE,25.000000,5,0.100000,37.500000,0.028202,0.052868,0.107876,0.886958,1774,1,0,31257600.000000,9404,240.000000,0.000000,0.000000,0.000000,0,0.000000,0.000000,0
medium,scheduled_vent,ADAPTIVE,25.000000,5,0.100000,37.500000,0.028202,0.052868,0.107876,0.886958,1774,1,0,31257600.000000,9404,240.000000,19.999695,19.999695,100.000000,0,0.000000,5328.000000,0
medium,scheduled_vent,BASELINE,25.000000,5,0.010000,37.500000,0.002869,0.005209,0.011079,0.885507,1765,1,0,31256000.000000,9404,240.000000,0.000000,0.000000,0.000000,0,0.000000,0.000000,0
medium,scheduled_vent,ADAPTIVE,25.000000,5,0.010000,37.500000,0.002869,0.005209,0.011079,0.885507,1765,1,0,31256000.000000,9404,240.000000,19.999695,19.999695,100.000000,0,0.000000,6316.000000,0
medium,scheduled_vent,BASELINE,25.000000,15,0.100000,37.500000,0.163578,0.279126,0.540620,1.083792,-1,1,0,31128000.000000,9292,252.000000,0.000000,0.000000,0.000000,0,0.000000,0.000000,0
medium,scheduled_vent,ADAPTIVE,25.000000,15,0.100000,37.500000,0.163578,0.279126,0.540620,1.083792,-1,1,0,31128000.000000,9292,252.000000,0.000000,0.000000,0.000000,0,0.000000,0.000000,0
medium,scheduled_vent,BASELINE,25.000000,15,0.010000,37.500000,0.172856,0.296121,0.566152,1.088921,-1,1,0,31136000.000000,9292,253.400000,0.000000,0.000000,0.000000,0,0.000000,0.000000,0
medium,scheduled_vent,ADAPTIVE,25.000000,15,0.010000,37.500000,0.172856,0.296121,0.566152,1.088921,-1,1,0,31136000.000000,9292,253.400000,0.000000,0.000000,0.000000,0,0.000000,0.000000,0
medium,scheduled_vent,BASELINE,25.000000,30,0.100000,37.500000,0.238713,0.469550,0.780287,1.412605,-1,1,0,31505600.000000,9350,346.600000,0.000000,0.000000,0.000000,0,0.000000,0.000000,0
medium,scheduled_vent,ADAPTIVE,25.000000,30,0.100000,37.500000,0.238713,0.469550,0.780287,1.412605,-1,1,0,31505600.000000,9350,346.600000,0.000000,0.000000,0.000000,0,0.000000,0.000000,0
medium,scheduled_vent,BASELINE,25.000000,30,0.010000,37.500000,0.224826,0.491913,0.820124,1.412742,-1,1,0,31241600.000000,9240,346.600000,0.000000,0.000000,0.000000,0,0.000000,0.000000,0
medium,scheduled_vent,ADAPTIVE,25.000000,30,0.010000,37.500000,0.224826,0.491913,0.820124,1.412742,-1,1,0,31241600.000000,9240,346.600000,0.000000,0.000000,0.000000,0,0.000000,0.000000,0
medium,scheduled_vent,BASELINE,25.000000,60,0.100000,37.500000,0.528438,1.135073,1.618322,2.081973,-1,1,1,31958400.000000,8910,3226.700000,0.000000,0.000000,0.000000,0,0.000000,0.000000,0
medium,scheduled_vent,ADAPTIVE,25.000000,60,0.100000,37.500000,0.528438,1.135073,1.618322,2.081973,-1,1,1,31958400.000000,8910,3226.700000,0.000000,0.000000,0.000000,0,0.000000,0.000000,0
medium,scheduled_vent,BASELINE,25.000000,60,0.010000,37.500000,0.529032,1.151874,1.633031,2.082114,-1,1,1,32000000.000000,8826,3283.400000,0.000000,0.000000,0.000000,0,0.000000,0.000000,0
medium,scheduled_vent,ADAPTIVE,25.000000,60,0.010000,37.500000,0.529032,1.151874,1.633031,2.082114,-1,1,1,32000000.000000,8826,3283.400000,0.000000,0.000000,0.000000,0,0.000000,0.000000,0
medium,setpoint,BASELINE,25.000000,5,0.100000,37.500000,0.027524,0.053562,0.109211,1.986910,6522,1,0,28185600.000000,8124,120.000000,0.000000,0.000000,0.000000,0,0.000000,0.000000,0
medium,setpoint,ADAPTIVE,25.000000,5,0.100000,37.500000,0.027524,0.053562,0.109211,1.986910,6522,1,0,28185600.000000,8124,120.000000,16001.367188,19.999695,100.000000,0,0.000000,2034.000000,0
medium,setpoint,BASELINE,25.000000,5,0.010000,37.500000,0.010346,0.017278,0.034433,2.014774,6539,1,0,28203200.000000,8132,120.000000,0.000000,0.000000,0.000000,0,0.000000,0.000000,0
medium,setpoint,ADAPTIVE,25.000000,5,0.010000,37.500000,0.010346,0.017278,0.034433,2.014774,6539,1,0,28203200.000000,8132,120.000000,21600.000000,19.999695,100.000000,0,0.000000,4120.000000,0
medium,setpoint,BASELINE,25.000000,15,0.100000,37.500000,0.142090,0.230110,0.437645,2.199807,-1,1,0,28176000.000000,8062,132.000000,0.000000,0.000000,0.000000,0,0.000000,0.000000,0
medium,setpoint,ADAPTIVE,25.000000,15,0.100000,37.500000,0.142090,0.230110,0.437645,2.199807,-1,1,0,28176000.000000,8062,132.000000,0.000000,0.000000,0.000000,0,0.000000,0.000000,0
medium,setpoint,BASELINE,25.000000,15,0.010000,37.500000,0.150268,0.250145,0.476120,2.155130,-1,1,0,28155200.000000,8050,133.400000,0.000000,0.000000,0.000000,0,0.000000,0.000000,0
medium,setpoint,ADAPTIVE,25.000000,15,0.010000,37.500000,0.150268,0.250145,0.476120,2.155130,-1,1,0,28155200.000000,8050,133.400000,0.000000,0.000000,0.000000,0,0.000000,0.000000,0
medium,setpoint,BASELINE,25.000000,30,0.100000,37.500000,0.178913,0.376265,0.634740,1.734777,-1,1,0,28192000.000000,7970,226.600000,0.000000,0.000000,0.000000,0,0.000000,0.000000,0
medium,setpoint,ADAPTIVE,25.000000,30,0.100000,37.500000,0.178913,0.376265,0.634740,1.734777,-1,1,0,28192000.000000,7970,226.600000,0.000000,0.000000,0.000000,0,0.000000,0.000000,0
medium,setpoint,BASELINE,25.000000,30,0.010000,37.500000,0.229635,0.421073,0.692264,1.943211,-1,1,0,28347200.000000,8034,226.600000,0.000000,0.000000,0.000000,0,0.000000,0.000000,0
medium,setpoint,ADAPTIVE,25.000000,30,0.010000,37.500000,0.229635,0.421073,0.692264,1.943211,-1,1,0,28347200.000000,8034,226.600000,19.999695,19.999695,100.000000,0,0.000000,2378.000000,0
medium,setpoint,BASELINE,25.000000,60,0.100000,37.500000,0.417308,0.905300,1.261556,2.081973,-1,1,1,28520000.000000,7723,1566.900000,0.000000,0.000000,0.000000,0,0.000000,0.000000,0
medium,setpoint,ADAPTIVE,25.000000,60,0.100000,37.500000,0.417308,0.905300,1.261556,2.081973,-1,1,1,28520000.000000,7723,1566.900000,19.999695,19.999695,84.000000,0,0.000000,1574.000000,0
medium,setpoint,BASELINE,25.000000,60,0.010000,37.500000,0.464255,0.983069,1.358907,2.082114,-1,1,1,28852800.000000,7818,1589.700000,0.000000,0.000000,0.000000,0,0.000000,0.000000,0
medium,setpoint,ADAPTIVE,25.000000,60,0.010000,37.500000,0.464255,0.983069,1.358907,2.082114,-1,1,1,28852800.000000,7818,1589.700000,19.999695,19.999695,62.000000,0,0.000000,1184.000000,0
medium,power_recovery,BASELINE,25.000000,5,0.100000,37.500000,0.027575,0.052587,0.107502,0.886958,6727,1,0,31233600.000000,9392,120.000000,0.000000,0.000000,0.000000,0,0.000000,0.000000,0
medium,power_recovery,ADAPTIVE,25.000000,5,0.100000,37.500000,0.027575,0.052587,0.107502,0.886958,6727,1,0,31233600.000000,9392,120.000000,16001.367188,19.999695,100.000000,0,0.000000,1910.000000,0
medium,power_recovery,BASELINE,25.000000,5,0.010000,37.500000,0.011543,0.019516,0.038012,0.885507,6738,1,0,31246400.000000,9400,120.000000,0.000000,0.000000,0.000000,0,0.000000,0.000000,0
medium,power_recovery,ADAPTIVE,25.000000,5,0.010000,37.500000,0.011543,0.019516,0.038012,0.885507,6738,1,0,31246400.000000,9400,120.000000,21600.000000,19.999695,100.000000,0,0.000000,3888.000000,0
medium,power_recovery,BASELINE,25.000000,15,0.100000,37.500000,0.164205,0.272763,0.533399,1.083792,-1,1,0,31152000.000000,9302,132.000000,0.000000,0.000000,0.000000,0,0.000000,0.000000,0
medium,power_recovery,ADAPTIVE,25.000000,15,0.100000,37.500000,0.164205,0.272763,0.533399,1.083792,-1,1,0,31152000.000000,9302,132.000000,0.000000,0.000000,0.000000,0,0.000000,0.000000,0
medium,power_recovery,BASELINE,25.000000,15,0.010000,37.500000,0.170628,0.293447,0.568009,1.088921,-1,1,0,31121600.000000,9286,133.400000,0.000000,0.000000,0.000000,0,0.000000,0.000000,0
medium,power_recovery,ADAPTIVE,25.000000,15,0.010000,37.500000,0.170628,0.293447,0.568009,1.088921,-1,1,0,31121600.000000,9286,133.400000,0.000000,0.000000,0.000000,0,0.000000,0.000000,0
medium,power_recovery,BASELINE,25.000000,30,0.100000,37.500000,0.267926,0.482132,0.789971,1.412605,-1,1,0,31614400.000000,9030,401.800000,0.000000,0.000000,0.000000,0,0.000000,0.000000,0
medium,power_recovery,ADAPTIVE,25.000000,30,0.100000,37.500000,0.267926,0.482132,0.789971,1.412605,-1,1,0,31614400.000000,9030,401.800000,0.000000,0.000000,0.000000,0,0.000000,0.000000,0
medium,power_recovery,BASELINE,25.000000,30,0.010000,37.500000,0.241499,0.492858,0.820649,1.412742,-1,1,0,31718400.000000,9174,381.200000,0.000000,0.000000,0.000000,0,0.000000,0.000000,0
medium,power_recovery,ADAPTIVE,25.000000,30,0.010000,37.500000,0.241499,0.492858,0.820649,1.412742,-1,1,0,31718400.000000,9174,381.200000,0.000000,0.000000,0.000000,0,0.000000,0.000000,0
medium,power_recovery,BASELINE,25.000000,60,0.100000,37.500000,0.476170,1.135052,1.618067,2.081973,-1,1,1,32347200.000000,8348,3136.700000,0.000000,0.000000,0.000000,0,0.000000,0.000000,0
medium,power_recovery,ADAPTIVE,25.000000,60,0.100000,37.500000,0.476170,1.135052,1.618067,2.081973,-1,1,1,32347200.000000,8348,3136.700000,0.000000,0.000000,0.000000,0,0.000000,0.000000,0
medium,power_recovery,BASELINE,25.000000,60,0.010000,37.500000,0.480688,1.152029,1.633644,2.086393,-1,1,1,32369600.000000,8274,3181.600000,0.000000,0.000000,0.000000,0,0.000000,0.000000,0
medium,power_recovery,ADAPTIVE,25.000000,60,0.010000,37.500000,0.480688,1.152029,1.633644,2.086393,-1,1,1,32369600.000000,8274,3181.600000,0.000000,0.000000,0.000000,0,0.000000,0.000000,0
medium,test_mode,BASELINE,25.000000,5,0.100000,37.500000,0.026540,0.054335,0.110678,0.886958,6583,1,0,31243200.000000,9398,120.000000,0.000000,0.000000,0.000000,0,0.000000,0.000000,0
medium,test_mode,ADAPTIVE,25.000000,5,0.100000,37.500000,0.026540,0.054335,0.110678,0.886958,6583,1,0,31243200.000000,9398,120.000000,16001.367188,19.999695,100.000000,0,0.000000,1850.000000,0
medium,test_mode,BASELINE,25.000000,5,0.010000,37.500000,0.010094,0.016940,0.034643,0.885507,6600,1,0,31257600.000000,9405,120.000000,0.000000,0.000000,0.000000,0,0.000000,0.000000,0
medium,test_mode,ADAPTIVE,25.000000,5,0.010000,37.500000,0.010094,0.016940,0.034643,0.885507,6600,1,0,31257600.000000,9405,120.000000,21600.000000,19.999695,100.000000,0,0.000000,4180.000000,0
medium,test_mode,BASELINE,25.000000,15,0.100000,37.500000,0.175124,0.269647,0.531477,1.083792,-1,1,0,31286400.000000,9358,132.000000,0.000000,0.000000,0.000000,0,0.000000,0.000000,0
medium,test_mode,ADAPTIVE,25.000000,15,0.100000,37.500000,0.175124,0.269647,0.531477,1.083792,-1,1,0,31286400.000000,9358,132.000000,0.000000,0.000000,0.000000,0,0.000000,0.000000,0
medium,test_mode,BASELINE,25.000000,15,0.010000,37.500000,0.184368,0.292121,0.566584,1.088921,-1,1,0,31270400.000000,9348,133.400000,0.000000,0.000000,0.000000,0,0.000000,0.000000,0
medium,test_mode,ADAPTIVE,25.000000,15,0.010000,37.500000,0.184368,0.292121,0.566584,1.088921,-1,1,0,31270400.000000,9348,133.400000,0.000000,0.000000,0.000000,0,0.000000,0.000000,0
medium,test_mode,BASELINE,25.000000,30,0.100000,37.500000,0.219274,0.467342,0.777852,1.412605,-1,1,0,31268800.000000,9242,346.600000,0.000000,0.000000,0.000000,0,0.000000,0.000000,0
medium,test_mode,ADAPTIVE,25.000000,30,0.100000,37.500000,0.219274,0.467342,0.777852,1.412605,-1,1,0,31268800.000000,9242,346.600000,0.000000,0.000000,0.000000,0,0.000000,0.000000,0
medium,test_mode,BASELINE,25.000000,30,0.010000,37.500000,0.267270,0.495342,0.819146,1.412742,-1,1,0,31414400.000000,9312,346.600000,0.000000,0.000000,0.000000,0,0.000000,0.000000,0
medium,test_mode,ADAPTIVE,25.000000,30,0.010000,37.500000,0.267270,0.495342,0.819146,1.412742,-1,1,0,31414400.000000,9312,346.600000,0.000000,0.000000,0.000000,0,0.000000,0.000000,0
medium,test_mode,BASELINE,25.000000,60,0.100000,37.500000,0.460421,1.138371,1.621339,2.081973,-1,1,1,32236800.000000,8782,3160.300000,0.000000,0.000000,0.000000,0,0.000000,0.000000,0
medium,test_mode,ADAPTIVE,25.000000,60,0.100000,37.500000,0.460421,1.138371,1.621339,2.081973,-1,1,1,32236800.000000,8782,3160.300000,0.000000,0.000000,0.000000,0,0.000000,0.000000,0
medium,test_mode,BASELINE,25.000000,60,0.010000,37.500000,0.466795,1.152469,1.634282,2.082114,-1,1,1,32246400.000000,8708,3204.800000,0.000000,0.000000,0.000000,0,0.000000,0.000000,0
medium,test_mode,ADAPTIVE,25.000000,60,0.010000,37.500000,0.466795,1.152469,1.634282,2.082114,-1,1,1,32246400.000000,8708,3204.800000,0.000000,0.000000,0.000000,0,0.000000,0.000000,0
heavy,steady,BASELINE,20.000000,5,0.100000,30.000000,0.028182,0.050307,0.057124,0.854102,2632,0,0,46905600.000000,11628,0.000000,0.000000,0.000000,0.000000,0,0.000000,0.000000,0
heavy,steady,ADAPTIVE,20.000000,5,0.100000,30.000000,0.031355,0.050037,0.046550,0.503033,2476,0,0,46846400.000000,12055,0.000000,19.999695,19.999695,100.000000,0,0.000000,8664.000000,0
heavy,steady,BASELINE,20.000000,5,0.100000,32.000000,0.025283,0.050461,0.075519,0.815406,3501,0,0,55718400.000000,13602,0.000000,0.000000,0.000000,0.000000,0,0.000000,0.000000,0
heavy,steady,ADAPTIVE,20.000000,5,0.100000,32.000000,0.028021,0.050544,0.060236,0.461035,3798,0,0,55665600.000000,14382,0.000000,19.999695,19.999695,100.000000,0,0.000000,7566.000000,0
heavy,steady,BASELINE,20.000000,5,0.100000,35.000000,0.026268,0.051623,0.077746,0.755351,4864,0,0,68918400.000000,16370,0.000000,0.000000,0.000000,0.000000,0,0.000000,0.000000,0
heavy,steady,ADAPTIVE,20.000000,5,0.100000,35.000000,0.026339,0.052003,0.077589,0.396413,5003,0,0,68692800.000000,17582,0.000000,19.999695,19.999695,100.000000,0,0.000000,9762.000000,0
heavy,steady,BASELINE,20.000000,5,0.100000,37.500000,0.034866,0.056250,0.112593,0.702490,6185,1,0,79539200.000000,17943,120.000000,0.000000,0.000000,0.000000,0,0.000000,0.000000,0
heavy,steady,ADAPTIVE,20.000000,5,0.100000,37.500000,0.033743,0.054672,0.110435,0.345567,5860,0,0,78988800.000000,19600,0.000000,19.999695,19.999695,100.000000,0,0.000000,9762.000000,0
heavy,steady,BASELINE,20.000000,5,0.010000,30.000000,0.014883,0.022001,0.042296,0.860056,2982,0,0,46867200.000000,11604,0.000000,0.000000,0.000000,0.000000,0,0.000000,0.000000,0
heavy,steady,ADAPTIVE,20.000000,5,0.010000,30.000000,0.011977,0.020273,0.041075,0.505054,2824,0,0,46780800.000000,12024,0.000000,19.999695,19.999695,100.000000,0,0.000000,9762.000000,0
heavy,steady,BASELINE,20.000000,5,0.010000,32.000000,0.015593,0.026600,0.051613,0.820511,3849,0,0,55820800.000000,13639,0.000000,0.000000,0.000000,0.000000,0,0.000000,0.000000,0
heavy,steady,ADAPTIVE,20.000000,5,0.010000,32.000000,0.015941,0.026358,0.051219,0.462352,3803,0,0,55742400.000000,14410,0.000000,19.999695,19.999695,100.000000,0,0.000000,9762.000000,0
heavy,steady,BASELINE,20.000000,5,0.010000,35.000000,0.021675,0.036375,0.070040,0.760436,4886,0,0,68825600.000000,16313,0.000000,0.000000,0.000000,0.000000,0,0.000000,0.000000,0
heavy,steady,ADAPTIVE,20.000000,5,0.010000,35.000000,0.022982,0.039161,0.075954,0.397199,5027,0,0,68625600.000000,17540,0.000000,19.999695,19.999695,100.000000,0,0.000000,9640.000000,0
heavy,steady,BASELINE,20.000000,5,0.010000,37.500000,0.030687,0.046493,0.089733,0.705359,5859,1,0,79545600.000000,17966,120.000000,0.000000,0.000000,0.000000,0,0.000000,0.000000,0
heavy,steady,ADAPTIVE,20.000000,5,0.010000,37.500000,0.028918,0.044879,0.086630,0.343437,5847,0,0,79003200.000000,19622,0.000000,19.999695,19.999695,100.000000,0,0.000000,9762.000000,0
heavy,steady,BASELINE,20.000000,15,0.100000,30.000000,0.135299,0.209460,0.411315,0.915879,-1,0,0,46780800.000000,11516,0.000000,0.000000,0.000000,0.000000,0,0.000000,0.000000,0
heavy,steady,ADAPTIVE,20.000000,15,0.100000,30.000000,0.125103,0.209456,0.411120,0.542375,-1,0,0,46521600.000000,11886,0.000000,19.999695,19.999695,68.000000,0,0.000000,9762.000000,0
heavy,steady,BASELINE,20.000000,15,0.100000,32.000000,0.175703,0.255810,0.505563,0.875256,-1,0,0,55536000.000000,13467,0.000000,0.000000,0.000000,0.000000,0,0.000000,0.000000,0
heavy,steady,ADAPTIVE,20.000000,15,0.100000,32.000000,0.179110,0.255344,0.505166,0.497589,-1,0,0,55630400.000000,14331,0.000000,19.999695,19.999695,92.000000,0,0.000000,9762.000000,0
heavy,steady,BASELINE,20.000000,15,0.100000,35.000000,0.186136,0.323255,0.604424,0.809069,-1,0,0,68424000.000000,15006,0.000000,0.000000,0.000000,0.000000,0,0.000000,0.000000,0
heavy,steady,ADAPTIVE,20.000000,15,0.100000,35.000000,0.217886,0.321781,0.632470,0.430919,-1,0,0,68635200.000000,16414,0.000000,19.999695,19.999695,100.000000,0,0.000000,9762.000000,0
heavy,steady,BASELINE,20.000000,15,0.100000,37.500000,0.261458,0.380014,0.749194,0.735461,-1,1,0,79680000.000000,14352,120.000000,0.000000,0.000000,0.000000,0,0.000000,0.000000,0
heavy,steady,ADAPTIVE,20.000000,15,0.100000,37.500000,0.252561,0.364389,0.730968,0.374574,-1,0,0,79046400.000000,16240,0.000000,19.999695,19.999695,100.000000,0,0.000000,9762.000000,0
heavy,steady,BASELINE,20.000000,15,0.010000,30.000000,0.143425,0.221810,0.437224,0.923104,-1,0,0,47140800.000000,11658,0.000000,0.000000,0.000000,0.000000,0,0.000000,0.000000,0
heavy,steady,ADAPTIVE,20.000000,15,0.010000,30.000000,0.132850,0.222641,0.437972,0.547127,-1,0,0,46593600.000000,11910,0.000000,19.999695,19.999695,68.000000,0,0.000000,9762.000000,0
heavy,steady,BASELINE,20.000000,15,0.010000,32.000000,0.152976,0.255636,0.521722,0.879745,-1,0,0,56169600.000000,13726,0.000000,0.000000,0.000000,0.000000,0,0.000000,0.000000,0
heavy,steady,ADAPTIVE,20.000000,15,0.010000,32.000000,0.151865,0.254421,0.515986,0.500906,-1,0,0,56150400.000000,14544,0.000000,19.999695,19.999695,92.000000,0,0.000000,9762.000000,0
heavy,steady,BASELINE,20.000000,15,0.010000,35.000000,0.191354,0.333222,0.628645,0.816175,-1,0,0,68409600.000000,14774,0.000000,0.000000,0.000000,0.000000,0,0.000000,0.000000,0
heavy,steady,ADAPTIVE,20.000000,15,0.010000,35.000000,0.222691,0.333498,0.655774,0.430646,-1,0,0,68601600.000000,16186,0.000000,19.999695,19.999695,100.000000,0,0.000000,9762.000000,0
heavy,steady,BASELINE,20.000000,15,0.010000,37.500000,0.238542,0.389194,0.765893,0.737642,-1,1,0,80070400.000000,14300,120.000000,0.000000,0.000000,0.000000,0,0.000000,0.000000,0
heavy,steady,ADAPTIVE,20.000000,15,0.010000,37.500000,0.253659,0.369007,0.734147,0.373131,-1,0,0,78736000.000000,16137,0.000000,19.999695,19.999695,100.000000,0,0.000000,9762.000000,0
heavy,steady,BASELINE,20.000000,30,0.100000,30.000000,0.149939,0.286360,0.502324,1.019177,-1,0,0,46584000.000000,11340,0.000000,0.000000,0.000000,0.000000,0,0.000000,0.000000,0
heavy,steady,ADAPTIVE,20.000000,30,0.100000,30.000000,0.170926,0.288298,0.513897,0.612842,-1,0,0,46944000.000000,12002,0.000000,19.999695,19.999695,68.000000,0,0.000000,9762.000000,0
heavy,steady,BASELINE,20.000000,30,0.100000,32.000000,0.202229,0.358747,0.636493,0.970334,-1,0,0,55684800.000000,13374,0.000000,0.000000,0.000000,0.000000,0,0.000000,0.000000,0
heavy,steady,ADAPTIVE,20.000000,30,0.100000,32.000000,0.185587,0.358851,0.617023,0.562080,-1,0,0,55411200.000000,14116,0.000000,19.999695,19.999695,92.000000,0,0.000000,9762.000000,0
heavy,steady,BASELINE,20.000000,30,0.100000,35.000000,0.277135,0.439975,0.786665,0.899654,-1,0,0,68697600.000000,13596,0.000000,0.000000,0.000000,0.000000,0,0.000000,0.000000,0
heavy,steady,ADAPTIVE,20.000000,30,0.100000,35.000000,0.234368,0.437709,0.776240,0.486661,-1,0,0,68193600.000000,14758,0.000000,19.999695,19.999695,100.000000,0,0.000000,9762.000000,0
heavy,steady,BASELINE,20.000000,30,0.100000,37.500000,0.271000,0.523748,0.877628,0.800674,-1,1,0,78984000.000000,11922,120.000000,0.000000,0.000000,0.000000,0,0.000000,0.000000,0
heavy,steady,ADAPTIVE,20.000000,30,0.100000,37.500000,0.259012,0.496985,0.930507,0.531934,-1,0,0,79987200.000000,14156,0.000000,19.999695,19.999695,0.024414,0,0.000000,1654.000000,0
heavy,steady,BASELINE,20.000000,30,0.010000,30.000000,0.164554,0.305160,0.544379,1.023954,-1,0,0,46704000.000000,11382,0.000000,0.000000,0.000000,0.000000,0,0.000000,0.000000,0
heavy,steady,ADAPTIVE,20.000000,30,0.010000,30.000000,0.186739,0.305498,0.544648,0.618032,-1,0,0,46656000.000000,11876,0.000000,19.999695,19.999695,100.000000,0,0.000000,9762.000000,0
heavy,steady,BASELINE,20.000000,30,0.010000,32.000000,0.227392,0.365941,0.653079,0.977455,-1,0,0,56136000.000000,13470,0.000000,0.000000,0.000000,0.000000,0,0.000000,0.000000,0
heavy,steady,ADAPTIVE,20.000000,30,0.010000,32.000000,0.195738,0.346561,0.633712,0.563482,-1,0,0,55348800.000000,14006,0.000000,19.999695,19.999695,100.000000,0,0.000000,9762.000000,0
heavy,steady,BASELINE,20.000000,30,0.010000,35.000000,0.271236,0.457786,0.816832,0.906008,-1,0,0,69072000.000000,13220,0.000000,0.000000,0.000000,0.000000,0,0.000000,0.000000,0
heavy,steady,ADAPTIVE,20.000000,30,0.010000,35.000000,0.220760,0.363626,0.721903,0.486249,-1,0,0,68222400.000000,14470,0.000000,19.999695,19.999695,100.000000,0,0.000000,9762.000000,0
heavy,steady,BASELINE,20.000000,30,0.010000,37.500000,0.276876,0.534055,0.917075,0.804270,-1,1,0,79040000.000000,11694,120.000000,0.000000,0.000000,0.000000,0,0.000000,0.000000,0
heavy,steady,ADAPTIVE,20.000000,30,0.010000,37.500000,0.250453,0.421851,0.907313,0.539194,-1,0,0,80020800.000000,13904,0.000000,19.999695,19.999695,8.020508,0,0.000000,1656.000000,0
heavy,steady,BASELINE,20.000000,60,0.100000,30.000000,0.291179,0.535581,0.801909,1.237118,-1,0,0,47131200.000000,10968,0.000000,0.000000,0.000000,0.000000,0,0.000000,0.000000,0
heavy,steady,ADAPTIVE,20.000000,60,0.100000,30.000000,0.210919,0.481250,0.761624,0.770479,-1,0,0,47707200.000000,11786,0.000000,19.999695,19.999695,100.000000,0,0.000000,9762.000000,0
heavy,steady,BASELINE,20.000000,60,0.100000,32.000000,0.350671,0.624768,0.961929,1.180816,-1,0,0,56577600.000000,11284,0.000000,0.000000,0.000000,0.000000,0,0.000000,0.000000,0
heavy,steady,ADAPTIVE,20.000000,60,0.100000,32.000000,0.200024,0.367630,0.786859,0.704852,-1,0,0,56769600.000000,12352,0.000000,19.999695,19.999695,100.000000,0,0.000000,9762.000000,0
heavy,steady,BASELINE,20.000000,60,0.100000,35.000000,0.267017,0.504238,1.010535,1.094496,-1,0,0,70017600.000000,9593,0.000000,0.000000,0.000000,0.000000,0,0.000000,0.000000,0
heavy,steady,ADAPTIVE,20.000000,60,0.100000,35.000000,0.261686,0.484342,0.981426,0.615675,-1,0,0,69564800.000000,11881,0.000000,19.999695,19.999695,100.000000,0,0.000000,9762.000000,0
heavy,steady,BASELINE,20.000000,60,0.100000,37.500000,0.391765,0.916275,1.461543,0.967047,-1,1,0,80940800.000000,6244,1529.300000,0.000000,0.000000,0.000000,0,0.000000,0.000000,0
heavy,steady,ADAPTIVE,20.000000,60,0.100000,37.500000,0.455000,0.915632,1.460580,0.948492,-1,1,0,78993600.000000,8421,1287.300000,19.999695,19.999695,0.000000,0,0.000000,1648.000000,0
heavy,steady,BASELINE,20.000000,60,0.010000,30.000000,0.314877,0.550889,0.843564,1.244392,-1,0,0,47553600.000000,11000,0.000000,0.000000,0.000000,0.000000,0,0.000000,0.000000,0
heavy,steady,ADAPTIVE,20.000000,60,0.010000,30.000000,0.179318,0.328742,0.674551,0.775292,-1,0,0,47587200.000000,11552,0.000000,19.999695,19.999695,100.000000,0,0.000000,9762.000000,0
heavy,steady,BASELINE,20.000000,60,0.010000,32.000000,0.283077,0.649572,1.009202,1.187653,-1,0,0,57052800.000000,10934,0.000000,0.000000,0.000000,0.000000,0,0.000000,0.000000,0
heavy,steady,ADAPTIVE,20.000000,60,0.010000,32.000000,0.317486,0.623105,0.865374,0.710357,-1,0,0,55473600.000000,11330,0.000000,19.999695,19.999695,100.000000,0,0.000000,9762.000000,0
heavy,steady,BASELINE,20.000000,60,0.010000,35.000000,0.360852,0.766252,1.255308,1.100807,-1,0,0,69289600.000000,9171,0.000000,0.000000,0.000000,0.000000,0,0.000000,0.000000,0
heavy,steady,ADAPTIVE,20.000000,60,0.010000,35.000000,0.367570,0.659739,1.096309,0.665282,-1,0,0,68284800.000000,11296,0.000000,19.999695,19.999695,100.000000,0,0.000000,9762.000000,0
heavy,steady,BASELINE,20.000000,60,0.010000,37.500000,0.390988,0.913420,1.455955,0.972714,-1,1,0,80936000.000000,6284,1524.500000,0.000000,0.000000,0.000000,0,0.000000,0.000000,0
heavy,steady,ADAPTIVE,20.000000,60,0.010000,37.500000,0.454435,0.912519,1.454965,0.944532,-1,1,0,78985600.000000,8437,1284.400000,19.999695,19.999695,0.000000,0,0.000000,1648.000000,0
heavy,steady,BASELINE,25.000000,5,0.100000,30.000000,0.024706,0.050063,0.062411,0.956878,1502,0,0,23894400.000000,5950,0.000000,0.000000,0.000000,0.000000,0,0.000000,0.000000,0
heavy,steady,ADAPTIVE,25.000000,5,0.100000,30.000000,0.024706,0.050063,0.062411,0.956878,1502,0,0,23894400.000000,5950,0.000000,19.999695,19.999695,100.000000,0,0.000000,7078.000000,0
heavy,steady,BASELINE,25.000000,5,0.100000,32.000000,0.031716,0.050140,0.045771,0.911131,1491,0,0,33201600.000000,8320,0.000000,0.000000,0.000000,0.000000,0,0.000000,0.000000,0
heavy,steady,ADAPTIVE,25.000000,5,0.100000,32.000000,0.031716,0.050140,0.045771,0.911131,1491,0,0,33201600.000000,8320,0.000000,19.999695,19.999695,100.000000,0,0.000000,8908.000000,0
heavy,steady,BASELINE,25.000000,5,0.100000,35.000000,0.029950,0.050633,0.050710,0.854101,2632,0,0,46862400.000000,11610,0.000000,0.000000,0.000000,0.000000,0,0.000000,0.000000,0
heavy,steady,ADAPTIVE,25.000000,5,0.100000,35.000000,0.027283,0.050385,0.062542,0.503033,2476,0,0,46795200.000000,12034,0.000000,19.999695,19.999695,100.000000,0,0.000000,8664.000000,0
heavy,steady,BASELINE,25.000000,5,0.100000,37.500000,0.027784,0.050296,0.060200,0.727104,4153,1,0,57921600.000000,14088,120.000000,0.000000,0.000000,0.000000,0,0.000000,0.000000,0
heavy,steady,ADAPTIVE,25.000000,5,0.100000,37.500000,0.029630,0.050697,0.045661,0.450622,3891,0,0,57883200.000000,14958,0.000000,19.999695,19.999695,100.000000,0,0.000000,3228.000000,0
heavy,steady,BASELINE,25.000000,5,0.010000,30.000000,0.006803,0.011269,0.021874,0.959099,1502,0,0,23956800.000000,5972,0.000000,0.000000,0.000000,0.000000,0,0.000000,0.000000,0
heavy,steady,ADAPTIVE,25.000000,5,0.010000,30.000000,0.006803,0.011269,0.021874,0.959099,1502,0,0,23956800.000000,5972,0.000000,19.999695,19.999695,100.000000,0,0.000000,8908.000000,0
heavy,steady,BASELINE,25.000000,5,0.010000,32.000000,0.008558,0.014749,0.027520,0.918863,1497,0,0,33196800.000000,8308,0.000000,0.000000,0.000000,0.000000,0,0.000000,0.000000,0
heavy,steady,ADAPTIVE,25.000000,5,0.010000,32.000000,0.008558,0.014749,0.027520,0.918863,1497,0,0,33196800.000000,8308,0.000000,19.999695,19.999695,100.000000,0,0.000000,8542.000000,0
heavy,steady,BASELINE,25.000000,5,0.010000,35.000000,0.014547,0.021607,0.041718,0.860056,2983,0,0,46862400.000000,11602,0.000000,0.000000,0.000000,0.000000,0,0.000000,0.000000,0
heavy,steady,ADAPTIVE,25.000000,5,0.010000,35.000000,0.011909,0.020090,0.040483,0.505054,2823,0,0,46780800.000000,12024,0.000000,19.999695,19.999695,100.000000,0,0.000000,9762.000000,0
heavy,steady,BASELINE,25.000000,5,0.010000,37.500000,0.016621,0.027634,0.053812,0.728220,3833,1,0,58003200.000000,14114,120.000000,0.000000,0.000000,0.000000,0,0.000000,0.000000,0
heavy,steady,ADAPTIVE,25.000000,5,0.010000,37.500000,0.015910,0.027140,0.054350,0.450074,3903,0,0,57936000.000000,14974,0.000000,19.999695,19.999695,100.000000,0,0.000000,6058.000000,0
heavy,steady,BASELINE,25.000000,15,0.100000,30.000000,0.058398,0.099988,0.195323,1.023911,1575,0,0,24139200.000000,5993,0.000000,0.000000,0.000000,0.000000,0,0.000000,0.000000,0
heavy,steady,ADAPTIVE,25.000000,15,0.100000,30.000000,0.058398,0.099988,0.195323,1.023911,1575,0,0,24139200.000000,5993,0.000000,19.999695,19.999695,100.000000,0,0.000000,6468.000000,0
heavy,steady,BASELINE,25.000000,15,0.100000,32.000000,0.102513,0.145072,0.284396,0.978729,1551,0,0,33422400.000000,8352,0.000000,0.000000,0.000000,0.000000,0,0.000000,0.000000,0
heavy,steady,ADAPTIVE,25.000000,15,0.100000,32.000000,0.102513,0.145072,0.284396,0.978729,1551,0,0,33422400.000000,8352,0.000000,19.999695,19.999695,100.000000,0,0.000000,7688.000000,0
heavy,steady,BASELINE,25.000000,15,0.100000,35.000000,0.135289,0.209441,0.411316,0.915879,-1,0,0,46780800.000000,11516,0.000000,0.000000,0.000000,0.000000,0,0.000000,0.000000,0
heavy,steady,ADAPTIVE,25.000000,15,0.100000,35.000000,0.125092,0.209437,0.411120,0.542375,-1,0,0,46521600.000000,11886,0.000000,19.999695,19.999695,68.000000,0,0.000000,9762.000000,0
heavy,steady,BASELINE,25.000000,15,0.100000,37.500000,0.167701,0.267824,0.527855,0.772231,-1,1,0,58315200.000000,14196,120.000000,0.000000,0.000000,0.000000,0,0.000000,0.000000,0
heavy,steady,ADAPTIVE,25.000000,15,0.100000,37.500000,0.153864,0.257440,0.526127,0.483758,-1,0,0,58339200.000000,15112,0.000000,19.999695,19.999695,44.000000,0,0.000000,642.000000,0
heavy,steady,BASELINE,25.000000,15,0.010000,30.000000,0.076620,0.111257,0.218826,1.029032,1580,0,0,24009600.000000,5934,0.000000,0.000000,0.000000,0.000000,0,0.000000,0.000000,0
heavy,steady,ADAPTIVE,25.000000,15,0.010000,30.000000,0.076620,0.111257,0.218826,1.029032,1580,0,0,24009600.000000,5934,0.000000,19.999695,19.999695,100.000000,0,0.000000,8298.000000,0
heavy,steady,BASELINE,25.000000,15,0.010000,32.000000,0.096087,0.155937,0.306629,0.986502,-1,0,0,33115200.000000,8214,0.000000,0.000000,0.000000,0.000000,0,0.000000,0.000000,0
heavy,steady,ADAPTIVE,25.000000,15,0.010000,32.000000,0.096087,0.155937,0.306629,0.986502,-1,0,0,33115200.000000,8214,0.000000,19.999695,19.999695,100.000000,0,0.000000,7444.000000,0
heavy,steady,BASELINE,25.000000,15,0.010000,35.000000,0.143492,0.222139,0.437536,0.923104,-1,0,0,47140800.000000,11658,0.000000,0.000000,0.000000,0.000000,0,0.000000,0.000000,0
heavy,steady,ADAPTIVE,25.000000,15,0.010000,35.000000,0.133389,0.221926,0.437216,0.547127,-1,0,0,46598400.000000,11912,0.000000,19.999695,19.999695,68.000000,0,0.000000,9762.000000,0
heavy,steady,BASELINE,25.000000,15,0.010000,37.500000,0.157673,0.264339,0.533273,0.773817,-1,1,0,58430400.000000,14239,120.000000,0.000000,0.000000,0.000000,0,0.000000,0.000000,0
heavy,steady,ADAPTIVE,25.000000,15,0.010000,37.500000,0.162519,0.272749,0.547257,0.488257,-1,0,0,58243200.000000,15066,0.000000,19.999695,19.999695,44.000000,0,0.000000,640.000000,0
heavy,steady,BASELINE,25.000000,30,0.100000,30.000000,0.086938,0.143415,0.249512,1.134759,1696,0,0,24220800.000000,5936,0.000000,0.000000,0.000000,0.000000,0,0.000000,0.000000,0
heavy,steady,ADAPTIVE,25.000000,30,0.100000,30.000000,0.086938,0.143415,0.249512,1.134759,1696,0,0,24220800.000000,5936,0.000000,19.999695,19.999695,97.000000,0,0.000000,5248.000000,0
heavy,steady,BASELINE,25.000000,30,0.100000,32.000000,0.123606,0.200003,0.357598,1.088539,-1,0,0,33172800.000000,8151,0.000000,0.000000,0.000000,0.000000,0,0.000000,0.000000,0
heavy,steady,ADAPTIVE,25.000000,30,0.100000,32.000000,0.123606,0.200003,0.357598,1.088539,-1,0,0,33172800.000000,8151,0.000000,0.000000,0.000000,44.000000,0,0.000000,0.000000,0
heavy,steady,BASELINE,25.000000,30,0.100000,35.000000,0.149938,0.286362,0.502324,1.019177,-1,0,0,46584000.000000,11340,0.000000,0.000000,0.000000,0.000000,0,0.000000,0.000000,0
heavy,steady,ADAPTIVE,25.000000,30,0.100000,35.000000,0.170926,0.288300,0.513897,0.612842,-1,0,0,46944000.000000,12002,0.000000,19.999695,19.999695,68.000000,0,0.000000,9762.000000,0
heavy,steady,BASELINE,25.000000,30,0.100000,37.500000,0.192001,0.371420,0.636853,0.857220,-1,1,0,57654400.000000,13468,120.000000,0.000000,0.000000,0.000000,0,0.000000,0.000000,0
heavy,steady,ADAPTIVE,25.000000,30,0.100000,37.500000,0.201058,0.371433,0.660413,0.548557,-1,0,0,57691200.000000,14446,0.000000,19.999695,19.999695,44.000000,0,0.000000,642.000000,0
heavy,steady,BASELINE,25.000000,30,0.010000,30.000000,0.082463,0.153012,0.272394,1.142362,-1,0,0,23932800.000000,5808,0.000000,0.000000,0.000000,0.000000,0,0.000000,0.000000,0
heavy,steady,ADAPTIVE,25.000000,30,0.010000,30.000000,0.082463,0.153012,0.272394,1.142362,-1,0,0,23932800.000000,5808,0.000000,19.999695,19.999695,98.000000,0,0.000000,6934.000000,0
heavy,steady,BASELINE,25.000000,30,0.010000,32.000000,0.114597,0.213743,0.379959,1.095714,-1,0,0,33043200.000000,8090,0.000000,0.000000,0.000000,0.000000,0,0.000000,0.000000,0
heavy,steady,ADAPTIVE,25.000000,30,0.010000,32.000000,0.114597,0.213743,0.379959,1.095714,-1,0,0,33043200.000000,8090,0.000000,19.999695,19.999695,100.000000,0,0.000000,8292.000000,0
heavy,steady,BASELINE,25.000000,30,0.010000,35.000000,0.162249,0.304446,0.541005,1.023954,-1,0,0,46684800.000000,11374,0.000000,0.000000,0.000000,0.000000,0,0.000000,0.000000,0
heavy,steady,ADAPTIVE,25.000000,30,0.010000,35.000000,0.186742,0.305363,0.544734,0.618032,-1,0,0,46656000.000000,11875,0.000000,19.999695,19.999695,100.000000,0,0.000000,9762.000000,0
heavy,steady,BASELINE,25.000000,30,0.010000,37.500000,0.241551,0.381890,0.681112,0.860301,-1,1,0,58142400.000000,13528,120.000000,0.000000,0.000000,0.000000,0,0.000000,0.000000,0
heavy,steady,ADAPTIVE,25.000000,30,0.010000,37.500000,0.182731,0.322409,0.616774,0.551444,-1,0,0,57480000.000000,14204,0.000000,19.999695,19.999695,100.000000,0,0.000000,5700.000000,0
heavy,steady,BASELINE,25.000000,60,0.100000,30.000000,0.125261,0.236385,0.355801,1.377252,-1,0,0,24144000.000000,5710,0.000000,0.000000,0.000000,0.000000,0,0.000000,0.000000,0
heavy,steady,ADAPTIVE,25.000000,60,0.100000,30.000000,0.125261,0.236385,0.355801,1.377252,-1,0,0,24144000.000000,5710,0.000000,19.999695,19.999695,100.000000,0,0.000000,7934.000000,0
heavy,steady,BASELINE,25.000000,60,0.100000,32.000000,0.190274,0.367599,0.499137,1.324825,-1,0,0,33235200.000000,7980,0.000000,0.000000,0.000000,0.000000,0,0.000000,0.000000,0
heavy,steady,ADAPTIVE,25.000000,60,0.100000,32.000000,0.190274,0.367599,0.499137,1.324825,-1,0,0,33235200.000000,7980,0.000000,19.999695,19.999695,100.000000,0,0.000000,9644.000000,0
heavy,steady,BASELINE,25.000000,60,0.100000,35.000000,0.291177,0.535583,0.801909,1.237118,-1,0,0,47131200.000000,10968,0.000000,0.000000,0.000000,0.000000,0,0.000000,0.000000,0
heavy,steady,ADAPTIVE,25.000000,60,0.100000,35.000000,0.210918,0.481251,0.761624,0.770479,-1,0,0,47707200.000000,11786,0.000000,19.999695,19.999695,100.000000,0,0.000000,9762.000000,0
heavy,steady,BASELINE,25.000000,60,0.100000,37.500000,0.290753,0.688087,1.089690,1.057236,-1,1,0,59390400.000000,10308,1320.800000,0.000000,0.000000,0.000000,0,0.000000,0.000000,0
heavy,steady,ADAPTIVE,25.000000,60,0.100000,37.500000,0.366480,0.640112,0.992604,0.691585,-1,0,0,58598400.000000,12174,0.000000,19.999695,19.999695,0.042969,0,0.000000,658.000000,0
heavy,steady,BASELINE,25.000000,60,0.010000,30.000000,0.129569,0.274583,0.421136,1.387254,-1,0,0,24585600.000000,5884,0.000000,0.000000,0.000000,0.000000,0,0.000000,0.000000,0
heavy,steady,ADAPTIVE,25.000000,60,0.010000,30.000000,0.129569,0.274583,0.421136,1.387254,-1,0,0,24585600.000000,5884,0.000000,19.999695,19.999695,43.601562,0,0.000000,6318.000000,0
heavy,steady,BASELINE,25.000000,60,0.010000,32.000000,0.221576,0.384664,0.589510,1.330737,-1,0,0,33643200.000000,8144,0.000000,0.000000,0.000000,0.000000,0,0.000000,0.000000,0
heavy,steady,ADAPTIVE,25.000000,60,0.010000,32.000000,0.221576,0.384664,0.589510,1.330737,-1,0,0,33643200.000000,8144,0.000000,19.999695,19.999695,100.000000,0,0.000000,9644.000000,0
heavy,steady,BASELINE,25.000000,60,0.010000,35.000000,0.314882,0.550716,0.843619,1.244471,-1,0,0,47553600.000000,11004,0.000000,0.000000,0.000000,0.000000,0,0.000000,0.000000,0
heavy,steady,ADAPTIVE,25.000000,60,0.010000,35.000000,0.174031,0.305470,0.651113,0.775292,-1,0,0,47649600.000000,11575,0.000000,19.999695,19.999695,100.000000,0,0.000000,9762.000000,0
heavy,steady,BASELINE,25.000000,60,0.010000,37.500000,0.306921,0.695862,1.070198,1.060916,-1,1,0,59280000.000000,10518,1324.400000,0.000000,0.000000,0.000000,0,0.000000,0.000000,0
heavy,steady,ADAPTIVE,25.000000,60,0.010000,37.500000,0.333502,0.686413,1.051595,0.695992,-1,0,0,59049600.000000,11626,0.000000,19.999695,19.999695,0.042969,0,0.000000,658.000000,0
heavy,steady,BASELINE,28.000000,5,0.100000,30.000000,0.025849,0.050336,0.064764,1.015909,2220,0,0,9892800.000000,2352,0.000000,0.000000,0.000000,0.000000,0,0.000000,0.000000,0
heavy,steady,ADAPTIVE,28.000000,5,0.100000,30.000000,0.025849,0.050336,0.064764,1.015909,2220,0,0,9892800.000000,2352,0.000000,19.999695,19.999695,100.000000,0,0.000000,7566.000000,0
heavy,steady,BASELINE,28.000000,5,0.100000,32.000000,0.020038,0.038072,0.079877,0.972892,1579,0,0,19368000.000000,4810,0.000000,0.000000,0.000000,0.000000,0,0.000000,0.000000,0
heavy,steady,ADAPTIVE,28.000000,5,0.100000,32.000000,0.020038,0.038072,0.079877,0.972892,1579,0,0,19368000.000000,4810,0.000000,19.999695,19.999695,100.000000,0,0.000000,7200.000000,0
heavy,steady,BASELINE,28.000000,5,0.100000,35.000000,0.018428,0.039877,0.068114,0.911131,1491,0,0,33283200.000000,8354,0.000000,0.000000,0.000000,0.000000,0,0.000000,0.000000,0
heavy,steady,ADAPTIVE,28.000000,5,0.100000,35.000000,0.018428,0.039877,0.068114,0.911131,1491,0,0,33283200.000000,8354,0.000000,19.999695,19.999695,100.000000,0,0.000000,8908.000000,0
heavy,steady,BASELINE,28.000000,5,0.100000,37.500000,0.027868,0.050660,0.060558,0.738527,2806,1,0,44558400.000000,11068,120.000000,0.000000,0.000000,0.000000,0,0.000000,0.000000,0
heavy,steady,ADAPTIVE,28.000000,5,0.100000,37.500000,0.019721,0.041687,0.076816,0.661494,2484,0,0,44625600.000000,11306,0.000000,19.999695,19.999695,100.000000,0,0.000000,4784.000000,0
heavy,steady,BASELINE,28.000000,5,0.010000,30.000000,0.003509,0.005723,0.011800,1.018632,2225,0,0,9960000.000000,2378,0.000000,0.000000,0.000000,0.000000,0,0.000000,0.000000,0
heavy,steady,ADAPTIVE,28.000000,5,0.010000,30.000000,0.003509,0.005723,0.011800,1.018632,2225,0,0,9960000.000000,2378,0.000000,19.999695,19.999695,100.000000,0,0.000000,8054.000000,0
heavy,steady,BASELINE,28.000000,5,0.010000,32.000000,0.005634,0.008797,0.017301,0.978554,1585,0,0,19300800.000000,4776,0.000000,0.000000,0.000000,0.000000,0,0.000000,0.000000,0
heavy,steady,ADAPTIVE,28.000000,5,0.010000,32.000000,0.005634,0.008797,0.017301,0.978554,1585,0,0,19300800.000000,4776,0.000000,19.999695,19.999695,100.000000,0,0.000000,8664.000000,0
heavy,steady,BASELINE,28.000000,5,0.010000,35.000000,0.008689,0.015197,0.028483,0.918863,1497,0,0,33193600.000000,8307,0.000000,0.000000,0.000000,0.000000,0,0.000000,0.000000,0
heavy,steady,ADAPTIVE,28.000000,5,0.010000,35.000000,0.008689,0.015197,0.028483,0.918863,1497,0,0,33193600.000000,8307,0.000000,19.999695,19.999695,100.000000,0,0.000000,8542.000000,0
heavy,steady,BASELINE,28.000000,5,0.010000,37.500000,0.011143,0.018859,0.037604,0.738766,2496,1,0,44545600.000000,11058,120.000000,0.000000,0.000000,0.000000,0,0.000000,0.000000,0
heavy,steady,ADAPTIVE,28.000000,5,0.010000,37.500000,0.011444,0.019342,0.039672,0.660715,2508,0,0,44548800.000000,11274,0.000000,19.999695,19.999695,100.000000,0,0.000000,6880.000000,0
heavy,steady,BASELINE,28.000000,15,0.100000,30.000000,0.033806,0.058287,0.114612,1.088528,2364,0,0,10012800.000000,2342,0.000000,0.000000,0.000000,0.000000,0,0.000000,0.000000,0
heavy,steady,ADAPTIVE,28.000000,15,0.100000,30.000000,0.033806,0.058287,0.114612,1.088528,2364,0,0,10012800.000000,2342,0.000000,19.999695,19.999695,100.000000,0,0.000000,7444.000000,0
heavy,steady,BASELINE,28.000000,15,0.100000,32.000000,0.049309,0.081958,0.159579,1.043427,1671,0,0,19396800.000000,4762,0.000000,0.000000,0.000000,0.000000,0,0.000000,0.000000,0
heavy,steady,ADAPTIVE,28.000000,15,0.100000,32.000000,0.049309,0.081958,0.159579,1.043427,1671,0,0,19396800.000000,4762,0.000000,0.000000,0.000000,40.000000,0,0.000000,0.000000,0
heavy,steady,BASELINE,28.000000,15,0.100000,35.000000,0.102265,0.144929,0.284380,0.978729,1551,0,0,33427200.000000,8354,0.000000,0.000000,0.000000,0.000000,0,0.000000,0.000000,0
heavy,steady,ADAPTIVE,28.000000,15,0.100000,35.000000,0.102265,0.144929,0.284380,0.978729,1551,0,0,33427200.000000,8354,0.000000,19.999695,19.999695,100.000000,0,0.000000,7688.000000,0
heavy,steady,BASELINE,28.000000,15,0.100000,37.500000,0.132610,0.200907,0.392330,0.792356,-1,1,0,44433600.000000,10960,120.000000,0.000000,0.000000,0.000000,0,0.000000,0.000000,0
heavy,steady,ADAPTIVE,28.000000,15,0.100000,37.500000,0.135488,0.199270,0.391151,0.678704,-1,0,0,44491200.000000,11236,0.000000,19.999695,19.999695,28.000000,0,0.000000,100.000000,0
heavy,steady,BASELINE,28.000000,15,0.010000,30.000000,0.030876,0.044239,0.087292,1.092671,2369,0,0,9988800.000000,2328,0.000000,0.000000,0.000000,0.000000,0,0.000000,0.000000,0
heavy,steady,ADAPTIVE,28.000000,15,0.010000,30.000000,0.030876,0.044239,0.087292,1.092671,2369,0,0,9988800.000000,2328,0.000000,19.999695,19.999695,100.000000,0,0.000000,7810.000000,0
heavy,steady,BASELINE,28.000000,15,0.010000,32.000000,0.052080,0.086965,0.174943,1.050449,1677,0,0,19468800.000000,4784,0.000000,0.000000,0.000000,0.000000,0,0.000000,0.000000,0
heavy,steady,ADAPTIVE,28.000000,15,0.010000,32.000000,0.052080,0.086965,0.174943,1.050449,1677,0,0,19468800.000000,4784,0.000000,19.999695,19.999695,100.000000,0,0.000000,8664.000000,0
heavy,steady,BASELINE,28.000000,15,0.010000,35.000000,0.096087,0.155937,0.306629,0.986502,-1,0,0,33115200.000000,8214,0.000000,0.000000,0.000000,0.000000,0,0.000000,0.000000,0
heavy,steady,ADAPTIVE,28.000000,15,0.010000,35.000000,0.096087,0.155937,0.306629,0.986502,-1,0,0,33115200.000000,8214,0.000000,19.999695,19.999695,100.000000,0,0.000000,7444.000000,0
heavy,steady,BASELINE,28.000000,15,0.010000,37.500000,0.126287,0.211122,0.415654,0.794679,-1,1,0,44372800.000000,10928,120.000000,0.000000,0.000000,0.000000,0,0.000000,0.000000,0
heavy,steady,ADAPTIVE,28.000000,15,0.010000,37.500000,0.125647,0.210944,0.415369,0.678557,-1,0,0,44356800.000000,11180,0.000000,19.999695,19.999695,28.000000,0,0.000000,100.000000,0
heavy,steady,BASELINE,28.000000,30,0.100000,30.000000,0.044805,0.078507,0.138398,1.211032,2595,0,0,10156800.000000,2304,0.000000,0.000000,0.000000,0.000000,0,0.000000,0.000000,0
heavy,steady,ADAPTIVE,28.000000,30,0.100000,30.000000,0.044805,0.078507,0.138398,1.211032,2595,0,0,10156800.000000,2304,0.000000,19.999695,19.999695,100.000000,0,0.000000,6834.000000,0
heavy,steady,BASELINE,28.000000,30,0.100000,32.000000,0.059716,0.117266,0.187997,1.161927,1819,0,0,19281600.000000,4616,0.000000,0.000000,0.000000,0.000000,0,0.000000,0.000000,0
heavy,steady,ADAPTIVE,28.000000,30,0.100000,32.000000,0.059716,0.117266,0.187997,1.161927,1819,0,0,19281600.000000,4616,0.000000,19.999695,19.999695,73.000000,0,0.000000,7078.000000,0
heavy,steady,BASELINE,28.000000,30,0.100000,35.000000,0.123998,0.200402,0.358208,1.088539,-1,0,0,33172800.000000,8152,0.000000,0.000000,0.000000,0.000000,0,0.000000,0.000000,0
heavy,steady,ADAPTIVE,28.000000,30,0.100000,35.000000,0.123998,0.200402,0.358208,1.088539,-1,0,0,33172800.000000,8152,0.000000,0.000000,0.000000,44.000000,0,0.000000,0.000000,0
heavy,steady,BASELINE,28.000000,30,0.100000,37.500000,0.154954,0.274636,0.488198,0.887788,-1,1,0,44790400.000000,11020,145.000000,0.000000,0.000000,0.000000,0,0.000000,0.000000,0
heavy,steady,ADAPTIVE,28.000000,30,0.100000,37.500000,0.138781,0.270754,0.488154,0.708520,-1,1,0,44928000.000000,11400,120.000000,16931.140137,19.999695,0.000000,0,0.000000,114.000000,0
heavy,steady,BASELINE,28.000000,30,0.010000,30.000000,0.028592,0.047349,0.102211,1.212092,2594,0,0,10185600.000000,2314,0.000000,0.000000,0.000000,0.000000,0,0.000000,0.000000,0
heavy,steady,ADAPTIVE,28.000000,30,0.010000,30.000000,0.028592,0.047349,0.102211,1.212092,2594,0,0,10185600.000000,2314,0.000000,19.999695,19.999695,100.000000,0,0.000000,7688.000000,0
heavy,steady,BASELINE,28.000000,30,0.010000,32.000000,0.074753,0.121482,0.217221,1.166639,1822,0,0,19492800.000000,4700,0.000000,0.000000,0.000000,0.000000,0,0.000000,0.000000,0
heavy,steady,ADAPTIVE,28.000000,30,0.010000,32.000000,0.074753,0.121482,0.217221,1.166639,1822,0,0,19492800.000000,4700,0.000000,19.999695,19.999695,86.000000,0,0.000000,8542.000000,0
heavy,steady,BASELINE,28.000000,30,0.010000,35.000000,0.114597,0.213743,0.379959,1.095714,-1,0,0,33043200.000000,8090,0.000000,0.000000,0.000000,0.000000,0,0.000000,0.000000,0
heavy,steady,ADAPTIVE,28.000000,30,0.010000,35.000000,0.114597,0.213743,0.379959,1.095714,-1,0,0,33043200.000000,8090,0.000000,19.999695,19.999695,100.000000,0,0.000000,8292.000000,0
heavy,steady,BASELINE,28.000000,30,0.010000,37.500000,0.167658,0.290373,0.517528,0.890598,-1,1,0,44356800.000000,10832,146.600000,0.000000,0.000000,0.000000,0,0.000000,0.000000,0
heavy,steady,ADAPTIVE,28.000000,30,0.010000,37.500000,0.179586,0.290880,0.518261,0.708426,-1,1,0,44443200.000000,11198,120.000000,16941.137695,19.999695,100.000000,0,0.000000,5544.000000,0
heavy,steady,BASELINE,28.000000,60,0.100000,30.000000,0.081434,0.138178,0.203618,1.469226,3060,0,0,10363200.000000,2194,0.000000,0.000000,0.000000,0.000000,0,0.000000,0.000000,0
heavy,steady,ADAPTIVE,28.000000,60,0.100000,30.000000,0.081434,0.138178,0.203618,1.469226,3060,0,0,10363200.000000,2194,0.000000,19.999695,19.999695,100.000000,0,0.000000,6590.000000,0
heavy,steady,BASELINE,28.000000,60,0.100000,32.000000,0.112627,0.204448,0.308568,1.410480,-1,0,0,19713600.000000,4602,0.000000,0.000000,0.000000,0.000000,0,0.000000,0.000000,0
heavy,steady,ADAPTIVE,28.000000,60,0.100000,32.000000,0.112627,0.204448,0.308568,1.410480,-1,0,0,19713600.000000,4602,0.000000,19.999695,19.999695,100.000000,0,0.000000,7746.000000,0
heavy,steady,BASELINE,28.000000,60,0.100000,35.000000,0.190272,0.367558,0.499137,1.324825,-1,0,0,33235200.000000,7980,0.000000,0.000000,0.000000,0.000000,0,0.000000,0.000000,0
heavy,steady,ADAPTIVE,28.000000,60,0.100000,35.000000,0.190272,0.367558,0.499137,1.324825,-1,0,0,33235200.000000,7980,0.000000,19.999695,19.999695,100.000000,0,0.000000,9644.000000,0
heavy,steady,BASELINE,28.000000,60,0.100000,37.500000,0.260164,0.502759,0.688725,1.106815,-1,1,0,44499200.000000,10636,286.500000,0.000000,0.000000,0.000000,0,0.000000,0.000000,0
heavy,steady,ADAPTIVE,28.000000,60,0.100000,37.500000,0.255502,0.502724,0.765003,0.815555,-1,1,0,44568000.000000,11114,129.100000,18425.775146,19.999695,0.000000,0,0.000000,144.000000,0
heavy,steady,BASELINE,28.000000,60,0.010000,30.000000,0.057598,0.111260,0.169642,1.472430,3065,0,0,10224000.000000,2134,0.000000,0.000000,0.000000,0.000000,0,0.000000,0.000000,0
heavy,steady,ADAPTIVE,28.000000,60,0.010000,30.000000,0.057598,0.111260,0.169642,1.472430,3065,0,0,10224000.000000,2134,0.000000,19.999695,19.999695,100.000000,0,0.000000,7200.000000,0
heavy,steady,BASELINE,28.000000,60,0.010000,32.000000,0.068033,0.115335,0.250730,1.417056,10181,0,0,19848000.000000,4650,0.000000,0.000000,0.000000,0.000000,0,0.000000,0.000000,0
heavy,steady,ADAPTIVE,28.000000,60,0.010000,32.000000,0.068033,0.115335,0.250730,1.417056,10181,0,0,19848000.000000,4650,0.000000,19.999695,19.999695,60.250000,0,0.000000,6844.000000,0
heavy,steady,BASELINE,28.000000,60,0.010000,35.000000,0.221575,0.384665,0.589509,1.330737,-1,0,0,33643200.000000,8144,0.000000,0.000000,0.000000,0.000000,0,0.000000,0.000000,0
heavy,steady,ADAPTIVE,28.000000,60,0.010000,35.000000,0.221575,0.384665,0.589509,1.330737,-1,0,0,33643200.000000,8144,0.000000,19.999695,19.999695,100.000000,0,0.000000,9644.000000,0
heavy,steady,BASELINE,28.000000,60,0.010000,37.500000,0.280853,0.522288,0.764808,1.111106,-1,1,0,44808000.000000,10656,288.700000,0.000000,0.000000,0.000000,0,0.000000,0.000000,0
heavy,steady,ADAPTIVE,28.000000,60,0.010000,37.500000,0.269713,0.522420,0.684946,0.819312,-1,1,0,44472000.000000,10972,131.500000,18470.764160,19.999695,0.000000,0,0.000000,144.000000,0
heavy,light_to_heavy,BASELINE,25.000000,5,0.100000,37.500000,0.025238,0.050286,0.058771,0.727104,4153,1,0,57974400.000000,14110,120.000000,0.000000,0.000000,0.000000,0,0.000000,0.000000,0
heavy,light_to_heavy,ADAPTIVE,25.000000,5,0.100000,37.500000,0.028983,0.052035,0.105305,0.450622,3891,0,0,57873600.000000,14954,0.000000,19.999695,19.999695,100.000000,0,0.000000,3106.000000,0
heavy,light_to_heavy,BASELINE,25.000000,5,0.010000,37.500000,0.013120,0.021449,0.041413,0.728220,3833,1,0,57955200.000000,14094,120.000000,0.000000,0.000000,0.000000,0,0.000000,0.000000,0
heavy,light_to_heavy,ADAPTIVE,25.000000,5,0.010000,37.500000,0.012682,0.020590,0.039646,0.450074,3903,0,0,57921600.000000,14968,0.000000,19.999695,19.999695,100.000000,0,0.000000,6058.000000,0
heavy,light_to_heavy,BASELINE,25.000000,15,0.100000,37.500000,0.193782,0.309800,0.609729,0.772231,-1,1,0,57835200.000000,13996,120.000000,0.000000,0.000000,0.000000,0,0.000000,0.000000,0
heavy,light_to_heavy,ADAPTIVE,25.000000,15,0.100000,37.500000,0.193786,0.309712,0.609736,0.483758,-1,0,0,57988800.000000,14966,0.000000,19.999695,19.999695,52.000000,0,0.000000,642.000000,0
heavy,light_to_heavy,BASELINE,25.000000,15,0.010000,37.500000,0.201652,0.323476,0.635324,0.773817,-1,1,0,58155200.000000,14124,120.000000,0.000000,0.000000,0.000000,0,0.000000,0.000000,0
heavy,light_to_heavy,ADAPTIVE,25.000000,15,0.010000,37.500000,0.200715,0.323641,0.636030,0.488257,-1,0,0,58305600.000000,15092,0.000000,19.999695,19.999695,44.000000,0,0.000000,640.000000,0
heavy,light_to_heavy,BASELINE,25.000000,30,0.100000,37.500000,0.254765,0.447043,0.787068,0.857220,-1,1,0,58024000.000000,13542,120.000000,0.000000,0.000000,0.000000,0,0.000000,0.000000,0
heavy,light_to_heavy,ADAPTIVE,25.000000,30,0.100000,37.500000,0.262695,0.445603,0.785753,0.548557,-1,0,0,58123200.000000,14560,0.000000,19.999695,19.999695,0.171875,0,0.000000,642.000000,0
heavy,light_to_heavy,BASELINE,25.000000,30,0.010000,37.500000,0.272031,0.467263,0.820971,0.860301,-1,1,0,58185600.000000,13406,120.000000,0.000000,0.000000,0.000000,0,0.000000,0.000000,0
heavy,light_to_heavy,ADAPTIVE,25.000000,30,0.010000,37.500000,0.260564,0.466726,0.820017,0.551444,-1,0,0,58257600.000000,14382,0.000000,19.999695,19.999695,0.179688,0,0.000000,640.000000,0
heavy,light_to_heavy,BASELINE,25.000000,60,0.100000,37.500000,0.297051,0.620037,1.162269,1.057236,-1,1,0,59513600.000000,9889,1500.100000,0.000000,0.000000,0.000000,0,0.000000,0.000000,0
heavy,light_to_heavy,ADAPTIVE,25.000000,60,0.100000,37.500000,0.281109,0.503706,1.059187,0.910972,-1,1,0,59609600.000000,11416,792.300000,19.999695,19.999695,0.000000,0,0.000000,658.000000,0
heavy,light_to_heavy,BASELINE,25.000000,60,0.010000,37.500000,0.286375,0.552348,1.092756,1.060916,-1,1,0,59667200.000000,9881,1527.100000,0.000000,0.000000,0.000000,0,0.000000,0.000000,0
heavy,light_to_heavy,ADAPTIVE,25.000000,60,0.010000,37.500000,0.285764,0.545674,1.086169,0.922884,-1,1,0,59579200.000000,10953,821.800000,19.999695,19.999695,4.000000,0,0.000000,658.000000,0
heavy,heavy_to_light,BASELINE,25.000000,5,0.100000,37.500000,0.034268,0.062277,0.129562,0.727104,5760,1,0,57979200.000000,14112,120.000000,0.000000,0.000000,0.000000,0,0.000000,0.000000,0
heavy,heavy_to_light,ADAPTIVE,25.000000,5,0.100000,37.500000,0.036963,0.064230,0.133408,0.450622,5576,0,0,58006400.000000,15009,0.000000,19.999695,19.999695,68.000000,0,0.000000,644.000000,0
heavy,heavy_to_light,BASELINE,25.000000,5,0.010000,37.500000,0.003476,0.006543,0.014646,0.728220,5747,1,0,57921600.000000,14080,120.000000,0.000000,0.000000,0.000000,0,0.000000,0.000000,0
heavy,heavy_to_light,ADAPTIVE,25.000000,5,0.010000,37.500000,0.002470,0.004601,0.009322,0.450074,5672,0,0,57952000.000000,14981,0.000000,19.999695,19.999695,100.000000,0,0.000000,6058.000000,0
heavy,heavy_to_light,BASELINE,25.000000,15,0.100000,37.500000,0.663746,1.151152,2.240986,1.210109,-1,1,0,57710400.000000,12796,3360.000000,0.000000,0.000000,0.000000,0,0.000000,0.000000,0
heavy,heavy_to_light,ADAPTIVE,25.000000,15,0.100000,37.500000,0.664841,1.155853,2.255601,1.210841,-1,1,0,57840000.000000,13742,3240.000000,19.999695,19.999695,0.000000,0,0.000000,642.000000,0
heavy,heavy_to_light,BASELINE,25.000000,15,0.010000,37.500000,0.667450,1.162885,2.252817,1.210363,-1,1,0,57820800.000000,12812,3360.000000,0.000000,0.000000,0.000000,0,0.000000,0.000000,0
heavy,heavy_to_light,ADAPTIVE,25.000000,15,0.010000,37.500000,0.665892,1.156075,2.242229,1.209352,-1,1,0,57977600.000000,13795,3240.000000,19.999695,19.999695,0.000000,0,0.000000,640.000000,0
heavy,heavy_to_light,BASELINE,25.000000,30,0.100000,37.500000,1.203051,2.664657,4.135330,2.769235,-1,1,1,59278400.000000,9389,2400.000000,0.000000,0.000000,0.000000,0,0.000000,0.000000,0
heavy,heavy_to_light,ADAPTIVE,25.000000,30,0.100000,37.500000,1.140620,2.684483,4.169994,2.795459,-1,1,1,58931200.000000,10078,2400.000000,19.999695,19.999695,0.000000,0,0.000000,642.000000,0
heavy,heavy_to_light,BASELINE,25.000000,30,0.010000,37.500000,1.132231,2.660780,4.138878,2.774709,-1,1,1,58988800.000000,9140,2520.000000,0.000000,0.000000,0.000000,0,0.000000,0.000000,0
heavy,heavy_to_light,ADAPTIVE,25.000000,30,0.010000,37.500000,1.134831,2.671903,4.149280,2.774877,-1,1,1,58755200.000000,9992,2400.000000,19.999695,19.999695,0.000000,0,0.000000,640.000000,0
heavy,heavy_to_light,BASELINE,25.000000,60,0.100000,37.500000,2.551535,5.226594,7.344716,5.378290,-1,1,1,61288000.000000,5954,3593.500000,0.000000,0.000000,0.000000,0,0.000000,0.000000,0
heavy,heavy_to_light,ADAPTIVE,25.000000,60,0.100000,37.500000,2.588617,5.228968,7.343577,5.377834,-1,1,1,60952000.000000,7328,2917.200000,19.999695,19.999695,0.000000,0,0.000000,658.000000,0
heavy,heavy_to_light,BASELINE,25.000000,60,0.010000,37.500000,2.544965,5.245062,7.379688,5.376826,-1,1,1,61281600.000000,6032,3594.800000,0.000000,0.000000,0.000000,0,0.000000,0.000000,0
heavy,heavy_to_light,ADAPTIVE,25.000000,60,0.010000,37.500000,2.550670,5.244091,7.381206,5.377187,-1,1,1,61174400.000000,7090,2896.000000,19.999695,19.999695,0.000000,0,0.000000,658.000000,0
heavy,loss_up,BASELINE,25.000000,5,0.100000,37.500000,0.035854,0.058195,0.115667,0.727104,6977,1,0,68160000.000000,18286,120.000000,0.000000,0.000000,0.000000,0,0.000000,0.000000,0
heavy,loss_up,ADAPTIVE,25.000000,5,0.100000,37.500000,0.026689,0.054804,0.096519,0.450622,6660,0,0,68105600.000000,19185,0.000000,19.999695,19.999695,89.000000,0,0.000000,1154.000000,0
heavy,loss_up,BASELINE,25.000000,5,0.010000,37.500000,0.028889,0.048954,0.093892,0.728220,6644,1,0,68179200.000000,18295,120.000000,0.000000,0.000000,0.000000,0,0.000000,0.000000,0
heavy,loss_up,ADAPTIVE,25.000000,5,0.010000,37.500000,0.027751,0.047461,0.090658,0.450074,6669,0,0,68107200.000000,19160,0.000000,19.999695,19.999695,100.000000,0,0.000000,5326.000000,0
heavy,loss_up,BASELINE,25.000000,15,0.100000,37.500000,0.249592,0.394038,0.783440,0.772231,-1,1,0,68649600.000000,14842,120.000000,0.000000,0.000000,0.000000,0,0.000000,0.000000,0
heavy,loss_up,ADAPTIVE,25.000000,15,0.100000,37.500000,0.235617,0.393432,0.786046,0.483758,-1,0,0,68692800.000000,15763,0.000000,19.999695,19.999695,15.250000,0,0.000000,642.000000,0
heavy,loss_up,BASELINE,25.000000,15,0.010000,37.500000,0.234486,0.393487,0.794701,0.773817,-1,1,0,68801600.000000,14720,120.000000,0.000000,0.000000,0.000000,0,0.000000,0.000000,0
heavy,loss_up,ADAPTIVE,25.000000,15,0.010000,37.500000,0.234139,0.393213,0.792703,0.488257,-1,0,0,68664000.000000,15574,0.000000,19.999695,19.999695,16.218750,0,0.000000,640.000000,0
heavy,loss_up,BASELINE,25.000000,30,0.100000,37.500000,0.288228,0.542396,0.958062,0.857220,-1,1,0,67744000.000000,13040,120.000000,0.000000,0.000000,0.000000,0,0.000000,0.000000,0
heavy,loss_up,ADAPTIVE,25.000000,30,0.100000,37.500000,0.300455,0.542542,0.975394,0.550127,-1,0,0,67808000.000000,14075,0.000000,19.999695,19.999695,0.343750,0,0.000000,642.000000,0
heavy,loss_up,BASELINE,25.000000,30,0.010000,37.500000,0.300899,0.557833,1.000827,0.860301,-1,1,0,67809600.000000,12848,120.000000,0.000000,0.000000,0.000000,0,0.000000,0.000000,0
heavy,loss_up,ADAPTIVE,25.000000,30,0.010000,37.500000,0.224734,0.372940,0.675589,0.551444,-1,0,0,68256000.000000,15776,0.000000,19.999695,19.999695,100.000000,0,0.000000,5496.000000,0
heavy,loss_up,BASELINE,25.000000,60,0.100000,37.500000,0.467087,0.903651,1.480227,1.057236,-1,1,0,68302400.000000,8051,1510.000000,0.000000,0.000000,0.000000,0,0.000000,0.000000,0
heavy,loss_up,ADAPTIVE,25.000000,60,0.100000,37.500000,0.440587,0.907166,1.482966,0.939839,-1,1,0,68552000.000000,9431,812.500000,19.999695,19.999695,0.000000,0,0.000000,658.000000,0
heavy,loss_up,BASELINE,25.000000,60,0.010000,37.500000,0.453400,0.910223,1.485054,1.060916,-1,1,0,68553600.000000,8013,1521.100000,0.000000,0.000000,0.000000,0,0.000000,0.000000,0
heavy,loss_up,ADAPTIVE,25.000000,60,0.010000,37.500000,0.452646,0.909937,1.484975,0.943812,-1,1,0,68468800.000000,9075,820.300000,19.999695,19.999695,0.000000,0,0.000000,658.000000,0
heavy,loss_down,BASELINE,25.000000,5,0.100000,37.500000,0.046700,0.048248,0.003568,0.727104,4153,1,0,49958400.000000,10770,120.000000,0.000000,0.000000,0.000000,0,0.000000,0.000000,0
heavy,loss_down,ADAPTIVE,25.000000,5,0.100000,37.500000,0.026526,0.050749,0.074642,0.450622,3891,0,0,49824000.000000,11600,0.000000,19.999695,19.999695,100.000000,0,0.000000,3716.000000,0
heavy,loss_down,BASELINE,25.000000,5,0.010000,37.500000,0.006684,0.010115,0.019743,0.728220,3833,1,0,49848000.000000,10716,120.000000,0.000000,0.000000,0.000000,0,0.000000,0.000000,0
heavy,loss_down,ADAPTIVE,25.000000,5,0.010000,37.500000,0.009924,0.013932,0.027165,0.450074,3903,0,0,49766400.000000,11570,0.000000,19.999695,19.999695,100.000000,0,0.000000,5692.000000,0
heavy,loss_down,BASELINE,25.000000,15,0.100000,37.500000,0.090960,0.153725,0.316131,0.772231,-1,1,0,50112000.000000,10778,120.000000,0.000000,0.000000,0.000000,0,0.000000,0.000000,0
heavy,loss_down,ADAPTIVE,25.000000,15,0.100000,37.500000,0.097530,0.159981,0.316409,0.483758,-1,0,0,49900800.000000,11596,0.000000,19.999695,19.999695,68.000000,0,0.000000,642.000000,0
heavy,loss_down,BASELINE,25.000000,15,0.010000,37.500000,0.095206,0.159454,0.315282,0.773817,-1,1,0,50115200.000000,10774,120.000000,0.000000,0.000000,0.000000,0,0.000000,0.000000,0
heavy,loss_down,ADAPTIVE,25.000000,15,0.010000,37.500000,0.109492,0.170048,0.332751,0.488257,-1,0,0,49848000.000000,11568,0.000000,19.999695,19.999695,44.000000,0,0.000000,640.000000,0
heavy,loss_down,BASELINE,25.000000,30,0.100000,37.500000,0.137886,0.220621,0.390333,0.857220,-1,1,0,49984000.000000,10466,120.000000,0.000000,0.000000,0.000000,0,0.000000,0.000000,0
heavy,loss_down,ADAPTIVE,25.000000,30,0.100000,37.500000,0.121128,0.220058,0.390355,0.548557,-1,0,0,50078400.000000,11474,0.000000,19.999695,19.999695,22.000000,0,0.000000,642.000000,0
heavy,loss_down,BASELINE,25.000000,30,0.010000,37.500000,0.109675,0.196459,0.402628,0.860301,-1,1,0,50265600.000000,10532,120.000000,0.000000,0.000000,0.000000,0,0.000000,0.000000,0
heavy,loss_down,ADAPTIVE,25.000000,30,0.010000,37.500000,0.108687,0.187064,0.397684,0.551444,-1,0,0,50131200.000000,11426,0.000000,19.999695,19.999695,100.000000,0,0.000000,1816.000000,0
heavy,loss_down,BASELINE,25.000000,60,0.100000,37.500000,0.120227,0.202140,0.437929,1.057236,-1,1,0,50563200.000000,9064,698.200000,0.000000,0.000000,0.000000,0,0.000000,0.000000,0
heavy,loss_down,ADAPTIVE,25.000000,60,0.100000,37.500000,0.153478,0.369602,0.599990,0.691585,-1,0,0,50505600.000000,10524,0.000000,19.999695,19.999695,0.085938,0,0.000000,658.000000,0
heavy,loss_down,BASELINE,25.000000,60,0.010000,37.500000,0.149584,0.289336,0.550476,1.060916,-1,1,0,50299200.000000,9054,699.700000,0.000000,0.000000,0.000000,0,0.000000,0.000000,0
heavy,loss_down,ADAPTIVE,25.000000,60,0.010000,37.500000,0.146929,0.282460,0.543333,0.695992,-1,0,0,50225600.000000,10111,0.000000,19.999695,19.999695,0.085938,0,0.000000,658.000000,0
heavy,ambient_rise,BASELINE,25.000000,5,0.100000,37.500000,0.025640,0.050393,0.067137,0.727104,4153,1,0,53121600.000000,12088,120.000000,0.000000,0.000000,0.000000,0,0.000000,0.000000,0
heavy,ambient_rise,ADAPTIVE,25.000000,5,0.100000,37.500000,0.019476,0.037833,0.077030,0.450622,3891,0,0,52958400.000000,12906,0.000000,19.999695,19.999695,100.000000,0,0.000000,4326.000000,0
heavy,ambient_rise,BASELINE,25.000000,5,0.010000,37.500000,0.009199,0.013846,0.026400,0.728220,3833,1,0,53112000.000000,12076,120.000000,0.000000,0.000000,0.000000,0,0.000000,0.000000,0
heavy,ambient_rise,ADAPTIVE,25.000000,5,0.010000,37.500000,0.008766,0.014252,0.029643,0.450074,3903,0,0,53040000.000000,12934,0.000000,19.999695,19.999695,100.000000,0,0.000000,6058.000000,0
heavy,ambient_rise,BASELINE,25.000000,15,0.100000,37.500000,0.137031,0.200908,0.393236,0.772231,-1,1,0,53164800.000000,12050,120.000000,0.000000,0.000000,0.000000,0,0.000000,0.000000,0
heavy,ambient_rise,ADAPTIVE,25.000000,15,0.100000,37.500000,0.122278,0.199952,0.391300,0.483758,-1,0,0,53299200.000000,13012,0.000000,19.999695,19.999695,44.000000,0,0.000000,642.000000,0
heavy,ambient_rise,BASELINE,25.000000,15,0.010000,37.500000,0.119697,0.200830,0.401138,0.773817,-1,1,0,53441600.000000,12160,120.000000,0.000000,0.000000,0.000000,0,0.000000,0.000000,0
heavy,ambient_rise,ADAPTIVE,25.000000,15,0.010000,37.500000,0.128295,0.210824,0.415296,0.488257,-1,0,0,53217600.000000,12972,0.000000,19.999695,19.999695,44.000000,0,0.000000,640.000000,0
heavy,ambient_rise,BASELINE,25.000000,30,0.100000,37.500000,0.153069,0.274861,0.487968,0.857220,-1,1,0,52979200.000000,11714,120.000000,0.000000,0.000000,0.000000,0,0.000000,0.000000,0
heavy,ambient_rise,ADAPTIVE,25.000000,30,0.100000,37.500000,0.166657,0.273763,0.488044,0.548557,-1,0,0,53035200.000000,12706,0.000000,19.999695,19.999695,22.000000,0,0.000000,642.000000,0
heavy,ambient_rise,BASELINE,25.000000,30,0.010000,37.500000,0.173451,0.289138,0.516293,0.860301,-1,1,0,53433600.000000,11852,120.000000,0.000000,0.000000,0.000000,0,0.000000,0.000000,0
heavy,ambient_rise,ADAPTIVE,25.000000,30,0.010000,37.500000,0.150548,0.288920,0.516497,0.551444,-1,0,0,53515200.000000,12836,0.000000,19.999695,19.999695,100.000000,0,0.000000,1924.000000,0
heavy,ambient_rise,BASELINE,25.000000,60,0.100000,37.500000,0.205023,0.484177,0.767357,1.057236,-1,1,0,54115200.000000,10494,698.200000,0.000000,0.000000,0.000000,0,0.000000,0.000000,0
heavy,ambient_rise,ADAPTIVE,25.000000,60,0.100000,37.500000,0.271329,0.502802,0.765378,0.691585,-1,0,0,53702400.000000,11836,0.000000,19.999695,19.999695,0.042969,0,0.000000,658.000000,0
heavy,ambient_rise,BASELINE,25.000000,60,0.010000,37.500000,0.179101,0.397716,0.741335,1.060916,-1,1,0,54243200.000000,10595,699.700000,0.000000,0.000000,0.000000,0,0.000000,0.000000,0
heavy,ambient_rise,ADAPTIVE,25.000000,60,0.010000,37.500000,0.181236,0.407367,0.748004,0.695992,-1,0,0,54144000.000000,11646,0.000000,19.999695,19.999695,0.042969,0,0.000000,658.000000,0
heavy,door,BASELINE,25.000000,5,0.100000,37.500000,0.049378,0.082110,0.160259,0.727265,8391,1,0,61233600.000000,13248,240.000000,0.000000,0.000000,0.000000,0,0.000000,0.000000,0
heavy,door,ADAPTIVE,25.000000,5,0.100000,37.500000,0.051939,0.086086,0.166773,0.727182,8381,1,0,61171200.000000,14172,120.000000,19.999695,19.999695,48.000000,0,0.000000,644.000000,0
heavy,door,BASELINE,25.000000,5,0.010000,37.500000,0.048902,0.083413,0.158925,0.728557,8075,1,0,61236800.000000,13208,240.000000,0.000000,0.000000,0.000000,0,0.000000,0.000000,0
heavy,door,ADAPTIVE,25.000000,5,0.010000,37.500000,0.048748,0.083072,0.158986,0.727737,8067,1,0,61172800.000000,14134,120.000000,19.999695,19.999695,100.000000,0,0.000000,1914.000000,0
heavy,door,BASELINE,25.000000,15,0.100000,37.500000,0.151709,0.254311,0.504818,0.772231,-1,1,0,61550400.000000,13204,240.000000,0.000000,0.000000,0.000000,0,0.000000,0.000000,0
heavy,door,ADAPTIVE,25.000000,15,0.100000,37.500000,0.152272,0.255227,0.516772,0.773299,-1,1,0,61497600.000000,14212,120.000000,19.999695,19.999695,0.000000,0,0.000000,642.000000,0
heavy,door,BASELINE,25.000000,15,0.010000,37.500000,0.159498,0.266318,0.544299,0.773817,-1,1,0,61515200.000000,13242,240.000000,0.000000,0.000000,0.000000,0,0.000000,0.000000,0
heavy,door,ADAPTIVE,25.000000,15,0.010000,37.500000,0.157662,0.264034,0.531301,0.773547,-1,1,0,61492800.000000,14278,120.000000,19.999695,19.999695,0.000000,0,0.000000,640.000000,0
heavy,door,BASELINE,25.000000,30,0.100000,37.500000,0.228213,0.371860,0.659224,0.857220,-1,1,0,61049600.000000,12851,240.000000,0.000000,0.000000,0.000000,0,0.000000,0.000000,0
heavy,door,ADAPTIVE,25.000000,30,0.100000,37.500000,0.227997,0.369103,0.657693,0.856749,-1,1,0,60987200.000000,13769,120.000000,19.999695,19.999695,0.000000,0,0.000000,642.000000,0
heavy,door,BASELINE,25.000000,30,0.010000,37.500000,0.217280,0.381591,0.680835,0.860301,-1,1,0,60816000.000000,12622,240.000000,0.000000,0.000000,0.000000,0,0.000000,0.000000,0
heavy,door,ADAPTIVE,25.000000,30,0.010000,37.500000,0.214642,0.382154,0.681696,0.858352,-1,1,0,60716800.000000,13444,120.000000,19.999695,19.999695,72.000000,0,0.000000,1560.000000,0
heavy,door,BASELINE,25.000000,60,0.100000,37.500000,0.372360,0.710640,0.970753,1.057236,-1,1,0,61313600.000000,9532,1515.800000,0.000000,0.000000,0.000000,0,0.000000,0.000000,0
heavy,door,ADAPTIVE,25.000000,60,0.100000,37.500000,0.373272,0.710765,0.976045,1.056249,-1,1,0,61204800.000000,10848,817.700000,19.999695,19.999695,0.000000,0,0.000000,658.000000,0
heavy,door,BASELINE,25.000000,60,0.010000,37.500000,0.361761,0.698653,0.938790,1.060916,-1,1,0,61262400.000000,9716,1518.500000,0.000000,0.000000,0.000000,0,0.000000,0.000000,0
heavy,door,ADAPTIVE,25.000000,60,0.010000,37.500000,0.358457,0.698528,0.911365,1.061172,-1,1,0,61136000.000000,10738,819.800000,19.999695,19.999695,0.000000,0,0.000000,658.000000,0
heavy,self_heating,BASELINE,25.000000,5,0.100000,37.500000,0.032315,0.057427,0.114751,0.727104,3792,1,0,48491200.000000,10159,120.000000,0.000000,0.000000,0.000000,0,0.000000,0.000000,0
heavy,self_heating,ADAPTIVE,25.000000,5,0.100000,37.500000,0.031446,0.055143,0.112475,0.450622,3206,0,0,48408000.000000,11010,0.000000,19.999695,19.999695,98.000000,0,0.000000,5790.000000,0
heavy,self_heating,BASELINE,25.000000,5,0.010000,37.500000,0.013851,0.020566,0.040016,0.728220,3792,1,0,48480000.000000,10146,120.000000,0.000000,0.000000,0.000000,0,0.000000,0.000000,0
heavy,self_heating,ADAPTIVE,25.000000,5,0.010000,37.500000,0.026515,0.039198,0.075966,0.450074,3205,0,0,48409600.000000,11005,0.000000,19.999695,19.999695,100.000000,0,0.000000,6790.000000,0
heavy,self_heating,BASELINE,25.000000,15,0.100000,37.500000,0.066745,0.109029,0.221646,0.772231,8083,1,0,48676800.000000,10180,120.000000,0.000000,0.000000,0.000000,0,0.000000,0.000000,0
heavy,self_heating,ADAPTIVE,25.000000,15,0.100000,37.500000,0.073275,0.118474,0.229266,0.483758,8175,0,0,48508800.000000,11016,0.000000,19.999695,19.999695,50.000000,0,0.000000,1380.000000,0
heavy,self_heating,BASELINE,25.000000,15,0.010000,37.500000,0.074613,0.124272,0.253560,0.773817,8123,1,0,48665600.000000,10170,120.000000,0.000000,0.000000,0.000000,0,0.000000,0.000000,0
heavy,self_heating,ADAPTIVE,25.000000,15,0.010000,37.500000,0.089691,0.129828,0.255495,0.488257,8250,0,0,48390400.000000,10961,0.000000,19.999695,19.999695,100.000000,0,0.000000,1758.000000,0
heavy,self_heating,BASELINE,25.000000,30,0.100000,37.500000,0.100431,0.163845,0.291512,0.857220,-1,1,0,48644800.000000,10022,120.000000,0.000000,0.000000,0.000000,0,0.000000,0.000000,0
heavy,self_heating,ADAPTIVE,25.000000,30,0.100000,37.500000,0.095581,0.164490,0.291344,0.548557,-1,0,0,48614400.000000,10974,0.000000,19.999695,19.999695,100.000000,0,0.000000,964.000000,0
heavy,self_heating,BASELINE,25.000000,30,0.010000,37.500000,0.106135,0.178442,0.318140,0.860301,-1,1,0,48700800.000000,10044,120.000000,0.000000,0.000000,0.000000,0,0.000000,0.000000,0
heavy,self_heating,ADAPTIVE,25.000000,30,0.010000,37.500000,0.101091,0.178431,0.318402,0.551444,-1,0,0,48657600.000000,10974,0.000000,19.999695,19.999695,100.000000,0,0.000000,5712.000000,0
heavy,self_heating,BASELINE,25.000000,60,0.100000,37.500000,0.089651,0.151477,0.306048,1.057236,-1,1,0,49075200.000000,9272,338.200000,0.000000,0.000000,0.000000,0,0.000000,0.000000,0
heavy,self_heating,ADAPTIVE,25.000000,60,0.100000,37.500000,0.091233,0.151424,0.350911,0.691585,-1,0,0,49008000.000000,10420,0.000000,19.999695,19.999695,36.343750,0,0.000000,658.000000,0
heavy,self_heating,BASELINE,25.000000,60,0.010000,37.500000,0.132480,0.273774,0.473592,1.060916,-1,1,0,48772800.000000,9117,339.700000,0.000000,0.000000,0.000000,0,0.000000,0.000000,0
heavy,self_heating,ADAPTIVE,25.000000,60,0.010000,37.500000,0.141208,0.299847,0.489208,0.695992,-1,0,0,48604800.000000,10096,0.000000,19.999695,19.999695,24.343750,0,0.000000,658.000000,0
heavy,sensor_loss,BASELINE,25.000000,5,0.100000,37.500000,0.041932,0.070254,0.137725,0.727104,7680,1,0,58008000.000000,14124,240.000000,0.000000,0.000000,0.000000,0,0.000000,0.000000,0
heavy,sensor_loss,ADAPTIVE,25.000000,5,0.100000,37.500000,0.042253,0.071208,0.139965,0.450622,7713,0,0,57955200.000000,14988,120.000000,19.999695,19.999695,48.000000,0,0.000000,644.000000,0
heavy,sensor_loss,BASELINE,25.000000,5,0.010000,37.500000,0.042139,0.071395,0.138021,0.728220,7356,1,0,58065600.000000,14140,240.000000,0.000000,0.000000,0.000000,0,0.000000,0.000000,0
heavy,sensor_loss,ADAPTIVE,25.000000,5,0.010000,37.500000,0.040679,0.069427,0.133904,0.450074,7380,0,0,57993600.000000,14997,120.000000,3199.951172,19.999695,100.000000,0,0.000000,2586.000000,0
heavy,sensor_loss,BASELINE,25.000000,15,0.100000,37.500000,0.164880,0.267533,0.527948,0.772231,-1,1,0,58339200.000000,14206,240.000000,0.000000,0.000000,0.000000,0,0.000000,0.000000,0
heavy,sensor_loss,ADAPTIVE,25.000000,15,0.100000,37.500000,0.154378,0.257993,0.528451,0.483758,-1,0,0,58344000.000000,15113,120.000000,19.999695,19.999695,0.000000,0,0.000000,642.000000,0
heavy,sensor_loss,BASELINE,25.000000,15,0.010000,37.500000,0.157889,0.264469,0.532968,0.773817,-1,1,0,58433600.000000,14239,240.000000,0.000000,0.000000,0.000000,0,0.000000,0.000000,0
heavy,sensor_loss,ADAPTIVE,25.000000,15,0.010000,37.500000,0.163342,0.275015,0.547624,0.488257,-1,0,0,58233600.000000,15062,120.000000,19.999695,19.999695,8.000000,0,0.000000,640.000000,0
heavy,sensor_loss,BASELINE,25.000000,30,0.100000,37.500000,0.191256,0.370309,0.629882,0.857220,-1,1,0,57646400.000000,13438,240.000000,0.000000,0.000000,0.000000,0,0.000000,0.000000,0
heavy,sensor_loss,ADAPTIVE,25.000000,30,0.100000,37.500000,0.191141,0.370313,0.627536,0.548557,-1,0,0,57561600.000000,14372,120.000000,19.999695,19.999695,0.000000,0,0.000000,642.000000,0
heavy,sensor_loss,BASELINE,25.000000,30,0.010000,37.500000,0.217094,0.382182,0.681804,0.860301,-1,1,0,57851200.000000,13402,240.000000,0.000000,0.000000,0.000000,0,0.000000,0.000000,0
heavy,sensor_loss,ADAPTIVE,25.000000,30,0.010000,37.500000,0.204188,0.380789,0.678470,0.551444,-1,0,0,57648000.000000,14268,120.000000,19.999695,19.999695,84.000000,0,0.000000,2162.000000,0
heavy,sensor_loss,BASELINE,25.000000,60,0.100000,37.500000,0.290753,0.688087,1.089690,1.057236,-1,1,0,59390400.000000,10308,1320.800000,0.000000,0.000000,0.000000,0,0.000000,0.000000,0
heavy,sensor_loss,ADAPTIVE,25.000000,60,0.100000,37.500000,0.350504,0.713167,1.085806,0.719804,-1,1,0,59054400.000000,11660,795.000000,19.999695,19.999695,0.000000,0,0.000000,658.000000,0
heavy,sensor_loss,BASELINE,25.000000,60,0.010000,37.500000,0.306921,0.695862,1.070198,1.060916,-1,1,0,59280000.000000,10518,1324.400000,0.000000,0.000000,0.000000,0,0.000000,0.000000,0
heavy,sensor_loss,ADAPTIVE,25.000000,60,0.010000,37.500000,0.305405,0.693349,1.068178,0.705028,-1,1,0,59188800.000000,11576,741.000000,19.999695,19.999695,0.000000,0,0.000000,658.000000,0
heavy,bad_sample,BASELINE,25.000000,5,0.100000,37.500000,0.041932,0.070254,0.137725,0.727104,7680,1,0,58008000.000000,14124,120.000000,0.000000,0.000000,0.000000,0,0.000000,0.000000,0
heavy,bad_sample,ADAPTIVE,25.000000,5,0.100000,37.500000,0.040283,0.068408,0.133985,0.450622,7712,0,0,57945600.000000,14984,0.000000,19.999695,19.999695,36.000000,0,0.000000,644.000000,0
heavy,bad_sample,BASELINE,25.000000,5,0.010000,37.500000,0.040473,0.068546,0.132202,0.728220,7347,1,0,58060800.000000,14138,120.000000,0.000000,0.000000,0.000000,0,0.000000,0.000000,0
heavy,bad_sample,ADAPTIVE,25.000000,5,0.010000,37.500000,0.040671,0.069304,0.133677,0.450074,7380,0,0,57993600.000000,14997,0.000000,3199.951172,19.999695,100.000000,0,0.000000,2584.000000,0
heavy,bad_sample,BASELINE,25.000000,15,0.100000,37.500000,0.167964,0.267670,0.528375,0.772231,-1,1,0,58315200.000000,14196,120.000000,0.000000,0.000000,0.000000,0,0.000000,0.000000,0
heavy,bad_sample,ADAPTIVE,25.000000,15,0.100000,37.500000,0.154347,0.258131,0.528461,0.483758,-1,0,0,58344000.000000,15113,0.000000,19.999695,19.999695,0.000000,0,0.000000,642.000000,0
heavy,bad_sample,BASELINE,25.000000,15,0.010000,37.500000,0.157918,0.264642,0.533391,0.773817,-1,1,0,58432000.000000,14239,120.000000,0.000000,0.000000,0.000000,0,0.000000,0.000000,0
heavy,bad_sample,ADAPTIVE,25.000000,15,0.010000,37.500000,0.163342,0.275015,0.547624,0.488257,-1,0,0,58233600.000000,15062,0.000000,19.999695,19.999695,8.000000,0,0.000000,640.000000,0
heavy,bad_sample,BASELINE,25.000000,30,0.100000,37.500000,0.191256,0.370309,0.629882,0.857220,-1,1,0,57646400.000000,13438,120.000000,0.000000,0.000000,0.000000,0,0.000000,0.000000,0
heavy,bad_sample,ADAPTIVE,25.000000,30,0.100000,37.500000,0.191141,0.370313,0.627536,0.548557,-1,0,0,57561600.000000,14372,0.000000,19.999695,19.999695,0.000000,0,0.000000,642.000000,0
heavy,bad_sample,BASELINE,25.000000,30,0.010000,37.500000,0.217094,0.382182,0.681804,0.860301,-1,1,0,57851200.000000,13402,120.000000,0.000000,0.000000,0.000000,0,0.000000,0.000000,0
heavy,bad_sample,ADAPTIVE,25.000000,30,0.010000,37.500000,0.204188,0.380789,0.678470,0.551444,-1,0,0,57648000.000000,14268,0.000000,19.999695,19.999695,84.000000,0,0.000000,2162.000000,0
heavy,bad_sample,BASELINE,25.000000,60,0.100000,37.500000,0.290753,0.688087,1.089690,1.057236,-1,1,0,59390400.000000,10308,1320.800000,0.000000,0.000000,0.000000,0,0.000000,0.000000,0
heavy,bad_sample,ADAPTIVE,25.000000,60,0.100000,37.500000,0.350504,0.713167,1.085806,0.719804,-1,1,0,59054400.000000,11660,675.000000,19.999695,19.999695,0.000000,0,0.000000,658.000000,0
heavy,bad_sample,BASELINE,25.000000,60,0.010000,37.500000,0.306921,0.695862,1.070198,1.060916,-1,1,0,59280000.000000,10518,1324.400000,0.000000,0.000000,0.000000,0,0.000000,0.000000,0
heavy,bad_sample,ADAPTIVE,25.000000,60,0.010000,37.500000,0.305405,0.693349,1.068178,0.705028,-1,1,0,59188800.000000,11576,621.000000,19.999695,19.999695,0.000000,0,0.000000,658.000000,0
heavy,safety_cut,BASELINE,25.000000,5,0.100000,37.500000,0.046729,0.078130,0.151261,0.727104,8025,1,0,58032000.000000,14134,120.000000,0.000000,0.000000,0.000000,0,0.000000,0.000000,0
heavy,safety_cut,ADAPTIVE,25.000000,5,0.100000,37.500000,0.042762,0.072375,0.141256,0.450622,7711,0,0,57960000.000000,14990,0.000000,19.999695,19.999695,36.000000,0,0.000000,644.000000,0
heavy,safety_cut,BASELINE,25.000000,5,0.010000,37.500000,0.047401,0.080296,0.155012,0.728220,8034,1,0,58080000.000000,14145,120.000000,0.000000,0.000000,0.000000,0,0.000000,0.000000,0
heavy,safety_cut,ADAPTIVE,25.000000,5,0.010000,37.500000,0.042311,0.072122,0.138375,0.450074,7703,0,0,57993600.000000,14998,0.000000,3199.951172,19.999695,100.000000,0,0.000000,2282.000000,0
heavy,safety_cut,BASELINE,25.000000,15,0.100000,37.500000,0.156146,0.260212,0.528389,0.772231,-1,1,0,58403200.000000,14195,120.000000,0.000000,0.000000,0.000000,0,0.000000,0.000000,0
heavy,safety_cut,ADAPTIVE,25.000000,15,0.100000,37.500000,0.153864,0.257063,0.525814,0.483758,-1,0,0,58339200.000000,15112,0.000000,19.999695,19.999695,0.000000,0,0.000000,642.000000,0
heavy,safety_cut,BASELINE,25.000000,15,0.010000,37.500000,0.157476,0.263900,0.526365,0.773817,-1,1,0,58424000.000000,14232,120.000000,0.000000,0.000000,0.000000,0,0.000000,0.000000,0
heavy,safety_cut,ADAPTIVE,25.000000,15,0.010000,37.500000,0.163342,0.275015,0.547624,0.488257,-1,0,0,58233600.000000,15062,0.000000,19.999695,19.999695,8.000000,0,0.000000,640.000000,0
heavy,safety_cut,BASELINE,25.000000,30,0.100000,37.500000,0.191256,0.370309,0.629882,0.857220,-1,1,0,57646400.000000,13438,120.000000,0.000000,0.000000,0.000000,0,0.000000,0.000000,0
heavy,safety_cut,ADAPTIVE,25.000000,30,0.100000,37.500000,0.191141,0.370313,0.627536,0.548557,-1,0,0,57561600.000000,14372,0.000000,19.999695,19.999695,0.000000,0,0.000000,642.000000,0
heavy,safety_cut,BASELINE,25.000000,30,0.010000,37.500000,0.217094,0.382182,0.681804,0.860301,-1,1,0,57851200.000000,13402,120.000000,0.000000,0.000000,0.000000,0,0.000000,0.000000,0
heavy,safety_cut,ADAPTIVE,25.000000,30,0.010000,37.500000,0.196484,0.362423,0.659936,0.551444,-1,0,0,57609600.000000,14252,0.000000,19.999695,19.999695,100.000000,0,0.000000,2902.000000,0
heavy,safety_cut,BASELINE,25.000000,60,0.100000,37.500000,0.290753,0.688087,1.089690,1.057236,-1,1,0,59390400.000000,10308,1320.800000,0.000000,0.000000,0.000000,0,0.000000,0.000000,0
heavy,safety_cut,ADAPTIVE,25.000000,60,0.100000,37.500000,0.350504,0.713167,1.085806,0.719804,-1,1,0,59054400.000000,11660,675.000000,19.999695,19.999695,0.000000,0,0.000000,658.000000,0
heavy,safety_cut,BASELINE,25.000000,60,0.010000,37.500000,0.306921,0.695862,1.070198,1.060916,-1,1,0,59280000.000000,10518,1324.400000,0.000000,0.000000,0.000000,0,0.000000,0.000000,0
heavy,safety_cut,ADAPTIVE,25.000000,60,0.010000,37.500000,0.305405,0.693349,1.068178,0.705028,-1,1,0,59188800.000000,11576,621.000000,19.999695,19.999695,0.000000,0,0.000000,658.000000,0
heavy,scheduled_vent,BASELINE,25.000000,5,0.100000,37.500000,0.027784,0.050296,0.060200,0.727104,4153,1,0,57921600.000000,14088,240.000000,0.000000,0.000000,0.000000,0,0.000000,0.000000,0
heavy,scheduled_vent,ADAPTIVE,25.000000,5,0.100000,37.500000,0.029630,0.050697,0.045661,0.450622,3891,0,0,57883200.000000,14958,120.000000,19.999695,19.999695,100.000000,0,0.000000,2694.000000,0
heavy,scheduled_vent,BASELINE,25.000000,5,0.010000,37.500000,0.016621,0.027634,0.053812,0.728220,3833,1,0,58003200.000000,14114,240.000000,0.000000,0.000000,0.000000,0,0.000000,0.000000,0
heavy,scheduled_vent,ADAPTIVE,25.000000,5,0.010000,37.500000,0.015910,0.027140,0.054350,0.450074,3903,0,0,57936000.000000,14974,120.000000,19.999695,19.999695,100.000000,0,0.000000,5148.000000,0
heavy,scheduled_vent,BASELINE,25.000000,15,0.100000,37.500000,0.167701,0.267824,0.527855,0.772231,-1,1,0,58315200.000000,14196,240.000000,0.000000,0.000000,0.000000,0,0.000000,0.000000,0
heavy,scheduled_vent,ADAPTIVE,25.000000,15,0.100000,37.500000,0.153864,0.257440,0.526127,0.483758,-1,0,0,58339200.000000,15112,120.000000,19.999695,19.999695,22.000000,0,0.000000,642.000000,0
heavy,scheduled_vent,BASELINE,25.000000,15,0.010000,37.500000,0.157673,0.264339,0.533273,0.773817,-1,1,0,58430400.000000,14239,240.000000,0.000000,0.000000,0.000000,0,0.000000,0.000000,0
heavy,scheduled_vent,ADAPTIVE,25.000000,15,0.010000,37.500000,0.162519,0.272749,0.547257,0.488257,-1,0,0,58243200.000000,15066,120.000000,19.999695,19.999695,30.000000,0,0.000000,640.000000,0
heavy,scheduled_vent,BASELINE,25.000000,30,0.100000,37.500000,0.192001,0.371420,0.636853,0.857220,-1,1,0,57654400.000000,13468,240.000000,0.000000,0.000000,0.000000,0,0.000000,0.000000,0
heavy,scheduled_vent,ADAPTIVE,25.000000,30,0.100000,37.500000,0.201058,0.371433,0.660413,0.548557,-1,0,0,57691200.000000,14446,120.000000,19.999695,19.999695,22.000000,0,0.000000,642.000000,0
heavy,scheduled_vent,BASELINE,25.000000,30,0.010000,37.500000,0.241551,0.381890,0.681112,0.860301,-1,1,0,58142400.000000,13528,240.000000,0.000000,0.000000,0.000000,0,0.000000,0.000000,0
heavy,scheduled_vent,ADAPTIVE,25.000000,30,0.010000,37.500000,0.222965,0.333815,0.632313,0.551444,-1,0,0,58036800.000000,14434,120.000000,19.999695,19.999695,100.000000,0,0.000000,1998.000000,0
heavy,scheduled_vent,BASELINE,25.000000,60,0.100000,37.500000,0.290753,0.688087,1.089690,1.057236,-1,1,0,59390400.000000,10308,1320.800000,0.000000,0.000000,0.000000,0,0.000000,0.000000,0
heavy,scheduled_vent,ADAPTIVE,25.000000,60,0.100000,37.500000,0.366480,0.640112,0.992604,0.691585,-1,0,0,58598400.000000,12174,120.000000,19.999695,19.999695,0.042969,0,0.000000,658.000000,0
heavy,scheduled_vent,BASELINE,25.000000,60,0.010000,37.500000,0.306921,0.695862,1.070198,1.060916,-1,1,0,59280000.000000,10518,1324.400000,0.000000,0.000000,0.000000,0,0.000000,0.000000,0
heavy,scheduled_vent,ADAPTIVE,25.000000,60,0.010000,37.500000,0.333502,0.686413,1.051595,0.695992,-1,0,0,59049600.000000,11626,120.000000,19.999695,19.999695,0.042969,0,0.000000,658.000000,0
heavy,setpoint,BASELINE,25.000000,5,0.100000,37.500000,0.041582,0.071895,0.140972,2.002056,7555,1,0,51843200.000000,11555,120.000000,0.000000,0.000000,0.000000,0,0.000000,0.000000,0
heavy,setpoint,ADAPTIVE,25.000000,5,0.100000,37.500000,0.042477,0.071559,0.139852,2.073693,7589,0,0,51768000.000000,12409,0.000000,19.999695,19.999695,47.000000,0,0.000000,644.000000,0
heavy,setpoint,BASELINE,25.000000,5,0.010000,37.500000,0.050919,0.074971,0.144973,1.969803,7577,1,0,51737600.000000,11503,120.000000,0.000000,0.000000,0.000000,0,0.000000,0.000000,0
heavy,setpoint,ADAPTIVE,25.000000,5,0.010000,37.500000,0.049649,0.075017,0.144917,2.038951,7608,0,0,51662400.000000,12360,0.000000,3199.951172,19.999695,100.000000,0,0.000000,2342.000000,0
heavy,setpoint,BASELINE,25.000000,15,0.100000,37.500000,0.152898,0.221601,0.433313,1.946360,-1,1,0,51643200.000000,11416,120.000000,0.000000,0.000000,0.000000,0,0.000000,0.000000,0
heavy,setpoint,ADAPTIVE,25.000000,15,0.100000,37.500000,0.140263,0.221528,0.434706,2.095518,-1,0,0,51470400.000000,12250,0.000000,19.999695,19.999695,22.000000,0,0.000000,642.000000,0
heavy,setpoint,BASELINE,25.000000,15,0.010000,37.500000,0.156395,0.233506,0.459246,2.023659,-1,1,0,51585600.000000,11387,120.000000,0.000000,0.000000,0.000000,0,0.000000,0.000000,0
heavy,setpoint,ADAPTIVE,25.000000,15,0.010000,37.500000,0.139560,0.233866,0.460116,2.181749,-1,0,0,51432000.000000,12228,0.000000,19.999695,19.999695,22.000000,0,0.000000,640.000000,0
heavy,setpoint,BASELINE,25.000000,30,0.100000,37.500000,0.166065,0.300471,0.538898,2.375776,-1,1,0,52366400.000000,11460,120.000000,0.000000,0.000000,0.000000,0,0.000000,0.000000,0
heavy,setpoint,ADAPTIVE,25.000000,30,0.100000,37.500000,0.165830,0.297633,0.533873,2.358810,-1,0,0,52267200.000000,12386,0.000000,19.999695,19.999695,22.000000,0,0.000000,642.000000,0
heavy,setpoint,BASELINE,25.000000,30,0.010000,37.500000,0.176409,0.320776,0.572378,2.362489,-1,1,0,52379200.000000,11414,120.000000,0.000000,0.000000,0.000000,0,0.000000,0.000000,0
heavy,setpoint,ADAPTIVE,25.000000,30,0.010000,37.500000,0.191660,0.319542,0.571072,2.271824,-1,0,0,52156800.000000,12270,0.000000,19.999695,19.999695,100.000000,0,0.000000,1244.000000,0
heavy,setpoint,BASELINE,25.000000,60,0.100000,37.500000,0.259257,0.561972,0.854999,2.718138,-1,1,0,52963200.000000,9602,698.200000,0.000000,0.000000,0.000000,0,0.000000,0.000000,0
heavy,setpoint,ADAPTIVE,25.000000,60,0.100000,37.500000,0.309896,0.561955,0.855001,2.616809,-1,0,0,52560000.000000,10964,0.000000,19.999695,19.999695,49.375000,0,0.000000,658.000000,0
heavy,setpoint,BASELINE,25.000000,60,0.010000,37.500000,0.243254,0.564004,0.883975,2.698804,-1,1,0,53059200.000000,9680,699.700000,0.000000,0.000000,0.000000,0,0.000000,0.000000,0
heavy,setpoint,ADAPTIVE,25.000000,60,0.010000,37.500000,0.246498,0.568347,0.885079,2.691782,-1,0,0,52958400.000000,10734,0.000000,19.999695,19.999695,49.375000,0,0.000000,658.000000,0
heavy,power_recovery,BASELINE,25.000000,5,0.100000,37.500000,0.048196,0.084888,0.164762,0.727104,8134,1,0,58065600.000000,13932,120.000000,0.000000,0.000000,0.000000,0,0.000000,0.000000,0
heavy,power_recovery,ADAPTIVE,25.000000,5,0.100000,37.500000,0.045969,0.078627,0.160909,0.450622,8120,0,0,57998400.000000,14894,0.000000,19.999695,19.999695,48.000000,0,0.000000,644.000000,0
heavy,power_recovery,BASELINE,25.000000,5,0.010000,37.500000,0.051426,0.089284,0.173540,0.728220,8149,1,0,58032000.000000,13860,120.000000,0.000000,0.000000,0.000000,0,0.000000,0.000000,0
heavy,power_recovery,ADAPTIVE,25.000000,5,0.010000,37.500000,0.050675,0.087395,0.173062,0.450074,8142,0,0,57969600.000000,14830,0.000000,3199.951172,19.999695,100.000000,0,0.000000,1796.000000,0
heavy,power_recovery,BASELINE,25.000000,15,0.100000,37.500000,0.164267,0.268997,0.530592,0.772231,-1,1,0,58209600.000000,13692,120.000000,0.000000,0.000000,0.000000,0,0.000000,0.000000,0
heavy,power_recovery,ADAPTIVE,25.000000,15,0.100000,37.500000,0.158920,0.267580,0.528426,0.483758,-1,0,0,58200000.000000,14852,0.000000,19.999695,19.999695,0.000000,0,0.000000,642.000000,0
heavy,power_recovery,BASELINE,25.000000,15,0.010000,37.500000,0.177579,0.278023,0.546768,0.773817,-1,1,0,58126400.000000,13788,120.000000,0.000000,0.000000,0.000000,0,0.000000,0.000000,0
heavy,power_recovery,ADAPTIVE,25.000000,15,0.010000,37.500000,0.173302,0.278485,0.547288,0.488257,-1,0,0,58105600.000000,14929,0.000000,19.999695,19.999695,0.000000,0,0.000000,640.000000,0
heavy,power_recovery,BASELINE,25.000000,30,0.100000,37.500000,0.191254,0.370304,0.629882,0.857220,-1,1,0,57646400.000000,13438,120.000000,0.000000,0.000000,0.000000,0,0.000000,0.000000,0
heavy,power_recovery,ADAPTIVE,25.000000,30,0.100000,37.500000,0.190662,0.369203,0.625014,0.548557,-1,0,0,57561600.000000,14375,0.000000,19.999695,19.999695,8.000000,0,0.000000,642.000000,0
heavy,power_recovery,BASELINE,25.000000,30,0.010000,37.500000,0.217094,0.382182,0.681804,0.860301,-1,1,0,57851200.000000,13402,120.000000,0.000000,0.000000,0.000000,0,0.000000,0.000000,0
heavy,power_recovery,ADAPTIVE,25.000000,30,0.010000,37.500000,0.205322,0.382028,0.680431,0.551444,-1,0,0,57652800.000000,14256,0.000000,19.999695,19.999695,100.000000,0,0.000000,3364.000000,0
heavy,power_recovery,BASELINE,25.000000,60,0.100000,37.500000,0.290753,0.688087,1.089690,1.057236,-1,1,0,59390400.000000,10308,1320.800000,0.000000,0.000000,0.000000,0,0.000000,0.000000,0
heavy,power_recovery,ADAPTIVE,25.000000,60,0.100000,37.500000,0.350504,0.713167,1.085806,0.719804,-1,1,0,59054400.000000,11660,675.000000,19.999695,19.999695,0.000000,0,0.000000,658.000000,0
heavy,power_recovery,BASELINE,25.000000,60,0.010000,37.500000,0.306921,0.695862,1.070198,1.060916,-1,1,0,59280000.000000,10518,1324.400000,0.000000,0.000000,0.000000,0,0.000000,0.000000,0
heavy,power_recovery,ADAPTIVE,25.000000,60,0.010000,37.500000,0.305405,0.693349,1.068178,0.705028,-1,1,0,59188800.000000,11576,621.000000,19.999695,19.999695,0.000000,0,0.000000,658.000000,0
heavy,test_mode,BASELINE,25.000000,5,0.100000,37.500000,0.045751,0.076401,0.148760,0.727104,8027,1,0,58024000.000000,14131,120.000000,0.000000,0.000000,0.000000,0,0.000000,0.000000,0
heavy,test_mode,ADAPTIVE,25.000000,5,0.100000,37.500000,0.042762,0.072375,0.141256,0.450622,7711,0,0,57960000.000000,14990,0.000000,19.999695,19.999695,27.000000,0,0.000000,644.000000,0
heavy,test_mode,BASELINE,25.000000,5,0.010000,37.500000,0.047476,0.080564,0.155125,0.728220,8041,1,0,58076800.000000,14145,120.000000,0.000000,0.000000,0.000000,0,0.000000,0.000000,0
heavy,test_mode,ADAPTIVE,25.000000,5,0.010000,37.500000,0.042734,0.072852,0.138387,0.450074,7709,0,0,57998400.000000,15000,0.000000,3199.951172,19.999695,100.000000,0,0.000000,2280.000000,0
heavy,test_mode,BASELINE,25.000000,15,0.100000,37.500000,0.156046,0.259460,0.530385,0.772231,-1,1,0,58411200.000000,14193,120.000000,0.000000,0.000000,0.000000,0,0.000000,0.000000,0
heavy,test_mode,ADAPTIVE,25.000000,15,0.100000,37.500000,0.153864,0.257063,0.525814,0.483758,-1,0,0,58339200.000000,15112,0.000000,19.999695,19.999695,0.000000,0,0.000000,642.000000,0
heavy,test_mode,BASELINE,25.000000,15,0.010000,37.500000,0.157523,0.264253,0.524581,0.773817,-1,1,0,58424000.000000,14232,120.000000,0.000000,0.000000,0.000000,0,0.000000,0.000000,0
heavy,test_mode,ADAPTIVE,25.000000,15,0.010000,37.500000,0.163342,0.275015,0.547624,0.488257,-1,0,0,58233600.000000,15062,0.000000,19.999695,19.999695,16.000000,0,0.000000,640.000000,0
heavy,test_mode,BASELINE,25.000000,30,0.100000,37.500000,0.191256,0.370309,0.629882,0.857220,-1,1,0,57646400.000000,13438,120.000000,0.000000,0.000000,0.000000,0,0.000000,0.000000,0
heavy,test_mode,ADAPTIVE,25.000000,30,0.100000,37.500000,0.191141,0.370313,0.627536,0.548557,-1,0,0,57561600.000000,14372,0.000000,19.999695,19.999695,0.000000,0,0.000000,642.000000,0
heavy,test_mode,BASELINE,25.000000,30,0.010000,37.500000,0.217094,0.382182,0.681804,0.860301,-1,1,0,57851200.000000,13402,120.000000,0.000000,0.000000,0.000000,0,0.000000,0.000000,0
heavy,test_mode,ADAPTIVE,25.000000,30,0.010000,37.500000,0.196484,0.362423,0.659936,0.551444,-1,0,0,57609600.000000,14252,0.000000,19.999695,19.999695,100.000000,0,0.000000,2902.000000,0
heavy,test_mode,BASELINE,25.000000,60,0.100000,37.500000,0.290753,0.688087,1.089690,1.057236,-1,1,0,59390400.000000,10308,1235.800000,0.000000,0.000000,0.000000,0,0.000000,0.000000,0
heavy,test_mode,ADAPTIVE,25.000000,60,0.100000,37.500000,0.350504,0.713167,1.085806,0.719804,-1,1,0,59054400.000000,11660,675.000000,19.999695,19.999695,0.000000,0,0.000000,658.000000,0
heavy,test_mode,BASELINE,25.000000,60,0.010000,37.500000,0.306921,0.695862,1.070198,1.060916,-1,1,0,59280000.000000,10518,1228.700000,0.000000,0.000000,0.000000,0,0.000000,0.000000,0
heavy,test_mode,ADAPTIVE,25.000000,60,0.010000,37.500000,0.305405,0.693349,1.068178,0.705028,-1,1,0,59188800.000000,11576,621.000000,19.999695,19.999695,0.000000,0,0.000000,658.000000,0
