plant,ambient,deadtime,sensor_resolution,relay_power,preheat_power,preheat_time_s,success,failure_reason,cycle_count,mean_amplitude,mean_period_s,mean_heat_s,mean_cool_s,heat_cool_ratio,Ku,Kp,Ki,Kd,gain_scale,total_tune_time_s,high_crossed,emergency_crossed,post_tune_mae,post_tune_p95,post_tune_ripple,post_tune_overshoot,first_upper_cross_s,target,band,upper_threshold,high_alarm,margin_to_high,peak_after_off,peak,actual_relay_high,actual_relay_low,holding_power_insufficient,default_mae,default_p95,default_ripple,default_overshoot,default_settling_s,default_high_crossed,default_emergency_crossed,post_tune_settling_s,post_tune_high_crossed,post_tune_emergency_crossed,candidate,rejection,start_condition,initial_temperature,post_model_scope
light,20.000000,5,0.100000,20,30,874.000000,1,SUCCESS,3,0.348988,194.666687,128.000000,66.666664,1.920000,36.483803,6.472601,0.015113,199.999985,2.562114,1700.000000,0,0,0.044885,0.045489,0.001683,2.166686,918.000000,37.500000,0.200000,37.700001,38.200001,0.500001,37.808449,37.808449,20.000000,0.000000,0,0.036315,0.065626,0.136645,2.412127,1107,1,1,1626,1,1,BAD,NONE,COLD,20.000000,CONTROL-ONLY POST VALIDATION / PHYSICAL UNVERIFIED
light,20.000000,5,0.100000,20,40,614.000000,1,SUCCESS,3,0.349063,195.333359,128.666672,66.666664,1.930000,36.475967,6.450511,0.015010,199.999985,2.570337,1416.000000,0,0,0.047687,0.048292,0.001676,2.165692,630.000000,37.500000,0.200000,37.700001,38.200001,0.500001,37.831605,37.831605,20.000000,0.000000,0,0.036315,0.065626,0.136645,2.412127,1107,1,1,1632,1,1,BAD,NONE,COLD,20.000000,CONTROL-ONLY POST VALIDATION / PHYSICAL UNVERIFIED
light,20.000000,5,0.100000,20,50,476.000000,1,SUCCESS,3,0.349220,196.666687,129.333328,67.333328,1.920792,36.459496,6.406779,0.014808,199.999985,2.586713,1286.000000,0,0,0.046612,0.047213,0.001630,2.160800,488.000000,37.500000,0.200000,37.700001,38.200001,0.500001,37.967202,37.967202,20.000000,0.000000,0,0.036315,0.065626,0.136645,2.412127,1107,1,1,1644,1,1,BAD,NONE,COLD,20.000000,CONTROL-ONLY POST VALIDATION / PHYSICAL UNVERIFIED
light,20.000000,5,0.100000,30,30,874.000000,1,SUCCESS,3,0.390882,140.666672,62.000004,78.666664,0.788136,48.860188,8.957345,0.028944,199.999985,2.479437,1466.000000,0,0,0.038369,0.038976,0.001647,1.776915,902.000000,37.500000,0.200000,37.700001,38.200001,0.500001,37.927759,37.927759,30.000000,0.000000,0,0.036315,0.065626,0.136645,2.412127,1107,1,1,1168,1,1,BAD,NONE,COLD,20.000000,CONTROL-ONLY POST VALIDATION / PHYSICAL UNVERIFIED
light,20.000000,5,0.100000,30,40,614.000000,1,SUCCESS,3,0.390882,140.666672,62.000004,78.666664,0.788136,48.860188,8.957345,0.028944,199.999985,2.479437,1196.000000,0,0,0.038369,0.038976,0.001647,1.776915,630.000000,37.500000,0.200000,37.700001,38.200001,0.500001,37.940704,37.940704,30.000000,0.000000,0,0.036315,0.065626,0.136645,2.412127,1107,1,1,1168,1,1,BAD,NONE,COLD,20.000000,CONTROL-ONLY POST VALIDATION / PHYSICAL UNVERIFIED
light,20.000000,5,0.100000,30,50,476.000000,1,SUCCESS,3,0.393186,140.666672,62.000004,78.666664,0.788136,48.573940,8.957345,0.028944,199.999969,2.464912,1064.000000,0,0,0.038369,0.038976,0.001647,1.776915,488.000000,37.500000,0.200000,37.700001,38.200001,0.500001,38.049685,38.049685,30.000000,0.000000,0,0.036315,0.065626,0.136645,2.412127,1107,1,1,1168,1,1,BAD,NONE,COLD,20.000000,CONTROL-ONLY POST VALIDATION / PHYSICAL UNVERIFIED
light,20.000000,5,0.100000,40,30,874.000000,1,SUCCESS,3,0.446326,138.666672,46.000004,92.666679,0.496403,57.054245,9.086537,0.029785,199.999985,2.854084,1446.000000,0,0,0.038366,0.038979,0.001669,1.766079,896.000000,37.500000,0.200000,37.700001,38.200001,0.500001,38.057049,38.057049,40.000000,0.000000,0,0.036315,0.065626,0.136645,2.412127,1107,1,1,1151,1,1,BAD,NONE,COLD,20.000000,CONTROL-ONLY POST VALIDATION / PHYSICAL UNVERIFIED
light,20.000000,5,0.100000,40,40,614.000000,1,SUCCESS,3,0.443916,138.666672,46.000004,92.666672,0.496403,57.363941,9.086537,0.029785,199.999985,2.869577,1186.000000,0,0,0.038366,0.038979,0.001669,1.766079,630.000000,37.500000,0.200000,37.700001,38.200001,0.500001,38.064495,38.064495,40.000000,0.000000,0,0.036315,0.065626,0.136645,2.412127,1107,1,1,1151,1,1,BAD,NONE,COLD,20.000000,CONTROL-ONLY POST VALIDATION / PHYSICAL UNVERIFIED
light,20.000000,5,0.100000,40,50,476.000000,1,SUCCESS,3,0.446363,138.666672,46.000004,92.666679,0.496403,57.049454,9.086538,0.029785,199.999985,2.853845,1050.000000,0,0,0.038336,0.038941,0.001641,1.766079,488.000000,37.500000,0.200000,37.700001,38.200001,0.500001,38.137295,38.137295,40.000000,0.000000,0,0.036315,0.065626,0.136645,2.412127,1107,1,1,1151,1,1,BAD,NONE,COLD,20.000000,CONTROL-ONLY POST VALIDATION / PHYSICAL UNVERIFIED
light,20.000000,5,0.010000,20,30,874.000000,1,SUCCESS,3,0.315801,184.000015,120.666672,63.333336,1.905263,40.317783,6.847825,0.016917,199.999969,2.676217,1652.000000,0,0,0.003727,0.004329,0.001598,2.150232,914.000000,37.500000,0.200000,37.700001,38.200001,0.500001,37.781670,37.781670,20.000000,0.000000,0,0.003940,0.007311,0.016825,2.417701,1107,1,1,1536,1,1,BAD,NONE,COLD,20.000000,CONTROL-ONLY POST VALIDATION / PHYSICAL UNVERIFIED
light,20.000000,5,0.010000,20,40,612.000000,1,SUCCESS,3,0.320109,186.000015,122.000000,64.000000,1.906250,39.775185,6.774192,0.016555,199.999969,2.668898,1376.000000,0,0,0.003656,0.004259,0.001598,2.158897,632.000000,37.500000,0.200000,37.700001,38.200001,0.500001,37.811869,37.811869,20.000000,0.000000,0,0.003940,0.007311,0.016825,2.417701,1107,1,1,1553,1,1,BAD,NONE,COLD,20.000000,CONTROL-ONLY POST VALIDATION / PHYSICAL UNVERIFIED
light,20.000000,5,0.010000,20,50,476.000000,1,SUCCESS,3,0.320225,186.000015,122.000000,64.000000,1.906250,39.760727,6.774193,0.016555,199.999985,2.667928,1250.000000,0,0,0.003671,0.004269,0.001600,2.158897,488.000000,37.500000,0.200000,37.700001,38.200001,0.500001,37.967202,37.967202,20.000000,0.000000,0,0.003940,0.007311,0.016825,2.417701,1107,1,1,1553,1,1,BAD,NONE,COLD,20.000000,CONTROL-ONLY POST VALIDATION / PHYSICAL UNVERIFIED
light,20.000000,5,0.010000,30,30,874.000000,1,SUCCESS,3,0.369454,138.666672,60.666672,78.000000,0.777778,51.694092,9.086537,0.029785,199.999969,2.585948,1460.000000,0,0,0.002752,0.003351,0.001535,1.763921,902.000000,37.500000,0.200000,37.700001,38.200001,0.500001,37.927759,37.927759,30.000000,0.000000,0,0.003940,0.007311,0.016825,2.417701,1107,1,1,1153,1,1,BAD,NONE,COLD,20.000000,CONTROL-ONLY POST VALIDATION / PHYSICAL UNVERIFIED
light,20.000000,5,0.010000,30,40,612.000000,1,SUCCESS,3,0.368865,138.666672,60.666672,78.000000,0.777778,51.776688,9.086538,0.029785,199.999985,2.590080,1188.000000,0,0,0.002759,0.003356,0.001603,1.763921,630.000000,37.500000,0.200000,37.700001,38.200001,0.500001,37.928734,37.928734,30.000000,0.000000,0,0.003940,0.007311,0.016825,2.417701,1107,1,1,1153,1,1,BAD,NONE,COLD,20.000000,CONTROL-ONLY POST VALIDATION / PHYSICAL UNVERIFIED
light,20.000000,5,0.010000,30,50,476.000000,1,SUCCESS,3,0.368661,139.333344,61.333340,78.000000,0.786325,51.805351,9.043061,0.029501,199.999985,2.603973,1056.000000,0,0,0.003861,0.004458,0.001543,1.759199,488.000000,37.500000,0.200000,37.700001,38.200001,0.500001,38.049685,38.049685,30.000000,0.000000,0,0.003940,0.007311,0.016825,2.417701,1107,1,1,1159,1,1,BAD,NONE,COLD,20.000000,CONTROL-ONLY POST VALIDATION / PHYSICAL UNVERIFIED
light,20.000000,5,0.010000,40,30,874.000000,1,SUCCESS,3,0.434623,137.333328,45.333336,92.000008,0.492754,58.590519,9.174757,0.030367,199.999985,2.902753,1448.000000,0,0,0.002111,0.002709,0.001580,1.737414,898.000000,37.500000,0.200000,37.700001,38.200001,0.500001,38.067225,38.067225,40.000000,0.000000,0,0.003940,0.007311,0.016825,2.417701,1107,1,1,1142,1,1,BAD,NONE,COLD,20.000000,CONTROL-ONLY POST VALIDATION / PHYSICAL UNVERIFIED
light,20.000000,5,0.010000,40,40,612.000000,1,SUCCESS,3,0.432366,137.333344,46.000004,91.333344,0.503650,58.896366,9.174756,0.030367,199.999985,2.917906,1178.000000,0,0,0.002929,0.003525,0.001550,1.737419,630.000000,37.500000,0.200000,37.700001,38.200001,0.500001,38.067971,38.067971,40.000000,0.000000,0,0.003940,0.007311,0.016825,2.417701,1107,1,1,1142,1,1,BAD,NONE,COLD,20.000000,CONTROL-ONLY POST VALIDATION / PHYSICAL UNVERIFIED
light,20.000000,5,0.010000,40,50,476.000000,1,SUCCESS,3,0.435048,137.333328,45.333336,92.000008,0.492754,58.533237,9.174757,0.030367,199.999985,2.899915,1046.000000,0,0,0.002124,0.002723,0.001593,1.737414,488.000000,37.500000,0.200000,37.700001,38.200001,0.500001,38.137295,38.137295,40.000000,0.000000,0,0.003940,0.007311,0.016825,2.417701,1107,1,1,1142,1,1,BAD,NONE,COLD,20.000000,CONTROL-ONLY POST VALIDATION / PHYSICAL UNVERIFIED
light,20.000000,15,0.100000,20,30,884.000000,1,SUCCESS,3,0.441946,236.000000,154.666656,81.333336,1.901639,28.809843,5.338983,0.010283,199.999985,2.452786,1864.000000,0,0,0.046997,0.047609,0.001733,2.301075,916.000000,37.500000,0.200000,37.700001,38.200001,0.500001,37.883658,37.883658,20.000000,0.000000,0,0.335156,0.606256,1.094029,3.073519,-1,1,1,1968,1,1,BAD,NONE,COLD,20.000000,CONTROL-ONLY POST VALIDATION / PHYSICAL UNVERIFIED
light,20.000000,15,0.100000,20,40,624.000000,1,SUCCESS,3,0.445495,238.000000,156.000000,82.000008,1.902439,28.580334,5.294117,0.010111,199.999969,2.453867,1610.000000,0,0,0.047832,0.048439,0.001699,2.286121,640.000000,37.500000,0.200000,37.700001,38.200001,0.500001,38.068306,38.068306,20.000000,0.000000,0,0.335156,0.606256,1.094029,3.073519,-1,1,1,1988,1,1,BAD,NONE,COLD,20.000000,CONTROL-ONLY POST VALIDATION / PHYSICAL UNVERIFIED
light,20.000000,15,0.100000,20,50,486.000000,0,SAFETY_ABORT,0,0.000000,0.000000,0.000000,0.000000,0.000000,0.000000,0.000000,0.000000,0.000000,1.000000,506.000000,1,0,nan,nan,nan,nan,498.000000,37.500000,0.200000,37.700001,38.200001,0.500001,38.280277,38.280277,20.000000,0.000000,0,nan,nan,nan,nan,-1,0,0,-1,0,0,SAFETY_ABORT,NONE,COLD,20.000000,CONTROL-ONLY POST VALIDATION / PHYSICAL UNVERIFIED
light,20.000000,15,0.100000,30,30,884.000000,1,SUCCESS,3,0.506180,178.000015,78.000000,100.000008,0.780000,37.730846,7.078650,0.018076,199.999985,2.422832,1628.000000,0,0,0.037458,0.038058,0.001598,2.092726,912.000000,37.500000,0.200000,37.700001,38.200001,0.500001,38.064177,38.064177,30.000000,0.000000,0,0.335156,0.606256,1.094029,3.073519,-1,1,1,1456,1,1,BAD,NONE,COLD,20.000000,CONTROL-ONLY POST VALIDATION / PHYSICAL UNVERIFIED
light,20.000000,15,0.100000,30,40,624.000000,0,SAFETY_ABORT,0,0.000000,0.000000,0.000000,0.000000,0.000000,0.000000,0.000000,0.000000,0.000000,1.000000,658.000000,0,0,nan,nan,nan,nan,640.000000,37.500000,0.200000,37.700001,38.200001,0.500001,38.179314,38.179314,30.000000,0.000000,0,nan,nan,nan,nan,-1,0,0,-1,0,0,SAFETY_ABORT,NONE,COLD,20.000000,CONTROL-ONLY POST VALIDATION / PHYSICAL UNVERIFIED
light,20.000000,15,0.100000,30,50,486.000000,0,SAFETY_ABORT,0,0.000000,0.000000,0.000000,0.000000,0.000000,0.000000,0.000000,0.000000,0.000000,1.000000,506.000000,1,0,nan,nan,nan,nan,498.000000,37.500000,0.200000,37.700001,38.200001,0.500001,38.359617,38.359617,30.000000,0.000000,0,nan,nan,nan,nan,-1,0,0,-1,0,0,SAFETY_ABORT,NONE,COLD,20.000000,CONTROL-ONLY POST VALIDATION / PHYSICAL UNVERIFIED
light,20.000000,15,0.100000,40,30,884.000000,0,SAFETY_ABORT,0,0.000000,0.000000,0.000000,0.000000,0.000000,0.000000,0.000000,0.000000,0.000000,1.000000,926.000000,1,0,nan,nan,nan,nan,910.000000,37.500000,0.200000,37.700001,38.200001,0.500001,38.237220,38.237220,40.000000,0.000000,0,nan,nan,nan,nan,-1,0,0,-1,0,0,SAFETY_ABORT,NONE,COLD,20.000000,CONTROL-ONLY POST VALIDATION / PHYSICAL UNVERIFIED
light,20.000000,15,0.100000,40,40,624.000000,0,SAFETY_ABORT,0,0.000000,0.000000,0.000000,0.000000,0.000000,0.000000,0.000000,0.000000,0.000000,1.000000,654.000000,1,0,nan,nan,nan,nan,640.000000,37.500000,0.200000,37.700001,38.200001,0.500001,38.292328,38.292328,40.000000,0.000000,0,nan,nan,nan,nan,-1,0,0,-1,0,0,SAFETY_ABORT,NONE,COLD,20.000000,CONTROL-ONLY POST VALIDATION / PHYSICAL UNVERIFIED
light,20.000000,15,0.100000,40,50,486.000000,0,SAFETY_ABORT,0,0.000000,0.000000,0.000000,0.000000,0.000000,0.000000,0.000000,0.000000,0.000000,1.000000,506.000000,1,0,nan,nan,nan,nan,498.000000,37.500000,0.200000,37.700001,38.200001,0.500001,38.445370,38.445370,40.000000,0.000000,0,nan,nan,nan,nan,-1,0,0,-1,0,0,SAFETY_ABORT,NONE,COLD,20.000000,CONTROL-ONLY POST VALIDATION / PHYSICAL UNVERIFIED
light,20.000000,15,0.010000,20,30,884.000000,1,SUCCESS,3,0.402935,227.333344,149.333328,78.000000,1.914530,31.599125,5.542521,0.011082,199.999985,2.591463,1826.000000,0,0,0.004133,0.004731,0.001571,2.329981,914.000000,37.500000,0.200000,37.700001,38.200001,0.500001,37.874706,37.874706,20.000000,0.000000,0,0.350013,0.637051,1.119122,3.070557,-1,1,1,1895,1,1,BAD,NONE,COLD,20.000000,CONTROL-ONLY POST VALIDATION / PHYSICAL UNVERIFIED
light,20.000000,15,0.010000,20,40,622.000000,1,SUCCESS,3,0.404607,228.000015,149.333328,78.666664,1.898305,31.468540,5.526315,0.011017,199.999985,2.588322,1570.000000,0,0,0.004076,0.004671,0.001511,2.347624,640.000000,37.500000,0.200000,37.700001,38.200001,0.500001,38.031420,38.031420,20.000000,0.000000,0,0.350013,0.637051,1.119122,3.070557,-1,1,1,1901,1,1,BAD,NONE,COLD,20.000000,CONTROL-ONLY POST VALIDATION / PHYSICAL UNVERIFIED
light,20.000000,15,0.010000,20,50,486.000000,0,SAFETY_ABORT,0,0.000000,0.000000,0.000000,0.000000,0.000000,0.000000,0.000000,0.000000,0.000000,1.000000,510.000000,1,0,nan,nan,nan,nan,498.000000,37.500000,0.200000,37.700001,38.200001,0.500001,38.280277,38.280277,20.000000,0.000000,0,nan,nan,nan,nan,-1,0,0,-1,0,0,SAFETY_ABORT,NONE,COLD,20.000000,CONTROL-ONLY POST VALIDATION / PHYSICAL UNVERIFIED
light,20.000000,15,0.010000,30,30,884.000000,1,SUCCESS,3,0.498338,178.000015,78.000000,100.000008,0.780000,38.324570,7.078651,0.018076,199.999985,2.460958,1624.000000,0,0,0.003983,0.004582,0.001566,2.097850,912.000000,37.500000,0.200000,37.700001,38.200001,0.500001,38.064177,38.064177,30.000000,0.000000,0,0.350013,0.637051,1.119122,3.070557,-1,1,1,1460,1,1,BAD,NONE,COLD,20.000000,CONTROL-ONLY POST VALIDATION / PHYSICAL UNVERIFIED
light,20.000000,15,0.010000,30,40,622.000000,1,SUCCESS,3,0.498338,178.000015,78.000000,100.000008,0.780000,38.324570,7.078651,0.018076,199.999985,2.460958,1360.000000,0,0,0.003983,0.004582,0.001566,2.097850,640.000000,37.500000,0.200000,37.700001,38.200001,0.500001,38.157295,38.157295,30.000000,0.000000,0,0.350013,0.637051,1.119122,3.070557,-1,1,1,1460,1,1,BAD,NONE,COLD,20.000000,CONTROL-ONLY POST VALIDATION / PHYSICAL UNVERIFIED
light,20.000000,15,0.010000,30,50,486.000000,0,SAFETY_ABORT,0,0.000000,0.000000,0.000000,0.000000,0.000000,0.000000,0.000000,0.000000,0.000000,1.000000,508.000000,1,0,nan,nan,nan,nan,498.000000,37.500000,0.200000,37.700001,38.200001,0.500001,38.359617,38.359617,30.000000,0.000000,0,nan,nan,nan,nan,-1,0,0,-1,0,0,SAFETY_ABORT,NONE,COLD,20.000000,CONTROL-ONLY POST VALIDATION / PHYSICAL UNVERIFIED
light,20.000000,15,0.010000,40,30,884.000000,0,SAFETY_ABORT,0,0.000000,0.000000,0.000000,0.000000,0.000000,0.000000,0.000000,0.000000,0.000000,1.000000,928.000000,1,0,nan,nan,nan,nan,910.000000,37.500000,0.200000,37.700001,38.200001,0.500001,38.237220,38.237220,40.000000,0.000000,0,nan,nan,nan,nan,-1,0,0,-1,0,0,SAFETY_ABORT,NONE,COLD,20.000000,CONTROL-ONLY POST VALIDATION / PHYSICAL UNVERIFIED
light,20.000000,15,0.010000,40,40,622.000000,0,SAFETY_ABORT,0,0.000000,0.000000,0.000000,0.000000,0.000000,0.000000,0.000000,0.000000,0.000000,1.000000,656.000000,1,0,nan,nan,nan,nan,640.000000,37.500000,0.200000,37.700001,38.200001,0.500001,38.292328,38.292328,40.000000,0.000000,0,nan,nan,nan,nan,-1,0,0,-1,0,0,SAFETY_ABORT,NONE,COLD,20.000000,CONTROL-ONLY POST VALIDATION / PHYSICAL UNVERIFIED
light,20.000000,15,0.010000,40,50,486.000000,0,SAFETY_ABORT,0,0.000000,0.000000,0.000000,0.000000,0.000000,0.000000,0.000000,0.000000,0.000000,1.000000,508.000000,1,0,nan,nan,nan,nan,498.000000,37.500000,0.200000,37.700001,38.200001,0.500001,38.445370,38.445370,40.000000,0.000000,0,nan,nan,nan,nan,-1,0,0,-1,0,0,SAFETY_ABORT,NONE,COLD,20.000000,CONTROL-ONLY POST VALIDATION / PHYSICAL UNVERIFIED
light,20.000000,30,0.100000,20,30,900.000000,0,PREHEAT_TIMEOUT,0,0.000000,0.000000,0.000000,0.000000,0.000000,0.000000,0.000000,0.000000,0.000000,1.000000,900.000000,0,0,nan,nan,nan,nan,-1.000000,37.500000,0.200000,37.700001,38.200001,0.500001,37.888406,37.888406,20.000000,0.000000,0,nan,nan,nan,nan,-1,0,0,-1,0,0,FAIL_CLEANLY,NONE,COLD,20.000000,CONTROL-ONLY POST VALIDATION / PHYSICAL UNVERIFIED
light,20.000000,30,0.100000,20,40,638.000000,0,SAFETY_ABORT,0,0.000000,0.000000,0.000000,0.000000,0.000000,0.000000,0.000000,0.000000,0.000000,1.000000,668.000000,1,0,nan,nan,nan,nan,654.000000,37.500000,0.200000,37.700001,38.200001,0.500001,38.391390,38.391390,20.000000,0.000000,0,nan,nan,nan,nan,-1,0,0,-1,0,0,SAFETY_ABORT,NONE,COLD,20.000000,CONTROL-ONLY POST VALIDATION / PHYSICAL UNVERIFIED
light,20.000000,30,0.100000,20,50,500.000000,0,SAFETY_ABORT,0,0.000000,0.000000,0.000000,0.000000,0.000000,0.000000,0.000000,0.000000,0.000000,1.000000,520.000000,1,0,nan,nan,nan,nan,512.000000,37.500000,0.200000,37.700001,38.200001,0.500001,38.735340,38.735340,20.000000,0.000000,0,nan,nan,nan,nan,-1,0,0,-1,0,0,SAFETY_ABORT,NONE,COLD,20.000000,CONTROL-ONLY POST VALIDATION / PHYSICAL UNVERIFIED
light,20.000000,30,0.100000,30,30,900.000000,0,PREHEAT_TIMEOUT,0,0.000000,0.000000,0.000000,0.000000,0.000000,0.000000,0.000000,0.000000,0.000000,1.000000,900.000000,0,0,nan,nan,nan,nan,-1.000000,37.500000,0.200000,37.700001,38.200001,0.500001,37.888406,37.888406,30.000000,0.000000,0,nan,nan,nan,nan,-1,0,0,-1,0,0,FAIL_CLEANLY,NONE,COLD,20.000000,CONTROL-ONLY POST VALIDATION / PHYSICAL UNVERIFIED
light,20.000000,30,0.100000,30,40,638.000000,0,SAFETY_ABORT,0,0.000000,0.000000,0.000000,0.000000,0.000000,0.000000,0.000000,0.000000,0.000000,1.000000,668.000000,1,0,nan,nan,nan,nan,654.000000,37.500000,0.200000,37.700001,38.200001,0.500001,38.499493,38.499493,30.000000,0.000000,0,nan,nan,nan,nan,-1,0,0,-1,0,0,SAFETY_ABORT,NONE,COLD,20.000000,CONTROL-ONLY POST VALIDATION / PHYSICAL UNVERIFIED
light,20.000000,30,0.100000,30,50,500.000000,0,SAFETY_ABORT,0,0.000000,0.000000,0.000000,0.000000,0.000000,0.000000,0.000000,0.000000,0.000000,1.000000,520.000000,1,0,nan,nan,nan,nan,512.000000,37.500000,0.200000,37.700001,38.200001,0.500001,38.816829,38.816829,30.000000,0.000000,0,nan,nan,nan,nan,-1,0,0,-1,0,0,SAFETY_ABORT,NONE,COLD,20.000000,CONTROL-ONLY POST VALIDATION / PHYSICAL UNVERIFIED
light,20.000000,30,0.100000,40,30,900.000000,0,PREHEAT_TIMEOUT,0,0.000000,0.000000,0.000000,0.000000,0.000000,0.000000,0.000000,0.000000,0.000000,1.000000,900.000000,0,0,nan,nan,nan,nan,-1.000000,37.500000,0.200000,37.700001,38.200001,0.500001,37.888406,37.888406,40.000000,0.000000,0,nan,nan,nan,nan,-1,0,0,-1,0,0,FAIL_CLEANLY,NONE,COLD,20.000000,CONTROL-ONLY POST VALIDATION / PHYSICAL UNVERIFIED
light,20.000000,30,0.100000,40,40,638.000000,0,SAFETY_ABORT,0,0.000000,0.000000,0.000000,0.000000,0.000000,0.000000,0.000000,0.000000,0.000000,1.000000,668.000000,1,0,nan,nan,nan,nan,654.000000,37.500000,0.200000,37.700001,38.200001,0.500001,38.622482,38.622482,40.000000,0.000000,0,nan,nan,nan,nan,-1,0,0,-1,0,0,SAFETY_ABORT,NONE,COLD,20.000000,CONTROL-ONLY POST VALIDATION / PHYSICAL UNVERIFIED
light,20.000000,30,0.100000,40,50,500.000000,0,SAFETY_ABORT,0,0.000000,0.000000,0.000000,0.000000,0.000000,0.000000,0.000000,0.000000,0.000000,1.000000,520.000000,1,0,nan,nan,nan,nan,512.000000,37.500000,0.200000,37.700001,38.200001,0.500001,38.903675,38.903675,40.000000,0.000000,0,nan,nan,nan,nan,-1,0,0,-1,0,0,SAFETY_ABORT,NONE,COLD,20.000000,CONTROL-ONLY POST VALIDATION / PHYSICAL UNVERIFIED
light,20.000000,30,0.010000,20,30,900.000000,0,PREHEAT_TIMEOUT,0,0.000000,0.000000,0.000000,0.000000,0.000000,0.000000,0.000000,0.000000,0.000000,1.000000,900.000000,0,0,nan,nan,nan,nan,-1.000000,37.500000,0.200000,37.700001,38.200001,0.500001,37.888406,37.888406,20.000000,0.000000,0,nan,nan,nan,nan,-1,0,0,-1,0,0,FAIL_CLEANLY,NONE,COLD,20.000000,CONTROL-ONLY POST VALIDATION / PHYSICAL UNVERIFIED
light,20.000000,30,0.010000,20,40,638.000000,0,SAFETY_ABORT,0,0.000000,0.000000,0.000000,0.000000,0.000000,0.000000,0.000000,0.000000,0.000000,1.000000,670.000000,1,0,nan,nan,nan,nan,654.000000,37.500000,0.200000,37.700001,38.200001,0.500001,38.391390,38.391390,20.000000,0.000000,0,nan,nan,nan,nan,-1,0,0,-1,0,0,SAFETY_ABORT,NONE,COLD,20.000000,CONTROL-ONLY POST VALIDATION / PHYSICAL UNVERIFIED
light,20.000000,30,0.010000,20,50,500.000000,0,SAFETY_ABORT,0,0.000000,0.000000,0.000000,0.000000,0.000000,0.000000,0.000000,0.000000,0.000000,1.000000,522.000000,1,0,nan,nan,nan,nan,512.000000,37.500000,0.200000,37.700001,38.200001,0.500001,38.735340,38.735340,20.000000,0.000000,0,nan,nan,nan,nan,-1,0,0,-1,0,0,SAFETY_ABORT,NONE,COLD,20.000000,CONTROL-ONLY POST VALIDATION / PHYSICAL UNVERIFIED
light,20.000000,30,0.010000,30,30,900.000000,0,PREHEAT_TIMEOUT,0,0.000000,0.000000,0.000000,0.000000,0.000000,0.000000,0.000000,0.000000,0.000000,1.000000,900.000000,0,0,nan,nan,nan,nan,-1.000000,37.500000,0.200000,37.700001,38.200001,0.500001,37.888406,37.888406,30.000000,0.000000,0,nan,nan,nan,nan,-1,0,0,-1,0,0,FAIL_CLEANLY,NONE,COLD,20.000000,CONTROL-ONLY POST VALIDATION / PHYSICAL UNVERIFIED
light,20.000000,30,0.010000,30,40,638.000000,0,SAFETY_ABORT,0,0.000000,0.000000,0.000000,0.000000,0.000000,0.000000,0.000000,0.000000,0.000000,1.000000,670.000000,1,0,nan,nan,nan,nan,654.000000,37.500000,0.200000,37.700001,38.200001,0.500001,38.499493,38.499493,30.000000,0.000000,0,nan,nan,nan,nan,-1,0,0,-1,0,0,SAFETY_ABORT,NONE,COLD,20.000000,CONTROL-ONLY POST VALIDATION / PHYSICAL UNVERIFIED
light,20.000000,30,0.010000,30,50,500.000000,0,SAFETY_ABORT,0,0.000000,0.000000,0.000000,0.000000,0.000000,0.000000,0.000000,0.000000,0.000000,1.000000,522.000000,1,0,nan,nan,nan,nan,512.000000,37.500000,0.200000,37.700001,38.200001,0.500001,38.816829,38.816829,30.000000,0.000000,0,nan,nan,nan,nan,-1,0,0,-1,0,0,SAFETY_ABORT,NONE,COLD,20.000000,CONTROL-ONLY POST VALIDATION / PHYSICAL UNVERIFIED
light,20.000000,30,0.010000,40,30,900.000000,0,PREHEAT_TIMEOUT,0,0.000000,0.000000,0.000000,0.000000,0.000000,0.000000,0.000000,0.000000,0.000000,1.000000,900.000000,0,0,nan,nan,nan,nan,-1.000000,37.500000,0.200000,37.700001,38.200001,0.500001,37.888406,37.888406,40.000000,0.000000,0,nan,nan,nan,nan,-1,0,0,-1,0,0,FAIL_CLEANLY,NONE,COLD,20.000000,CONTROL-ONLY POST VALIDATION / PHYSICAL UNVERIFIED
light,20.000000,30,0.010000,40,40,638.000000,0,SAFETY_ABORT,0,0.000000,0.000000,0.000000,0.000000,0.000000,0.000000,0.000000,0.000000,0.000000,1.000000,670.000000,1,0,nan,nan,nan,nan,654.000000,37.500000,0.200000,37.700001,38.200001,0.500001,38.622482,38.622482,40.000000,0.000000,0,nan,nan,nan,nan,-1,0,0,-1,0,0,SAFETY_ABORT,NONE,COLD,20.000000,CONTROL-ONLY POST VALIDATION / PHYSICAL UNVERIFIED
light,20.000000,30,0.010000,40,50,500.000000,0,SAFETY_ABORT,0,0.000000,0.000000,0.000000,0.000000,0.000000,0.000000,0.000000,0.000000,0.000000,1.000000,522.000000,1,0,nan,nan,nan,nan,512.000000,37.500000,0.200000,37.700001,38.200001,0.500001,38.903675,38.903675,40.000000,0.000000,0,nan,nan,nan,nan,-1,0,0,-1,0,0,SAFETY_ABORT,NONE,COLD,20.000000,CONTROL-ONLY POST VALIDATION / PHYSICAL UNVERIFIED
light,20.000000,60,0.100000,20,30,900.000000,0,PREHEAT_TIMEOUT,0,0.000000,0.000000,0.000000,0.000000,0.000000,0.000000,0.000000,0.000000,0.000000,1.000000,900.000000,0,0,nan,nan,nan,nan,-1.000000,37.500000,0.200000,37.700001,38.200001,0.500001,37.888406,37.888406,20.000000,0.000000,0,nan,nan,nan,nan,-1,0,0,-1,0,0,FAIL_CLEANLY,NONE,COLD,20.000000,CONTROL-ONLY POST VALIDATION / PHYSICAL UNVERIFIED
light,20.000000,60,0.100000,20,40,668.000000,0,SAFETY_ABORT,0,0.000000,0.000000,0.000000,0.000000,0.000000,0.000000,0.000000,0.000000,0.000000,1.000000,698.000000,1,1,nan,nan,nan,nan,684.000000,37.500000,0.200000,37.700001,38.200001,0.500001,39.078767,39.078767,20.000000,0.000000,0,nan,nan,nan,nan,-1,0,0,-1,0,0,SAFETY_ABORT,NONE,COLD,20.000000,CONTROL-ONLY POST VALIDATION / PHYSICAL UNVERIFIED
light,20.000000,60,0.100000,20,50,530.000000,0,SAFETY_ABORT,0,0.000000,0.000000,0.000000,0.000000,0.000000,0.000000,0.000000,0.000000,0.000000,1.000000,550.000000,1,1,nan,nan,nan,nan,542.000000,37.500000,0.200000,37.700001,38.200001,0.500001,39.678616,39.678616,20.000000,0.000000,0,nan,nan,nan,nan,-1,0,0,-1,0,0,SAFETY_ABORT,NONE,COLD,20.000000,CONTROL-ONLY POST VALIDATION / PHYSICAL UNVERIFIED
light,20.000000,60,0.100000,30,30,900.000000,0,PREHEAT_TIMEOUT,0,0.000000,0.000000,0.000000,0.000000,0.000000,0.000000,0.000000,0.000000,0.000000,1.000000,900.000000,0,0,nan,nan,nan,nan,-1.000000,37.500000,0.200000,37.700001,38.200001,0.500001,37.888406,37.888406,30.000000,0.000000,0,nan,nan,nan,nan,-1,0,0,-1,0,0,FAIL_CLEANLY,NONE,COLD,20.000000,CONTROL-ONLY POST VALIDATION / PHYSICAL UNVERIFIED
light,20.000000,60,0.100000,30,40,668.000000,0,SAFETY_ABORT,0,0.000000,0.000000,0.000000,0.000000,0.000000,0.000000,0.000000,0.000000,0.000000,1.000000,698.000000,1,1,nan,nan,nan,nan,684.000000,37.500000,0.200000,37.700001,38.200001,0.500001,39.185644,39.185644,30.000000,0.000000,0,nan,nan,nan,nan,-1,0,0,-1,0,0,SAFETY_ABORT,NONE,COLD,20.000000,CONTROL-ONLY POST VALIDATION / PHYSICAL UNVERIFIED
light,20.000000,60,0.100000,30,50,530.000000,0,SAFETY_ABORT,0,0.000000,0.000000,0.000000,0.000000,0.000000,0.000000,0.000000,0.000000,0.000000,1.000000,550.000000,1,1,nan,nan,nan,nan,542.000000,37.500000,0.200000,37.700001,38.200001,0.500001,39.758885,39.758885,30.000000,0.000000,0,nan,nan,nan,nan,-1,0,0,-1,0,0,SAFETY_ABORT,NONE,COLD,20.000000,CONTROL-ONLY POST VALIDATION / PHYSICAL UNVERIFIED
light,20.000000,60,0.100000,40,30,900.000000,0,PREHEAT_TIMEOUT,0,0.000000,0.000000,0.000000,0.000000,0.000000,0.000000,0.000000,0.000000,0.000000,1.000000,900.000000,0,0,nan,nan,nan,nan,-1.000000,37.500000,0.200000,37.700001,38.200001,0.500001,37.888406,37.888406,40.000000,0.000000,0,nan,nan,nan,nan,-1,0,0,-1,0,0,FAIL_CLEANLY,NONE,COLD,20.000000,CONTROL-ONLY POST VALIDATION / PHYSICAL UNVERIFIED
light,20.000000,60,0.100000,40,40,668.000000,0,SAFETY_ABORT,0,0.000000,0.000000,0.000000,0.000000,0.000000,0.000000,0.000000,0.000000,0.000000,1.000000,698.000000,1,1,nan,nan,nan,nan,684.000000,37.500000,0.200000,37.700001,38.200001,0.500001,39.307649,39.307649,40.000000,0.000000,0,nan,nan,nan,nan,-1,0,0,-1,0,0,SAFETY_ABORT,NONE,COLD,20.000000,CONTROL-ONLY POST VALIDATION / PHYSICAL UNVERIFIED
light,20.000000,60,0.100000,40,50,530.000000,0,SAFETY_ABORT,0,0.000000,0.000000,0.000000,0.000000,0.000000,0.000000,0.000000,0.000000,0.000000,1.000000,550.000000,1,1,nan,nan,nan,nan,542.000000,37.500000,0.200000,37.700001,38.200001,0.500001,39.844792,39.844792,40.000000,0.000000,0,nan,nan,nan,nan,-1,0,0,-1,0,0,SAFETY_ABORT,NONE,COLD,20.000000,CONTROL-ONLY POST VALIDATION / PHYSICAL UNVERIFIED
light,20.000000,60,0.010000,20,30,900.000000,0,PREHEAT_TIMEOUT,0,0.000000,0.000000,0.000000,0.000000,0.000000,0.000000,0.000000,0.000000,0.000000,1.000000,900.000000,0,0,nan,nan,nan,nan,-1.000000,37.500000,0.200000,37.700001,38.200001,0.500001,37.888406,37.888406,20.000000,0.000000,0,nan,nan,nan,nan,-1,0,0,-1,0,0,FAIL_CLEANLY,NONE,COLD,20.000000,CONTROL-ONLY POST VALIDATION / PHYSICAL UNVERIFIED
light,20.000000,60,0.010000,20,40,668.000000,0,SAFETY_ABORT,0,0.000000,0.000000,0.000000,0.000000,0.000000,0.000000,0.000000,0.000000,0.000000,1.000000,700.000000,1,1,nan,nan,nan,nan,684.000000,37.500000,0.200000,37.700001,38.200001,0.500001,39.078767,39.078767,20.000000,0.000000,0,nan,nan,nan,nan,-1,0,0,-1,0,0,SAFETY_ABORT,NONE,COLD,20.000000,CONTROL-ONLY POST VALIDATION / PHYSICAL UNVERIFIED
light,20.000000,60,0.010000,20,50,530.000000,0,SAFETY_ABORT,0,0.000000,0.000000,0.000000,0.000000,0.000000,0.000000,0.000000,0.000000,0.000000,1.000000,552.000000,1,1,nan,nan,nan,nan,542.000000,37.500000,0.200000,37.700001,38.200001,0.500001,39.678616,39.678616,20.000000,0.000000,0,nan,nan,nan,nan,-1,0,0,-1,0,0,SAFETY_ABORT,NONE,COLD,20.000000,CONTROL-ONLY POST VALIDATION / PHYSICAL UNVERIFIED
light,20.000000,60,0.010000,30,30,900.000000,0,PREHEAT_TIMEOUT,0,0.000000,0.000000,0.000000,0.000000,0.000000,0.000000,0.000000,0.000000,0.000000,1.000000,900.000000,0,0,nan,nan,nan,nan,-1.000000,37.500000,0.200000,37.700001,38.200001,0.500001,37.888406,37.888406,30.000000,0.000000,0,nan,nan,nan,nan,-1,0,0,-1,0,0,FAIL_CLEANLY,NONE,COLD,20.000000,CONTROL-ONLY POST VALIDATION / PHYSICAL UNVERIFIED
light,20.000000,60,0.010000,30,40,668.000000,0,SAFETY_ABORT,0,0.000000,0.000000,0.000000,0.000000,0.000000,0.000000,0.000000,0.000000,0.000000,1.000000,700.000000,1,1,nan,nan,nan,nan,684.000000,37.500000,0.200000,37.700001,38.200001,0.500001,39.185644,39.185644,30.000000,0.000000,0,nan,nan,nan,nan,-1,0,0,-1,0,0,SAFETY_ABORT,NONE,COLD,20.000000,CONTROL-ONLY POST VALIDATION / PHYSICAL UNVERIFIED
light,20.000000,60,0.010000,30,50,530.000000,0,SAFETY_ABORT,0,0.000000,0.000000,0.000000,0.000000,0.000000,0.000000,0.000000,0.000000,0.000000,1.000000,552.000000,1,1,nan,nan,nan,nan,542.000000,37.500000,0.200000,37.700001,38.200001,0.500001,39.758885,39.758885,30.000000,0.000000,0,nan,nan,nan,nan,-1,0,0,-1,0,0,SAFETY_ABORT,NONE,COLD,20.000000,CONTROL-ONLY POST VALIDATION / PHYSICAL UNVERIFIED
light,20.000000,60,0.010000,40,30,900.000000,0,PREHEAT_TIMEOUT,0,0.000000,0.000000,0.000000,0.000000,0.000000,0.000000,0.000000,0.000000,0.000000,1.000000,900.000000,0,0,nan,nan,nan,nan,-1.000000,37.500000,0.200000,37.700001,38.200001,0.500001,37.888406,37.888406,40.000000,0.000000,0,nan,nan,nan,nan,-1,0,0,-1,0,0,FAIL_CLEANLY,NONE,COLD,20.000000,CONTROL-ONLY POST VALIDATION / PHYSICAL UNVERIFIED
light,20.000000,60,0.010000,40,40,668.000000,0,SAFETY_ABORT,0,0.000000,0.000000,0.000000,0.000000,0.000000,0.000000,0.000000,0.000000,0.000000,1.000000,700.000000,1,1,nan,nan,nan,nan,684.000000,37.500000,0.200000,37.700001,38.200001,0.500001,39.307649,39.307649,40.000000,0.000000,0,nan,nan,nan,nan,-1,0,0,-1,0,0,SAFETY_ABORT,NONE,COLD,20.000000,CONTROL-ONLY POST VALIDATION / PHYSICAL UNVERIFIED
light,20.000000,60,0.010000,40,50,530.000000,0,SAFETY_ABORT,0,0.000000,0.000000,0.000000,0.000000,0.000000,0.000000,0.000000,0.000000,0.000000,1.000000,552.000000,1,1,nan,nan,nan,nan,542.000000,37.500000,0.200000,37.700001,38.200001,0.500001,39.844792,39.844792,40.000000,0.000000,0,nan,nan,nan,nan,-1,0,0,-1,0,0,SAFETY_ABORT,NONE,COLD,20.000000,CONTROL-ONLY POST VALIDATION / PHYSICAL UNVERIFIED
light,25.000000,5,0.100000,20,30,576.000000,1,SUCCESS,3,0.321979,176.666687,83.333336,93.333344,0.892857,39.544189,7.132075,0.018350,199.999985,2.520253,1310.000000,0,0,0.039951,0.040748,0.001952,1.869960,602.000000,37.500000,0.200000,37.700001,38.200001,0.500001,37.861868,37.861868,20.000000,0.000000,0,0.035661,0.064475,0.138002,2.524735,910,1,1,1409,1,1,BAD,NONE,COLD,25.000000,CONTROL-ONLY POST VALIDATION / PHYSICAL UNVERIFIED
light,25.000000,5,0.100000,20,40,418.000000,1,SUCCESS,3,0.327175,177.333344,83.333336,94.000008,0.886525,38.916142,7.105262,0.018212,199.999985,2.489585,1152.000000,0,0,0.045948,0.046754,0.001940,1.864162,434.000000,37.500000,0.200000,37.700001,38.200001,0.500001,37.916879,37.916879,20.000000,0.000000,0,0.035661,0.064475,0.138002,2.524735,910,1,1,1414,1,1,BAD,NONE,COLD,25.000000,CONTROL-ONLY POST VALIDATION / PHYSICAL UNVERIFIED
light,25.000000,5,0.100000,20,50,330.000000,1,SUCCESS,3,0.339515,179.333344,84.000008,95.333344,0.881119,37.501709,7.026022,0.017808,199.999985,2.426157,1078.000000,0,0,0.033003,0.033846,0.002432,1.863424,342.000000,37.500000,0.200000,37.700001,38.200001,0.500001,38.013436,38.013436,20.000000,0.000000,0,0.035661,0.064475,0.138002,2.524735,910,1,1,1431,1,1,BAD,NONE,COLD,25.000000,CONTROL-ONLY POST VALIDATION / PHYSICAL UNVERIFIED
light,25.000000,5,0.100000,30,30,576.000000,1,SUCCESS,3,0.349638,158.000000,50.000004,108.000015,0.462963,54.623909,7.974683,0.022942,199.999985,3.113484,1234.000000,0,0,0.042097,0.042889,0.001929,1.851415,598.000000,37.500000,0.200000,37.700001,38.200001,0.500001,37.978412,37.978412,30.000000,0.000000,0,0.035661,0.064475,0.138002,2.524735,910,1,1,1250,1,1,BAD,NONE,COLD,25.000000,CONTROL-ONLY POST VALIDATION / PHYSICAL UNVERIFIED
light,25.000000,5,0.100000,30,40,418.000000,1,SUCCESS,3,0.349638,158.000000,50.000004,108.000015,0.462963,54.623909,7.974683,0.022942,199.999985,3.113484,1076.000000,0,0,0.042097,0.042889,0.001929,1.851415,434.000000,37.500000,0.200000,37.700001,38.200001,0.500001,38.030591,38.030591,30.000000,0.000000,0,0.035661,0.064475,0.138002,2.524735,910,1,1,1250,1,1,BAD,NONE,COLD,25.000000,CONTROL-ONLY POST VALIDATION / PHYSICAL UNVERIFIED
light,25.000000,5,0.100000,30,50,330.000000,1,SUCCESS,3,0.349578,158.000000,50.000004,108.000015,0.462963,54.633339,7.974683,0.022942,199.999985,3.114022,992.000000,0,0,0.042097,0.042889,0.001929,1.851415,342.000000,37.500000,0.200000,37.700001,38.200001,0.500001,38.100362,38.100362,30.000000,0.000000,0,0.035661,0.064475,0.138002,2.524735,910,1,1,1250,1,1,BAD,NONE,COLD,25.000000,CONTROL-ONLY POST VALIDATION / PHYSICAL UNVERIFIED
light,25.000000,5,0.100000,40,30,576.000000,0,SAFETY_ABORT,1,0.000000,0.000000,0.000000,0.000000,0.000000,0.000000,0.000000,0.000000,0.000000,1.000000,938.000000,0,0,nan,nan,nan,nan,594.000000,37.500000,0.200000,37.700001,38.200001,0.500001,38.159465,38.159465,40.000000,0.000000,0,nan,nan,nan,nan,-1,0,0,-1,0,0,SAFETY_ABORT,NONE,COLD,25.000000,CONTROL-ONLY POST VALIDATION / PHYSICAL UNVERIFIED
light,25.000000,5,0.100000,40,40,418.000000,0,SAFETY_ABORT,0,0.000000,0.000000,0.000000,0.000000,0.000000,0.000000,0.000000,0.000000,0.000000,1.000000,446.000000,0,0,nan,nan,nan,nan,434.000000,37.500000,0.200000,37.700001,38.200001,0.500001,38.168440,38.168440,40.000000,0.000000,0,nan,nan,nan,nan,-1,0,0,-1,0,0,SAFETY_ABORT,NONE,COLD,25.000000,CONTROL-ONLY POST VALIDATION / PHYSICAL UNVERIFIED
light,25.000000,5,0.100000,40,50,330.000000,0,SAFETY_ABORT,0,0.000000,0.000000,0.000000,0.000000,0.000000,0.000000,0.000000,0.000000,0.000000,1.000000,352.000000,0,0,nan,nan,nan,nan,342.000000,37.500000,0.200000,37.700001,38.200001,0.500001,38.191781,38.191781,40.000000,0.000000,0,nan,nan,nan,nan,-1,0,0,-1,0,0,SAFETY_ABORT,NONE,COLD,25.000000,CONTROL-ONLY POST VALIDATION / PHYSICAL UNVERIFIED
light,25.000000,5,0.010000,20,30,576.000000,1,SUCCESS,3,0.313190,167.333359,78.666664,88.666672,0.887218,40.653923,7.529879,0.020454,199.999969,2.454097,1272.000000,0,0,0.004154,0.005002,0.002162,1.920869,602.000000,37.500000,0.200000,37.700001,38.200001,0.500001,37.846331,37.846331,20.000000,0.000000,0,0.003649,0.006777,0.015075,2.522533,907,1,1,1333,1,1,BAD,NONE,COLD,25.000000,CONTROL-ONLY POST VALIDATION / PHYSICAL UNVERIFIED
light,25.000000,5,0.010000,20,40,418.000000,1,SUCCESS,3,0.314192,167.333359,78.666664,88.666672,0.887218,40.524189,7.529879,0.020454,199.999985,2.446266,1116.000000,0,0,0.004154,0.005002,0.002162,1.920869,434.000000,37.500000,0.200000,37.700001,38.200001,0.500001,37.916879,37.916879,20.000000,0.000000,0,0.003649,0.006777,0.015075,2.522533,907,1,1,1333,1,1,BAD,NONE,COLD,25.000000,CONTROL-ONLY POST VALIDATION / PHYSICAL UNVERIFIED
light,25.000000,5,0.010000,20,50,330.000000,1,SUCCESS,3,0.313596,167.333359,78.666664,88.666672,0.887218,40.601261,7.529879,0.020454,199.999969,2.450918,1036.000000,0,0,0.004154,0.005002,0.002162,1.920869,342.000000,37.500000,0.200000,37.700001,38.200001,0.500001,38.013436,38.013436,20.000000,0.000000,0,0.003649,0.006777,0.015075,2.522533,907,1,1,1333,1,1,BAD,NONE,COLD,25.000000,CONTROL-ONLY POST VALIDATION / PHYSICAL UNVERIFIED
light,25.000000,5,0.010000,30,30,576.000000,1,SUCCESS,3,0.375382,158.000000,50.000004,108.000015,0.462963,50.877739,7.974682,0.022942,199.999985,2.899958,1230.000000,0,0,0.004118,0.004965,0.002154,1.868980,598.000000,37.500000,0.200000,37.700001,38.200001,0.500001,37.978412,37.978412,30.000000,0.000000,0,0.003649,0.006777,0.015075,2.522533,907,1,1,1253,1,1,BAD,NONE,COLD,25.000000,CONTROL-ONLY POST VALIDATION / PHYSICAL UNVERIFIED
light,25.000000,5,0.010000,30,40,418.000000,1,SUCCESS,3,0.375324,158.000000,50.000004,108.000015,0.462963,50.885666,7.974683,0.022942,199.999985,2.900410,1066.000000,0,0,0.004134,0.004978,0.002166,1.868980,432.000000,37.500000,0.200000,37.700001,38.200001,0.500001,37.993823,37.993823,30.000000,0.000000,0,0.003649,0.006777,0.015075,2.522533,907,1,1,1253,1,1,BAD,NONE,COLD,25.000000,CONTROL-ONLY POST VALIDATION / PHYSICAL UNVERIFIED
light,25.000000,5,0.010000,30,50,330.000000,1,SUCCESS,3,0.375857,158.000000,50.000004,108.000015,0.462963,50.813446,7.974683,0.022942,199.999985,2.896293,990.000000,0,0,0.004152,0.004999,0.002162,1.868980,342.000000,37.500000,0.200000,37.700001,38.200001,0.500001,38.100362,38.100362,30.000000,0.000000,0,0.003649,0.006777,0.015075,2.522533,907,1,1,1253,1,1,BAD,NONE,COLD,25.000000,CONTROL-ONLY POST VALIDATION / PHYSICAL UNVERIFIED
light,25.000000,5,0.010000,40,30,576.000000,1,SUCCESS,3,0.447488,167.333344,40.000000,127.333344,0.314136,56.906151,7.529880,0.020454,199.999985,3.435172,1262.000000,0,0,0.004156,0.004996,0.002161,1.920865,596.000000,37.500000,0.200000,37.700001,38.200001,0.500001,38.124924,38.124924,40.000000,0.000000,0,0.003649,0.006777,0.015075,2.522533,907,1,1,1333,1,1,BAD,NONE,COLD,25.000000,CONTROL-ONLY POST VALIDATION / PHYSICAL UNVERIFIED
light,25.000000,5,0.010000,40,40,418.000000,1,SUCCESS,3,0.447488,167.333344,40.000000,127.333344,0.314136,56.906151,7.529880,0.020454,199.999985,3.435172,1100.000000,0,0,0.004156,0.004996,0.002161,1.920865,432.000000,37.500000,0.200000,37.700001,38.200001,0.500001,38.125024,38.125024,40.000000,0.000000,0,0.003649,0.006777,0.015075,2.522533,907,1,1,1333,1,1,BAD,NONE,COLD,25.000000,CONTROL-ONLY POST VALIDATION / PHYSICAL UNVERIFIED
light,25.000000,5,0.010000,40,50,330.000000,1,SUCCESS,3,0.447248,167.333344,40.000000,127.333344,0.314136,56.936649,7.529880,0.020454,199.999985,3.437013,1020.000000,0,0,0.004156,0.004996,0.002161,1.920865,342.000000,37.500000,0.200000,37.700001,38.200001,0.500001,38.191781,38.191781,40.000000,0.000000,0,0.003649,0.006777,0.015075,2.522533,907,1,1,1333,1,1,BAD,NONE,COLD,25.000000,CONTROL-ONLY POST VALIDATION / PHYSICAL UNVERIFIED
light,25.000000,15,0.100000,20,30,586.000000,1,SUCCESS,3,0.399786,216.000000,102.000015,114.000000,0.894737,31.848028,5.833333,0.012276,199.999985,2.481665,1474.000000,0,0,0.043396,0.044182,0.001935,1.761135,608.000000,37.500000,0.200000,37.700001,38.200001,0.500001,37.984072,37.984072,20.000000,0.000000,0,0.237506,0.434158,0.768564,3.190866,-1,1,1,1719,1,1,BAD,NONE,COLD,25.000000,CONTROL-ONLY POST VALIDATION / PHYSICAL UNVERIFIED
light,25.000000,15,0.100000,20,40,428.000000,0,SAFETY_ABORT,0,0.000000,0.000000,0.000000,0.000000,0.000000,0.000000,0.000000,0.000000,0.000000,1.000000,460.000000,0,0,nan,nan,nan,nan,444.000000,37.500000,0.200000,37.700001,38.200001,0.500001,38.179681,38.179681,20.000000,0.000000,0,nan,nan,nan,nan,-1,0,0,-1,0,0,SAFETY_ABORT,NONE,COLD,25.000000,CONTROL-ONLY POST VALIDATION / PHYSICAL UNVERIFIED
light,25.000000,15,0.100000,20,50,340.000000,0,SAFETY_ABORT,0,0.000000,0.000000,0.000000,0.000000,0.000000,0.000000,0.000000,0.000000,0.000000,1.000000,360.000000,1,0,nan,nan,nan,nan,352.000000,37.500000,0.200000,37.700001,38.200001,0.500001,38.372862,38.372862,20.000000,0.000000,0,nan,nan,nan,nan,-1,0,0,-1,0,0,SAFETY_ABORT,NONE,COLD,25.000000,CONTROL-ONLY POST VALIDATION / PHYSICAL UNVERIFIED
light,25.000000,15,0.100000,30,30,586.000000,0,SAFETY_ABORT,0,0.000000,0.000000,0.000000,0.000000,0.000000,0.000000,0.000000,0.000000,0.000000,1.000000,628.000000,0,0,nan,nan,nan,nan,608.000000,37.500000,0.200000,37.700001,38.200001,0.500001,38.163470,38.163470,30.000000,0.000000,0,nan,nan,nan,nan,-1,0,0,-1,0,0,SAFETY_ABORT,NONE,COLD,25.000000,CONTROL-ONLY POST VALIDATION / PHYSICAL UNVERIFIED
light,25.000000,15,0.100000,30,40,428.000000,0,SAFETY_ABORT,0,0.000000,0.000000,0.000000,0.000000,0.000000,0.000000,0.000000,0.000000,0.000000,1.000000,456.000000,1,0,nan,nan,nan,nan,444.000000,37.500000,0.200000,37.700001,38.200001,0.500001,38.297039,38.297039,30.000000,0.000000,0,nan,nan,nan,nan,-1,0,0,-1,0,0,SAFETY_ABORT,NONE,COLD,25.000000,CONTROL-ONLY POST VALIDATION / PHYSICAL UNVERIFIED
light,25.000000,15,0.100000,30,50,340.000000,0,SAFETY_ABORT,0,0.000000,0.000000,0.000000,0.000000,0.000000,0.000000,0.000000,0.000000,0.000000,1.000000,358.000000,1,0,nan,nan,nan,nan,352.000000,37.500000,0.200000,37.700001,38.200001,0.500001,38.460231,38.460231,30.000000,0.000000,0,nan,nan,nan,nan,-1,0,0,-1,0,0,SAFETY_ABORT,NONE,COLD,25.000000,CONTROL-ONLY POST VALIDATION / PHYSICAL UNVERIFIED
light,25.000000,15,0.100000,40,30,586.000000,0,SAFETY_ABORT,0,0.000000,0.000000,0.000000,0.000000,0.000000,0.000000,0.000000,0.000000,0.000000,1.000000,622.000000,1,0,nan,nan,nan,nan,606.000000,37.500000,0.200000,37.700001,38.200001,0.500001,38.272490,38.272490,40.000000,0.000000,0,nan,nan,nan,nan,-1,0,0,-1,0,0,SAFETY_ABORT,NONE,COLD,25.000000,CONTROL-ONLY POST VALIDATION / PHYSICAL UNVERIFIED
light,25.000000,15,0.100000,40,40,428.000000,0,SAFETY_ABORT,0,0.000000,0.000000,0.000000,0.000000,0.000000,0.000000,0.000000,0.000000,0.000000,1.000000,454.000000,1,0,nan,nan,nan,nan,444.000000,37.500000,0.200000,37.700001,38.200001,0.500001,38.427447,38.427447,40.000000,0.000000,0,nan,nan,nan,nan,-1,0,0,-1,0,0,SAFETY_ABORT,NONE,COLD,25.000000,CONTROL-ONLY POST VALIDATION / PHYSICAL UNVERIFIED
light,25.000000,15,0.100000,40,50,340.000000,0,SAFETY_ABORT,0,0.000000,0.000000,0.000000,0.000000,0.000000,0.000000,0.000000,0.000000,0.000000,1.000000,358.000000,1,0,nan,nan,nan,nan,352.000000,37.500000,0.200000,37.700001,38.200001,0.500001,38.551867,38.551867,40.000000,0.000000,0,nan,nan,nan,nan,-1,0,0,-1,0,0,SAFETY_ABORT,NONE,COLD,25.000000,CONTROL-ONLY POST VALIDATION / PHYSICAL UNVERIFIED
light,25.000000,15,0.010000,20,30,586.000000,1,SUCCESS,3,0.403193,208.000000,98.000000,110.000000,0.890909,31.578947,6.057692,0.013238,199.999985,2.369560,1446.000000,0,0,0.003601,0.004453,0.002152,1.793414,608.000000,37.500000,0.200000,37.700001,38.200001,0.500001,37.984072,37.984072,20.000000,0.000000,0,0.250266,0.457670,0.809399,3.189958,-1,1,1,1655,1,1,BAD,NONE,COLD,25.000000,CONTROL-ONLY POST VALIDATION / PHYSICAL UNVERIFIED
light,25.000000,15,0.010000,20,40,428.000000,1,SUCCESS,3,0.403193,208.000000,98.000000,110.000000,0.890909,31.578947,6.057692,0.013238,199.999985,2.369560,1302.000000,0,0,0.003601,0.004453,0.002152,1.793414,442.000000,37.500000,0.200000,37.700001,38.200001,0.500001,38.164461,38.164461,20.000000,0.000000,0,0.250266,0.457670,0.809399,3.189958,-1,1,1,1655,1,1,BAD,NONE,COLD,25.000000,CONTROL-ONLY POST VALIDATION / PHYSICAL UNVERIFIED
light,25.000000,15,0.010000,20,50,340.000000,0,SAFETY_ABORT,0,0.000000,0.000000,0.000000,0.000000,0.000000,0.000000,0.000000,0.000000,0.000000,1.000000,360.000000,1,0,nan,nan,nan,nan,352.000000,37.500000,0.200000,37.700001,38.200001,0.500001,38.372862,38.372862,20.000000,0.000000,0,nan,nan,nan,nan,-1,0,0,-1,0,0,SAFETY_ABORT,NONE,COLD,25.000000,CONTROL-ONLY POST VALIDATION / PHYSICAL UNVERIFIED
light,25.000000,15,0.010000,30,30,586.000000,1,SUCCESS,3,0.500203,200.666672,64.000000,136.666656,0.468293,38.181652,6.279069,0.014223,199.999985,2.763992,1414.000000,0,0,0.003063,0.003916,0.002163,1.834350,608.000000,37.500000,0.200000,37.700001,38.200001,0.500001,38.163470,38.163470,30.000000,0.000000,0,0.250266,0.457670,0.809399,3.189958,-1,1,1,1592,1,1,BAD,NONE,COLD,25.000000,CONTROL-ONLY POST VALIDATION / PHYSICAL UNVERIFIED
light,25.000000,15,0.010000,30,40,428.000000,0,SAFETY_ABORT,0,0.000000,0.000000,0.000000,0.000000,0.000000,0.000000,0.000000,0.000000,0.000000,1.000000,458.000000,1,0,nan,nan,nan,nan,442.000000,37.500000,0.200000,37.700001,38.200001,0.500001,38.266697,38.266697,30.000000,0.000000,0,nan,nan,nan,nan,-1,0,0,-1,0,0,SAFETY_ABORT,NONE,COLD,25.000000,CONTROL-ONLY POST VALIDATION / PHYSICAL UNVERIFIED
light,25.000000,15,0.010000,30,50,340.000000,0,SAFETY_ABORT,0,0.000000,0.000000,0.000000,0.000000,0.000000,0.000000,0.000000,0.000000,0.000000,1.000000,360.000000,1,0,nan,nan,nan,nan,352.000000,37.500000,0.200000,37.700001,38.200001,0.500001,38.460231,38.460231,30.000000,0.000000,0,nan,nan,nan,nan,-1,0,0,-1,0,0,SAFETY_ABORT,NONE,COLD,25.000000,CONTROL-ONLY POST VALIDATION / PHYSICAL UNVERIFIED
light,25.000000,15,0.010000,40,30,586.000000,0,SAFETY_ABORT,0,0.000000,0.000000,0.000000,0.000000,0.000000,0.000000,0.000000,0.000000,0.000000,1.000000,624.000000,1,0,nan,nan,nan,nan,608.000000,37.500000,0.200000,37.700001,38.200001,0.500001,38.331840,38.331840,40.000000,0.000000,0,nan,nan,nan,nan,-1,0,0,-1,0,0,SAFETY_ABORT,NONE,COLD,25.000000,CONTROL-ONLY POST VALIDATION / PHYSICAL UNVERIFIED
light,25.000000,15,0.010000,40,40,428.000000,0,SAFETY_ABORT,0,0.000000,0.000000,0.000000,0.000000,0.000000,0.000000,0.000000,0.000000,0.000000,1.000000,456.000000,1,0,nan,nan,nan,nan,442.000000,37.500000,0.200000,37.700001,38.200001,0.500001,38.367870,38.367870,40.000000,0.000000,0,nan,nan,nan,nan,-1,0,0,-1,0,0,SAFETY_ABORT,NONE,COLD,25.000000,CONTROL-ONLY POST VALIDATION / PHYSICAL UNVERIFIED
light,25.000000,15,0.010000,40,50,340.000000,0,SAFETY_ABORT,0,0.000000,0.000000,0.000000,0.000000,0.000000,0.000000,0.000000,0.000000,0.000000,1.000000,360.000000,1,0,nan,nan,nan,nan,352.000000,37.500000,0.200000,37.700001,38.200001,0.500001,38.551867,38.551867,40.000000,0.000000,0,nan,nan,nan,nan,-1,0,0,-1,0,0,SAFETY_ABORT,NONE,COLD,25.000000,CONTROL-ONLY POST VALIDATION / PHYSICAL UNVERIFIED
light,25.000000,30,0.100000,20,30,600.000000,0,SAFETY_ABORT,0,0.000000,0.000000,0.000000,0.000000,0.000000,0.000000,0.000000,0.000000,0.000000,1.000000,646.000000,1,0,nan,nan,nan,nan,622.000000,37.500000,0.200000,37.700001,38.200001,0.500001,38.232363,38.232363,20.000000,0.000000,0,nan,nan,nan,nan,-1,0,0,-1,0,0,SAFETY_ABORT,NONE,COLD,25.000000,CONTROL-ONLY POST VALIDATION / PHYSICAL UNVERIFIED
light,25.000000,30,0.100000,20,40,444.000000,0,SAFETY_ABORT,0,0.000000,0.000000,0.000000,0.000000,0.000000,0.000000,0.000000,0.000000,0.000000,1.000000,468.000000,1,0,nan,nan,nan,nan,458.000000,37.500000,0.200000,37.700001,38.200001,0.500001,38.582062,38.582062,20.000000,0.000000,0,nan,nan,nan,nan,-1,0,0,-1,0,0,SAFETY_ABORT,NONE,COLD,25.000000,CONTROL-ONLY POST VALIDATION / PHYSICAL UNVERIFIED
light,25.000000,30,0.100000,20,50,356.000000,0,SAFETY_ABORT,0,0.000000,0.000000,0.000000,0.000000,0.000000,0.000000,0.000000,0.000000,0.000000,1.000000,374.000000,1,0,nan,nan,nan,nan,366.000000,37.500000,0.200000,37.700001,38.200001,0.500001,38.906827,38.906827,20.000000,0.000000,0,nan,nan,nan,nan,-1,0,0,-1,0,0,SAFETY_ABORT,NONE,COLD,25.000000,CONTROL-ONLY POST VALIDATION / PHYSICAL UNVERIFIED
light,25.000000,30,0.100000,30,30,600.000000,0,SAFETY_ABORT,0,0.000000,0.000000,0.000000,0.000000,0.000000,0.000000,0.000000,0.000000,0.000000,1.000000,642.000000,1,0,nan,nan,nan,nan,622.000000,37.500000,0.200000,37.700001,38.200001,0.500001,38.405852,38.405852,30.000000,0.000000,0,nan,nan,nan,nan,-1,0,0,-1,0,0,SAFETY_ABORT,NONE,COLD,25.000000,CONTROL-ONLY POST VALIDATION / PHYSICAL UNVERIFIED
light,25.000000,30,0.100000,30,40,444.000000,0,SAFETY_ABORT,0,0.000000,0.000000,0.000000,0.000000,0.000000,0.000000,0.000000,0.000000,0.000000,1.000000,468.000000,1,0,nan,nan,nan,nan,458.000000,37.500000,0.200000,37.700001,38.200001,0.500001,38.689253,38.689253,30.000000,0.000000,0,nan,nan,nan,nan,-1,0,0,-1,0,0,SAFETY_ABORT,NONE,COLD,25.000000,CONTROL-ONLY POST VALIDATION / PHYSICAL UNVERIFIED
light,25.000000,30,0.100000,30,50,356.000000,0,SAFETY_ABORT,0,0.000000,0.000000,0.000000,0.000000,0.000000,0.000000,0.000000,0.000000,0.000000,1.000000,374.000000,1,0,nan,nan,nan,nan,366.000000,37.500000,0.200000,37.700001,38.200001,0.500001,38.977777,38.977777,30.000000,0.000000,0,nan,nan,nan,nan,-1,0,0,-1,0,0,SAFETY_ABORT,NONE,COLD,25.000000,CONTROL-ONLY POST VALIDATION / PHYSICAL UNVERIFIED
light,25.000000,30,0.100000,40,30,600.000000,0,SAFETY_ABORT,0,0.000000,0.000000,0.000000,0.000000,0.000000,0.000000,0.000000,0.000000,0.000000,1.000000,640.000000,1,0,nan,nan,nan,nan,622.000000,37.500000,0.200000,37.700001,38.200001,0.500001,38.580487,38.580487,40.000000,0.000000,0,nan,nan,nan,nan,-1,0,0,-1,0,0,SAFETY_ABORT,NONE,COLD,25.000000,CONTROL-ONLY POST VALIDATION / PHYSICAL UNVERIFIED
light,25.000000,30,0.100000,40,40,444.000000,0,SAFETY_ABORT,0,0.000000,0.000000,0.000000,0.000000,0.000000,0.000000,0.000000,0.000000,0.000000,1.000000,468.000000,1,0,nan,nan,nan,nan,458.000000,37.500000,0.200000,37.700001,38.200001,0.500001,38.803180,38.803180,40.000000,0.000000,0,nan,nan,nan,nan,-1,0,0,-1,0,0,SAFETY_ABORT,NONE,COLD,25.000000,CONTROL-ONLY POST VALIDATION / PHYSICAL UNVERIFIED
light,25.000000,30,0.100000,40,50,356.000000,0,SAFETY_ABORT,0,0.000000,0.000000,0.000000,0.000000,0.000000,0.000000,0.000000,0.000000,0.000000,1.000000,374.000000,1,1,nan,nan,nan,nan,366.000000,37.500000,0.200000,37.700001,38.200001,0.500001,39.059121,39.059121,40.000000,0.000000,0,nan,nan,nan,nan,-1,0,0,-1,0,0,SAFETY_ABORT,NONE,COLD,25.000000,CONTROL-ONLY POST VALIDATION / PHYSICAL UNVERIFIED
light,25.000000,30,0.010000,20,30,600.000000,0,SAFETY_ABORT,0,0.000000,0.000000,0.000000,0.000000,0.000000,0.000000,0.000000,0.000000,0.000000,1.000000,652.000000,1,0,nan,nan,nan,nan,622.000000,37.500000,0.200000,37.700001,38.200001,0.500001,38.232363,38.232363,20.000000,0.000000,0,nan,nan,nan,nan,-1,0,0,-1,0,0,SAFETY_ABORT,NONE,COLD,25.000000,CONTROL-ONLY POST VALIDATION / PHYSICAL UNVERIFIED
light,25.000000,30,0.010000,20,40,442.000000,0,SAFETY_ABORT,0,0.000000,0.000000,0.000000,0.000000,0.000000,0.000000,0.000000,0.000000,0.000000,1.000000,470.000000,1,0,nan,nan,nan,nan,458.000000,37.500000,0.200000,37.700001,38.200001,0.500001,38.553494,38.553494,20.000000,0.000000,0,nan,nan,nan,nan,-1,0,0,-1,0,0,SAFETY_ABORT,NONE,COLD,25.000000,CONTROL-ONLY POST VALIDATION / PHYSICAL UNVERIFIED
light,25.000000,30,0.010000,20,50,356.000000,0,SAFETY_ABORT,0,0.000000,0.000000,0.000000,0.000000,0.000000,0.000000,0.000000,0.000000,0.000000,1.000000,374.000000,1,0,nan,nan,nan,nan,366.000000,37.500000,0.200000,37.700001,38.200001,0.500001,38.906827,38.906827,20.000000,0.000000,0,nan,nan,nan,nan,-1,0,0,-1,0,0,SAFETY_ABORT,NONE,COLD,25.000000,CONTROL-ONLY POST VALIDATION / PHYSICAL UNVERIFIED
light,25.000000,30,0.010000,30,30,600.000000,0,SAFETY_ABORT,0,0.000000,0.000000,0.000000,0.000000,0.000000,0.000000,0.000000,0.000000,0.000000,1.000000,644.000000,1,0,nan,nan,nan,nan,622.000000,37.500000,0.200000,37.700001,38.200001,0.500001,38.405852,38.405852,30.000000,0.000000,0,nan,nan,nan,nan,-1,0,0,-1,0,0,SAFETY_ABORT,NONE,COLD,25.000000,CONTROL-ONLY POST VALIDATION / PHYSICAL UNVERIFIED
light,25.000000,30,0.010000,30,40,442.000000,0,SAFETY_ABORT,0,0.000000,0.000000,0.000000,0.000000,0.000000,0.000000,0.000000,0.000000,0.000000,1.000000,470.000000,1,0,nan,nan,nan,nan,458.000000,37.500000,0.200000,37.700001,38.200001,0.500001,38.666316,38.666316,30.000000,0.000000,0,nan,nan,nan,nan,-1,0,0,-1,0,0,SAFETY_ABORT,NONE,COLD,25.000000,CONTROL-ONLY POST VALIDATION / PHYSICAL UNVERIFIED
light,25.000000,30,0.010000,30,50,356.000000,0,SAFETY_ABORT,0,0.000000,0.000000,0.000000,0.000000,0.000000,0.000000,0.000000,0.000000,0.000000,1.000000,374.000000,1,0,nan,nan,nan,nan,366.000000,37.500000,0.200000,37.700001,38.200001,0.500001,38.977777,38.977777,30.000000,0.000000,0,nan,nan,nan,nan,-1,0,0,-1,0,0,SAFETY_ABORT,NONE,COLD,25.000000,CONTROL-ONLY POST VALIDATION / PHYSICAL UNVERIFIED
light,25.000000,30,0.010000,40,30,600.000000,0,SAFETY_ABORT,0,0.000000,0.000000,0.000000,0.000000,0.000000,0.000000,0.000000,0.000000,0.000000,1.000000,642.000000,1,0,nan,nan,nan,nan,622.000000,37.500000,0.200000,37.700001,38.200001,0.500001,38.580487,38.580487,40.000000,0.000000,0,nan,nan,nan,nan,-1,0,0,-1,0,0,SAFETY_ABORT,NONE,COLD,25.000000,CONTROL-ONLY POST VALIDATION / PHYSICAL UNVERIFIED
light,25.000000,30,0.010000,40,40,442.000000,0,SAFETY_ABORT,0,0.000000,0.000000,0.000000,0.000000,0.000000,0.000000,0.000000,0.000000,0.000000,1.000000,470.000000,1,0,nan,nan,nan,nan,458.000000,37.500000,0.200000,37.700001,38.200001,0.500001,38.803180,38.803180,40.000000,0.000000,0,nan,nan,nan,nan,-1,0,0,-1,0,0,SAFETY_ABORT,NONE,COLD,25.000000,CONTROL-ONLY POST VALIDATION / PHYSICAL UNVERIFIED
light,25.000000,30,0.010000,40,50,356.000000,0,SAFETY_ABORT,0,0.000000,0.000000,0.000000,0.000000,0.000000,0.000000,0.000000,0.000000,0.000000,1.000000,374.000000,1,1,nan,nan,nan,nan,366.000000,37.500000,0.200000,37.700001,38.200001,0.500001,39.059121,39.059121,40.000000,0.000000,0,nan,nan,nan,nan,-1,0,0,-1,0,0,SAFETY_ABORT,NONE,COLD,25.000000,CONTROL-ONLY POST VALIDATION / PHYSICAL UNVERIFIED
light,25.000000,60,0.100000,20,30,630.000000,0,SAFETY_ABORT,0,0.000000,0.000000,0.000000,0.000000,0.000000,0.000000,0.000000,0.000000,0.000000,1.000000,672.000000,1,0,nan,nan,nan,nan,652.000000,37.500000,0.200000,37.700001,38.200001,0.500001,38.758360,38.758360,20.000000,0.000000,0,nan,nan,nan,nan,-1,0,0,-1,0,0,SAFETY_ABORT,NONE,COLD,25.000000,CONTROL-ONLY POST VALIDATION / PHYSICAL UNVERIFIED
light,25.000000,60,0.100000,20,40,474.000000,0,SAFETY_ABORT,0,0.000000,0.000000,0.000000,0.000000,0.000000,0.000000,0.000000,0.000000,0.000000,1.000000,498.000000,1,1,nan,nan,nan,nan,488.000000,37.500000,0.200000,37.700001,38.200001,0.500001,39.363992,39.363992,20.000000,0.000000,0,nan,nan,nan,nan,-1,0,0,-1,0,0,SAFETY_ABORT,NONE,COLD,25.000000,CONTROL-ONLY POST VALIDATION / PHYSICAL UNVERIFIED
light,25.000000,60,0.100000,20,50,386.000000,0,SAFETY_ABORT,0,0.000000,0.000000,0.000000,0.000000,0.000000,0.000000,0.000000,0.000000,0.000000,1.000000,404.000000,1,1,nan,nan,nan,nan,396.000000,37.500000,0.200000,37.700001,38.200001,0.500001,39.945095,39.945095,20.000000,0.000000,0,nan,nan,nan,nan,-1,0,0,-1,0,0,SAFETY_ABORT,NONE,COLD,25.000000,CONTROL-ONLY POST VALIDATION / PHYSICAL UNVERIFIED
light,25.000000,60,0.100000,30,30,630.000000,0,SAFETY_ABORT,0,0.000000,0.000000,0.000000,0.000000,0.000000,0.000000,0.000000,0.000000,0.000000,1.000000,672.000000,1,0,nan,nan,nan,nan,652.000000,37.500000,0.200000,37.700001,38.200001,0.500001,38.930723,38.930723,30.000000,0.000000,0,nan,nan,nan,nan,-1,0,0,-1,0,0,SAFETY_ABORT,NONE,COLD,25.000000,CONTROL-ONLY POST VALIDATION / PHYSICAL UNVERIFIED
light,25.000000,60,0.100000,30,40,474.000000,0,SAFETY_ABORT,0,0.000000,0.000000,0.000000,0.000000,0.000000,0.000000,0.000000,0.000000,0.000000,1.000000,498.000000,1,1,nan,nan,nan,nan,488.000000,37.500000,0.200000,37.700001,38.200001,0.500001,39.469757,39.469757,30.000000,0.000000,0,nan,nan,nan,nan,-1,0,0,-1,0,0,SAFETY_ABORT,NONE,COLD,25.000000,CONTROL-ONLY POST VALIDATION / PHYSICAL UNVERIFIED
light,25.000000,60,0.100000,30,50,386.000000,0,SAFETY_ABORT,0,0.000000,0.000000,0.000000,0.000000,0.000000,0.000000,0.000000,0.000000,0.000000,1.000000,404.000000,1,1,nan,nan,nan,nan,396.000000,37.500000,0.200000,37.700001,38.200001,0.500001,40.014769,40.014769,30.000000,0.000000,0,nan,nan,nan,nan,-1,0,0,-1,0,0,SAFETY_ABORT,NONE,COLD,25.000000,CONTROL-ONLY POST VALIDATION / PHYSICAL UNVERIFIED
light,25.000000,60,0.100000,40,30,630.000000,0,SAFETY_ABORT,0,0.000000,0.000000,0.000000,0.000000,0.000000,0.000000,0.000000,0.000000,0.000000,1.000000,672.000000,1,1,nan,nan,nan,nan,652.000000,37.500000,0.200000,37.700001,38.200001,0.500001,39.104648,39.104648,40.000000,0.000000,0,nan,nan,nan,nan,-1,0,0,-1,0,0,SAFETY_ABORT,NONE,COLD,25.000000,CONTROL-ONLY POST VALIDATION / PHYSICAL UNVERIFIED
light,25.000000,60,0.100000,40,40,474.000000,0,SAFETY_ABORT,0,0.000000,0.000000,0.000000,0.000000,0.000000,0.000000,0.000000,0.000000,0.000000,1.000000,498.000000,1,1,nan,nan,nan,nan,488.000000,37.500000,0.200000,37.700001,38.200001,0.500001,39.582664,39.582664,40.000000,0.000000,0,nan,nan,nan,nan,-1,0,0,-1,0,0,SAFETY_ABORT,NONE,COLD,25.000000,CONTROL-ONLY POST VALIDATION / PHYSICAL UNVERIFIED
light,25.000000,60,0.100000,40,50,386.000000,0,SAFETY_ABORT,0,0.000000,0.000000,0.000000,0.000000,0.000000,0.000000,0.000000,0.000000,0.000000,1.000000,404.000000,1,1,nan,nan,nan,nan,396.000000,37.500000,0.200000,37.700001,38.200001,0.500001,40.094966,40.094966,40.000000,0.000000,0,nan,nan,nan,nan,-1,0,0,-1,0,0,SAFETY_ABORT,NONE,COLD,25.000000,CONTROL-ONLY POST VALIDATION / PHYSICAL UNVERIFIED
light,25.000000,60,0.010000,20,30,630.000000,0,SAFETY_ABORT,0,0.000000,0.000000,0.000000,0.000000,0.000000,0.000000,0.000000,0.000000,0.000000,1.000000,674.000000,1,0,nan,nan,nan,nan,652.000000,37.500000,0.200000,37.700001,38.200001,0.500001,38.758360,38.758360,20.000000,0.000000,0,nan,nan,nan,nan,-1,0,0,-1,0,0,SAFETY_ABORT,NONE,COLD,25.000000,CONTROL-ONLY POST VALIDATION / PHYSICAL UNVERIFIED
light,25.000000,60,0.010000,20,40,472.000000,0,SAFETY_ABORT,0,0.000000,0.000000,0.000000,0.000000,0.000000,0.000000,0.000000,0.000000,0.000000,1.000000,500.000000,1,1,nan,nan,nan,nan,488.000000,37.500000,0.200000,37.700001,38.200001,0.500001,39.335288,39.335288,20.000000,0.000000,0,nan,nan,nan,nan,-1,0,0,-1,0,0,SAFETY_ABORT,NONE,COLD,25.000000,CONTROL-ONLY POST VALIDATION / PHYSICAL UNVERIFIED
light,25.000000,60,0.010000,20,50,386.000000,0,SAFETY_ABORT,0,0.000000,0.000000,0.000000,0.000000,0.000000,0.000000,0.000000,0.000000,0.000000,1.000000,404.000000,1,1,nan,nan,nan,nan,396.000000,37.500000,0.200000,37.700001,38.200001,0.500001,39.945095,39.945095,20.000000,0.000000,0,nan,nan,nan,nan,-1,0,0,-1,0,0,SAFETY_ABORT,NONE,COLD,25.000000,CONTROL-ONLY POST VALIDATION / PHYSICAL UNVERIFIED
light,25.000000,60,0.010000,30,30,630.000000,0,SAFETY_ABORT,0,0.000000,0.000000,0.000000,0.000000,0.000000,0.000000,0.000000,0.000000,0.000000,1.000000,674.000000,1,0,nan,nan,nan,nan,652.000000,37.500000,0.200000,37.700001,38.200001,0.500001,38.930723,38.930723,30.000000,0.000000,0,nan,nan,nan,nan,-1,0,0,-1,0,0,SAFETY_ABORT,NONE,COLD,25.000000,CONTROL-ONLY POST VALIDATION / PHYSICAL UNVERIFIED
light,25.000000,60,0.010000,30,40,472.000000,0,SAFETY_ABORT,0,0.000000,0.000000,0.000000,0.000000,0.000000,0.000000,0.000000,0.000000,0.000000,1.000000,500.000000,1,1,nan,nan,nan,nan,488.000000,37.500000,0.200000,37.700001,38.200001,0.500001,39.447014,39.447014,30.000000,0.000000,0,nan,nan,nan,nan,-1,0,0,-1,0,0,SAFETY_ABORT,NONE,COLD,25.000000,CONTROL-ONLY POST VALIDATION / PHYSICAL UNVERIFIED
light,25.000000,60,0.010000,30,50,386.000000,0,SAFETY_ABORT,0,0.000000,0.000000,0.000000,0.000000,0.000000,0.000000,0.000000,0.000000,0.000000,1.000000,404.000000,1,1,nan,nan,nan,nan,396.000000,37.500000,0.200000,37.700001,38.200001,0.500001,40.014769,40.014769,30.000000,0.000000,0,nan,nan,nan,nan,-1,0,0,-1,0,0,SAFETY_ABORT,NONE,COLD,25.000000,CONTROL-ONLY POST VALIDATION / PHYSICAL UNVERIFIED
light,25.000000,60,0.010000,40,30,630.000000,0,SAFETY_ABORT,0,0.000000,0.000000,0.000000,0.000000,0.000000,0.000000,0.000000,0.000000,0.000000,1.000000,674.000000,1,1,nan,nan,nan,nan,652.000000,37.500000,0.200000,37.700001,38.200001,0.500001,39.104648,39.104648,40.000000,0.000000,0,nan,nan,nan,nan,-1,0,0,-1,0,0,SAFETY_ABORT,NONE,COLD,25.000000,CONTROL-ONLY POST VALIDATION / PHYSICAL UNVERIFIED
light,25.000000,60,0.010000,40,40,472.000000,0,SAFETY_ABORT,0,0.000000,0.000000,0.000000,0.000000,0.000000,0.000000,0.000000,0.000000,0.000000,1.000000,500.000000,1,1,nan,nan,nan,nan,488.000000,37.500000,0.200000,37.700001,38.200001,0.500001,39.582664,39.582664,40.000000,0.000000,0,nan,nan,nan,nan,-1,0,0,-1,0,0,SAFETY_ABORT,NONE,COLD,25.000000,CONTROL-ONLY POST VALIDATION / PHYSICAL UNVERIFIED
light,25.000000,60,0.010000,40,50,386.000000,0,SAFETY_ABORT,0,0.000000,0.000000,0.000000,0.000000,0.000000,0.000000,0.000000,0.000000,0.000000,1.000000,404.000000,1,1,nan,nan,nan,nan,396.000000,37.500000,0.200000,37.700001,38.200001,0.500001,40.094966,40.094966,40.000000,0.000000,0,nan,nan,nan,nan,-1,0,0,-1,0,0,SAFETY_ABORT,NONE,COLD,25.000000,CONTROL-ONLY POST VALIDATION / PHYSICAL UNVERIFIED
light,28.000000,5,0.100000,20,30,420.000000,1,SUCCESS,3,0.348561,190.666687,68.666664,122.000000,0.562842,36.528458,6.608390,0.015754,199.999969,2.512540,1208.000000,0,0,0.046061,0.047160,0.002693,1.364284,444.000000,37.500000,0.200000,37.700001,38.200001,0.500001,37.880053,37.880053,20.000000,0.000000,0,0.036308,0.065449,0.136309,2.576379,732,1,1,1475,1,0,UNVERIFIED_CANDIDATE,NONE,COLD,28.000000,CONTROL-ONLY POST VALIDATION / PHYSICAL UNVERIFIED
light,28.000000,5,0.100000,20,40,312.000000,1,SUCCESS,3,0.348154,191.333344,69.333336,122.000000,0.568306,36.571148,6.585365,0.015645,199.999985,2.524271,1102.000000,0,0,0.045212,0.046309,0.002827,1.364194,326.000000,37.500000,0.200000,37.700001,38.200001,0.500001,37.952933,37.952933,20.000000,0.000000,0,0.036308,0.065449,0.136309,2.576379,732,1,1,1483,1,0,UNVERIFIED_CANDIDATE,NONE,COLD,28.000000,CONTROL-ONLY POST VALIDATION / PHYSICAL UNVERIFIED
light,28.000000,5,0.100000,20,50,250.000000,1,SUCCESS,3,0.348117,190.000015,68.666664,121.333344,0.565934,36.575092,6.631577,0.015865,199.999969,2.506951,1054.000000,0,0,0.047278,0.048373,0.002658,1.365683,260.000000,37.500000,0.200000,37.700001,38.200001,0.500001,38.084195,38.084195,20.000000,0.000000,0,0.036308,0.065449,0.136309,2.576379,732,1,1,1469,1,0,UNVERIFIED_CANDIDATE,NONE,COLD,28.000000,CONTROL-ONLY POST VALIDATION / PHYSICAL UNVERIFIED
light,28.000000,5,0.100000,30,30,420.000000,1,SUCCESS,3,0.398863,188.666687,46.000004,142.666656,0.322430,47.882607,6.678444,0.016090,199.999985,3.258965,1196.000000,0,0,0.046225,0.047322,0.002737,1.368531,440.000000,37.500000,0.200000,37.700001,38.200001,0.500001,37.997904,37.997904,30.000000,0.000000,0,0.036308,0.065449,0.136309,2.576379,732,1,1,1460,1,0,UNVERIFIED_CANDIDATE,NONE,COLD,28.000000,CONTROL-ONLY POST VALIDATION / PHYSICAL UNVERIFIED
light,28.000000,5,0.100000,30,40,312.000000,1,SUCCESS,3,0.398762,188.666687,46.000004,142.666656,0.322430,47.894669,6.678444,0.016090,199.999985,3.259787,1092.000000,0,0,0.046225,0.047322,0.002737,1.368531,326.000000,37.500000,0.200000,37.700001,38.200001,0.500001,38.066712,38.066712,30.000000,0.000000,0,0.036308,0.065449,0.136309,2.576379,732,1,1,1460,1,0,UNVERIFIED_CANDIDATE,NONE,COLD,28.000000,CONTROL-ONLY POST VALIDATION / PHYSICAL UNVERIFIED
light,28.000000,5,0.100000,30,50,250.000000,0,SAFETY_ABORT,0,0.000000,0.000000,0.000000,0.000000,0.000000,0.000000,0.000000,0.000000,0.000000,1.000000,276.000000,0,0,nan,nan,nan,nan,260.000000,37.500000,0.200000,37.700001,38.200001,0.500001,38.153794,38.153794,30.000000,0.000000,0,nan,nan,nan,nan,-1,0,0,-1,0,0,SAFETY_ABORT,NONE,COLD,28.000000,CONTROL-ONLY POST VALIDATION / PHYSICAL UNVERIFIED
light,28.000000,5,0.100000,40,30,420.000000,0,SAFETY_ABORT,1,0.000000,0.000000,0.000000,0.000000,0.000000,0.000000,0.000000,0.000000,0.000000,1.000000,870.000000,0,0,nan,nan,nan,nan,440.000000,37.500000,0.200000,37.700001,38.200001,0.500001,38.150784,38.150784,40.000000,0.000000,0,nan,nan,nan,nan,-1,0,0,-1,0,0,SAFETY_ABORT,NONE,COLD,28.000000,CONTROL-ONLY POST VALIDATION / PHYSICAL UNVERIFIED
light,28.000000,5,0.100000,40,40,312.000000,0,SAFETY_ABORT,0,0.000000,0.000000,0.000000,0.000000,0.000000,0.000000,0.000000,0.000000,0.000000,1.000000,338.000000,0,0,nan,nan,nan,nan,326.000000,37.500000,0.200000,37.700001,38.200001,0.500001,38.185331,38.185331,40.000000,0.000000,0,nan,nan,nan,nan,-1,0,0,-1,0,0,SAFETY_ABORT,NONE,COLD,28.000000,CONTROL-ONLY POST VALIDATION / PHYSICAL UNVERIFIED
light,28.000000,5,0.100000,40,50,250.000000,0,SAFETY_ABORT,0,0.000000,0.000000,0.000000,0.000000,0.000000,0.000000,0.000000,0.000000,0.000000,1.000000,270.000000,1,0,nan,nan,nan,nan,260.000000,37.500000,0.200000,37.700001,38.200001,0.500001,38.224962,38.224962,40.000000,0.000000,0,nan,nan,nan,nan,-1,0,0,-1,0,0,SAFETY_ABORT,NONE,COLD,28.000000,CONTROL-ONLY POST VALIDATION / PHYSICAL UNVERIFIED
light,28.000000,5,0.010000,20,30,422.000000,1,SUCCESS,3,0.321615,184.000015,66.000000,118.000008,0.559322,39.588989,6.847826,0.016917,199.999985,2.627841,1182.000000,0,0,0.003059,0.004275,0.003067,1.392840,444.000000,37.500000,0.200000,37.700001,38.200001,0.500001,37.889423,37.889423,20.000000,0.000000,0,0.003372,0.006499,0.015336,2.594622,741,1,1,1425,1,0,UNVERIFIED_CANDIDATE,NONE,COLD,28.000000,CONTROL-ONLY POST VALIDATION / PHYSICAL UNVERIFIED
light,28.000000,5,0.010000,20,40,312.000000,1,SUCCESS,3,0.321236,184.000015,66.000000,118.000008,0.559322,39.635609,6.847825,0.016917,199.999969,2.630936,1074.000000,0,0,0.003058,0.004275,0.003067,1.392845,326.000000,37.500000,0.200000,37.700001,38.200001,0.500001,37.952933,37.952933,20.000000,0.000000,0,0.003372,0.006499,0.015336,2.594622,741,1,1,1425,1,0,UNVERIFIED_CANDIDATE,NONE,COLD,28.000000,CONTROL-ONLY POST VALIDATION / PHYSICAL UNVERIFIED
light,28.000000,5,0.010000,20,50,250.000000,1,SUCCESS,3,0.321432,184.000015,66.000000,118.000008,0.559322,39.611462,6.847825,0.016917,199.999985,2.629333,1030.000000,0,0,0.003067,0.004285,0.003078,1.392840,260.000000,37.500000,0.200000,37.700001,38.200001,0.500001,38.084195,38.084195,20.000000,0.000000,0,0.003372,0.006499,0.015336,2.594622,741,1,1,1425,1,0,UNVERIFIED_CANDIDATE,NONE,COLD,28.000000,CONTROL-ONLY POST VALIDATION / PHYSICAL UNVERIFIED
light,28.000000,5,0.010000,30,30,422.000000,1,SUCCESS,3,0.389071,187.333344,45.333336,142.000000,0.319249,49.087662,6.725978,0.016320,199.999985,3.317372,1194.000000,0,0,0.002937,0.004151,0.003021,1.380334,442.000000,37.500000,0.200000,37.700001,38.200001,0.500001,38.029121,38.029121,30.000000,0.000000,0,0.003372,0.006499,0.015336,2.594622,741,1,1,1451,1,0,UNVERIFIED_CANDIDATE,NONE,COLD,28.000000,CONTROL-ONLY POST VALIDATION / PHYSICAL UNVERIFIED
light,28.000000,5,0.010000,30,40,312.000000,1,SUCCESS,3,0.388437,187.333344,45.333336,142.000000,0.319249,49.167850,6.725978,0.016320,199.999985,3.322791,1084.000000,0,0,0.002937,0.004151,0.003021,1.380334,326.000000,37.500000,0.200000,37.700001,38.200001,0.500001,38.066712,38.066712,30.000000,0.000000,0,0.003372,0.006499,0.015336,2.594622,741,1,1,1451,1,0,UNVERIFIED_CANDIDATE,NONE,COLD,28.000000,CONTROL-ONLY POST VALIDATION / PHYSICAL UNVERIFIED
light,28.000000,5,0.010000,30,50,250.000000,1,SUCCESS,3,0.388517,188.000015,46.000004,142.000000,0.323944,49.157711,6.702127,0.016204,199.999985,3.333929,1034.000000,0,0,0.003202,0.004414,0.003086,1.377702,260.000000,37.500000,0.200000,37.700001,38.200001,0.500001,38.153794,38.153794,30.000000,0.000000,0,0.003372,0.006499,0.015336,2.594622,741,1,1,1457,1,0,UNVERIFIED_CANDIDATE,NONE,COLD,28.000000,CONTROL-ONLY POST VALIDATION / PHYSICAL UNVERIFIED
light,28.000000,5,0.010000,40,30,422.000000,1,SUCCESS,3,0.445480,198.000031,36.000000,162.000015,0.222222,57.162548,6.363634,0.014609,199.999969,4.083040,1232.000000,0,0,0.003277,0.004488,0.003053,1.338660,440.000000,37.500000,0.200000,37.700001,38.200001,0.500001,38.141526,38.141526,40.000000,0.000000,0,0.003372,0.006499,0.015336,2.594622,741,1,1,1538,1,0,UNVERIFIED_CANDIDATE,NONE,COLD,28.000000,CONTROL-ONLY POST VALIDATION / PHYSICAL UNVERIFIED
light,28.000000,5,0.010000,40,40,312.000000,1,SUCCESS,3,0.444912,198.000031,36.000000,162.000015,0.222222,57.235573,6.363635,0.014609,199.999985,4.088256,1124.000000,0,0,0.003273,0.004478,0.003071,1.339246,326.000000,37.500000,0.200000,37.700001,38.200001,0.500001,38.185331,38.185331,40.000000,0.000000,0,0.003372,0.006499,0.015336,2.594622,741,1,1,1538,1,0,UNVERIFIED_CANDIDATE,NONE,COLD,28.000000,CONTROL-ONLY POST VALIDATION / PHYSICAL UNVERIFIED
light,28.000000,5,0.010000,40,50,250.000000,0,SAFETY_ABORT,0,0.000000,0.000000,0.000000,0.000000,0.000000,0.000000,0.000000,0.000000,0.000000,1.000000,272.000000,1,0,nan,nan,nan,nan,260.000000,37.500000,0.200000,37.700001,38.200001,0.500001,38.224962,38.224962,40.000000,0.000000,0,nan,nan,nan,nan,-1,0,0,-1,0,0,SAFETY_ABORT,NONE,COLD,28.000000,CONTROL-ONLY POST VALIDATION / PHYSICAL UNVERIFIED
light,28.000000,15,0.100000,20,30,430.000000,1,SUCCESS,3,0.446557,234.000031,84.000008,150.000000,0.560000,28.512339,5.384614,0.010460,199.999985,2.406886,1392.000000,0,0,0.046622,0.047720,0.002950,1.266084,450.000000,37.500000,0.200000,37.700001,38.200001,0.500001,38.030778,38.030778,20.000000,0.000000,0,0.172587,0.309347,0.559993,3.278578,-1,1,1,1803,1,0,UNVERIFIED_CANDIDATE,NONE,COLD,28.000000,CONTROL-ONLY POST VALIDATION / PHYSICAL UNVERIFIED
light,28.000000,15,0.100000,20,40,322.000000,0,SAFETY_ABORT,0,0.000000,0.000000,0.000000,0.000000,0.000000,0.000000,0.000000,0.000000,0.000000,1.000000,350.000000,1,0,nan,nan,nan,nan,336.000000,37.500000,0.200000,37.700001,38.200001,0.500001,38.238358,38.238358,20.000000,0.000000,0,nan,nan,nan,nan,-1,0,0,-1,0,0,SAFETY_ABORT,NONE,COLD,28.000000,CONTROL-ONLY POST VALIDATION / PHYSICAL UNVERIFIED
light,28.000000,15,0.100000,20,50,260.000000,0,SAFETY_ABORT,0,0.000000,0.000000,0.000000,0.000000,0.000000,0.000000,0.000000,0.000000,0.000000,1.000000,276.000000,1,0,nan,nan,nan,nan,270.000000,37.500000,0.200000,37.700001,38.200001,0.500001,38.444484,38.444484,20.000000,0.000000,0,nan,nan,nan,nan,-1,0,0,-1,0,0,SAFETY_ABORT,NONE,COLD,28.000000,CONTROL-ONLY POST VALIDATION / PHYSICAL UNVERIFIED
light,28.000000,15,0.100000,30,30,430.000000,0,SAFETY_ABORT,0,0.000000,0.000000,0.000000,0.000000,0.000000,0.000000,0.000000,0.000000,0.000000,1.000000,470.000000,0,0,nan,nan,nan,nan,450.000000,37.500000,0.200000,37.700001,38.200001,0.500001,38.181292,38.181292,30.000000,0.000000,0,nan,nan,nan,nan,-1,0,0,-1,0,0,SAFETY_ABORT,NONE,COLD,28.000000,CONTROL-ONLY POST VALIDATION / PHYSICAL UNVERIFIED
light,28.000000,15,0.100000,30,40,322.000000,0,SAFETY_ABORT,0,0.000000,0.000000,0.000000,0.000000,0.000000,0.000000,0.000000,0.000000,0.000000,1.000000,348.000000,1,0,nan,nan,nan,nan,336.000000,37.500000,0.200000,37.700001,38.200001,0.500001,38.345294,38.345294,30.000000,0.000000,0,nan,nan,nan,nan,-1,0,0,-1,0,0,SAFETY_ABORT,NONE,COLD,28.000000,CONTROL-ONLY POST VALIDATION / PHYSICAL UNVERIFIED
light,28.000000,15,0.100000,30,50,260.000000,0,SAFETY_ABORT,0,0.000000,0.000000,0.000000,0.000000,0.000000,0.000000,0.000000,0.000000,0.000000,1.000000,276.000000,1,0,nan,nan,nan,nan,270.000000,37.500000,0.200000,37.700001,38.200001,0.500001,38.519674,38.519674,30.000000,0.000000,0,nan,nan,nan,nan,-1,0,0,-1,0,0,SAFETY_ABORT,NONE,COLD,28.000000,CONTROL-ONLY POST VALIDATION / PHYSICAL UNVERIFIED
light,28.000000,15,0.100000,40,30,430.000000,0,SAFETY_ABORT,0,0.000000,0.000000,0.000000,0.000000,0.000000,0.000000,0.000000,0.000000,0.000000,1.000000,464.000000,1,0,nan,nan,nan,nan,450.000000,37.500000,0.200000,37.700001,38.200001,0.500001,38.342167,38.342167,40.000000,0.000000,0,nan,nan,nan,nan,-1,0,0,-1,0,0,SAFETY_ABORT,NONE,COLD,28.000000,CONTROL-ONLY POST VALIDATION / PHYSICAL UNVERIFIED
light,28.000000,15,0.100000,40,40,322.000000,0,SAFETY_ABORT,0,0.000000,0.000000,0.000000,0.000000,0.000000,0.000000,0.000000,0.000000,0.000000,1.000000,346.000000,1,0,nan,nan,nan,nan,336.000000,37.500000,0.200000,37.700001,38.200001,0.500001,38.463319,38.463319,40.000000,0.000000,0,nan,nan,nan,nan,-1,0,0,-1,0,0,SAFETY_ABORT,NONE,COLD,28.000000,CONTROL-ONLY POST VALIDATION / PHYSICAL UNVERIFIED
light,28.000000,15,0.100000,40,50,260.000000,0,SAFETY_ABORT,0,0.000000,0.000000,0.000000,0.000000,0.000000,0.000000,0.000000,0.000000,0.000000,1.000000,276.000000,1,0,nan,nan,nan,nan,270.000000,37.500000,0.200000,37.700001,38.200001,0.500001,38.604810,38.604810,40.000000,0.000000,0,nan,nan,nan,nan,-1,0,0,-1,0,0,SAFETY_ABORT,NONE,COLD,28.000000,CONTROL-ONLY POST VALIDATION / PHYSICAL UNVERIFIED
light,28.000000,15,0.010000,20,30,432.000000,1,SUCCESS,3,0.400591,222.000031,80.000000,142.000000,0.563380,31.784037,5.675675,0.011621,199.999985,2.545475,1354.000000,0,0,0.003177,0.004398,0.003084,1.306933,452.000000,37.500000,0.200000,37.700001,38.200001,0.500001,38.069828,38.069828,20.000000,0.000000,0,0.189014,0.351378,0.621481,3.276754,-1,1,1,1710,1,0,UNVERIFIED_CANDIDATE,NONE,COLD,28.000000,CONTROL-ONLY POST VALIDATION / PHYSICAL UNVERIFIED
light,28.000000,15,0.010000,20,40,322.000000,0,SAFETY_ABORT,0,0.000000,0.000000,0.000000,0.000000,0.000000,0.000000,0.000000,0.000000,0.000000,1.000000,352.000000,1,0,nan,nan,nan,nan,336.000000,37.500000,0.200000,37.700001,38.200001,0.500001,38.238358,38.238358,20.000000,0.000000,0,nan,nan,nan,nan,-1,0,0,-1,0,0,SAFETY_ABORT,NONE,COLD,28.000000,CONTROL-ONLY POST VALIDATION / PHYSICAL UNVERIFIED
light,28.000000,15,0.010000,20,50,260.000000,0,SAFETY_ABORT,0,0.000000,0.000000,0.000000,0.000000,0.000000,0.000000,0.000000,0.000000,0.000000,1.000000,278.000000,1,0,nan,nan,nan,nan,270.000000,37.500000,0.200000,37.700001,38.200001,0.500001,38.444484,38.444484,20.000000,0.000000,0,nan,nan,nan,nan,-1,0,0,-1,0,0,SAFETY_ABORT,NONE,COLD,28.000000,CONTROL-ONLY POST VALIDATION / PHYSICAL UNVERIFIED
light,28.000000,15,0.010000,30,30,432.000000,0,SAFETY_ABORT,0,0.000000,0.000000,0.000000,0.000000,0.000000,0.000000,0.000000,0.000000,0.000000,1.000000,472.000000,1,0,nan,nan,nan,nan,452.000000,37.500000,0.200000,37.700001,38.200001,0.500001,38.234121,38.234121,30.000000,0.000000,0,nan,nan,nan,nan,-1,0,0,-1,0,0,SAFETY_ABORT,NONE,COLD,28.000000,CONTROL-ONLY POST VALIDATION / PHYSICAL UNVERIFIED
light,28.000000,15,0.010000,30,40,322.000000,0,SAFETY_ABORT,0,0.000000,0.000000,0.000000,0.000000,0.000000,0.000000,0.000000,0.000000,0.000000,1.000000,350.000000,1,0,nan,nan,nan,nan,336.000000,37.500000,0.200000,37.700001,38.200001,0.500001,38.345294,38.345294,30.000000,0.000000,0,nan,nan,nan,nan,-1,0,0,-1,0,0,SAFETY_ABORT,NONE,COLD,28.000000,CONTROL-ONLY POST VALIDATION / PHYSICAL UNVERIFIED
light,28.000000,15,0.010000,30,50,260.000000,0,SAFETY_ABORT,0,0.000000,0.000000,0.000000,0.000000,0.000000,0.000000,0.000000,0.000000,0.000000,1.000000,278.000000,1,0,nan,nan,nan,nan,270.000000,37.500000,0.200000,37.700001,38.200001,0.500001,38.519674,38.519674,30.000000,0.000000,0,nan,nan,nan,nan,-1,0,0,-1,0,0,SAFETY_ABORT,NONE,COLD,28.000000,CONTROL-ONLY POST VALIDATION / PHYSICAL UNVERIFIED
light,28.000000,15,0.010000,40,30,432.000000,0,SAFETY_ABORT,0,0.000000,0.000000,0.000000,0.000000,0.000000,0.000000,0.000000,0.000000,0.000000,1.000000,466.000000,1,0,nan,nan,nan,nan,452.000000,37.500000,0.200000,37.700001,38.200001,0.500001,38.381924,38.381924,40.000000,0.000000,0,nan,nan,nan,nan,-1,0,0,-1,0,0,SAFETY_ABORT,NONE,COLD,28.000000,CONTROL-ONLY POST VALIDATION / PHYSICAL UNVERIFIED
light,28.000000,15,0.010000,40,40,322.000000,0,SAFETY_ABORT,0,0.000000,0.000000,0.000000,0.000000,0.000000,0.000000,0.000000,0.000000,0.000000,1.000000,348.000000,1,0,nan,nan,nan,nan,336.000000,37.500000,0.200000,37.700001,38.200001,0.500001,38.463319,38.463319,40.000000,0.000000,0,nan,nan,nan,nan,-1,0,0,-1,0,0,SAFETY_ABORT,NONE,COLD,28.000000,CONTROL-ONLY POST VALIDATION / PHYSICAL UNVERIFIED
light,28.000000,15,0.010000,40,50,260.000000,0,SAFETY_ABORT,0,0.000000,0.000000,0.000000,0.000000,0.000000,0.000000,0.000000,0.000000,0.000000,1.000000,278.000000,1,0,nan,nan,nan,nan,270.000000,37.500000,0.200000,37.700001,38.200001,0.500001,38.604810,38.604810,40.000000,0.000000,0,nan,nan,nan,nan,-1,0,0,-1,0,0,SAFETY_ABORT,NONE,COLD,28.000000,CONTROL-ONLY POST VALIDATION / PHYSICAL UNVERIFIED
light,28.000000,30,0.100000,20,30,446.000000,0,SAFETY_ABORT,0,0.000000,0.000000,0.000000,0.000000,0.000000,0.000000,0.000000,0.000000,0.000000,1.000000,484.000000,1,0,nan,nan,nan,nan,466.000000,37.500000,0.200000,37.700001,38.200001,0.500001,38.346891,38.346891,20.000000,0.000000,0,nan,nan,nan,nan,-1,0,0,-1,0,0,SAFETY_ABORT,NONE,COLD,28.000000,CONTROL-ONLY POST VALIDATION / PHYSICAL UNVERIFIED
light,28.000000,30,0.100000,20,40,338.000000,0,SAFETY_ABORT,0,0.000000,0.000000,0.000000,0.000000,0.000000,0.000000,0.000000,0.000000,0.000000,1.000000,360.000000,1,0,nan,nan,nan,nan,352.000000,37.500000,0.200000,37.700001,38.200001,0.500001,38.699084,38.699084,20.000000,0.000000,0,nan,nan,nan,nan,-1,0,0,-1,0,0,SAFETY_ABORT,NONE,COLD,28.000000,CONTROL-ONLY POST VALIDATION / PHYSICAL UNVERIFIED
light,28.000000,30,0.100000,20,50,274.000000,0,SAFETY_ABORT,0,0.000000,0.000000,0.000000,0.000000,0.000000,0.000000,0.000000,0.000000,0.000000,1.000000,292.000000,1,0,nan,nan,nan,nan,286.000000,37.500000,0.200000,37.700001,38.200001,0.500001,38.993985,38.993985,20.000000,0.000000,0,nan,nan,nan,nan,-1,0,0,-1,0,0,SAFETY_ABORT,NONE,COLD,28.000000,CONTROL-ONLY POST VALIDATION / PHYSICAL UNVERIFIED
light,28.000000,30,0.100000,30,30,446.000000,0,SAFETY_ABORT,0,0.000000,0.000000,0.000000,0.000000,0.000000,0.000000,0.000000,0.000000,0.000000,1.000000,484.000000,1,0,nan,nan,nan,nan,466.000000,37.500000,0.200000,37.700001,38.200001,0.500001,38.502781,38.502781,30.000000,0.000000,0,nan,nan,nan,nan,-1,0,0,-1,0,0,SAFETY_ABORT,NONE,COLD,28.000000,CONTROL-ONLY POST VALIDATION / PHYSICAL UNVERIFIED
light,28.000000,30,0.100000,30,40,338.000000,0,SAFETY_ABORT,0,0.000000,0.000000,0.000000,0.000000,0.000000,0.000000,0.000000,0.000000,0.000000,1.000000,360.000000,1,0,nan,nan,nan,nan,352.000000,37.500000,0.200000,37.700001,38.200001,0.500001,38.805218,38.805218,30.000000,0.000000,0,nan,nan,nan,nan,-1,0,0,-1,0,0,SAFETY_ABORT,NONE,COLD,28.000000,CONTROL-ONLY POST VALIDATION / PHYSICAL UNVERIFIED
light,28.000000,30,0.100000,30,50,274.000000,0,SAFETY_ABORT,0,0.000000,0.000000,0.000000,0.000000,0.000000,0.000000,0.000000,0.000000,0.000000,1.000000,292.000000,1,1,nan,nan,nan,nan,286.000000,37.500000,0.200000,37.700001,38.200001,0.500001,39.084580,39.084580,30.000000,0.000000,0,nan,nan,nan,nan,-1,0,0,-1,0,0,SAFETY_ABORT,NONE,COLD,28.000000,CONTROL-ONLY POST VALIDATION / PHYSICAL UNVERIFIED
light,28.000000,30,0.100000,40,30,446.000000,0,SAFETY_ABORT,0,0.000000,0.000000,0.000000,0.000000,0.000000,0.000000,0.000000,0.000000,0.000000,1.000000,482.000000,1,0,nan,nan,nan,nan,466.000000,37.500000,0.200000,37.700001,38.200001,0.500001,38.657364,38.657364,40.000000,0.000000,0,nan,nan,nan,nan,-1,0,0,-1,0,0,SAFETY_ABORT,NONE,COLD,28.000000,CONTROL-ONLY POST VALIDATION / PHYSICAL UNVERIFIED
light,28.000000,30,0.100000,40,40,338.000000,0,SAFETY_ABORT,0,0.000000,0.000000,0.000000,0.000000,0.000000,0.000000,0.000000,0.000000,0.000000,1.000000,360.000000,1,0,nan,nan,nan,nan,352.000000,37.500000,0.200000,37.700001,38.200001,0.500001,38.908786,38.908786,40.000000,0.000000,0,nan,nan,nan,nan,-1,0,0,-1,0,0,SAFETY_ABORT,NONE,COLD,28.000000,CONTROL-ONLY POST VALIDATION / PHYSICAL UNVERIFIED
light,28.000000,30,0.100000,40,50,274.000000,0,SAFETY_ABORT,0,0.000000,0.000000,0.000000,0.000000,0.000000,0.000000,0.000000,0.000000,0.000000,1.000000,292.000000,1,1,nan,nan,nan,nan,286.000000,37.500000,0.200000,37.700001,38.200001,0.500001,39.178642,39.178642,40.000000,0.000000,0,nan,nan,nan,nan,-1,0,0,-1,0,0,SAFETY_ABORT,NONE,COLD,28.000000,CONTROL-ONLY POST VALIDATION / PHYSICAL UNVERIFIED
light,28.000000,30,0.010000,20,30,446.000000,0,SAFETY_ABORT,0,0.000000,0.000000,0.000000,0.000000,0.000000,0.000000,0.000000,0.000000,0.000000,1.000000,488.000000,1,0,nan,nan,nan,nan,466.000000,37.500000,0.200000,37.700001,38.200001,0.500001,38.346891,38.346891,20.000000,0.000000,0,nan,nan,nan,nan,-1,0,0,-1,0,0,SAFETY_ABORT,NONE,COLD,28.000000,CONTROL-ONLY POST VALIDATION / PHYSICAL UNVERIFIED
light,28.000000,30,0.010000,20,40,336.000000,0,SAFETY_ABORT,0,0.000000,0.000000,0.000000,0.000000,0.000000,0.000000,0.000000,0.000000,0.000000,1.000000,362.000000,1,0,nan,nan,nan,nan,350.000000,37.500000,0.200000,37.700001,38.200001,0.500001,38.636278,38.636278,20.000000,0.000000,0,nan,nan,nan,nan,-1,0,0,-1,0,0,SAFETY_ABORT,NONE,COLD,28.000000,CONTROL-ONLY POST VALIDATION / PHYSICAL UNVERIFIED
light,28.000000,30,0.010000,20,50,274.000000,0,SAFETY_ABORT,0,0.000000,0.000000,0.000000,0.000000,0.000000,0.000000,0.000000,0.000000,0.000000,1.000000,294.000000,1,0,nan,nan,nan,nan,286.000000,37.500000,0.200000,37.700001,38.200001,0.500001,38.993985,38.993985,20.000000,0.000000,0,nan,nan,nan,nan,-1,0,0,-1,0,0,SAFETY_ABORT,NONE,COLD,28.000000,CONTROL-ONLY POST VALIDATION / PHYSICAL UNVERIFIED
light,28.000000,30,0.010000,30,30,446.000000,0,SAFETY_ABORT,0,0.000000,0.000000,0.000000,0.000000,0.000000,0.000000,0.000000,0.000000,0.000000,1.000000,486.000000,1,0,nan,nan,nan,nan,466.000000,37.500000,0.200000,37.700001,38.200001,0.500001,38.502781,38.502781,30.000000,0.000000,0,nan,nan,nan,nan,-1,0,0,-1,0,0,SAFETY_ABORT,NONE,COLD,28.000000,CONTROL-ONLY POST VALIDATION / PHYSICAL UNVERIFIED
light,28.000000,30,0.010000,30,40,336.000000,0,SAFETY_ABORT,0,0.000000,0.000000,0.000000,0.000000,0.000000,0.000000,0.000000,0.000000,0.000000,1.000000,362.000000,1,0,nan,nan,nan,nan,350.000000,37.500000,0.200000,37.700001,38.200001,0.500001,38.748822,38.748822,30.000000,0.000000,0,nan,nan,nan,nan,-1,0,0,-1,0,0,SAFETY_ABORT,NONE,COLD,28.000000,CONTROL-ONLY POST VALIDATION / PHYSICAL UNVERIFIED
light,28.000000,30,0.010000,30,50,274.000000,0,SAFETY_ABORT,0,0.000000,0.000000,0.000000,0.000000,0.000000,0.000000,0.000000,0.000000,0.000000,1.000000,294.000000,1,1,nan,nan,nan,nan,286.000000,37.500000,0.200000,37.700001,38.200001,0.500001,39.084580,39.084580,30.000000,0.000000,0,nan,nan,nan,nan,-1,0,0,-1,0,0,SAFETY_ABORT,NONE,COLD,28.000000,CONTROL-ONLY POST VALIDATION / PHYSICAL UNVERIFIED
light,28.000000,30,0.010000,40,30,446.000000,0,SAFETY_ABORT,0,0.000000,0.000000,0.000000,0.000000,0.000000,0.000000,0.000000,0.000000,0.000000,1.000000,484.000000,1,0,nan,nan,nan,nan,466.000000,37.500000,0.200000,37.700001,38.200001,0.500001,38.657364,38.657364,40.000000,0.000000,0,nan,nan,nan,nan,-1,0,0,-1,0,0,SAFETY_ABORT,NONE,COLD,28.000000,CONTROL-ONLY POST VALIDATION / PHYSICAL UNVERIFIED
light,28.000000,30,0.010000,40,40,336.000000,0,SAFETY_ABORT,0,0.000000,0.000000,0.000000,0.000000,0.000000,0.000000,0.000000,0.000000,0.000000,1.000000,362.000000,1,0,nan,nan,nan,nan,350.000000,37.500000,0.200000,37.700001,38.200001,0.500001,38.866563,38.866563,40.000000,0.000000,0,nan,nan,nan,nan,-1,0,0,-1,0,0,SAFETY_ABORT,NONE,COLD,28.000000,CONTROL-ONLY POST VALIDATION / PHYSICAL UNVERIFIED
light,28.000000,30,0.010000,40,50,274.000000,0,SAFETY_ABORT,0,0.000000,0.000000,0.000000,0.000000,0.000000,0.000000,0.000000,0.000000,0.000000,1.000000,294.000000,1,1,nan,nan,nan,nan,286.000000,37.500000,0.200000,37.700001,38.200001,0.500001,39.178642,39.178642,40.000000,0.000000,0,nan,nan,nan,nan,-1,0,0,-1,0,0,SAFETY_ABORT,NONE,COLD,28.000000,CONTROL-ONLY POST VALIDATION / PHYSICAL UNVERIFIED
light,28.000000,60,0.100000,20,30,476.000000,0,SAFETY_ABORT,0,0.000000,0.000000,0.000000,0.000000,0.000000,0.000000,0.000000,0.000000,0.000000,1.000000,514.000000,1,0,nan,nan,nan,nan,496.000000,37.500000,0.200000,37.700001,38.200001,0.500001,38.929659,38.929659,20.000000,0.000000,0,nan,nan,nan,nan,-1,0,0,-1,0,0,SAFETY_ABORT,NONE,COLD,28.000000,CONTROL-ONLY POST VALIDATION / PHYSICAL UNVERIFIED
light,28.000000,60,0.100000,20,40,368.000000,0,SAFETY_ABORT,0,0.000000,0.000000,0.000000,0.000000,0.000000,0.000000,0.000000,0.000000,0.000000,1.000000,390.000000,1,1,nan,nan,nan,nan,382.000000,37.500000,0.200000,37.700001,38.200001,0.500001,39.537059,39.537059,20.000000,0.000000,0,nan,nan,nan,nan,-1,0,0,-1,0,0,SAFETY_ABORT,NONE,COLD,28.000000,CONTROL-ONLY POST VALIDATION / PHYSICAL UNVERIFIED
light,28.000000,60,0.100000,20,50,304.000000,0,SAFETY_ABORT,0,0.000000,0.000000,0.000000,0.000000,0.000000,0.000000,0.000000,0.000000,0.000000,1.000000,322.000000,1,1,nan,nan,nan,nan,316.000000,37.500000,0.200000,37.700001,38.200001,0.500001,40.087969,40.087969,20.000000,0.000000,0,nan,nan,nan,nan,-1,0,0,-1,0,0,SAFETY_ABORT,NONE,COLD,28.000000,CONTROL-ONLY POST VALIDATION / PHYSICAL UNVERIFIED
light,28.000000,60,0.100000,30,30,476.000000,0,SAFETY_ABORT,0,0.000000,0.000000,0.000000,0.000000,0.000000,0.000000,0.000000,0.000000,0.000000,1.000000,514.000000,1,1,nan,nan,nan,nan,496.000000,37.500000,0.200000,37.700001,38.200001,0.500001,39.084452,39.084452,30.000000,0.000000,0,nan,nan,nan,nan,-1,0,0,-1,0,0,SAFETY_ABORT,NONE,COLD,28.000000,CONTROL-ONLY POST VALIDATION / PHYSICAL UNVERIFIED
light,28.000000,60,0.100000,30,40,368.000000,0,SAFETY_ABORT,0,0.000000,0.000000,0.000000,0.000000,0.000000,0.000000,0.000000,0.000000,0.000000,1.000000,390.000000,1,1,nan,nan,nan,nan,382.000000,37.500000,0.200000,37.700001,38.200001,0.500001,39.641872,39.641872,30.000000,0.000000,0,nan,nan,nan,nan,-1,0,0,-1,0,0,SAFETY_ABORT,NONE,COLD,28.000000,CONTROL-ONLY POST VALIDATION / PHYSICAL UNVERIFIED
light,28.000000,60,0.100000,30,50,304.000000,0,SAFETY_ABORT,0,0.000000,0.000000,0.000000,0.000000,0.000000,0.000000,0.000000,0.000000,0.000000,1.000000,322.000000,1,1,nan,nan,nan,nan,316.000000,37.500000,0.200000,37.700001,38.200001,0.500001,40.177084,40.177084,30.000000,0.000000,0,nan,nan,nan,nan,-1,0,0,-1,0,0,SAFETY_ABORT,NONE,COLD,28.000000,CONTROL-ONLY POST VALIDATION / PHYSICAL UNVERIFIED
light,28.000000,60,0.100000,40,30,476.000000,0,SAFETY_ABORT,0,0.000000,0.000000,0.000000,0.000000,0.000000,0.000000,0.000000,0.000000,0.000000,1.000000,514.000000,1,1,nan,nan,nan,nan,496.000000,37.500000,0.200000,37.700001,38.200001,0.500001,39.238383,39.238383,40.000000,0.000000,0,nan,nan,nan,nan,-1,0,0,-1,0,0,SAFETY_ABORT,NONE,COLD,28.000000,CONTROL-ONLY POST VALIDATION / PHYSICAL UNVERIFIED
light,28.000000,60,0.100000,40,40,368.000000,0,SAFETY_ABORT,0,0.000000,0.000000,0.000000,0.000000,0.000000,0.000000,0.000000,0.000000,0.000000,1.000000,390.000000,1,1,nan,nan,nan,nan,382.000000,37.500000,0.200000,37.700001,38.200001,0.500001,39.744629,39.744629,40.000000,0.000000,0,nan,nan,nan,nan,-1,0,0,-1,0,0,SAFETY_ABORT,NONE,COLD,28.000000,CONTROL-ONLY POST VALIDATION / PHYSICAL UNVERIFIED
light,28.000000,60,0.100000,40,50,304.000000,0,SAFETY_ABORT,0,0.000000,0.000000,0.000000,0.000000,0.000000,0.000000,0.000000,0.000000,0.000000,1.000000,322.000000,1,1,nan,nan,nan,nan,316.000000,37.500000,0.200000,37.700001,38.200001,0.500001,40.270034,40.270034,40.000000,0.000000,0,nan,nan,nan,nan,-1,0,0,-1,0,0,SAFETY_ABORT,NONE,COLD,28.000000,CONTROL-ONLY POST VALIDATION / PHYSICAL UNVERIFIED
light,28.000000,60,0.010000,20,30,476.000000,0,SAFETY_ABORT,0,0.000000,0.000000,0.000000,0.000000,0.000000,0.000000,0.000000,0.000000,0.000000,1.000000,516.000000,1,0,nan,nan,nan,nan,496.000000,37.500000,0.200000,37.700001,38.200001,0.500001,38.929659,38.929659,20.000000,0.000000,0,nan,nan,nan,nan,-1,0,0,-1,0,0,SAFETY_ABORT,NONE,COLD,28.000000,CONTROL-ONLY POST VALIDATION / PHYSICAL UNVERIFIED
light,28.000000,60,0.010000,20,40,366.000000,0,SAFETY_ABORT,0,0.000000,0.000000,0.000000,0.000000,0.000000,0.000000,0.000000,0.000000,0.000000,1.000000,392.000000,1,1,nan,nan,nan,nan,380.000000,37.500000,0.200000,37.700001,38.200001,0.500001,39.475544,39.475544,20.000000,0.000000,0,nan,nan,nan,nan,-1,0,0,-1,0,0,SAFETY_ABORT,NONE,COLD,28.000000,CONTROL-ONLY POST VALIDATION / PHYSICAL UNVERIFIED
light,28.000000,60,0.010000,20,50,304.000000,0,SAFETY_ABORT,0,0.000000,0.000000,0.000000,0.000000,0.000000,0.000000,0.000000,0.000000,0.000000,1.000000,324.000000,1,1,nan,nan,nan,nan,316.000000,37.500000,0.200000,37.700001,38.200001,0.500001,40.087969,40.087969,20.000000,0.000000,0,nan,nan,nan,nan,-1,0,0,-1,0,0,SAFETY_ABORT,NONE,COLD,28.000000,CONTROL-ONLY POST VALIDATION / PHYSICAL UNVERIFIED
light,28.000000,60,0.010000,30,30,476.000000,0,SAFETY_ABORT,0,0.000000,0.000000,0.000000,0.000000,0.000000,0.000000,0.000000,0.000000,0.000000,1.000000,516.000000,1,1,nan,nan,nan,nan,496.000000,37.500000,0.200000,37.700001,38.200001,0.500001,39.084452,39.084452,30.000000,0.000000,0,nan,nan,nan,nan,-1,0,0,-1,0,0,SAFETY_ABORT,NONE,COLD,28.000000,CONTROL-ONLY POST VALIDATION / PHYSICAL UNVERIFIED
light,28.000000,60,0.010000,30,40,366.000000,0,SAFETY_ABORT,0,0.000000,0.000000,0.000000,0.000000,0.000000,0.000000,0.000000,0.000000,0.000000,1.000000,392.000000,1,1,nan,nan,nan,nan,380.000000,37.500000,0.200000,37.700001,38.200001,0.500001,39.586567,39.586567,30.000000,0.000000,0,nan,nan,nan,nan,-1,0,0,-1,0,0,SAFETY_ABORT,NONE,COLD,28.000000,CONTROL-ONLY POST VALIDATION / PHYSICAL UNVERIFIED
light,28.000000,60,0.010000,30,50,304.000000,0,SAFETY_ABORT,0,0.000000,0.000000,0.000000,0.000000,0.000000,0.000000,0.000000,0.000000,0.000000,1.000000,324.000000,1,1,nan,nan,nan,nan,316.000000,37.500000,0.200000,37.700001,38.200001,0.500001,40.177084,40.177084,30.000000,0.000000,0,nan,nan,nan,nan,-1,0,0,-1,0,0,SAFETY_ABORT,NONE,COLD,28.000000,CONTROL-ONLY POST VALIDATION / PHYSICAL UNVERIFIED
light,28.000000,60,0.010000,40,30,476.000000,0,SAFETY_ABORT,0,0.000000,0.000000,0.000000,0.000000,0.000000,0.000000,0.000000,0.000000,0.000000,1.000000,516.000000,1,1,nan,nan,nan,nan,496.000000,37.500000,0.200000,37.700001,38.200001,0.500001,39.238383,39.238383,40.000000,0.000000,0,nan,nan,nan,nan,-1,0,0,-1,0,0,SAFETY_ABORT,NONE,COLD,28.000000,CONTROL-ONLY POST VALIDATION / PHYSICAL UNVERIFIED
light,28.000000,60,0.010000,40,40,366.000000,0,SAFETY_ABORT,0,0.000000,0.000000,0.000000,0.000000,0.000000,0.000000,0.000000,0.000000,0.000000,1.000000,392.000000,1,1,nan,nan,nan,nan,380.000000,37.500000,0.200000,37.700001,38.200001,0.500001,39.703226,39.703226,40.000000,0.000000,0,nan,nan,nan,nan,-1,0,0,-1,0,0,SAFETY_ABORT,NONE,COLD,28.000000,CONTROL-ONLY POST VALIDATION / PHYSICAL UNVERIFIED
light,28.000000,60,0.010000,40,50,304.000000,0,SAFETY_ABORT,0,0.000000,0.000000,0.000000,0.000000,0.000000,0.000000,0.000000,0.000000,0.000000,1.000000,324.000000,1,1,nan,nan,nan,nan,316.000000,37.500000,0.200000,37.700001,38.200001,0.500001,40.270034,40.270034,40.000000,0.000000,0,nan,nan,nan,nan,-1,0,0,-1,0,0,SAFETY_ABORT,NONE,COLD,28.000000,CONTROL-ONLY POST VALIDATION / PHYSICAL UNVERIFIED
medium,20.000000,5,0.100000,20,30,900.000000,0,PREHEAT_TIMEOUT,0,0.000000,0.000000,0.000000,0.000000,0.000000,0.000000,0.000000,0.000000,0.000000,1.000000,900.000000,0,0,nan,nan,nan,nan,-1.000000,37.500000,0.200000,37.700001,38.200001,0.500001,26.253655,26.253655,20.000000,0.000000,0,nan,nan,nan,nan,-1,0,0,-1,0,0,FAIL_CLEANLY,NONE,COLD,20.000000,CONTROL-ONLY POST VALIDATION / PHYSICAL UNVERIFIED
medium,20.000000,5,0.100000,20,40,900.000000,0,PREHEAT_TIMEOUT,0,0.000000,0.000000,0.000000,0.000000,0.000000,0.000000,0.000000,0.000000,0.000000,1.000000,900.000000,0,0,nan,nan,nan,nan,-1.000000,37.500000,0.200000,37.700001,38.200001,0.500001,28.341603,28.341603,20.000000,0.000000,0,nan,nan,nan,nan,-1,0,0,-1,0,0,FAIL_CLEANLY,NONE,COLD,20.000000,CONTROL-ONLY POST VALIDATION / PHYSICAL UNVERIFIED
medium,20.000000,5,0.100000,20,50,900.000000,0,PREHEAT_TIMEOUT,0,0.000000,0.000000,0.000000,0.000000,0.000000,0.000000,0.000000,0.000000,0.000000,1.000000,900.000000,0,0,nan,nan,nan,nan,-1.000000,37.500000,0.200000,37.700001,38.200001,0.500001,30.427513,30.427513,20.000000,0.000000,0,nan,nan,nan,nan,-1,0,0,-1,0,0,FAIL_CLEANLY,NONE,COLD,20.000000,CONTROL-ONLY POST VALIDATION / PHYSICAL UNVERIFIED
medium,20.000000,5,0.100000,30,30,900.000000,0,PREHEAT_TIMEOUT,0,0.000000,0.000000,0.000000,0.000000,0.000000,0.000000,0.000000,0.000000,0.000000,1.000000,900.000000,0,0,nan,nan,nan,nan,-1.000000,37.500000,0.200000,37.700001,38.200001,0.500001,26.253655,26.253655,30.000000,0.000000,0,nan,nan,nan,nan,-1,0,0,-1,0,0,FAIL_CLEANLY,NONE,COLD,20.000000,CONTROL-ONLY POST VALIDATION / PHYSICAL UNVERIFIED
medium,20.000000,5,0.100000,30,40,900.000000,0,PREHEAT_TIMEOUT,0,0.000000,0.000000,0.000000,0.000000,0.000000,0.000000,0.000000,0.000000,0.000000,1.000000,900.000000,0,0,nan,nan,nan,nan,-1.000000,37.500000,0.200000,37.700001,38.200001,0.500001,28.341603,28.341603,30.000000,0.000000,0,nan,nan,nan,nan,-1,0,0,-1,0,0,FAIL_CLEANLY,NONE,COLD,20.000000,CONTROL-ONLY POST VALIDATION / PHYSICAL UNVERIFIED
medium,20.000000,5,0.100000,30,50,900.000000,0,PREHEAT_TIMEOUT,0,0.000000,0.000000,0.000000,0.000000,0.000000,0.000000,0.000000,0.000000,0.000000,1.000000,900.000000,0,0,nan,nan,nan,nan,-1.000000,37.500000,0.200000,37.700001,38.200001,0.500001,30.427513,30.427513,30.000000,0.000000,0,nan,nan,nan,nan,-1,0,0,-1,0,0,FAIL_CLEANLY,NONE,COLD,20.000000,CONTROL-ONLY POST VALIDATION / PHYSICAL UNVERIFIED
medium,20.000000,5,0.100000,40,30,900.000000,0,PREHEAT_TIMEOUT,0,0.000000,0.000000,0.000000,0.000000,0.000000,0.000000,0.000000,0.000000,0.000000,1.000000,900.000000,0,0,nan,nan,nan,nan,-1.000000,37.500000,0.200000,37.700001,38.200001,0.500001,26.253655,26.253655,40.000000,0.000000,0,nan,nan,nan,nan,-1,0,0,-1,0,0,FAIL_CLEANLY,NONE,COLD,20.000000,CONTROL-ONLY POST VALIDATION / PHYSICAL UNVERIFIED
medium,20.000000,5,0.100000,40,40,900.000000,0,PREHEAT_TIMEOUT,0,0.000000,0.000000,0.000000,0.000000,0.000000,0.000000,0.000000,0.000000,0.000000,1.000000,900.000000,0,0,nan,nan,nan,nan,-1.000000,37.500000,0.200000,37.700001,38.200001,0.500001,28.341603,28.341603,40.000000,0.000000,0,nan,nan,nan,nan,-1,0,0,-1,0,0,FAIL_CLEANLY,NONE,COLD,20.000000,CONTROL-ONLY POST VALIDATION / PHYSICAL UNVERIFIED
medium,20.000000,5,0.100000,40,50,900.000000,0,PREHEAT_TIMEOUT,0,0.000000,0.000000,0.000000,0.000000,0.000000,0.000000,0.000000,0.000000,0.000000,1.000000,900.000000,0,0,nan,nan,nan,nan,-1.000000,37.500000,0.200000,37.700001,38.200001,0.500001,30.427513,30.427513,40.000000,0.000000,0,nan,nan,nan,nan,-1,0,0,-1,0,0,FAIL_CLEANLY,NONE,COLD,20.000000,CONTROL-ONLY POST VALIDATION / PHYSICAL UNVERIFIED
medium,20.000000,5,0.010000,20,30,900.000000,0,PREHEAT_TIMEOUT,0,0.000000,0.000000,0.000000,0.000000,0.000000,0.000000,0.000000,0.000000,0.000000,1.000000,900.000000,0,0,nan,nan,nan,nan,-1.000000,37.500000,0.200000,37.700001,38.200001,0.500001,26.253655,26.253655,20.000000,0.000000,0,nan,nan,nan,nan,-1,0,0,-1,0,0,FAIL_CLEANLY,NONE,COLD,20.000000,CONTROL-ONLY POST VALIDATION / PHYSICAL UNVERIFIED
medium,20.000000,5,0.010000,20,40,900.000000,0,PREHEAT_TIMEOUT,0,0.000000,0.000000,0.000000,0.000000,0.000000,0.000000,0.000000,0.000000,0.000000,1.000000,900.000000,0,0,nan,nan,nan,nan,-1.000000,37.500000,0.200000,37.700001,38.200001,0.500001,28.341603,28.341603,20.000000,0.000000,0,nan,nan,nan,nan,-1,0,0,-1,0,0,FAIL_CLEANLY,NONE,COLD,20.000000,CONTROL-ONLY POST VALIDATION / PHYSICAL UNVERIFIED
medium,20.000000,5,0.010000,20,50,900.000000,0,PREHEAT_TIMEOUT,0,0.000000,0.000000,0.000000,0.000000,0.000000,0.000000,0.000000,0.000000,0.000000,1.000000,900.000000,0,0,nan,nan,nan,nan,-1.000000,37.500000,0.200000,37.700001,38.200001,0.500001,30.427513,30.427513,20.000000,0.000000,0,nan,nan,nan,nan,-1,0,0,-1,0,0,FAIL_CLEANLY,NONE,COLD,20.000000,CONTROL-ONLY POST VALIDATION / PHYSICAL UNVERIFIED
medium,20.000000,5,0.010000,30,30,900.000000,0,PREHEAT_TIMEOUT,0,0.000000,0.000000,0.000000,0.000000,0.000000,0.000000,0.000000,0.000000,0.000000,1.000000,900.000000,0,0,nan,nan,nan,nan,-1.000000,37.500000,0.200000,37.700001,38.200001,0.500001,26.253655,26.253655,30.000000,0.000000,0,nan,nan,nan,nan,-1,0,0,-1,0,0,FAIL_CLEANLY,NONE,COLD,20.000000,CONTROL-ONLY POST VALIDATION / PHYSICAL UNVERIFIED
medium,20.000000,5,0.010000,30,40,900.000000,0,PREHEAT_TIMEOUT,0,0.000000,0.000000,0.000000,0.000000,0.000000,0.000000,0.000000,0.000000,0.000000,1.000000,900.000000,0,0,nan,nan,nan,nan,-1.000000,37.500000,0.200000,37.700001,38.200001,0.500001,28.341603,28.341603,30.000000,0.000000,0,nan,nan,nan,nan,-1,0,0,-1,0,0,FAIL_CLEANLY,NONE,COLD,20.000000,CONTROL-ONLY POST VALIDATION / PHYSICAL UNVERIFIED
medium,20.000000,5,0.010000,30,50,900.000000,0,PREHEAT_TIMEOUT,0,0.000000,0.000000,0.000000,0.000000,0.000000,0.000000,0.000000,0.000000,0.000000,1.000000,900.000000,0,0,nan,nan,nan,nan,-1.000000,37.500000,0.200000,37.700001,38.200001,0.500001,30.427513,30.427513,30.000000,0.000000,0,nan,nan,nan,nan,-1,0,0,-1,0,0,FAIL_CLEANLY,NONE,COLD,20.000000,CONTROL-ONLY POST VALIDATION / PHYSICAL UNVERIFIED
medium,20.000000,5,0.010000,40,30,900.000000,0,PREHEAT_TIMEOUT,0,0.000000,0.000000,0.000000,0.000000,0.000000,0.000000,0.000000,0.000000,0.000000,1.000000,900.000000,0,0,nan,nan,nan,nan,-1.000000,37.500000,0.200000,37.700001,38.200001,0.500001,26.253655,26.253655,40.000000,0.000000,0,nan,nan,nan,nan,-1,0,0,-1,0,0,FAIL_CLEANLY,NONE,COLD,20.000000,CONTROL-ONLY POST VALIDATION / PHYSICAL UNVERIFIED
medium,20.000000,5,0.010000,40,40,900.000000,0,PREHEAT_TIMEOUT,0,0.000000,0.000000,0.000000,0.000000,0.000000,0.000000,0.000000,0.000000,0.000000,1.000000,900.000000,0,0,nan,nan,nan,nan,-1.000000,37.500000,0.200000,37.700001,38.200001,0.500001,28.341603,28.341603,40.000000,0.000000,0,nan,nan,nan,nan,-1,0,0,-1,0,0,FAIL_CLEANLY,NONE,COLD,20.000000,CONTROL-ONLY POST VALIDATION / PHYSICAL UNVERIFIED
medium,20.000000,5,0.010000,40,50,900.000000,0,PREHEAT_TIMEOUT,0,0.000000,0.000000,0.000000,0.000000,0.000000,0.000000,0.000000,0.000000,0.000000,1.000000,900.000000,0,0,nan,nan,nan,nan,-1.000000,37.500000,0.200000,37.700001,38.200001,0.500001,30.427513,30.427513,40.000000,0.000000,0,nan,nan,nan,nan,-1,0,0,-1,0,0,FAIL_CLEANLY,NONE,COLD,20.000000,CONTROL-ONLY POST VALIDATION / PHYSICAL UNVERIFIED
medium,20.000000,15,0.100000,20,30,900.000000,0,PREHEAT_TIMEOUT,0,0.000000,0.000000,0.000000,0.000000,0.000000,0.000000,0.000000,0.000000,0.000000,1.000000,900.000000,0,0,nan,nan,nan,nan,-1.000000,37.500000,0.200000,37.700001,38.200001,0.500001,26.253655,26.253655,20.000000,0.000000,0,nan,nan,nan,nan,-1,0,0,-1,0,0,FAIL_CLEANLY,NONE,COLD,20.000000,CONTROL-ONLY POST VALIDATION / PHYSICAL UNVERIFIED
medium,20.000000,15,0.100000,20,40,900.000000,0,PREHEAT_TIMEOUT,0,0.000000,0.000000,0.000000,0.000000,0.000000,0.000000,0.000000,0.000000,0.000000,1.000000,900.000000,0,0,nan,nan,nan,nan,-1.000000,37.500000,0.200000,37.700001,38.200001,0.500001,28.341603,28.341603,20.000000,0.000000,0,nan,nan,nan,nan,-1,0,0,-1,0,0,FAIL_CLEANLY,NONE,COLD,20.000000,CONTROL-ONLY POST VALIDATION / PHYSICAL UNVERIFIED
medium,20.000000,15,0.100000,20,50,900.000000,0,PREHEAT_TIMEOUT,0,0.000000,0.000000,0.000000,0.000000,0.000000,0.000000,0.000000,0.000000,0.000000,1.000000,900.000000,0,0,nan,nan,nan,nan,-1.000000,37.500000,0.200000,37.700001,38.200001,0.500001,30.427513,30.427513,20.000000,0.000000,0,nan,nan,nan,nan,-1,0,0,-1,0,0,FAIL_CLEANLY,NONE,COLD,20.000000,CONTROL-ONLY POST VALIDATION / PHYSICAL UNVERIFIED
medium,20.000000,15,0.100000,30,30,900.000000,0,PREHEAT_TIMEOUT,0,0.000000,0.000000,0.000000,0.000000,0.000000,0.000000,0.000000,0.000000,0.000000,1.000000,900.000000,0,0,nan,nan,nan,nan,-1.000000,37.500000,0.200000,37.700001,38.200001,0.500001,26.253655,26.253655,30.000000,0.000000,0,nan,nan,nan,nan,-1,0,0,-1,0,0,FAIL_CLEANLY,NONE,COLD,20.000000,CONTROL-ONLY POST VALIDATION / PHYSICAL UNVERIFIED
medium,20.000000,15,0.100000,30,40,900.000000,0,PREHEAT_TIMEOUT,0,0.000000,0.000000,0.000000,0.000000,0.000000,0.000000,0.000000,0.000000,0.000000,1.000000,900.000000,0,0,nan,nan,nan,nan,-1.000000,37.500000,0.200000,37.700001,38.200001,0.500001,28.341603,28.341603,30.000000,0.000000,0,nan,nan,nan,nan,-1,0,0,-1,0,0,FAIL_CLEANLY,NONE,COLD,20.000000,CONTROL-ONLY POST VALIDATION / PHYSICAL UNVERIFIED
medium,20.000000,15,0.100000,30,50,900.000000,0,PREHEAT_TIMEOUT,0,0.000000,0.000000,0.000000,0.000000,0.000000,0.000000,0.000000,0.000000,0.000000,1.000000,900.000000,0,0,nan,nan,nan,nan,-1.000000,37.500000,0.200000,37.700001,38.200001,0.500001,30.427513,30.427513,30.000000,0.000000,0,nan,nan,nan,nan,-1,0,0,-1,0,0,FAIL_CLEANLY,NONE,COLD,20.000000,CONTROL-ONLY POST VALIDATION / PHYSICAL UNVERIFIED
medium,20.000000,15,0.100000,40,30,900.000000,0,PREHEAT_TIMEOUT,0,0.000000,0.000000,0.000000,0.000000,0.000000,0.000000,0.000000,0.000000,0.000000,1.000000,900.000000,0,0,nan,nan,nan,nan,-1.000000,37.500000,0.200000,37.700001,38.200001,0.500001,26.253655,26.253655,40.000000,0.000000,0,nan,nan,nan,nan,-1,0,0,-1,0,0,FAIL_CLEANLY,NONE,COLD,20.000000,CONTROL-ONLY POST VALIDATION / PHYSICAL UNVERIFIED
medium,20.000000,15,0.100000,40,40,900.000000,0,PREHEAT_TIMEOUT,0,0.000000,0.000000,0.000000,0.000000,0.000000,0.000000,0.000000,0.000000,0.000000,1.000000,900.000000,0,0,nan,nan,nan,nan,-1.000000,37.500000,0.200000,37.700001,38.200001,0.500001,28.341603,28.341603,40.000000,0.000000,0,nan,nan,nan,nan,-1,0,0,-1,0,0,FAIL_CLEANLY,NONE,COLD,20.000000,CONTROL-ONLY POST VALIDATION / PHYSICAL UNVERIFIED
medium,20.000000,15,0.100000,40,50,900.000000,0,PREHEAT_TIMEOUT,0,0.000000,0.000000,0.000000,0.000000,0.000000,0.000000,0.000000,0.000000,0.000000,1.000000,900.000000,0,0,nan,nan,nan,nan,-1.000000,37.500000,0.200000,37.700001,38.200001,0.500001,30.427513,30.427513,40.000000,0.000000,0,nan,nan,nan,nan,-1,0,0,-1,0,0,FAIL_CLEANLY,NONE,COLD,20.000000,CONTROL-ONLY POST VALIDATION / PHYSICAL UNVERIFIED
medium,20.000000,15,0.010000,20,30,900.000000,0,PREHEAT_TIMEOUT,0,0.000000,0.000000,0.000000,0.000000,0.000000,0.000000,0.000000,0.000000,0.000000,1.000000,900.000000,0,0,nan,nan,nan,nan,-1.000000,37.500000,0.200000,37.700001,38.200001,0.500001,26.253655,26.253655,20.000000,0.000000,0,nan,nan,nan,nan,-1,0,0,-1,0,0,FAIL_CLEANLY,NONE,COLD,20.000000,CONTROL-ONLY POST VALIDATION / PHYSICAL UNVERIFIED
medium,20.000000,15,0.010000,20,40,900.000000,0,PREHEAT_TIMEOUT,0,0.000000,0.000000,0.000000,0.000000,0.000000,0.000000,0.000000,0.000000,0.000000,1.000000,900.000000,0,0,nan,nan,nan,nan,-1.000000,37.500000,0.200000,37.700001,38.200001,0.500001,28.341603,28.341603,20.000000,0.000000,0,nan,nan,nan,nan,-1,0,0,-1,0,0,FAIL_CLEANLY,NONE,COLD,20.000000,CONTROL-ONLY POST VALIDATION / PHYSICAL UNVERIFIED
medium,20.000000,15,0.010000,20,50,900.000000,0,PREHEAT_TIMEOUT,0,0.000000,0.000000,0.000000,0.000000,0.000000,0.000000,0.000000,0.000000,0.000000,1.000000,900.000000,0,0,nan,nan,nan,nan,-1.000000,37.500000,0.200000,37.700001,38.200001,0.500001,30.427513,30.427513,20.000000,0.000000,0,nan,nan,nan,nan,-1,0,0,-1,0,0,FAIL_CLEANLY,NONE,COLD,20.000000,CONTROL-ONLY POST VALIDATION / PHYSICAL UNVERIFIED
medium,20.000000,15,0.010000,30,30,900.000000,0,PREHEAT_TIMEOUT,0,0.000000,0.000000,0.000000,0.000000,0.000000,0.000000,0.000000,0.000000,0.000000,1.000000,900.000000,0,0,nan,nan,nan,nan,-1.000000,37.500000,0.200000,37.700001,38.200001,0.500001,26.253655,26.253655,30.000000,0.000000,0,nan,nan,nan,nan,-1,0,0,-1,0,0,FAIL_CLEANLY,NONE,COLD,20.000000,CONTROL-ONLY POST VALIDATION / PHYSICAL UNVERIFIED
medium,20.000000,15,0.010000,30,40,900.000000,0,PREHEAT_TIMEOUT,0,0.000000,0.000000,0.000000,0.000000,0.000000,0.000000,0.000000,0.000000,0.000000,1.000000,900.000000,0,0,nan,nan,nan,nan,-1.000000,37.500000,0.200000,37.700001,38.200001,0.500001,28.341603,28.341603,30.000000,0.000000,0,nan,nan,nan,nan,-1,0,0,-1,0,0,FAIL_CLEANLY,NONE,COLD,20.000000,CONTROL-ONLY POST VALIDATION / PHYSICAL UNVERIFIED
medium,20.000000,15,0.010000,30,50,900.000000,0,PREHEAT_TIMEOUT,0,0.000000,0.000000,0.000000,0.000000,0.000000,0.000000,0.000000,0.000000,0.000000,1.000000,900.000000,0,0,nan,nan,nan,nan,-1.000000,37.500000,0.200000,37.700001,38.200001,0.500001,30.427513,30.427513,30.000000,0.000000,0,nan,nan,nan,nan,-1,0,0,-1,0,0,FAIL_CLEANLY,NONE,COLD,20.000000,CONTROL-ONLY POST VALIDATION / PHYSICAL UNVERIFIED
medium,20.000000,15,0.010000,40,30,900.000000,0,PREHEAT_TIMEOUT,0,0.000000,0.000000,0.000000,0.000000,0.000000,0.000000,0.000000,0.000000,0.000000,1.000000,900.000000,0,0,nan,nan,nan,nan,-1.000000,37.500000,0.200000,37.700001,38.200001,0.500001,26.253655,26.253655,40.000000,0.000000,0,nan,nan,nan,nan,-1,0,0,-1,0,0,FAIL_CLEANLY,NONE,COLD,20.000000,CONTROL-ONLY POST VALIDATION / PHYSICAL UNVERIFIED
medium,20.000000,15,0.010000,40,40,900.000000,0,PREHEAT_TIMEOUT,0,0.000000,0.000000,0.000000,0.000000,0.000000,0.000000,0.000000,0.000000,0.000000,1.000000,900.000000,0,0,nan,nan,nan,nan,-1.000000,37.500000,0.200000,37.700001,38.200001,0.500001,28.341603,28.341603,40.000000,0.000000,0,nan,nan,nan,nan,-1,0,0,-1,0,0,FAIL_CLEANLY,NONE,COLD,20.000000,CONTROL-ONLY POST VALIDATION / PHYSICAL UNVERIFIED
medium,20.000000,15,0.010000,40,50,900.000000,0,PREHEAT_TIMEOUT,0,0.000000,0.000000,0.000000,0.000000,0.000000,0.000000,0.000000,0.000000,0.000000,1.000000,900.000000,0,0,nan,nan,nan,nan,-1.000000,37.500000,0.200000,37.700001,38.200001,0.500001,30.427513,30.427513,40.000000,0.000000,0,nan,nan,nan,nan,-1,0,0,-1,0,0,FAIL_CLEANLY,NONE,COLD,20.000000,CONTROL-ONLY POST VALIDATION / PHYSICAL UNVERIFIED
medium,20.000000,30,0.100000,20,30,900.000000,0,PREHEAT_TIMEOUT,0,0.000000,0.000000,0.000000,0.000000,0.000000,0.000000,0.000000,0.000000,0.000000,1.000000,900.000000,0,0,nan,nan,nan,nan,-1.000000,37.500000,0.200000,37.700001,38.200001,0.500001,26.253655,26.253655,20.000000,0.000000,0,nan,nan,nan,nan,-1,0,0,-1,0,0,FAIL_CLEANLY,NONE,COLD,20.000000,CONTROL-ONLY POST VALIDATION / PHYSICAL UNVERIFIED
medium,20.000000,30,0.100000,20,40,900.000000,0,PREHEAT_TIMEOUT,0,0.000000,0.000000,0.000000,0.000000,0.000000,0.000000,0.000000,0.000000,0.000000,1.000000,900.000000,0,0,nan,nan,nan,nan,-1.000000,37.500000,0.200000,37.700001,38.200001,0.500001,28.341603,28.341603,20.000000,0.000000,0,nan,nan,nan,nan,-1,0,0,-1,0,0,FAIL_CLEANLY,NONE,COLD,20.000000,CONTROL-ONLY POST VALIDATION / PHYSICAL UNVERIFIED
medium,20.000000,30,0.100000,20,50,900.000000,0,PREHEAT_TIMEOUT,0,0.000000,0.000000,0.000000,0.000000,0.000000,0.000000,0.000000,0.000000,0.000000,1.000000,900.000000,0,0,nan,nan,nan,nan,-1.000000,37.500000,0.200000,37.700001,38.200001,0.500001,30.427513,30.427513,20.000000,0.000000,0,nan,nan,nan,nan,-1,0,0,-1,0,0,FAIL_CLEANLY,NONE,COLD,20.000000,CONTROL-ONLY POST VALIDATION / PHYSICAL UNVERIFIED
medium,20.000000,30,0.100000,30,30,900.000000,0,PREHEAT_TIMEOUT,0,0.000000,0.000000,0.000000,0.000000,0.000000,0.000000,0.000000,0.000000,0.000000,1.000000,900.000000,0,0,nan,nan,nan,nan,-1.000000,37.500000,0.200000,37.700001,38.200001,0.500001,26.253655,26.253655,30.000000,0.000000,0,nan,nan,nan,nan,-1,0,0,-1,0,0,FAIL_CLEANLY,NONE,COLD,20.000000,CONTROL-ONLY POST VALIDATION / PHYSICAL UNVERIFIED
medium,20.000000,30,0.100000,30,40,900.000000,0,PREHEAT_TIMEOUT,0,0.000000,0.000000,0.000000,0.000000,0.000000,0.000000,0.000000,0.000000,0.000000,1.000000,900.000000,0,0,nan,nan,nan,nan,-1.000000,37.500000,0.200000,37.700001,38.200001,0.500001,28.341603,28.341603,30.000000,0.000000,0,nan,nan,nan,nan,-1,0,0,-1,0,0,FAIL_CLEANLY,NONE,COLD,20.000000,CONTROL-ONLY POST VALIDATION / PHYSICAL UNVERIFIED
medium,20.000000,30,0.100000,30,50,900.000000,0,PREHEAT_TIMEOUT,0,0.000000,0.000000,0.000000,0.000000,0.000000,0.000000,0.000000,0.000000,0.000000,1.000000,900.000000,0,0,nan,nan,nan,nan,-1.000000,37.500000,0.200000,37.700001,38.200001,0.500001,30.427513,30.427513,30.000000,0.000000,0,nan,nan,nan,nan,-1,0,0,-1,0,0,FAIL_CLEANLY,NONE,COLD,20.000000,CONTROL-ONLY POST VALIDATION / PHYSICAL UNVERIFIED
medium,20.000000,30,0.100000,40,30,900.000000,0,PREHEAT_TIMEOUT,0,0.000000,0.000000,0.000000,0.000000,0.000000,0.000000,0.000000,0.000000,0.000000,1.000000,900.000000,0,0,nan,nan,nan,nan,-1.000000,37.500000,0.200000,37.700001,38.200001,0.500001,26.253655,26.253655,40.000000,0.000000,0,nan,nan,nan,nan,-1,0,0,-1,0,0,FAIL_CLEANLY,NONE,COLD,20.000000,CONTROL-ONLY POST VALIDATION / PHYSICAL UNVERIFIED
medium,20.000000,30,0.100000,40,40,900.000000,0,PREHEAT_TIMEOUT,0,0.000000,0.000000,0.000000,0.000000,0.000000,0.000000,0.000000,0.000000,0.000000,1.000000,900.000000,0,0,nan,nan,nan,nan,-1.000000,37.500000,0.200000,37.700001,38.200001,0.500001,28.341603,28.341603,40.000000,0.000000,0,nan,nan,nan,nan,-1,0,0,-1,0,0,FAIL_CLEANLY,NONE,COLD,20.000000,CONTROL-ONLY POST VALIDATION / PHYSICAL UNVERIFIED
medium,20.000000,30,0.100000,40,50,900.000000,0,PREHEAT_TIMEOUT,0,0.000000,0.000000,0.000000,0.000000,0.000000,0.000000,0.000000,0.000000,0.000000,1.000000,900.000000,0,0,nan,nan,nan,nan,-1.000000,37.500000,0.200000,37.700001,38.200001,0.500001,30.427513,30.427513,40.000000,0.000000,0,nan,nan,nan,nan,-1,0,0,-1,0,0,FAIL_CLEANLY,NONE,COLD,20.000000,CONTROL-ONLY POST VALIDATION / PHYSICAL UNVERIFIED
medium,20.000000,30,0.010000,20,30,900.000000,0,PREHEAT_TIMEOUT,0,0.000000,0.000000,0.000000,0.000000,0.000000,0.000000,0.000000,0.000000,0.000000,1.000000,900.000000,0,0,nan,nan,nan,nan,-1.000000,37.500000,0.200000,37.700001,38.200001,0.500001,26.253655,26.253655,20.000000,0.000000,0,nan,nan,nan,nan,-1,0,0,-1,0,0,FAIL_CLEANLY,NONE,COLD,20.000000,CONTROL-ONLY POST VALIDATION / PHYSICAL UNVERIFIED
medium,20.000000,30,0.010000,20,40,900.000000,0,PREHEAT_TIMEOUT,0,0.000000,0.000000,0.000000,0.000000,0.000000,0.000000,0.000000,0.000000,0.000000,1.000000,900.000000,0,0,nan,nan,nan,nan,-1.000000,37.500000,0.200000,37.700001,38.200001,0.500001,28.341603,28.341603,20.000000,0.000000,0,nan,nan,nan,nan,-1,0,0,-1,0,0,FAIL_CLEANLY,NONE,COLD,20.000000,CONTROL-ONLY POST VALIDATION / PHYSICAL UNVERIFIED
medium,20.000000,30,0.010000,20,50,900.000000,0,PREHEAT_TIMEOUT,0,0.000000,0.000000,0.000000,0.000000,0.000000,0.000000,0.000000,0.000000,0.000000,1.000000,900.000000,0,0,nan,nan,nan,nan,-1.000000,37.500000,0.200000,37.700001,38.200001,0.500001,30.427513,30.427513,20.000000,0.000000,0,nan,nan,nan,nan,-1,0,0,-1,0,0,FAIL_CLEANLY,NONE,COLD,20.000000,CONTROL-ONLY POST VALIDATION / PHYSICAL UNVERIFIED
medium,20.000000,30,0.010000,30,30,900.000000,0,PREHEAT_TIMEOUT,0,0.000000,0.000000,0.000000,0.000000,0.000000,0.000000,0.000000,0.000000,0.000000,1.000000,900.000000,0,0,nan,nan,nan,nan,-1.000000,37.500000,0.200000,37.700001,38.200001,0.500001,26.253655,26.253655,30.000000,0.000000,0,nan,nan,nan,nan,-1,0,0,-1,0,0,FAIL_CLEANLY,NONE,COLD,20.000000,CONTROL-ONLY POST VALIDATION / PHYSICAL UNVERIFIED
medium,20.000000,30,0.010000,30,40,900.000000,0,PREHEAT_TIMEOUT,0,0.000000,0.000000,0.000000,0.000000,0.000000,0.000000,0.000000,0.000000,0.000000,1.000000,900.000000,0,0,nan,nan,nan,nan,-1.000000,37.500000,0.200000,37.700001,38.200001,0.500001,28.341603,28.341603,30.000000,0.000000,0,nan,nan,nan,nan,-1,0,0,-1,0,0,FAIL_CLEANLY,NONE,COLD,20.000000,CONTROL-ONLY POST VALIDATION / PHYSICAL UNVERIFIED
medium,20.000000,30,0.010000,30,50,900.000000,0,PREHEAT_TIMEOUT,0,0.000000,0.000000,0.000000,0.000000,0.000000,0.000000,0.000000,0.000000,0.000000,1.000000,900.000000,0,0,nan,nan,nan,nan,-1.000000,37.500000,0.200000,37.700001,38.200001,0.500001,30.427513,30.427513,30.000000,0.000000,0,nan,nan,nan,nan,-1,0,0,-1,0,0,FAIL_CLEANLY,NONE,COLD,20.000000,CONTROL-ONLY POST VALIDATION / PHYSICAL UNVERIFIED
medium,20.000000,30,0.010000,40,30,900.000000,0,PREHEAT_TIMEOUT,0,0.000000,0.000000,0.000000,0.000000,0.000000,0.000000,0.000000,0.000000,0.000000,1.000000,900.000000,0,0,nan,nan,nan,nan,-1.000000,37.500000,0.200000,37.700001,38.200001,0.500001,26.253655,26.253655,40.000000,0.000000,0,nan,nan,nan,nan,-1,0,0,-1,0,0,FAIL_CLEANLY,NONE,COLD,20.000000,CONTROL-ONLY POST VALIDATION / PHYSICAL UNVERIFIED
medium,20.000000,30,0.010000,40,40,900.000000,0,PREHEAT_TIMEOUT,0,0.000000,0.000000,0.000000,0.000000,0.000000,0.000000,0.000000,0.000000,0.000000,1.000000,900.000000,0,0,nan,nan,nan,nan,-1.000000,37.500000,0.200000,37.700001,38.200001,0.500001,28.341603,28.341603,40.000000,0.000000,0,nan,nan,nan,nan,-1,0,0,-1,0,0,FAIL_CLEANLY,NONE,COLD,20.000000,CONTROL-ONLY POST VALIDATION / PHYSICAL UNVERIFIED
medium,20.000000,30,0.010000,40,50,900.000000,0,PREHEAT_TIMEOUT,0,0.000000,0.000000,0.000000,0.000000,0.000000,0.000000,0.000000,0.000000,0.000000,1.000000,900.000000,0,0,nan,nan,nan,nan,-1.000000,37.500000,0.200000,37.700001,38.200001,0.500001,30.427513,30.427513,40.000000,0.000000,0,nan,nan,nan,nan,-1,0,0,-1,0,0,FAIL_CLEANLY,NONE,COLD,20.000000,CONTROL-ONLY POST VALIDATION / PHYSICAL UNVERIFIED
medium,20.000000,60,0.100000,20,30,900.000000,0,PREHEAT_TIMEOUT,0,0.000000,0.000000,0.000000,0.000000,0.000000,0.000000,0.000000,0.000000,0.000000,1.000000,900.000000,0,0,nan,nan,nan,nan,-1.000000,37.500000,0.200000,37.700001,38.200001,0.500001,26.253655,26.253655,20.000000,0.000000,0,nan,nan,nan,nan,-1,0,0,-1,0,0,FAIL_CLEANLY,NONE,COLD,20.000000,CONTROL-ONLY POST VALIDATION / PHYSICAL UNVERIFIED
medium,20.000000,60,0.100000,20,40,900.000000,0,PREHEAT_TIMEOUT,0,0.000000,0.000000,0.000000,0.000000,0.000000,0.000000,0.000000,0.000000,0.000000,1.000000,900.000000,0,0,nan,nan,nan,nan,-1.000000,37.500000,0.200000,37.700001,38.200001,0.500001,28.341603,28.341603,20.000000,0.000000,0,nan,nan,nan,nan,-1,0,0,-1,0,0,FAIL_CLEANLY,NONE,COLD,20.000000,CONTROL-ONLY POST VALIDATION / PHYSICAL UNVERIFIED
medium,20.000000,60,0.100000,20,50,900.000000,0,PREHEAT_TIMEOUT,0,0.000000,0.000000,0.000000,0.000000,0.000000,0.000000,0.000000,0.000000,0.000000,1.000000,900.000000,0,0,nan,nan,nan,nan,-1.000000,37.500000,0.200000,37.700001,38.200001,0.500001,30.427513,30.427513,20.000000,0.000000,0,nan,nan,nan,nan,-1,0,0,-1,0,0,FAIL_CLEANLY,NONE,COLD,20.000000,CONTROL-ONLY POST VALIDATION / PHYSICAL UNVERIFIED
medium,20.000000,60,0.100000,30,30,900.000000,0,PREHEAT_TIMEOUT,0,0.000000,0.000000,0.000000,0.000000,0.000000,0.000000,0.000000,0.000000,0.000000,1.000000,900.000000,0,0,nan,nan,nan,nan,-1.000000,37.500000,0.200000,37.700001,38.200001,0.500001,26.253655,26.253655,30.000000,0.000000,0,nan,nan,nan,nan,-1,0,0,-1,0,0,FAIL_CLEANLY,NONE,COLD,20.000000,CONTROL-ONLY POST VALIDATION / PHYSICAL UNVERIFIED
medium,20.000000,60,0.100000,30,40,900.000000,0,PREHEAT_TIMEOUT,0,0.000000,0.000000,0.000000,0.000000,0.000000,0.000000,0.000000,0.000000,0.000000,1.000000,900.000000,0,0,nan,nan,nan,nan,-1.000000,37.500000,0.200000,37.700001,38.200001,0.500001,28.341603,28.341603,30.000000,0.000000,0,nan,nan,nan,nan,-1,0,0,-1,0,0,FAIL_CLEANLY,NONE,COLD,20.000000,CONTROL-ONLY POST VALIDATION / PHYSICAL UNVERIFIED
medium,20.000000,60,0.100000,30,50,900.000000,0,PREHEAT_TIMEOUT,0,0.000000,0.000000,0.000000,0.000000,0.000000,0.000000,0.000000,0.000000,0.000000,1.000000,900.000000,0,0,nan,nan,nan,nan,-1.000000,37.500000,0.200000,37.700001,38.200001,0.500001,30.427513,30.427513,30.000000,0.000000,0,nan,nan,nan,nan,-1,0,0,-1,0,0,FAIL_CLEANLY,NONE,COLD,20.000000,CONTROL-ONLY POST VALIDATION / PHYSICAL UNVERIFIED
medium,20.000000,60,0.100000,40,30,900.000000,0,PREHEAT_TIMEOUT,0,0.000000,0.000000,0.000000,0.000000,0.000000,0.000000,0.000000,0.000000,0.000000,1.000000,900.000000,0,0,nan,nan,nan,nan,-1.000000,37.500000,0.200000,37.700001,38.200001,0.500001,26.253655,26.253655,40.000000,0.000000,0,nan,nan,nan,nan,-1,0,0,-1,0,0,FAIL_CLEANLY,NONE,COLD,20.000000,CONTROL-ONLY POST VALIDATION / PHYSICAL UNVERIFIED
medium,20.000000,60,0.100000,40,40,900.000000,0,PREHEAT_TIMEOUT,0,0.000000,0.000000,0.000000,0.000000,0.000000,0.000000,0.000000,0.000000,0.000000,1.000000,900.000000,0,0,nan,nan,nan,nan,-1.000000,37.500000,0.200000,37.700001,38.200001,0.500001,28.341603,28.341603,40.000000,0.000000,0,nan,nan,nan,nan,-1,0,0,-1,0,0,FAIL_CLEANLY,NONE,COLD,20.000000,CONTROL-ONLY POST VALIDATION / PHYSICAL UNVERIFIED
medium,20.000000,60,0.100000,40,50,900.000000,0,PREHEAT_TIMEOUT,0,0.000000,0.000000,0.000000,0.000000,0.000000,0.000000,0.000000,0.000000,0.000000,1.000000,900.000000,0,0,nan,nan,nan,nan,-1.000000,37.500000,0.200000,37.700001,38.200001,0.500001,30.427513,30.427513,40.000000,0.000000,0,nan,nan,nan,nan,-1,0,0,-1,0,0,FAIL_CLEANLY,NONE,COLD,20.000000,CONTROL-ONLY POST VALIDATION / PHYSICAL UNVERIFIED
medium,20.000000,60,0.010000,20,30,900.000000,0,PREHEAT_TIMEOUT,0,0.000000,0.000000,0.000000,0.000000,0.000000,0.000000,0.000000,0.000000,0.000000,1.000000,900.000000,0,0,nan,nan,nan,nan,-1.000000,37.500000,0.200000,37.700001,38.200001,0.500001,26.253655,26.253655,20.000000,0.000000,0,nan,nan,nan,nan,-1,0,0,-1,0,0,FAIL_CLEANLY,NONE,COLD,20.000000,CONTROL-ONLY POST VALIDATION / PHYSICAL UNVERIFIED
medium,20.000000,60,0.010000,20,40,900.000000,0,PREHEAT_TIMEOUT,0,0.000000,0.000000,0.000000,0.000000,0.000000,0.000000,0.000000,0.000000,0.000000,1.000000,900.000000,0,0,nan,nan,nan,nan,-1.000000,37.500000,0.200000,37.700001,38.200001,0.500001,28.341603,28.341603,20.000000,0.000000,0,nan,nan,nan,nan,-1,0,0,-1,0,0,FAIL_CLEANLY,NONE,COLD,20.000000,CONTROL-ONLY POST VALIDATION / PHYSICAL UNVERIFIED
medium,20.000000,60,0.010000,20,50,900.000000,0,PREHEAT_TIMEOUT,0,0.000000,0.000000,0.000000,0.000000,0.000000,0.000000,0.000000,0.000000,0.000000,1.000000,900.000000,0,0,nan,nan,nan,nan,-1.000000,37.500000,0.200000,37.700001,38.200001,0.500001,30.427513,30.427513,20.000000,0.000000,0,nan,nan,nan,nan,-1,0,0,-1,0,0,FAIL_CLEANLY,NONE,COLD,20.000000,CONTROL-ONLY POST VALIDATION / PHYSICAL UNVERIFIED
medium,20.000000,60,0.010000,30,30,900.000000,0,PREHEAT_TIMEOUT,0,0.000000,0.000000,0.000000,0.000000,0.000000,0.000000,0.000000,0.000000,0.000000,1.000000,900.000000,0,0,nan,nan,nan,nan,-1.000000,37.500000,0.200000,37.700001,38.200001,0.500001,26.253655,26.253655,30.000000,0.000000,0,nan,nan,nan,nan,-1,0,0,-1,0,0,FAIL_CLEANLY,NONE,COLD,20.000000,CONTROL-ONLY POST VALIDATION / PHYSICAL UNVERIFIED
medium,20.000000,60,0.010000,30,40,900.000000,0,PREHEAT_TIMEOUT,0,0.000000,0.000000,0.000000,0.000000,0.000000,0.000000,0.000000,0.000000,0.000000,1.000000,900.000000,0,0,nan,nan,nan,nan,-1.000000,37.500000,0.200000,37.700001,38.200001,0.500001,28.341603,28.341603,30.000000,0.000000,0,nan,nan,nan,nan,-1,0,0,-1,0,0,FAIL_CLEANLY,NONE,COLD,20.000000,CONTROL-ONLY POST VALIDATION / PHYSICAL UNVERIFIED
medium,20.000000,60,0.010000,30,50,900.000000,0,PREHEAT_TIMEOUT,0,0.000000,0.000000,0.000000,0.000000,0.000000,0.000000,0.000000,0.000000,0.000000,1.000000,900.000000,0,0,nan,nan,nan,nan,-1.000000,37.500000,0.200000,37.700001,38.200001,0.500001,30.427513,30.427513,30.000000,0.000000,0,nan,nan,nan,nan,-1,0,0,-1,0,0,FAIL_CLEANLY,NONE,COLD,20.000000,CONTROL-ONLY POST VALIDATION / PHYSICAL UNVERIFIED
medium,20.000000,60,0.010000,40,30,900.000000,0,PREHEAT_TIMEOUT,0,0.000000,0.000000,0.000000,0.000000,0.000000,0.000000,0.000000,0.000000,0.000000,1.000000,900.000000,0,0,nan,nan,nan,nan,-1.000000,37.500000,0.200000,37.700001,38.200001,0.500001,26.253655,26.253655,40.000000,0.000000,0,nan,nan,nan,nan,-1,0,0,-1,0,0,FAIL_CLEANLY,NONE,COLD,20.000000,CONTROL-ONLY POST VALIDATION / PHYSICAL UNVERIFIED
medium,20.000000,60,0.010000,40,40,900.000000,0,PREHEAT_TIMEOUT,0,0.000000,0.000000,0.000000,0.000000,0.000000,0.000000,0.000000,0.000000,0.000000,1.000000,900.000000,0,0,nan,nan,nan,nan,-1.000000,37.500000,0.200000,37.700001,38.200001,0.500001,28.341603,28.341603,40.000000,0.000000,0,nan,nan,nan,nan,-1,0,0,-1,0,0,FAIL_CLEANLY,NONE,COLD,20.000000,CONTROL-ONLY POST VALIDATION / PHYSICAL UNVERIFIED
medium,20.000000,60,0.010000,40,50,900.000000,0,PREHEAT_TIMEOUT,0,0.000000,0.000000,0.000000,0.000000,0.000000,0.000000,0.000000,0.000000,0.000000,1.000000,900.000000,0,0,nan,nan,nan,nan,-1.000000,37.500000,0.200000,37.700001,38.200001,0.500001,30.427513,30.427513,40.000000,0.000000,0,nan,nan,nan,nan,-1,0,0,-1,0,0,FAIL_CLEANLY,NONE,COLD,20.000000,CONTROL-ONLY POST VALIDATION / PHYSICAL UNVERIFIED
medium,25.000000,5,0.100000,20,30,900.000000,0,PREHEAT_TIMEOUT,0,0.000000,0.000000,0.000000,0.000000,0.000000,0.000000,0.000000,0.000000,0.000000,1.000000,900.000000,0,0,nan,nan,nan,nan,-1.000000,37.500000,0.200000,37.700001,38.200001,0.500001,31.253655,31.253655,20.000000,0.000000,0,nan,nan,nan,nan,-1,0,0,-1,0,0,FAIL_CLEANLY,NONE,COLD,25.000000,CONTROL-ONLY POST VALIDATION / PHYSICAL UNVERIFIED
medium,25.000000,5,0.100000,20,40,900.000000,0,PREHEAT_TIMEOUT,0,0.000000,0.000000,0.000000,0.000000,0.000000,0.000000,0.000000,0.000000,0.000000,1.000000,900.000000,0,0,nan,nan,nan,nan,-1.000000,37.500000,0.200000,37.700001,38.200001,0.500001,33.341603,33.341603,20.000000,0.000000,0,nan,nan,nan,nan,-1,0,0,-1,0,0,FAIL_CLEANLY,NONE,COLD,25.000000,CONTROL-ONLY POST VALIDATION / PHYSICAL UNVERIFIED
medium,25.000000,5,0.100000,20,50,900.000000,0,PREHEAT_TIMEOUT,0,0.000000,0.000000,0.000000,0.000000,0.000000,0.000000,0.000000,0.000000,0.000000,1.000000,900.000000,0,0,nan,nan,nan,nan,-1.000000,37.500000,0.200000,37.700001,38.200001,0.500001,35.427513,35.427513,20.000000,0.000000,0,nan,nan,nan,nan,-1,0,0,-1,0,0,FAIL_CLEANLY,NONE,COLD,25.000000,CONTROL-ONLY POST VALIDATION / PHYSICAL UNVERIFIED
medium,25.000000,5,0.100000,30,30,900.000000,0,PREHEAT_TIMEOUT,0,0.000000,0.000000,0.000000,0.000000,0.000000,0.000000,0.000000,0.000000,0.000000,1.000000,900.000000,0,0,nan,nan,nan,nan,-1.000000,37.500000,0.200000,37.700001,38.200001,0.500001,31.253655,31.253655,30.000000,0.000000,0,nan,nan,nan,nan,-1,0,0,-1,0,0,FAIL_CLEANLY,NONE,COLD,25.000000,CONTROL-ONLY POST VALIDATION / PHYSICAL UNVERIFIED
medium,25.000000,5,0.100000,30,40,900.000000,0,PREHEAT_TIMEOUT,0,0.000000,0.000000,0.000000,0.000000,0.000000,0.000000,0.000000,0.000000,0.000000,1.000000,900.000000,0,0,nan,nan,nan,nan,-1.000000,37.500000,0.200000,37.700001,38.200001,0.500001,33.341603,33.341603,30.000000,0.000000,0,nan,nan,nan,nan,-1,0,0,-1,0,0,FAIL_CLEANLY,NONE,COLD,25.000000,CONTROL-ONLY POST VALIDATION / PHYSICAL UNVERIFIED
medium,25.000000,5,0.100000,30,50,900.000000,0,PREHEAT_TIMEOUT,0,0.000000,0.000000,0.000000,0.000000,0.000000,0.000000,0.000000,0.000000,0.000000,1.000000,900.000000,0,0,nan,nan,nan,nan,-1.000000,37.500000,0.200000,37.700001,38.200001,0.500001,35.427513,35.427513,30.000000,0.000000,0,nan,nan,nan,nan,-1,0,0,-1,0,0,FAIL_CLEANLY,NONE,COLD,25.000000,CONTROL-ONLY POST VALIDATION / PHYSICAL UNVERIFIED
medium,25.000000,5,0.100000,40,30,900.000000,0,PREHEAT_TIMEOUT,0,0.000000,0.000000,0.000000,0.000000,0.000000,0.000000,0.000000,0.000000,0.000000,1.000000,900.000000,0,0,nan,nan,nan,nan,-1.000000,37.500000,0.200000,37.700001,38.200001,0.500001,31.253655,31.253655,40.000000,0.000000,0,nan,nan,nan,nan,-1,0,0,-1,0,0,FAIL_CLEANLY,NONE,COLD,25.000000,CONTROL-ONLY POST VALIDATION / PHYSICAL UNVERIFIED
medium,25.000000,5,0.100000,40,40,900.000000,0,PREHEAT_TIMEOUT,0,0.000000,0.000000,0.000000,0.000000,0.000000,0.000000,0.000000,0.000000,0.000000,1.000000,900.000000,0,0,nan,nan,nan,nan,-1.000000,37.500000,0.200000,37.700001,38.200001,0.500001,33.341603,33.341603,40.000000,0.000000,0,nan,nan,nan,nan,-1,0,0,-1,0,0,FAIL_CLEANLY,NONE,COLD,25.000000,CONTROL-ONLY POST VALIDATION / PHYSICAL UNVERIFIED
medium,25.000000,5,0.100000,40,50,900.000000,0,PREHEAT_TIMEOUT,0,0.000000,0.000000,0.000000,0.000000,0.000000,0.000000,0.000000,0.000000,0.000000,1.000000,900.000000,0,0,nan,nan,nan,nan,-1.000000,37.500000,0.200000,37.700001,38.200001,0.500001,35.427513,35.427513,40.000000,0.000000,0,nan,nan,nan,nan,-1,0,0,-1,0,0,FAIL_CLEANLY,NONE,COLD,25.000000,CONTROL-ONLY POST VALIDATION / PHYSICAL UNVERIFIED
medium,25.000000,5,0.010000,20,30,900.000000,0,PREHEAT_TIMEOUT,0,0.000000,0.000000,0.000000,0.000000,0.000000,0.000000,0.000000,0.000000,0.000000,1.000000,900.000000,0,0,nan,nan,nan,nan,-1.000000,37.500000,0.200000,37.700001,38.200001,0.500001,31.253655,31.253655,20.000000,0.000000,0,nan,nan,nan,nan,-1,0,0,-1,0,0,FAIL_CLEANLY,NONE,COLD,25.000000,CONTROL-ONLY POST VALIDATION / PHYSICAL UNVERIFIED
medium,25.000000,5,0.010000,20,40,900.000000,0,PREHEAT_TIMEOUT,0,0.000000,0.000000,0.000000,0.000000,0.000000,0.000000,0.000000,0.000000,0.000000,1.000000,900.000000,0,0,nan,nan,nan,nan,-1.000000,37.500000,0.200000,37.700001,38.200001,0.500001,33.341603,33.341603,20.000000,0.000000,0,nan,nan,nan,nan,-1,0,0,-1,0,0,FAIL_CLEANLY,NONE,COLD,25.000000,CONTROL-ONLY POST VALIDATION / PHYSICAL UNVERIFIED
medium,25.000000,5,0.010000,20,50,900.000000,0,PREHEAT_TIMEOUT,0,0.000000,0.000000,0.000000,0.000000,0.000000,0.000000,0.000000,0.000000,0.000000,1.000000,900.000000,0,0,nan,nan,nan,nan,-1.000000,37.500000,0.200000,37.700001,38.200001,0.500001,35.427513,35.427513,20.000000,0.000000,0,nan,nan,nan,nan,-1,0,0,-1,0,0,FAIL_CLEANLY,NONE,COLD,25.000000,CONTROL-ONLY POST VALIDATION / PHYSICAL UNVERIFIED
medium,25.000000,5,0.010000,30,30,900.000000,0,PREHEAT_TIMEOUT,0,0.000000,0.000000,0.000000,0.000000,0.000000,0.000000,0.000000,0.000000,0.000000,1.000000,900.000000,0,0,nan,nan,nan,nan,-1.000000,37.500000,0.200000,37.700001,38.200001,0.500001,31.253655,31.253655,30.000000,0.000000,0,nan,nan,nan,nan,-1,0,0,-1,0,0,FAIL_CLEANLY,NONE,COLD,25.000000,CONTROL-ONLY POST VALIDATION / PHYSICAL UNVERIFIED
medium,25.000000,5,0.010000,30,40,900.000000,0,PREHEAT_TIMEOUT,0,0.000000,0.000000,0.000000,0.000000,0.000000,0.000000,0.000000,0.000000,0.000000,1.000000,900.000000,0,0,nan,nan,nan,nan,-1.000000,37.500000,0.200000,37.700001,38.200001,0.500001,33.341603,33.341603,30.000000,0.000000,0,nan,nan,nan,nan,-1,0,0,-1,0,0,FAIL_CLEANLY,NONE,COLD,25.000000,CONTROL-ONLY POST VALIDATION / PHYSICAL UNVERIFIED
medium,25.000000,5,0.010000,30,50,900.000000,0,PREHEAT_TIMEOUT,0,0.000000,0.000000,0.000000,0.000000,0.000000,0.000000,0.000000,0.000000,0.000000,1.000000,900.000000,0,0,nan,nan,nan,nan,-1.000000,37.500000,0.200000,37.700001,38.200001,0.500001,35.427513,35.427513,30.000000,0.000000,0,nan,nan,nan,nan,-1,0,0,-1,0,0,FAIL_CLEANLY,NONE,COLD,25.000000,CONTROL-ONLY POST VALIDATION / PHYSICAL UNVERIFIED
medium,25.000000,5,0.010000,40,30,900.000000,0,PREHEAT_TIMEOUT,0,0.000000,0.000000,0.000000,0.000000,0.000000,0.000000,0.000000,0.000000,0.000000,1.000000,900.000000,0,0,nan,nan,nan,nan,-1.000000,37.500000,0.200000,37.700001,38.200001,0.500001,31.253655,31.253655,40.000000,0.000000,0,nan,nan,nan,nan,-1,0,0,-1,0,0,FAIL_CLEANLY,NONE,COLD,25.000000,CONTROL-ONLY POST VALIDATION / PHYSICAL UNVERIFIED
medium,25.000000,5,0.010000,40,40,900.000000,0,PREHEAT_TIMEOUT,0,0.000000,0.000000,0.000000,0.000000,0.000000,0.000000,0.000000,0.000000,0.000000,1.000000,900.000000,0,0,nan,nan,nan,nan,-1.000000,37.500000,0.200000,37.700001,38.200001,0.500001,33.341603,33.341603,40.000000,0.000000,0,nan,nan,nan,nan,-1,0,0,-1,0,0,FAIL_CLEANLY,NONE,COLD,25.000000,CONTROL-ONLY POST VALIDATION / PHYSICAL UNVERIFIED
medium,25.000000,5,0.010000,40,50,900.000000,0,PREHEAT_TIMEOUT,0,0.000000,0.000000,0.000000,0.000000,0.000000,0.000000,0.000000,0.000000,0.000000,1.000000,900.000000,0,0,nan,nan,nan,nan,-1.000000,37.500000,0.200000,37.700001,38.200001,0.500001,35.427513,35.427513,40.000000,0.000000,0,nan,nan,nan,nan,-1,0,0,-1,0,0,FAIL_CLEANLY,NONE,COLD,25.000000,CONTROL-ONLY POST VALIDATION / PHYSICAL UNVERIFIED
medium,25.000000,15,0.100000,20,30,900.000000,0,PREHEAT_TIMEOUT,0,0.000000,0.000000,0.000000,0.000000,0.000000,0.000000,0.000000,0.000000,0.000000,1.000000,900.000000,0,0,nan,nan,nan,nan,-1.000000,37.500000,0.200000,37.700001,38.200001,0.500001,31.253655,31.253655,20.000000,0.000000,0,nan,nan,nan,nan,-1,0,0,-1,0,0,FAIL_CLEANLY,NONE,COLD,25.000000,CONTROL-ONLY POST VALIDATION / PHYSICAL UNVERIFIED
medium,25.000000,15,0.100000,20,40,900.000000,0,PREHEAT_TIMEOUT,0,0.000000,0.000000,0.000000,0.000000,0.000000,0.000000,0.000000,0.000000,0.000000,1.000000,900.000000,0,0,nan,nan,nan,nan,-1.000000,37.500000,0.200000,37.700001,38.200001,0.500001,33.341603,33.341603,20.000000,0.000000,0,nan,nan,nan,nan,-1,0,0,-1,0,0,FAIL_CLEANLY,NONE,COLD,25.000000,CONTROL-ONLY POST VALIDATION / PHYSICAL UNVERIFIED
medium,25.000000,15,0.100000,20,50,900.000000,0,PREHEAT_TIMEOUT,0,0.000000,0.000000,0.000000,0.000000,0.000000,0.000000,0.000000,0.000000,0.000000,1.000000,900.000000,0,0,nan,nan,nan,nan,-1.000000,37.500000,0.200000,37.700001,38.200001,0.500001,35.427513,35.427513,20.000000,0.000000,0,nan,nan,nan,nan,-1,0,0,-1,0,0,FAIL_CLEANLY,NONE,COLD,25.000000,CONTROL-ONLY POST VALIDATION / PHYSICAL UNVERIFIED
medium,25.000000,15,0.100000,30,30,900.000000,0,PREHEAT_TIMEOUT,0,0.000000,0.000000,0.000000,0.000000,0.000000,0.000000,0.000000,0.000000,0.000000,1.000000,900.000000,0,0,nan,nan,nan,nan,-1.000000,37.500000,0.200000,37.700001,38.200001,0.500001,31.253655,31.253655,30.000000,0.000000,0,nan,nan,nan,nan,-1,0,0,-1,0,0,FAIL_CLEANLY,NONE,COLD,25.000000,CONTROL-ONLY POST VALIDATION / PHYSICAL UNVERIFIED
medium,25.000000,15,0.100000,30,40,900.000000,0,PREHEAT_TIMEOUT,0,0.000000,0.000000,0.000000,0.000000,0.000000,0.000000,0.000000,0.000000,0.000000,1.000000,900.000000,0,0,nan,nan,nan,nan,-1.000000,37.500000,0.200000,37.700001,38.200001,0.500001,33.341603,33.341603,30.000000,0.000000,0,nan,nan,nan,nan,-1,0,0,-1,0,0,FAIL_CLEANLY,NONE,COLD,25.000000,CONTROL-ONLY POST VALIDATION / PHYSICAL UNVERIFIED
medium,25.000000,15,0.100000,30,50,900.000000,0,PREHEAT_TIMEOUT,0,0.000000,0.000000,0.000000,0.000000,0.000000,0.000000,0.000000,0.000000,0.000000,1.000000,900.000000,0,0,nan,nan,nan,nan,-1.000000,37.500000,0.200000,37.700001,38.200001,0.500001,35.427513,35.427513,30.000000,0.000000,0,nan,nan,nan,nan,-1,0,0,-1,0,0,FAIL_CLEANLY,NONE,COLD,25.000000,CONTROL-ONLY POST VALIDATION / PHYSICAL UNVERIFIED
medium,25.000000,15,0.100000,40,30,900.000000,0,PREHEAT_TIMEOUT,0,0.000000,0.000000,0.000000,0.000000,0.000000,0.000000,0.000000,0.000000,0.000000,1.000000,900.000000,0,0,nan,nan,nan,nan,-1.000000,37.500000,0.200000,37.700001,38.200001,0.500001,31.253655,31.253655,40.000000,0.000000,0,nan,nan,nan,nan,-1,0,0,-1,0,0,FAIL_CLEANLY,NONE,COLD,25.000000,CONTROL-ONLY POST VALIDATION / PHYSICAL UNVERIFIED
medium,25.000000,15,0.100000,40,40,900.000000,0,PREHEAT_TIMEOUT,0,0.000000,0.000000,0.000000,0.000000,0.000000,0.000000,0.000000,0.000000,0.000000,1.000000,900.000000,0,0,nan,nan,nan,nan,-1.000000,37.500000,0.200000,37.700001,38.200001,0.500001,33.341603,33.341603,40.000000,0.000000,0,nan,nan,nan,nan,-1,0,0,-1,0,0,FAIL_CLEANLY,NONE,COLD,25.000000,CONTROL-ONLY POST VALIDATION / PHYSICAL UNVERIFIED
medium,25.000000,15,0.100000,40,50,900.000000,0,PREHEAT_TIMEOUT,0,0.000000,0.000000,0.000000,0.000000,0.000000,0.000000,0.000000,0.000000,0.000000,1.000000,900.000000,0,0,nan,nan,nan,nan,-1.000000,37.500000,0.200000,37.700001,38.200001,0.500001,35.427513,35.427513,40.000000,0.000000,0,nan,nan,nan,nan,-1,0,0,-1,0,0,FAIL_CLEANLY,NONE,COLD,25.000000,CONTROL-ONLY POST VALIDATION / PHYSICAL UNVERIFIED
medium,25.000000,15,0.010000,20,30,900.000000,0,PREHEAT_TIMEOUT,0,0.000000,0.000000,0.000000,0.000000,0.000000,0.000000,0.000000,0.000000,0.000000,1.000000,900.000000,0,0,nan,nan,nan,nan,-1.000000,37.500000,0.200000,37.700001,38.200001,0.500001,31.253655,31.253655,20.000000,0.000000,0,nan,nan,nan,nan,-1,0,0,-1,0,0,FAIL_CLEANLY,NONE,COLD,25.000000,CONTROL-ONLY POST VALIDATION / PHYSICAL UNVERIFIED
medium,25.000000,15,0.010000,20,40,900.000000,0,PREHEAT_TIMEOUT,0,0.000000,0.000000,0.000000,0.000000,0.000000,0.000000,0.000000,0.000000,0.000000,1.000000,900.000000,0,0,nan,nan,nan,nan,-1.000000,37.500000,0.200000,37.700001,38.200001,0.500001,33.341603,33.341603,20.000000,0.000000,0,nan,nan,nan,nan,-1,0,0,-1,0,0,FAIL_CLEANLY,NONE,COLD,25.000000,CONTROL-ONLY POST VALIDATION / PHYSICAL UNVERIFIED
medium,25.000000,15,0.010000,20,50,900.000000,0,PREHEAT_TIMEOUT,0,0.000000,0.000000,0.000000,0.000000,0.000000,0.000000,0.000000,0.000000,0.000000,1.000000,900.000000,0,0,nan,nan,nan,nan,-1.000000,37.500000,0.200000,37.700001,38.200001,0.500001,35.427513,35.427513,20.000000,0.000000,0,nan,nan,nan,nan,-1,0,0,-1,0,0,FAIL_CLEANLY,NONE,COLD,25.000000,CONTROL-ONLY POST VALIDATION / PHYSICAL UNVERIFIED
medium,25.000000,15,0.010000,30,30,900.000000,0,PREHEAT_TIMEOUT,0,0.000000,0.000000,0.000000,0.000000,0.000000,0.000000,0.000000,0.000000,0.000000,1.000000,900.000000,0,0,nan,nan,nan,nan,-1.000000,37.500000,0.200000,37.700001,38.200001,0.500001,31.253655,31.253655,30.000000,0.000000,0,nan,nan,nan,nan,-1,0,0,-1,0,0,FAIL_CLEANLY,NONE,COLD,25.000000,CONTROL-ONLY POST VALIDATION / PHYSICAL UNVERIFIED
medium,25.000000,15,0.010000,30,40,900.000000,0,PREHEAT_TIMEOUT,0,0.000000,0.000000,0.000000,0.000000,0.000000,0.000000,0.000000,0.000000,0.000000,1.000000,900.000000,0,0,nan,nan,nan,nan,-1.000000,37.500000,0.200000,37.700001,38.200001,0.500001,33.341603,33.341603,30.000000,0.000000,0,nan,nan,nan,nan,-1,0,0,-1,0,0,FAIL_CLEANLY,NONE,COLD,25.000000,CONTROL-ONLY POST VALIDATION / PHYSICAL UNVERIFIED
medium,25.000000,15,0.010000,30,50,900.000000,0,PREHEAT_TIMEOUT,0,0.000000,0.000000,0.000000,0.000000,0.000000,0.000000,0.000000,0.000000,0.000000,1.000000,900.000000,0,0,nan,nan,nan,nan,-1.000000,37.500000,0.200000,37.700001,38.200001,0.500001,35.427513,35.427513,30.000000,0.000000,0,nan,nan,nan,nan,-1,0,0,-1,0,0,FAIL_CLEANLY,NONE,COLD,25.000000,CONTROL-ONLY POST VALIDATION / PHYSICAL UNVERIFIED
medium,25.000000,15,0.010000,40,30,900.000000,0,PREHEAT_TIMEOUT,0,0.000000,0.000000,0.000000,0.000000,0.000000,0.000000,0.000000,0.000000,0.000000,1.000000,900.000000,0,0,nan,nan,nan,nan,-1.000000,37.500000,0.200000,37.700001,38.200001,0.500001,31.253655,31.253655,40.000000,0.000000,0,nan,nan,nan,nan,-1,0,0,-1,0,0,FAIL_CLEANLY,NONE,COLD,25.000000,CONTROL-ONLY POST VALIDATION / PHYSICAL UNVERIFIED
medium,25.000000,15,0.010000,40,40,900.000000,0,PREHEAT_TIMEOUT,0,0.000000,0.000000,0.000000,0.000000,0.000000,0.000000,0.000000,0.000000,0.000000,1.000000,900.000000,0,0,nan,nan,nan,nan,-1.000000,37.500000,0.200000,37.700001,38.200001,0.500001,33.341603,33.341603,40.000000,0.000000,0,nan,nan,nan,nan,-1,0,0,-1,0,0,FAIL_CLEANLY,NONE,COLD,25.000000,CONTROL-ONLY POST VALIDATION / PHYSICAL UNVERIFIED
medium,25.000000,15,0.010000,40,50,900.000000,0,PREHEAT_TIMEOUT,0,0.000000,0.000000,0.000000,0.000000,0.000000,0.000000,0.000000,0.000000,0.000000,1.000000,900.000000,0,0,nan,nan,nan,nan,-1.000000,37.500000,0.200000,37.700001,38.200001,0.500001,35.427513,35.427513,40.000000,0.000000,0,nan,nan,nan,nan,-1,0,0,-1,0,0,FAIL_CLEANLY,NONE,COLD,25.000000,CONTROL-ONLY POST VALIDATION / PHYSICAL UNVERIFIED
medium,25.000000,30,0.100000,20,30,900.000000,0,PREHEAT_TIMEOUT,0,0.000000,0.000000,0.000000,0.000000,0.000000,0.000000,0.000000,0.000000,0.000000,1.000000,900.000000,0,0,nan,nan,nan,nan,-1.000000,37.500000,0.200000,37.700001,38.200001,0.500001,31.253655,31.253655,20.000000,0.000000,0,nan,nan,nan,nan,-1,0,0,-1,0,0,FAIL_CLEANLY,NONE,COLD,25.000000,CONTROL-ONLY POST VALIDATION / PHYSICAL UNVERIFIED
medium,25.000000,30,0.100000,20,40,900.000000,0,PREHEAT_TIMEOUT,0,0.000000,0.000000,0.000000,0.000000,0.000000,0.000000,0.000000,0.000000,0.000000,1.000000,900.000000,0,0,nan,nan,nan,nan,-1.000000,37.500000,0.200000,37.700001,38.200001,0.500001,33.341603,33.341603,20.000000,0.000000,0,nan,nan,nan,nan,-1,0,0,-1,0,0,FAIL_CLEANLY,NONE,COLD,25.000000,CONTROL-ONLY POST VALIDATION / PHYSICAL UNVERIFIED
medium,25.000000,30,0.100000,20,50,900.000000,0,PREHEAT_TIMEOUT,0,0.000000,0.000000,0.000000,0.000000,0.000000,0.000000,0.000000,0.000000,0.000000,1.000000,900.000000,0,0,nan,nan,nan,nan,-1.000000,37.500000,0.200000,37.700001,38.200001,0.500001,35.427513,35.427513,20.000000,0.000000,0,nan,nan,nan,nan,-1,0,0,-1,0,0,FAIL_CLEANLY,NONE,COLD,25.000000,CONTROL-ONLY POST VALIDATION / PHYSICAL UNVERIFIED
medium,25.000000,30,0.100000,30,30,900.000000,0,PREHEAT_TIMEOUT,0,0.000000,0.000000,0.000000,0.000000,0.000000,0.000000,0.000000,0.000000,0.000000,1.000000,900.000000,0,0,nan,nan,nan,nan,-1.000000,37.500000,0.200000,37.700001,38.200001,0.500001,31.253655,31.253655,30.000000,0.000000,0,nan,nan,nan,nan,-1,0,0,-1,0,0,FAIL_CLEANLY,NONE,COLD,25.000000,CONTROL-ONLY POST VALIDATION / PHYSICAL UNVERIFIED
medium,25.000000,30,0.100000,30,40,900.000000,0,PREHEAT_TIMEOUT,0,0.000000,0.000000,0.000000,0.000000,0.000000,0.000000,0.000000,0.000000,0.000000,1.000000,900.000000,0,0,nan,nan,nan,nan,-1.000000,37.500000,0.200000,37.700001,38.200001,0.500001,33.341603,33.341603,30.000000,0.000000,0,nan,nan,nan,nan,-1,0,0,-1,0,0,FAIL_CLEANLY,NONE,COLD,25.000000,CONTROL-ONLY POST VALIDATION / PHYSICAL UNVERIFIED
medium,25.000000,30,0.100000,30,50,900.000000,0,PREHEAT_TIMEOUT,0,0.000000,0.000000,0.000000,0.000000,0.000000,0.000000,0.000000,0.000000,0.000000,1.000000,900.000000,0,0,nan,nan,nan,nan,-1.000000,37.500000,0.200000,37.700001,38.200001,0.500001,35.427513,35.427513,30.000000,0.000000,0,nan,nan,nan,nan,-1,0,0,-1,0,0,FAIL_CLEANLY,NONE,COLD,25.000000,CONTROL-ONLY POST VALIDATION / PHYSICAL UNVERIFIED
medium,25.000000,30,0.100000,40,30,900.000000,0,PREHEAT_TIMEOUT,0,0.000000,0.000000,0.000000,0.000000,0.000000,0.000000,0.000000,0.000000,0.000000,1.000000,900.000000,0,0,nan,nan,nan,nan,-1.000000,37.500000,0.200000,37.700001,38.200001,0.500001,31.253655,31.253655,40.000000,0.000000,0,nan,nan,nan,nan,-1,0,0,-1,0,0,FAIL_CLEANLY,NONE,COLD,25.000000,CONTROL-ONLY POST VALIDATION / PHYSICAL UNVERIFIED
medium,25.000000,30,0.100000,40,40,900.000000,0,PREHEAT_TIMEOUT,0,0.000000,0.000000,0.000000,0.000000,0.000000,0.000000,0.000000,0.000000,0.000000,1.000000,900.000000,0,0,nan,nan,nan,nan,-1.000000,37.500000,0.200000,37.700001,38.200001,0.500001,33.341603,33.341603,40.000000,0.000000,0,nan,nan,nan,nan,-1,0,0,-1,0,0,FAIL_CLEANLY,NONE,COLD,25.000000,CONTROL-ONLY POST VALIDATION / PHYSICAL UNVERIFIED
medium,25.000000,30,0.100000,40,50,900.000000,0,PREHEAT_TIMEOUT,0,0.000000,0.000000,0.000000,0.000000,0.000000,0.000000,0.000000,0.000000,0.000000,1.000000,900.000000,0,0,nan,nan,nan,nan,-1.000000,37.500000,0.200000,37.700001,38.200001,0.500001,35.427513,35.427513,40.000000,0.000000,0,nan,nan,nan,nan,-1,0,0,-1,0,0,FAIL_CLEANLY,NONE,COLD,25.000000,CONTROL-ONLY POST VALIDATION / PHYSICAL UNVERIFIED
medium,25.000000,30,0.010000,20,30,900.000000,0,PREHEAT_TIMEOUT,0,0.000000,0.000000,0.000000,0.000000,0.000000,0.000000,0.000000,0.000000,0.000000,1.000000,900.000000,0,0,nan,nan,nan,nan,-1.000000,37.500000,0.200000,37.700001,38.200001,0.500001,31.253655,31.253655,20.000000,0.000000,0,nan,nan,nan,nan,-1,0,0,-1,0,0,FAIL_CLEANLY,NONE,COLD,25.000000,CONTROL-ONLY POST VALIDATION / PHYSICAL UNVERIFIED
medium,25.000000,30,0.010000,20,40,900.000000,0,PREHEAT_TIMEOUT,0,0.000000,0.000000,0.000000,0.000000,0.000000,0.000000,0.000000,0.000000,0.000000,1.000000,900.000000,0,0,nan,nan,nan,nan,-1.000000,37.500000,0.200000,37.700001,38.200001,0.500001,33.341603,33.341603,20.000000,0.000000,0,nan,nan,nan,nan,-1,0,0,-1,0,0,FAIL_CLEANLY,NONE,COLD,25.000000,CONTROL-ONLY POST VALIDATION / PHYSICAL UNVERIFIED
medium,25.000000,30,0.010000,20,50,900.000000,0,PREHEAT_TIMEOUT,0,0.000000,0.000000,0.000000,0.000000,0.000000,0.000000,0.000000,0.000000,0.000000,1.000000,900.000000,0,0,nan,nan,nan,nan,-1.000000,37.500000,0.200000,37.700001,38.200001,0.500001,35.427513,35.427513,20.000000,0.000000,0,nan,nan,nan,nan,-1,0,0,-1,0,0,FAIL_CLEANLY,NONE,COLD,25.000000,CONTROL-ONLY POST VALIDATION / PHYSICAL UNVERIFIED
medium,25.000000,30,0.010000,30,30,900.000000,0,PREHEAT_TIMEOUT,0,0.000000,0.000000,0.000000,0.000000,0.000000,0.000000,0.000000,0.000000,0.000000,1.000000,900.000000,0,0,nan,nan,nan,nan,-1.000000,37.500000,0.200000,37.700001,38.200001,0.500001,31.253655,31.253655,30.000000,0.000000,0,nan,nan,nan,nan,-1,0,0,-1,0,0,FAIL_CLEANLY,NONE,COLD,25.000000,CONTROL-ONLY POST VALIDATION / PHYSICAL UNVERIFIED
medium,25.000000,30,0.010000,30,40,900.000000,0,PREHEAT_TIMEOUT,0,0.000000,0.000000,0.000000,0.000000,0.000000,0.000000,0.000000,0.000000,0.000000,1.000000,900.000000,0,0,nan,nan,nan,nan,-1.000000,37.500000,0.200000,37.700001,38.200001,0.500001,33.341603,33.341603,30.000000,0.000000,0,nan,nan,nan,nan,-1,0,0,-1,0,0,FAIL_CLEANLY,NONE,COLD,25.000000,CONTROL-ONLY POST VALIDATION / PHYSICAL UNVERIFIED
medium,25.000000,30,0.010000,30,50,900.000000,0,PREHEAT_TIMEOUT,0,0.000000,0.000000,0.000000,0.000000,0.000000,0.000000,0.000000,0.000000,0.000000,1.000000,900.000000,0,0,nan,nan,nan,nan,-1.000000,37.500000,0.200000,37.700001,38.200001,0.500001,35.427513,35.427513,30.000000,0.000000,0,nan,nan,nan,nan,-1,0,0,-1,0,0,FAIL_CLEANLY,NONE,COLD,25.000000,CONTROL-ONLY POST VALIDATION / PHYSICAL UNVERIFIED
medium,25.000000,30,0.010000,40,30,900.000000,0,PREHEAT_TIMEOUT,0,0.000000,0.000000,0.000000,0.000000,0.000000,0.000000,0.000000,0.000000,0.000000,1.000000,900.000000,0,0,nan,nan,nan,nan,-1.000000,37.500000,0.200000,37.700001,38.200001,0.500001,31.253655,31.253655,40.000000,0.000000,0,nan,nan,nan,nan,-1,0,0,-1,0,0,FAIL_CLEANLY,NONE,COLD,25.000000,CONTROL-ONLY POST VALIDATION / PHYSICAL UNVERIFIED
medium,25.000000,30,0.010000,40,40,900.000000,0,PREHEAT_TIMEOUT,0,0.000000,0.000000,0.000000,0.000000,0.000000,0.000000,0.000000,0.000000,0.000000,1.000000,900.000000,0,0,nan,nan,nan,nan,-1.000000,37.500000,0.200000,37.700001,38.200001,0.500001,33.341603,33.341603,40.000000,0.000000,0,nan,nan,nan,nan,-1,0,0,-1,0,0,FAIL_CLEANLY,NONE,COLD,25.000000,CONTROL-ONLY POST VALIDATION / PHYSICAL UNVERIFIED
medium,25.000000,30,0.010000,40,50,900.000000,0,PREHEAT_TIMEOUT,0,0.000000,0.000000,0.000000,0.000000,0.000000,0.000000,0.000000,0.000000,0.000000,1.000000,900.000000,0,0,nan,nan,nan,nan,-1.000000,37.500000,0.200000,37.700001,38.200001,0.500001,35.427513,35.427513,40.000000,0.000000,0,nan,nan,nan,nan,-1,0,0,-1,0,0,FAIL_CLEANLY,NONE,COLD,25.000000,CONTROL-ONLY POST VALIDATION / PHYSICAL UNVERIFIED
medium,25.000000,60,0.100000,20,30,900.000000,0,PREHEAT_TIMEOUT,0,0.000000,0.000000,0.000000,0.000000,0.000000,0.000000,0.000000,0.000000,0.000000,1.000000,900.000000,0,0,nan,nan,nan,nan,-1.000000,37.500000,0.200000,37.700001,38.200001,0.500001,31.253655,31.253655,20.000000,0.000000,0,nan,nan,nan,nan,-1,0,0,-1,0,0,FAIL_CLEANLY,NONE,COLD,25.000000,CONTROL-ONLY POST VALIDATION / PHYSICAL UNVERIFIED
medium,25.000000,60,0.100000,20,40,900.000000,0,PREHEAT_TIMEOUT,0,0.000000,0.000000,0.000000,0.000000,0.000000,0.000000,0.000000,0.000000,0.000000,1.000000,900.000000,0,0,nan,nan,nan,nan,-1.000000,37.500000,0.200000,37.700001,38.200001,0.500001,33.341603,33.341603,20.000000,0.000000,0,nan,nan,nan,nan,-1,0,0,-1,0,0,FAIL_CLEANLY,NONE,COLD,25.000000,CONTROL-ONLY POST VALIDATION / PHYSICAL UNVERIFIED
medium,25.000000,60,0.100000,20,50,900.000000,0,PREHEAT_TIMEOUT,0,0.000000,0.000000,0.000000,0.000000,0.000000,0.000000,0.000000,0.000000,0.000000,1.000000,900.000000,0,0,nan,nan,nan,nan,-1.000000,37.500000,0.200000,37.700001,38.200001,0.500001,35.427513,35.427513,20.000000,0.000000,0,nan,nan,nan,nan,-1,0,0,-1,0,0,FAIL_CLEANLY,NONE,COLD,25.000000,CONTROL-ONLY POST VALIDATION / PHYSICAL UNVERIFIED
medium,25.000000,60,0.100000,30,30,900.000000,0,PREHEAT_TIMEOUT,0,0.000000,0.000000,0.000000,0.000000,0.000000,0.000000,0.000000,0.000000,0.000000,1.000000,900.000000,0,0,nan,nan,nan,nan,-1.000000,37.500000,0.200000,37.700001,38.200001,0.500001,31.253655,31.253655,30.000000,0.000000,0,nan,nan,nan,nan,-1,0,0,-1,0,0,FAIL_CLEANLY,NONE,COLD,25.000000,CONTROL-ONLY POST VALIDATION / PHYSICAL UNVERIFIED
medium,25.000000,60,0.100000,30,40,900.000000,0,PREHEAT_TIMEOUT,0,0.000000,0.000000,0.000000,0.000000,0.000000,0.000000,0.000000,0.000000,0.000000,1.000000,900.000000,0,0,nan,nan,nan,nan,-1.000000,37.500000,0.200000,37.700001,38.200001,0.500001,33.341603,33.341603,30.000000,0.000000,0,nan,nan,nan,nan,-1,0,0,-1,0,0,FAIL_CLEANLY,NONE,COLD,25.000000,CONTROL-ONLY POST VALIDATION / PHYSICAL UNVERIFIED
medium,25.000000,60,0.100000,30,50,900.000000,0,PREHEAT_TIMEOUT,0,0.000000,0.000000,0.000000,0.000000,0.000000,0.000000,0.000000,0.000000,0.000000,1.000000,900.000000,0,0,nan,nan,nan,nan,-1.000000,37.500000,0.200000,37.700001,38.200001,0.500001,35.427513,35.427513,30.000000,0.000000,0,nan,nan,nan,nan,-1,0,0,-1,0,0,FAIL_CLEANLY,NONE,COLD,25.000000,CONTROL-ONLY POST VALIDATION / PHYSICAL UNVERIFIED
medium,25.000000,60,0.100000,40,30,900.000000,0,PREHEAT_TIMEOUT,0,0.000000,0.000000,0.000000,0.000000,0.000000,0.000000,0.000000,0.000000,0.000000,1.000000,900.000000,0,0,nan,nan,nan,nan,-1.000000,37.500000,0.200000,37.700001,38.200001,0.500001,31.253655,31.253655,40.000000,0.000000,0,nan,nan,nan,nan,-1,0,0,-1,0,0,FAIL_CLEANLY,NONE,COLD,25.000000,CONTROL-ONLY POST VALIDATION / PHYSICAL UNVERIFIED
medium,25.000000,60,0.100000,40,40,900.000000,0,PREHEAT_TIMEOUT,0,0.000000,0.000000,0.000000,0.000000,0.000000,0.000000,0.000000,0.000000,0.000000,1.000000,900.000000,0,0,nan,nan,nan,nan,-1.000000,37.500000,0.200000,37.700001,38.200001,0.500001,33.341603,33.341603,40.000000,0.000000,0,nan,nan,nan,nan,-1,0,0,-1,0,0,FAIL_CLEANLY,NONE,COLD,25.000000,CONTROL-ONLY POST VALIDATION / PHYSICAL UNVERIFIED
medium,25.000000,60,0.100000,40,50,900.000000,0,PREHEAT_TIMEOUT,0,0.000000,0.000000,0.000000,0.000000,0.000000,0.000000,0.000000,0.000000,0.000000,1.000000,900.000000,0,0,nan,nan,nan,nan,-1.000000,37.500000,0.200000,37.700001,38.200001,0.500001,35.427513,35.427513,40.000000,0.000000,0,nan,nan,nan,nan,-1,0,0,-1,0,0,FAIL_CLEANLY,NONE,COLD,25.000000,CONTROL-ONLY POST VALIDATION / PHYSICAL UNVERIFIED
medium,25.000000,60,0.010000,20,30,900.000000,0,PREHEAT_TIMEOUT,0,0.000000,0.000000,0.000000,0.000000,0.000000,0.000000,0.000000,0.000000,0.000000,1.000000,900.000000,0,0,nan,nan,nan,nan,-1.000000,37.500000,0.200000,37.700001,38.200001,0.500001,31.253655,31.253655,20.000000,0.000000,0,nan,nan,nan,nan,-1,0,0,-1,0,0,FAIL_CLEANLY,NONE,COLD,25.000000,CONTROL-ONLY POST VALIDATION / PHYSICAL UNVERIFIED
medium,25.000000,60,0.010000,20,40,900.000000,0,PREHEAT_TIMEOUT,0,0.000000,0.000000,0.000000,0.000000,0.000000,0.000000,0.000000,0.000000,0.000000,1.000000,900.000000,0,0,nan,nan,nan,nan,-1.000000,37.500000,0.200000,37.700001,38.200001,0.500001,33.341603,33.341603,20.000000,0.000000,0,nan,nan,nan,nan,-1,0,0,-1,0,0,FAIL_CLEANLY,NONE,COLD,25.000000,CONTROL-ONLY POST VALIDATION / PHYSICAL UNVERIFIED
medium,25.000000,60,0.010000,20,50,900.000000,0,PREHEAT_TIMEOUT,0,0.000000,0.000000,0.000000,0.000000,0.000000,0.000000,0.000000,0.000000,0.000000,1.000000,900.000000,0,0,nan,nan,nan,nan,-1.000000,37.500000,0.200000,37.700001,38.200001,0.500001,35.427513,35.427513,20.000000,0.000000,0,nan,nan,nan,nan,-1,0,0,-1,0,0,FAIL_CLEANLY,NONE,COLD,25.000000,CONTROL-ONLY POST VALIDATION / PHYSICAL UNVERIFIED
medium,25.000000,60,0.010000,30,30,900.000000,0,PREHEAT_TIMEOUT,0,0.000000,0.000000,0.000000,0.000000,0.000000,0.000000,0.000000,0.000000,0.000000,1.000000,900.000000,0,0,nan,nan,nan,nan,-1.000000,37.500000,0.200000,37.700001,38.200001,0.500001,31.253655,31.253655,30.000000,0.000000,0,nan,nan,nan,nan,-1,0,0,-1,0,0,FAIL_CLEANLY,NONE,COLD,25.000000,CONTROL-ONLY POST VALIDATION / PHYSICAL UNVERIFIED
medium,25.000000,60,0.010000,30,40,900.000000,0,PREHEAT_TIMEOUT,0,0.000000,0.000000,0.000000,0.000000,0.000000,0.000000,0.000000,0.000000,0.000000,1.000000,900.000000,0,0,nan,nan,nan,nan,-1.000000,37.500000,0.200000,37.700001,38.200001,0.500001,33.341603,33.341603,30.000000,0.000000,0,nan,nan,nan,nan,-1,0,0,-1,0,0,FAIL_CLEANLY,NONE,COLD,25.000000,CONTROL-ONLY POST VALIDATION / PHYSICAL UNVERIFIED
medium,25.000000,60,0.010000,30,50,900.000000,0,PREHEAT_TIMEOUT,0,0.000000,0.000000,0.000000,0.000000,0.000000,0.000000,0.000000,0.000000,0.000000,1.000000,900.000000,0,0,nan,nan,nan,nan,-1.000000,37.500000,0.200000,37.700001,38.200001,0.500001,35.427513,35.427513,30.000000,0.000000,0,nan,nan,nan,nan,-1,0,0,-1,0,0,FAIL_CLEANLY,NONE,COLD,25.000000,CONTROL-ONLY POST VALIDATION / PHYSICAL UNVERIFIED
medium,25.000000,60,0.010000,40,30,900.000000,0,PREHEAT_TIMEOUT,0,0.000000,0.000000,0.000000,0.000000,0.000000,0.000000,0.000000,0.000000,0.000000,1.000000,900.000000,0,0,nan,nan,nan,nan,-1.000000,37.500000,0.200000,37.700001,38.200001,0.500001,31.253655,31.253655,40.000000,0.000000,0,nan,nan,nan,nan,-1,0,0,-1,0,0,FAIL_CLEANLY,NONE,COLD,25.000000,CONTROL-ONLY POST VALIDATION / PHYSICAL UNVERIFIED
medium,25.000000,60,0.010000,40,40,900.000000,0,PREHEAT_TIMEOUT,0,0.000000,0.000000,0.000000,0.000000,0.000000,0.000000,0.000000,0.000000,0.000000,1.000000,900.000000,0,0,nan,nan,nan,nan,-1.000000,37.500000,0.200000,37.700001,38.200001,0.500001,33.341603,33.341603,40.000000,0.000000,0,nan,nan,nan,nan,-1,0,0,-1,0,0,FAIL_CLEANLY,NONE,COLD,25.000000,CONTROL-ONLY POST VALIDATION / PHYSICAL UNVERIFIED
medium,25.000000,60,0.010000,40,50,900.000000,0,PREHEAT_TIMEOUT,0,0.000000,0.000000,0.000000,0.000000,0.000000,0.000000,0.000000,0.000000,0.000000,1.000000,900.000000,0,0,nan,nan,nan,nan,-1.000000,37.500000,0.200000,37.700001,38.200001,0.500001,35.427513,35.427513,40.000000,0.000000,0,nan,nan,nan,nan,-1,0,0,-1,0,0,FAIL_CLEANLY,NONE,COLD,25.000000,CONTROL-ONLY POST VALIDATION / PHYSICAL UNVERIFIED
medium,28.000000,5,0.100000,20,30,900.000000,0,PREHEAT_TIMEOUT,0,0.000000,0.000000,0.000000,0.000000,0.000000,0.000000,0.000000,0.000000,0.000000,1.000000,900.000000,0,0,nan,nan,nan,nan,-1.000000,37.500000,0.200000,37.700001,38.200001,0.500001,34.253655,34.253655,20.000000,0.000000,0,nan,nan,nan,nan,-1,0,0,-1,0,0,FAIL_CLEANLY,NONE,COLD,28.000000,CONTROL-ONLY POST VALIDATION / PHYSICAL UNVERIFIED
medium,28.000000,5,0.100000,20,40,900.000000,0,PREHEAT_TIMEOUT,0,0.000000,0.000000,0.000000,0.000000,0.000000,0.000000,0.000000,0.000000,0.000000,1.000000,900.000000,0,0,nan,nan,nan,nan,-1.000000,37.500000,0.200000,37.700001,38.200001,0.500001,36.341603,36.341603,20.000000,0.000000,0,nan,nan,nan,nan,-1,0,0,-1,0,0,FAIL_CLEANLY,NONE,COLD,28.000000,CONTROL-ONLY POST VALIDATION / PHYSICAL UNVERIFIED
medium,28.000000,5,0.100000,20,50,808.000000,1,SUCCESS,3,0.299907,438.666687,234.666687,204.000031,1.150327,42.454472,2.872340,0.002976,199.999985,6.718386,2680.000000,0,0,0.049950,0.099651,0.088576,1.687818,922.000000,37.500000,0.200000,37.700001,38.200001,0.500001,37.776246,37.776246,20.000000,0.000000,0,0.027503,0.053293,0.109417,1.492485,1327,1,0,8049,1,1,BAD,NONE,COLD,28.000000,CONTROL-ONLY POST VALIDATION / PHYSICAL UNVERIFIED
medium,28.000000,5,0.100000,30,30,900.000000,0,PREHEAT_TIMEOUT,0,0.000000,0.000000,0.000000,0.000000,0.000000,0.000000,0.000000,0.000000,0.000000,1.000000,900.000000,0,0,nan,nan,nan,nan,-1.000000,37.500000,0.200000,37.700001,38.200001,0.500001,34.253655,34.253655,30.000000,0.000000,0,nan,nan,nan,nan,-1,0,0,-1,0,0,FAIL_CLEANLY,NONE,COLD,28.000000,CONTROL-ONLY POST VALIDATION / PHYSICAL UNVERIFIED
medium,28.000000,5,0.100000,30,40,900.000000,0,PREHEAT_TIMEOUT,0,0.000000,0.000000,0.000000,0.000000,0.000000,0.000000,0.000000,0.000000,0.000000,1.000000,900.000000,0,0,nan,nan,nan,nan,-1.000000,37.500000,0.200000,37.700001,38.200001,0.500001,36.341603,36.341603,30.000000,0.000000,0,nan,nan,nan,nan,-1,0,0,-1,0,0,FAIL_CLEANLY,NONE,COLD,28.000000,CONTROL-ONLY POST VALIDATION / PHYSICAL UNVERIFIED
medium,28.000000,5,0.100000,30,50,808.000000,1,SUCCESS,3,0.299784,341.333344,122.000000,219.333344,0.556231,63.707905,3.691406,0.004916,199.999985,7.844745,2234.000000,0,0,0.049172,0.050669,0.005590,2.029070,870.000000,37.500000,0.200000,37.700001,38.200001,0.500001,37.807619,37.807619,30.000000,0.000000,0,0.027503,0.053293,0.109417,1.492485,1327,1,0,6768,1,1,BAD,NONE,COLD,28.000000,CONTROL-ONLY POST VALIDATION / PHYSICAL UNVERIFIED
medium,28.000000,5,0.100000,40,30,900.000000,0,PREHEAT_TIMEOUT,0,0.000000,0.000000,0.000000,0.000000,0.000000,0.000000,0.000000,0.000000,0.000000,1.000000,900.000000,0,0,nan,nan,nan,nan,-1.000000,37.500000,0.200000,37.700001,38.200001,0.500001,34.253655,34.253655,40.000000,0.000000,0,nan,nan,nan,nan,-1,0,0,-1,0,0,FAIL_CLEANLY,NONE,COLD,28.000000,CONTROL-ONLY POST VALIDATION / PHYSICAL UNVERIFIED
medium,28.000000,5,0.100000,40,40,900.000000,0,PREHEAT_TIMEOUT,0,0.000000,0.000000,0.000000,0.000000,0.000000,0.000000,0.000000,0.000000,0.000000,1.000000,900.000000,0,0,nan,nan,nan,nan,-1.000000,37.500000,0.200000,37.700001,38.200001,0.500001,36.341603,36.341603,40.000000,0.000000,0,nan,nan,nan,nan,-1,0,0,-1,0,0,FAIL_CLEANLY,NONE,COLD,28.000000,CONTROL-ONLY POST VALIDATION / PHYSICAL UNVERIFIED
medium,28.000000,5,0.100000,40,50,808.000000,1,SUCCESS,3,0.299451,318.666656,86.000008,232.666687,0.369628,85.038376,3.953975,0.005640,199.999985,9.775936,2128.000000,0,0,0.049325,0.050065,0.003562,2.110439,854.000000,37.500000,0.200000,37.700001,38.200001,0.500001,37.844237,37.844237,40.000000,0.000000,0,0.027503,0.053293,0.109417,1.492485,1327,1,0,6315,1,1,BAD,NONE,COLD,28.000000,CONTROL-ONLY POST VALIDATION / PHYSICAL UNVERIFIED
medium,28.000000,5,0.010000,20,30,900.000000,0,PREHEAT_TIMEOUT,0,0.000000,0.000000,0.000000,0.000000,0.000000,0.000000,0.000000,0.000000,0.000000,1.000000,900.000000,0,0,nan,nan,nan,nan,-1.000000,37.500000,0.200000,37.700001,38.200001,0.500001,34.253655,34.253655,20.000000,0.000000,0,nan,nan,nan,nan,-1,0,0,-1,0,0,FAIL_CLEANLY,NONE,COLD,28.000000,CONTROL-ONLY POST VALIDATION / PHYSICAL UNVERIFIED
medium,28.000000,5,0.010000,20,40,900.000000,0,PREHEAT_TIMEOUT,0,0.000000,0.000000,0.000000,0.000000,0.000000,0.000000,0.000000,0.000000,0.000000,1.000000,900.000000,0,0,nan,nan,nan,nan,-1.000000,37.500000,0.200000,37.700001,38.200001,0.500001,36.341603,36.341603,20.000000,0.000000,0,nan,nan,nan,nan,-1,0,0,-1,0,0,FAIL_CLEANLY,NONE,COLD,28.000000,CONTROL-ONLY POST VALIDATION / PHYSICAL UNVERIFIED
medium,28.000000,5,0.010000,20,50,806.000000,1,SUCCESS,3,0.236111,382.000031,204.000031,178.000015,1.146068,53.925392,3.298429,0.003925,199.999985,7.431277,2436.000000,0,0,0.020356,0.026510,0.029534,1.882189,910.000000,37.500000,0.200000,37.700001,38.200001,0.500001,37.735922,37.735922,20.000000,0.000000,0,0.002704,0.005241,0.011283,1.492796,1334,1,0,7475,1,1,BAD,NONE,COLD,28.000000,CONTROL-ONLY POST VALIDATION / PHYSICAL UNVERIFIED
medium,28.000000,5,0.010000,30,30,900.000000,0,PREHEAT_TIMEOUT,0,0.000000,0.000000,0.000000,0.000000,0.000000,0.000000,0.000000,0.000000,0.000000,1.000000,900.000000,0,0,nan,nan,nan,nan,-1.000000,37.500000,0.200000,37.700001,38.200001,0.500001,34.253655,34.253655,30.000000,0.000000,0,nan,nan,nan,nan,-1,0,0,-1,0,0,FAIL_CLEANLY,NONE,COLD,28.000000,CONTROL-ONLY POST VALIDATION / PHYSICAL UNVERIFIED
medium,28.000000,5,0.010000,30,40,900.000000,0,PREHEAT_TIMEOUT,0,0.000000,0.000000,0.000000,0.000000,0.000000,0.000000,0.000000,0.000000,0.000000,1.000000,900.000000,0,0,nan,nan,nan,nan,-1.000000,37.500000,0.200000,37.700001,38.200001,0.500001,36.341603,36.341603,30.000000,0.000000,0,nan,nan,nan,nan,-1,0,0,-1,0,0,FAIL_CLEANLY,NONE,COLD,28.000000,CONTROL-ONLY POST VALIDATION / PHYSICAL UNVERIFIED
medium,28.000000,5,0.010000,30,50,806.000000,1,SUCCESS,3,0.254879,302.666656,108.000015,194.666672,0.554795,74.931999,4.162995,0.006252,199.999969,8.181608,2076.000000,0,0,0.006914,0.019047,0.027711,2.172097,866.000000,37.500000,0.200000,37.700001,38.200001,0.500001,37.778554,37.778554,30.000000,0.000000,0,0.002704,0.005241,0.011283,1.492796,1334,1,0,6056,1,1,BAD,NONE,COLD,28.000000,CONTROL-ONLY POST VALIDATION / PHYSICAL UNVERIFIED
medium,28.000000,5,0.010000,40,30,900.000000,0,PREHEAT_TIMEOUT,0,0.000000,0.000000,0.000000,0.000000,0.000000,0.000000,0.000000,0.000000,0.000000,1.000000,900.000000,0,0,nan,nan,nan,nan,-1.000000,37.500000,0.200000,37.700001,38.200001,0.500001,34.253655,34.253655,40.000000,0.000000,0,nan,nan,nan,nan,-1,0,0,-1,0,0,FAIL_CLEANLY,NONE,COLD,28.000000,CONTROL-ONLY POST VALIDATION / PHYSICAL UNVERIFIED
medium,28.000000,5,0.010000,40,40,900.000000,0,PREHEAT_TIMEOUT,0,0.000000,0.000000,0.000000,0.000000,0.000000,0.000000,0.000000,0.000000,0.000000,1.000000,900.000000,0,0,nan,nan,nan,nan,-1.000000,37.500000,0.200000,37.700001,38.200001,0.500001,36.341603,36.341603,40.000000,0.000000,0,nan,nan,nan,nan,-1,0,0,-1,0,0,FAIL_CLEANLY,NONE,COLD,28.000000,CONTROL-ONLY POST VALIDATION / PHYSICAL UNVERIFIED
medium,28.000000,5,0.010000,40,50,806.000000,1,SUCCESS,3,0.275290,290.666656,78.000000,212.666672,0.366771,92.501633,4.334862,0.006779,199.999969,9.699546,2012.000000,0,0,0.004520,0.008031,0.016179,2.218903,852.000000,37.500000,0.200000,37.700001,38.200001,0.500001,37.824954,37.824954,40.000000,0.000000,0,0.002704,0.005241,0.011283,1.492796,1334,1,0,5828,1,1,BAD,NONE,COLD,28.000000,CONTROL-ONLY POST VALIDATION / PHYSICAL UNVERIFIED
medium,28.000000,15,0.100000,20,30,900.000000,0,PREHEAT_TIMEOUT,0,0.000000,0.000000,0.000000,0.000000,0.000000,0.000000,0.000000,0.000000,0.000000,1.000000,900.000000,0,0,nan,nan,nan,nan,-1.000000,37.500000,0.200000,37.700001,38.200001,0.500001,34.253655,34.253655,20.000000,0.000000,0,nan,nan,nan,nan,-1,0,0,-1,0,0,FAIL_CLEANLY,NONE,COLD,28.000000,CONTROL-ONLY POST VALIDATION / PHYSICAL UNVERIFIED
medium,28.000000,15,0.100000,20,40,900.000000,0,PREHEAT_TIMEOUT,0,0.000000,0.000000,0.000000,0.000000,0.000000,0.000000,0.000000,0.000000,0.000000,1.000000,900.000000,0,0,nan,nan,nan,nan,-1.000000,37.500000,0.200000,37.700001,38.200001,0.500001,36.341603,36.341603,20.000000,0.000000,0,nan,nan,nan,nan,-1,0,0,-1,0,0,FAIL_CLEANLY,NONE,COLD,28.000000,CONTROL-ONLY POST VALIDATION / PHYSICAL UNVERIFIED
medium,28.000000,15,0.100000,20,50,818.000000,0,TOTAL_TIMEOUT,2,0.000000,0.000000,0.000000,0.000000,0.000000,0.000000,0.000000,0.000000,0.000000,1.000000,2700.000000,0,0,nan,nan,nan,nan,898.000000,37.500000,0.200000,37.700001,38.200001,0.500001,37.801209,37.801209,20.000000,0.000000,0,nan,nan,nan,nan,-1,0,0,-1,0,0,FAIL_CLEANLY,NONE,COLD,28.000000,CONTROL-ONLY POST VALIDATION / PHYSICAL UNVERIFIED
medium,28.000000,15,0.100000,30,30,900.000000,0,PREHEAT_TIMEOUT,0,0.000000,0.000000,0.000000,0.000000,0.000000,0.000000,0.000000,0.000000,0.000000,1.000000,900.000000,0,0,nan,nan,nan,nan,-1.000000,37.500000,0.200000,37.700001,38.200001,0.500001,34.253655,34.253655,30.000000,0.000000,0,nan,nan,nan,nan,-1,0,0,-1,0,0,FAIL_CLEANLY,NONE,COLD,28.000000,CONTROL-ONLY POST VALIDATION / PHYSICAL UNVERIFIED
medium,28.000000,15,0.100000,30,40,900.000000,0,PREHEAT_TIMEOUT,0,0.000000,0.000000,0.000000,0.000000,0.000000,0.000000,0.000000,0.000000,0.000000,1.000000,900.000000,0,0,nan,nan,nan,nan,-1.000000,37.500000,0.200000,37.700001,38.200001,0.500001,36.341603,36.341603,30.000000,0.000000,0,nan,nan,nan,nan,-1,0,0,-1,0,0,FAIL_CLEANLY,NONE,COLD,28.000000,CONTROL-ONLY POST VALIDATION / PHYSICAL UNVERIFIED
medium,28.000000,15,0.100000,30,50,818.000000,1,SUCCESS,3,0.348820,386.000000,138.000000,248.000015,0.556452,54.752045,3.264249,0.003844,199.999985,7.624203,2412.000000,0,0,0.024289,0.049141,0.073217,1.896145,870.000000,37.500000,0.200000,37.700001,38.200001,0.500001,37.862305,37.862305,30.000000,0.000000,0,0.122960,0.206153,0.397550,1.679487,-1,1,1,7622,1,1,BAD,NONE,COLD,28.000000,CONTROL-ONLY POST VALIDATION / PHYSICAL UNVERIFIED
medium,28.000000,15,0.100000,40,30,900.000000,0,PREHEAT_TIMEOUT,0,0.000000,0.000000,0.000000,0.000000,0.000000,0.000000,0.000000,0.000000,0.000000,1.000000,900.000000,0,0,nan,nan,nan,nan,-1.000000,37.500000,0.200000,37.700001,38.200001,0.500001,34.253655,34.253655,40.000000,0.000000,0,nan,nan,nan,nan,-1,0,0,-1,0,0,FAIL_CLEANLY,NONE,COLD,28.000000,CONTROL-ONLY POST VALIDATION / PHYSICAL UNVERIFIED
medium,28.000000,15,0.100000,40,40,900.000000,0,PREHEAT_TIMEOUT,0,0.000000,0.000000,0.000000,0.000000,0.000000,0.000000,0.000000,0.000000,0.000000,1.000000,900.000000,0,0,nan,nan,nan,nan,-1.000000,37.500000,0.200000,37.700001,38.200001,0.500001,36.341603,36.341603,40.000000,0.000000,0,nan,nan,nan,nan,-1,0,0,-1,0,0,FAIL_CLEANLY,NONE,COLD,28.000000,CONTROL-ONLY POST VALIDATION / PHYSICAL UNVERIFIED
medium,28.000000,15,0.100000,40,50,818.000000,1,SUCCESS,3,0.349981,371.333344,100.000008,271.333313,0.368550,72.760429,3.393177,0.004154,199.999969,9.746889,2346.000000,0,0,0.036228,0.050634,0.051071,1.953813,862.000000,37.500000,0.200000,37.700001,38.200001,0.500001,37.926664,37.926664,40.000000,0.000000,0,0.122960,0.206153,0.397550,1.679487,-1,1,1,7379,1,1,BAD,NONE,COLD,28.000000,CONTROL-ONLY POST VALIDATION / PHYSICAL UNVERIFIED
medium,28.000000,15,0.010000,20,30,900.000000,0,PREHEAT_TIMEOUT,0,0.000000,0.000000,0.000000,0.000000,0.000000,0.000000,0.000000,0.000000,0.000000,1.000000,900.000000,0,0,nan,nan,nan,nan,-1.000000,37.500000,0.200000,37.700001,38.200001,0.500001,34.253655,34.253655,20.000000,0.000000,0,nan,nan,nan,nan,-1,0,0,-1,0,0,FAIL_CLEANLY,NONE,COLD,28.000000,CONTROL-ONLY POST VALIDATION / PHYSICAL UNVERIFIED
medium,28.000000,15,0.010000,20,40,900.000000,0,PREHEAT_TIMEOUT,0,0.000000,0.000000,0.000000,0.000000,0.000000,0.000000,0.000000,0.000000,0.000000,1.000000,900.000000,0,0,nan,nan,nan,nan,-1.000000,37.500000,0.200000,37.700001,38.200001,0.500001,36.341603,36.341603,20.000000,0.000000,0,nan,nan,nan,nan,-1,0,0,-1,0,0,FAIL_CLEANLY,NONE,COLD,28.000000,CONTROL-ONLY POST VALIDATION / PHYSICAL UNVERIFIED
medium,28.000000,15,0.010000,20,50,816.000000,1,SUCCESS,3,0.262618,419.333374,224.666687,194.666687,1.154110,48.482494,3.004769,0.003257,199.999985,7.334173,2564.000000,0,0,0.021258,0.057139,0.083931,1.781613,888.000000,37.500000,0.200000,37.700001,38.200001,0.500001,37.758694,37.758694,20.000000,0.000000,0,0.134925,0.225098,0.432266,1.681715,-1,1,1,8073,1,1,BAD,NONE,COLD,28.000000,CONTROL-ONLY POST VALIDATION / PHYSICAL UNVERIFIED
medium,28.000000,15,0.010000,30,30,900.000000,0,PREHEAT_TIMEOUT,0,0.000000,0.000000,0.000000,0.000000,0.000000,0.000000,0.000000,0.000000,0.000000,1.000000,900.000000,0,0,nan,nan,nan,nan,-1.000000,37.500000,0.200000,37.700001,38.200001,0.500001,34.253655,34.253655,30.000000,0.000000,0,nan,nan,nan,nan,-1,0,0,-1,0,0,FAIL_CLEANLY,NONE,COLD,28.000000,CONTROL-ONLY POST VALIDATION / PHYSICAL UNVERIFIED
medium,28.000000,15,0.010000,30,40,900.000000,0,PREHEAT_TIMEOUT,0,0.000000,0.000000,0.000000,0.000000,0.000000,0.000000,0.000000,0.000000,0.000000,1.000000,900.000000,0,0,nan,nan,nan,nan,-1.000000,37.500000,0.200000,37.700001,38.200001,0.500001,36.341603,36.341603,30.000000,0.000000,0,nan,nan,nan,nan,-1,0,0,-1,0,0,FAIL_CLEANLY,NONE,COLD,28.000000,CONTROL-ONLY POST VALIDATION / PHYSICAL UNVERIFIED
medium,28.000000,15,0.010000,30,50,816.000000,1,SUCCESS,3,0.289460,342.000031,122.666672,219.333344,0.559271,65.980103,3.684210,0.004897,199.999985,8.140403,2234.000000,0,0,0.023205,0.035403,0.030203,2.060842,866.000000,37.500000,0.200000,37.700001,38.200001,0.500001,37.825115,37.825115,30.000000,0.000000,0,0.134925,0.225098,0.432266,1.681715,-1,1,1,6774,1,1,BAD,NONE,COLD,28.000000,CONTROL-ONLY POST VALIDATION / PHYSICAL UNVERIFIED
medium,28.000000,15,0.010000,40,30,900.000000,0,PREHEAT_TIMEOUT,0,0.000000,0.000000,0.000000,0.000000,0.000000,0.000000,0.000000,0.000000,0.000000,1.000000,900.000000,0,0,nan,nan,nan,nan,-1.000000,37.500000,0.200000,37.700001,38.200001,0.500001,34.253655,34.253655,40.000000,0.000000,0,nan,nan,nan,nan,-1,0,0,-1,0,0,FAIL_CLEANLY,NONE,COLD,28.000000,CONTROL-ONLY POST VALIDATION / PHYSICAL UNVERIFIED
medium,28.000000,15,0.010000,40,40,900.000000,0,PREHEAT_TIMEOUT,0,0.000000,0.000000,0.000000,0.000000,0.000000,0.000000,0.000000,0.000000,0.000000,1.000000,900.000000,0,0,nan,nan,nan,nan,-1.000000,37.500000,0.200000,37.700001,38.200001,0.500001,36.341603,36.341603,40.000000,0.000000,0,nan,nan,nan,nan,-1,0,0,-1,0,0,FAIL_CLEANLY,NONE,COLD,28.000000,CONTROL-ONLY POST VALIDATION / PHYSICAL UNVERIFIED
medium,28.000000,15,0.010000,40,50,816.000000,1,SUCCESS,3,0.328068,340.000031,92.000008,248.000015,0.370968,77.620514,3.705882,0.004954,199.999969,9.520555,2214.000000,0,0,0.022251,0.035330,0.031908,2.068598,858.000000,37.500000,0.200000,37.700001,38.200001,0.500001,37.900657,37.900657,40.000000,0.000000,0,0.134925,0.225098,0.432266,1.681715,-1,1,1,6737,1,1,BAD,NONE,COLD,28.000000,CONTROL-ONLY POST VALIDATION / PHYSICAL UNVERIFIED
medium,28.000000,30,0.100000,20,30,900.000000,0,PREHEAT_TIMEOUT,0,0.000000,0.000000,0.000000,0.000000,0.000000,0.000000,0.000000,0.000000,0.000000,1.000000,900.000000,0,0,nan,nan,nan,nan,-1.000000,37.500000,0.200000,37.700001,38.200001,0.500001,34.253655,34.253655,20.000000,0.000000,0,nan,nan,nan,nan,-1,0,0,-1,0,0,FAIL_CLEANLY,NONE,COLD,28.000000,CONTROL-ONLY POST VALIDATION / PHYSICAL UNVERIFIED
medium,28.000000,30,0.100000,20,40,900.000000,0,PREHEAT_TIMEOUT,0,0.000000,0.000000,0.000000,0.000000,0.000000,0.000000,0.000000,0.000000,0.000000,1.000000,900.000000,0,0,nan,nan,nan,nan,-1.000000,37.500000,0.200000,37.700001,38.200001,0.500001,36.341603,36.341603,20.000000,0.000000,0,nan,nan,nan,nan,-1,0,0,-1,0,0,FAIL_CLEANLY,NONE,COLD,28.000000,CONTROL-ONLY POST VALIDATION / PHYSICAL UNVERIFIED
medium,28.000000,30,0.100000,20,50,834.000000,0,TOTAL_TIMEOUT,2,0.000000,0.000000,0.000000,0.000000,0.000000,0.000000,0.000000,0.000000,0.000000,1.000000,2700.000000,0,0,nan,nan,nan,nan,874.000000,37.500000,0.200000,37.700001,38.200001,0.500001,37.864961,37.864961,20.000000,0.000000,0,nan,nan,nan,nan,-1,0,0,-1,0,0,FAIL_CLEANLY,NONE,COLD,28.000000,CONTROL-ONLY POST VALIDATION / PHYSICAL UNVERIFIED
medium,28.000000,30,0.100000,30,30,900.000000,0,PREHEAT_TIMEOUT,0,0.000000,0.000000,0.000000,0.000000,0.000000,0.000000,0.000000,0.000000,0.000000,1.000000,900.000000,0,0,nan,nan,nan,nan,-1.000000,37.500000,0.200000,37.700001,38.200001,0.500001,34.253655,34.253655,30.000000,0.000000,0,nan,nan,nan,nan,-1,0,0,-1,0,0,FAIL_CLEANLY,NONE,COLD,28.000000,CONTROL-ONLY POST VALIDATION / PHYSICAL UNVERIFIED
medium,28.000000,30,0.100000,30,40,900.000000,0,PREHEAT_TIMEOUT,0,0.000000,0.000000,0.000000,0.000000,0.000000,0.000000,0.000000,0.000000,0.000000,1.000000,900.000000,0,0,nan,nan,nan,nan,-1.000000,37.500000,0.200000,37.700001,38.200001,0.500001,36.341603,36.341603,30.000000,0.000000,0,nan,nan,nan,nan,-1,0,0,-1,0,0,FAIL_CLEANLY,NONE,COLD,28.000000,CONTROL-ONLY POST VALIDATION / PHYSICAL UNVERIFIED
medium,28.000000,30,0.100000,30,50,834.000000,1,SUCCESS,3,0.349997,445.333374,160.000000,285.333344,0.560748,54.567944,2.829341,0.002888,199.999985,8.766568,2660.000000,0,0,0.051062,0.101698,0.090114,1.734102,872.000000,37.500000,0.200000,37.700001,38.200001,0.500001,37.949612,37.949612,30.000000,0.000000,0,0.175868,0.342136,0.568674,1.991924,-1,1,1,8208,1,1,BAD,NONE,COLD,28.000000,CONTROL-ONLY POST VALIDATION / PHYSICAL UNVERIFIED
medium,28.000000,30,0.100000,40,30,900.000000,0,PREHEAT_TIMEOUT,0,0.000000,0.000000,0.000000,0.000000,0.000000,0.000000,0.000000,0.000000,0.000000,1.000000,900.000000,0,0,nan,nan,nan,nan,-1.000000,37.500000,0.200000,37.700001,38.200001,0.500001,34.253655,34.253655,40.000000,0.000000,0,nan,nan,nan,nan,-1,0,0,-1,0,0,FAIL_CLEANLY,NONE,COLD,28.000000,CONTROL-ONLY POST VALIDATION / PHYSICAL UNVERIFIED
medium,28.000000,30,0.100000,40,40,900.000000,0,PREHEAT_TIMEOUT,0,0.000000,0.000000,0.000000,0.000000,0.000000,0.000000,0.000000,0.000000,0.000000,1.000000,900.000000,0,0,nan,nan,nan,nan,-1.000000,37.500000,0.200000,37.700001,38.200001,0.500001,36.341603,36.341603,40.000000,0.000000,0,nan,nan,nan,nan,-1,0,0,-1,0,0,FAIL_CLEANLY,NONE,COLD,28.000000,CONTROL-ONLY POST VALIDATION / PHYSICAL UNVERIFIED
medium,28.000000,30,0.100000,40,50,834.000000,1,SUCCESS,3,0.399996,444.666687,120.000015,324.666687,0.369610,63.662647,2.833583,0.002897,199.999985,10.212359,2652.000000,0,0,0.050543,0.100411,0.089137,1.736777,872.000000,37.500000,0.200000,37.700001,38.200001,0.500001,38.045273,38.045273,40.000000,0.000000,0,0.175868,0.342136,0.568674,1.991924,-1,1,1,8205,1,1,BAD,NONE,COLD,28.000000,CONTROL-ONLY POST VALIDATION / PHYSICAL UNVERIFIED
medium,28.000000,30,0.010000,20,30,900.000000,0,PREHEAT_TIMEOUT,0,0.000000,0.000000,0.000000,0.000000,0.000000,0.000000,0.000000,0.000000,0.000000,1.000000,900.000000,0,0,nan,nan,nan,nan,-1.000000,37.500000,0.200000,37.700001,38.200001,0.500001,34.253655,34.253655,20.000000,0.000000,0,nan,nan,nan,nan,-1,0,0,-1,0,0,FAIL_CLEANLY,NONE,COLD,28.000000,CONTROL-ONLY POST VALIDATION / PHYSICAL UNVERIFIED
medium,28.000000,30,0.010000,20,40,900.000000,0,PREHEAT_TIMEOUT,0,0.000000,0.000000,0.000000,0.000000,0.000000,0.000000,0.000000,0.000000,0.000000,1.000000,900.000000,0,0,nan,nan,nan,nan,-1.000000,37.500000,0.200000,37.700001,38.200001,0.500001,36.341603,36.341603,20.000000,0.000000,0,nan,nan,nan,nan,-1,0,0,-1,0,0,FAIL_CLEANLY,NONE,COLD,28.000000,CONTROL-ONLY POST VALIDATION / PHYSICAL UNVERIFIED
medium,28.000000,30,0.010000,20,50,832.000000,0,TOTAL_TIMEOUT,2,0.000000,0.000000,0.000000,0.000000,0.000000,0.000000,0.000000,0.000000,0.000000,1.000000,2700.000000,0,0,nan,nan,nan,nan,870.000000,37.500000,0.200000,37.700001,38.200001,0.500001,37.838358,37.838358,20.000000,0.000000,0,nan,nan,nan,nan,-1,0,0,-1,0,0,FAIL_CLEANLY,NONE,COLD,28.000000,CONTROL-ONLY POST VALIDATION / PHYSICAL UNVERIFIED
medium,28.000000,30,0.010000,30,30,900.000000,0,PREHEAT_TIMEOUT,0,0.000000,0.000000,0.000000,0.000000,0.000000,0.000000,0.000000,0.000000,0.000000,1.000000,900.000000,0,0,nan,nan,nan,nan,-1.000000,37.500000,0.200000,37.700001,38.200001,0.500001,34.253655,34.253655,30.000000,0.000000,0,nan,nan,nan,nan,-1,0,0,-1,0,0,FAIL_CLEANLY,NONE,COLD,28.000000,CONTROL-ONLY POST VALIDATION / PHYSICAL UNVERIFIED
medium,28.000000,30,0.010000,30,40,900.000000,0,PREHEAT_TIMEOUT,0,0.000000,0.000000,0.000000,0.000000,0.000000,0.000000,0.000000,0.000000,0.000000,1.000000,900.000000,0,0,nan,nan,nan,nan,-1.000000,37.500000,0.200000,37.700001,38.200001,0.500001,36.341603,36.341603,30.000000,0.000000,0,nan,nan,nan,nan,-1,0,0,-1,0,0,FAIL_CLEANLY,NONE,COLD,28.000000,CONTROL-ONLY POST VALIDATION / PHYSICAL UNVERIFIED
medium,28.000000,30,0.010000,30,50,832.000000,1,SUCCESS,3,0.350817,406.666718,146.000000,260.666656,0.560102,54.440372,3.098360,0.003463,199.999985,7.986683,2508.000000,0,0,0.017817,0.030953,0.063807,1.868371,870.000000,37.500000,0.200000,37.700001,38.200001,0.500001,37.930777,37.930777,30.000000,0.000000,0,0.189234,0.376345,0.626043,1.997969,-1,1,1,7886,1,1,BAD,NONE,COLD,28.000000,CONTROL-ONLY POST VALIDATION / PHYSICAL UNVERIFIED
medium,28.000000,30,0.010000,40,30,900.000000,0,PREHEAT_TIMEOUT,0,0.000000,0.000000,0.000000,0.000000,0.000000,0.000000,0.000000,0.000000,0.000000,1.000000,900.000000,0,0,nan,nan,nan,nan,-1.000000,37.500000,0.200000,37.700001,38.200001,0.500001,34.253655,34.253655,40.000000,0.000000,0,nan,nan,nan,nan,-1,0,0,-1,0,0,FAIL_CLEANLY,NONE,COLD,28.000000,CONTROL-ONLY POST VALIDATION / PHYSICAL UNVERIFIED
medium,28.000000,30,0.010000,40,40,900.000000,0,PREHEAT_TIMEOUT,0,0.000000,0.000000,0.000000,0.000000,0.000000,0.000000,0.000000,0.000000,0.000000,1.000000,900.000000,0,0,nan,nan,nan,nan,-1.000000,37.500000,0.200000,37.700001,38.200001,0.500001,36.341603,36.341603,40.000000,0.000000,0,nan,nan,nan,nan,-1,0,0,-1,0,0,FAIL_CLEANLY,NONE,COLD,28.000000,CONTROL-ONLY POST VALIDATION / PHYSICAL UNVERIFIED
medium,28.000000,30,0.010000,40,50,832.000000,1,SUCCESS,3,0.406181,414.000061,112.000008,302.000000,0.370861,62.693253,3.043478,0.003342,199.999985,9.363280,2528.000000,0,0,0.018919,0.043984,0.076545,1.841588,870.000000,37.500000,0.200000,37.700001,38.200001,0.500001,38.022950,38.022950,40.000000,0.000000,0,0.189234,0.376345,0.626043,1.997969,-1,1,1,8001,1,1,BAD,NONE,COLD,28.000000,CONTROL-ONLY POST VALIDATION / PHYSICAL UNVERIFIED
medium,28.000000,60,0.100000,20,30,900.000000,0,PREHEAT_TIMEOUT,0,0.000000,0.000000,0.000000,0.000000,0.000000,0.000000,0.000000,0.000000,0.000000,1.000000,900.000000,0,0,nan,nan,nan,nan,-1.000000,37.500000,0.200000,37.700001,38.200001,0.500001,34.253655,34.253655,20.000000,0.000000,0,nan,nan,nan,nan,-1,0,0,-1,0,0,FAIL_CLEANLY,NONE,COLD,28.000000,CONTROL-ONLY POST VALIDATION / PHYSICAL UNVERIFIED
medium,28.000000,60,0.100000,20,40,900.000000,0,PREHEAT_TIMEOUT,0,0.000000,0.000000,0.000000,0.000000,0.000000,0.000000,0.000000,0.000000,0.000000,1.000000,900.000000,0,0,nan,nan,nan,nan,-1.000000,37.500000,0.200000,37.700001,38.200001,0.500001,36.341603,36.341603,20.000000,0.000000,0,nan,nan,nan,nan,-1,0,0,-1,0,0,FAIL_CLEANLY,NONE,COLD,28.000000,CONTROL-ONLY POST VALIDATION / PHYSICAL UNVERIFIED
medium,28.000000,60,0.100000,20,50,864.000000,0,SAFETY_ABORT,0,0.000000,0.000000,0.000000,0.000000,0.000000,0.000000,0.000000,0.000000,0.000000,1.000000,958.000000,0,0,nan,nan,nan,nan,902.000000,37.500000,0.200000,37.700001,38.200001,0.500001,38.168630,38.168630,20.000000,0.000000,0,nan,nan,nan,nan,-1,0,0,-1,0,0,SAFETY_ABORT,NONE,COLD,28.000000,CONTROL-ONLY POST VALIDATION / PHYSICAL UNVERIFIED
medium,28.000000,60,0.100000,30,30,900.000000,0,PREHEAT_TIMEOUT,0,0.000000,0.000000,0.000000,0.000000,0.000000,0.000000,0.000000,0.000000,0.000000,1.000000,900.000000,0,0,nan,nan,nan,nan,-1.000000,37.500000,0.200000,37.700001,38.200001,0.500001,34.253655,34.253655,30.000000,0.000000,0,nan,nan,nan,nan,-1,0,0,-1,0,0,FAIL_CLEANLY,NONE,COLD,28.000000,CONTROL-ONLY POST VALIDATION / PHYSICAL UNVERIFIED
medium,28.000000,60,0.100000,30,40,900.000000,0,PREHEAT_TIMEOUT,0,0.000000,0.000000,0.000000,0.000000,0.000000,0.000000,0.000000,0.000000,0.000000,1.000000,900.000000,0,0,nan,nan,nan,nan,-1.000000,37.500000,0.200000,37.700001,38.200001,0.500001,36.341603,36.341603,30.000000,0.000000,0,nan,nan,nan,nan,-1,0,0,-1,0,0,FAIL_CLEANLY,NONE,COLD,28.000000,CONTROL-ONLY POST VALIDATION / PHYSICAL UNVERIFIED
medium,28.000000,60,0.100000,30,50,864.000000,0,SAFETY_ABORT,0,0.000000,0.000000,0.000000,0.000000,0.000000,0.000000,0.000000,0.000000,0.000000,1.000000,946.000000,1,0,nan,nan,nan,nan,902.000000,37.500000,0.200000,37.700001,38.200001,0.500001,38.256668,38.256668,30.000000,0.000000,0,nan,nan,nan,nan,-1,0,0,-1,0,0,SAFETY_ABORT,NONE,COLD,28.000000,CONTROL-ONLY POST VALIDATION / PHYSICAL UNVERIFIED
medium,28.000000,60,0.100000,40,30,900.000000,0,PREHEAT_TIMEOUT,0,0.000000,0.000000,0.000000,0.000000,0.000000,0.000000,0.000000,0.000000,0.000000,1.000000,900.000000,0,0,nan,nan,nan,nan,-1.000000,37.500000,0.200000,37.700001,38.200001,0.500001,34.253655,34.253655,40.000000,0.000000,0,nan,nan,nan,nan,-1,0,0,-1,0,0,FAIL_CLEANLY,NONE,COLD,28.000000,CONTROL-ONLY POST VALIDATION / PHYSICAL UNVERIFIED
medium,28.000000,60,0.100000,40,40,900.000000,0,PREHEAT_TIMEOUT,0,0.000000,0.000000,0.000000,0.000000,0.000000,0.000000,0.000000,0.000000,0.000000,1.000000,900.000000,0,0,nan,nan,nan,nan,-1.000000,37.500000,0.200000,37.700001,38.200001,0.500001,36.341603,36.341603,40.000000,0.000000,0,nan,nan,nan,nan,-1,0,0,-1,0,0,FAIL_CLEANLY,NONE,COLD,28.000000,CONTROL-ONLY POST VALIDATION / PHYSICAL UNVERIFIED
medium,28.000000,60,0.100000,40,50,864.000000,0,SAFETY_ABORT,0,0.000000,0.000000,0.000000,0.000000,0.000000,0.000000,0.000000,0.000000,0.000000,1.000000,940.000000,1,0,nan,nan,nan,nan,902.000000,37.500000,0.200000,37.700001,38.200001,0.500001,38.352100,38.352100,40.000000,0.000000,0,nan,nan,nan,nan,-1,0,0,-1,0,0,SAFETY_ABORT,NONE,COLD,28.000000,CONTROL-ONLY POST VALIDATION / PHYSICAL UNVERIFIED
medium,28.000000,60,0.010000,20,30,900.000000,0,PREHEAT_TIMEOUT,0,0.000000,0.000000,0.000000,0.000000,0.000000,0.000000,0.000000,0.000000,0.000000,1.000000,900.000000,0,0,nan,nan,nan,nan,-1.000000,37.500000,0.200000,37.700001,38.200001,0.500001,34.253655,34.253655,20.000000,0.000000,0,nan,nan,nan,nan,-1,0,0,-1,0,0,FAIL_CLEANLY,NONE,COLD,28.000000,CONTROL-ONLY POST VALIDATION / PHYSICAL UNVERIFIED
medium,28.000000,60,0.010000,20,40,900.000000,0,PREHEAT_TIMEOUT,0,0.000000,0.000000,0.000000,0.000000,0.000000,0.000000,0.000000,0.000000,0.000000,1.000000,900.000000,0,0,nan,nan,nan,nan,-1.000000,37.500000,0.200000,37.700001,38.200001,0.500001,36.341603,36.341603,20.000000,0.000000,0,nan,nan,nan,nan,-1,0,0,-1,0,0,FAIL_CLEANLY,NONE,COLD,28.000000,CONTROL-ONLY POST VALIDATION / PHYSICAL UNVERIFIED
medium,28.000000,60,0.010000,20,50,862.000000,0,TOTAL_TIMEOUT,1,0.000000,0.000000,0.000000,0.000000,0.000000,0.000000,0.000000,0.000000,0.000000,1.000000,2700.000000,0,0,nan,nan,nan,nan,900.000000,37.500000,0.200000,37.700001,38.200001,0.500001,38.145906,38.145906,20.000000,0.000000,0,nan,nan,nan,nan,-1,0,0,-1,0,0,FAIL_CLEANLY,NONE,COLD,28.000000,CONTROL-ONLY POST VALIDATION / PHYSICAL UNVERIFIED
medium,28.000000,60,0.010000,30,30,900.000000,0,PREHEAT_TIMEOUT,0,0.000000,0.000000,0.000000,0.000000,0.000000,0.000000,0.000000,0.000000,0.000000,1.000000,900.000000,0,0,nan,nan,nan,nan,-1.000000,37.500000,0.200000,37.700001,38.200001,0.500001,34.253655,34.253655,30.000000,0.000000,0,nan,nan,nan,nan,-1,0,0,-1,0,0,FAIL_CLEANLY,NONE,COLD,28.000000,CONTROL-ONLY POST VALIDATION / PHYSICAL UNVERIFIED
medium,28.000000,60,0.010000,30,40,900.000000,0,PREHEAT_TIMEOUT,0,0.000000,0.000000,0.000000,0.000000,0.000000,0.000000,0.000000,0.000000,0.000000,1.000000,900.000000,0,0,nan,nan,nan,nan,-1.000000,37.500000,0.200000,37.700001,38.200001,0.500001,36.341603,36.341603,30.000000,0.000000,0,nan,nan,nan,nan,-1,0,0,-1,0,0,FAIL_CLEANLY,NONE,COLD,28.000000,CONTROL-ONLY POST VALIDATION / PHYSICAL UNVERIFIED
medium,28.000000,60,0.010000,30,50,862.000000,0,SAFETY_ABORT,0,0.000000,0.000000,0.000000,0.000000,0.000000,0.000000,0.000000,0.000000,0.000000,1.000000,956.000000,1,0,nan,nan,nan,nan,900.000000,37.500000,0.200000,37.700001,38.200001,0.500001,38.237988,38.237988,30.000000,0.000000,0,nan,nan,nan,nan,-1,0,0,-1,0,0,SAFETY_ABORT,NONE,COLD,28.000000,CONTROL-ONLY POST VALIDATION / PHYSICAL UNVERIFIED
medium,28.000000,60,0.010000,40,30,900.000000,0,PREHEAT_TIMEOUT,0,0.000000,0.000000,0.000000,0.000000,0.000000,0.000000,0.000000,0.000000,0.000000,1.000000,900.000000,0,0,nan,nan,nan,nan,-1.000000,37.500000,0.200000,37.700001,38.200001,0.500001,34.253655,34.253655,40.000000,0.000000,0,nan,nan,nan,nan,-1,0,0,-1,0,0,FAIL_CLEANLY,NONE,COLD,28.000000,CONTROL-ONLY POST VALIDATION / PHYSICAL UNVERIFIED
medium,28.000000,60,0.010000,40,40,900.000000,0,PREHEAT_TIMEOUT,0,0.000000,0.000000,0.000000,0.000000,0.000000,0.000000,0.000000,0.000000,0.000000,1.000000,900.000000,0,0,nan,nan,nan,nan,-1.000000,37.500000,0.200000,37.700001,38.200001,0.500001,36.341603,36.341603,40.000000,0.000000,0,nan,nan,nan,nan,-1,0,0,-1,0,0,FAIL_CLEANLY,NONE,COLD,28.000000,CONTROL-ONLY POST VALIDATION / PHYSICAL UNVERIFIED
medium,28.000000,60,0.010000,40,50,862.000000,0,SAFETY_ABORT,0,0.000000,0.000000,0.000000,0.000000,0.000000,0.000000,0.000000,0.000000,0.000000,1.000000,948.000000,1,0,nan,nan,nan,nan,900.000000,37.500000,0.200000,37.700001,38.200001,0.500001,38.329987,38.329987,40.000000,0.000000,0,nan,nan,nan,nan,-1,0,0,-1,0,0,SAFETY_ABORT,NONE,COLD,28.000000,CONTROL-ONLY POST VALIDATION / PHYSICAL UNVERIFIED
heavy,20.000000,5,0.100000,20,30,900.000000,0,PREHEAT_TIMEOUT,0,0.000000,0.000000,0.000000,0.000000,0.000000,0.000000,0.000000,0.000000,0.000000,1.000000,900.000000,0,0,nan,nan,nan,nan,-1.000000,37.500000,0.200000,37.700001,38.200001,0.500001,22.463252,22.463252,20.000000,0.000000,1,nan,nan,nan,nan,-1,0,0,-1,0,0,FAIL_CLEANLY,NONE,COLD,20.000000,CONTROL-ONLY POST VALIDATION / PHYSICAL UNVERIFIED
heavy,20.000000,5,0.100000,20,40,900.000000,0,PREHEAT_TIMEOUT,0,0.000000,0.000000,0.000000,0.000000,0.000000,0.000000,0.000000,0.000000,0.000000,1.000000,900.000000,0,0,nan,nan,nan,nan,-1.000000,37.500000,0.200000,37.700001,38.200001,0.500001,23.285744,23.285744,20.000000,0.000000,1,nan,nan,nan,nan,-1,0,0,-1,0,0,FAIL_CLEANLY,NONE,COLD,20.000000,CONTROL-ONLY POST VALIDATION / PHYSICAL UNVERIFIED
heavy,20.000000,5,0.100000,20,50,900.000000,0,PREHEAT_TIMEOUT,0,0.000000,0.000000,0.000000,0.000000,0.000000,0.000000,0.000000,0.000000,0.000000,1.000000,900.000000,0,0,nan,nan,nan,nan,-1.000000,37.500000,0.200000,37.700001,38.200001,0.500001,24.107391,24.107391,20.000000,0.000000,1,nan,nan,nan,nan,-1,0,0,-1,0,0,FAIL_CLEANLY,NONE,COLD,20.000000,CONTROL-ONLY POST VALIDATION / PHYSICAL UNVERIFIED
heavy,20.000000,5,0.100000,30,30,900.000000,0,PREHEAT_TIMEOUT,0,0.000000,0.000000,0.000000,0.000000,0.000000,0.000000,0.000000,0.000000,0.000000,1.000000,900.000000,0,0,nan,nan,nan,nan,-1.000000,37.500000,0.200000,37.700001,38.200001,0.500001,22.463252,22.463252,30.000000,0.000000,1,nan,nan,nan,nan,-1,0,0,-1,0,0,FAIL_CLEANLY,NONE,COLD,20.000000,CONTROL-ONLY POST VALIDATION / PHYSICAL UNVERIFIED
heavy,20.000000,5,0.100000,30,40,900.000000,0,PREHEAT_TIMEOUT,0,0.000000,0.000000,0.000000,0.000000,0.000000,0.000000,0.000000,0.000000,0.000000,1.000000,900.000000,0,0,nan,nan,nan,nan,-1.000000,37.500000,0.200000,37.700001,38.200001,0.500001,23.285744,23.285744,30.000000,0.000000,1,nan,nan,nan,nan,-1,0,0,-1,0,0,FAIL_CLEANLY,NONE,COLD,20.000000,CONTROL-ONLY POST VALIDATION / PHYSICAL UNVERIFIED
heavy,20.000000,5,0.100000,30,50,900.000000,0,PREHEAT_TIMEOUT,0,0.000000,0.000000,0.000000,0.000000,0.000000,0.000000,0.000000,0.000000,0.000000,1.000000,900.000000,0,0,nan,nan,nan,nan,-1.000000,37.500000,0.200000,37.700001,38.200001,0.500001,24.107391,24.107391,30.000000,0.000000,1,nan,nan,nan,nan,-1,0,0,-1,0,0,FAIL_CLEANLY,NONE,COLD,20.000000,CONTROL-ONLY POST VALIDATION / PHYSICAL UNVERIFIED
heavy,20.000000,5,0.100000,40,30,900.000000,0,PREHEAT_TIMEOUT,0,0.000000,0.000000,0.000000,0.000000,0.000000,0.000000,0.000000,0.000000,0.000000,1.000000,900.000000,0,0,nan,nan,nan,nan,-1.000000,37.500000,0.200000,37.700001,38.200001,0.500001,22.463252,22.463252,40.000000,0.000000,0,nan,nan,nan,nan,-1,0,0,-1,0,0,FAIL_CLEANLY,NONE,COLD,20.000000,CONTROL-ONLY POST VALIDATION / PHYSICAL UNVERIFIED
heavy,20.000000,5,0.100000,40,40,900.000000,0,PREHEAT_TIMEOUT,0,0.000000,0.000000,0.000000,0.000000,0.000000,0.000000,0.000000,0.000000,0.000000,1.000000,900.000000,0,0,nan,nan,nan,nan,-1.000000,37.500000,0.200000,37.700001,38.200001,0.500001,23.285744,23.285744,40.000000,0.000000,0,nan,nan,nan,nan,-1,0,0,-1,0,0,FAIL_CLEANLY,NONE,COLD,20.000000,CONTROL-ONLY POST VALIDATION / PHYSICAL UNVERIFIED
heavy,20.000000,5,0.100000,40,50,900.000000,0,PREHEAT_TIMEOUT,0,0.000000,0.000000,0.000000,0.000000,0.000000,0.000000,0.000000,0.000000,0.000000,1.000000,900.000000,0,0,nan,nan,nan,nan,-1.000000,37.500000,0.200000,37.700001,38.200001,0.500001,24.107391,24.107391,40.000000,0.000000,0,nan,nan,nan,nan,-1,0,0,-1,0,0,FAIL_CLEANLY,NONE,COLD,20.000000,CONTROL-ONLY POST VALIDATION / PHYSICAL UNVERIFIED
heavy,20.000000,5,0.010000,20,30,900.000000,0,PREHEAT_TIMEOUT,0,0.000000,0.000000,0.000000,0.000000,0.000000,0.000000,0.000000,0.000000,0.000000,1.000000,900.000000,0,0,nan,nan,nan,nan,-1.000000,37.500000,0.200000,37.700001,38.200001,0.500001,22.463252,22.463252,20.000000,0.000000,1,nan,nan,nan,nan,-1,0,0,-1,0,0,FAIL_CLEANLY,NONE,COLD,20.000000,CONTROL-ONLY POST VALIDATION / PHYSICAL UNVERIFIED
heavy,20.000000,5,0.010000,20,40,900.000000,0,PREHEAT_TIMEOUT,0,0.000000,0.000000,0.000000,0.000000,0.000000,0.000000,0.000000,0.000000,0.000000,1.000000,900.000000,0,0,nan,nan,nan,nan,-1.000000,37.500000,0.200000,37.700001,38.200001,0.500001,23.285744,23.285744,20.000000,0.000000,1,nan,nan,nan,nan,-1,0,0,-1,0,0,FAIL_CLEANLY,NONE,COLD,20.000000,CONTROL-ONLY POST VALIDATION / PHYSICAL UNVERIFIED
heavy,20.000000,5,0.010000,20,50,900.000000,0,PREHEAT_TIMEOUT,0,0.000000,0.000000,0.000000,0.000000,0.000000,0.000000,0.000000,0.000000,0.000000,1.000000,900.000000,0,0,nan,nan,nan,nan,-1.000000,37.500000,0.200000,37.700001,38.200001,0.500001,24.107391,24.107391,20.000000,0.000000,1,nan,nan,nan,nan,-1,0,0,-1,0,0,FAIL_CLEANLY,NONE,COLD,20.000000,CONTROL-ONLY POST VALIDATION / PHYSICAL UNVERIFIED
heavy,20.000000,5,0.010000,30,30,900.000000,0,PREHEAT_TIMEOUT,0,0.000000,0.000000,0.000000,0.000000,0.000000,0.000000,0.000000,0.000000,0.000000,1.000000,900.000000,0,0,nan,nan,nan,nan,-1.000000,37.500000,0.200000,37.700001,38.200001,0.500001,22.463252,22.463252,30.000000,0.000000,1,nan,nan,nan,nan,-1,0,0,-1,0,0,FAIL_CLEANLY,NONE,COLD,20.000000,CONTROL-ONLY POST VALIDATION / PHYSICAL UNVERIFIED
heavy,20.000000,5,0.010000,30,40,900.000000,0,PREHEAT_TIMEOUT,0,0.000000,0.000000,0.000000,0.000000,0.000000,0.000000,0.000000,0.000000,0.000000,1.000000,900.000000,0,0,nan,nan,nan,nan,-1.000000,37.500000,0.200000,37.700001,38.200001,0.500001,23.285744,23.285744,30.000000,0.000000,1,nan,nan,nan,nan,-1,0,0,-1,0,0,FAIL_CLEANLY,NONE,COLD,20.000000,CONTROL-ONLY POST VALIDATION / PHYSICAL UNVERIFIED
heavy,20.000000,5,0.010000,30,50,900.000000,0,PREHEAT_TIMEOUT,0,0.000000,0.000000,0.000000,0.000000,0.000000,0.000000,0.000000,0.000000,0.000000,1.000000,900.000000,0,0,nan,nan,nan,nan,-1.000000,37.500000,0.200000,37.700001,38.200001,0.500001,24.107391,24.107391,30.000000,0.000000,1,nan,nan,nan,nan,-1,0,0,-1,0,0,FAIL_CLEANLY,NONE,COLD,20.000000,CONTROL-ONLY POST VALIDATION / PHYSICAL UNVERIFIED
heavy,20.000000,5,0.010000,40,30,900.000000,0,PREHEAT_TIMEOUT,0,0.000000,0.000000,0.000000,0.000000,0.000000,0.000000,0.000000,0.000000,0.000000,1.000000,900.000000,0,0,nan,nan,nan,nan,-1.000000,37.500000,0.200000,37.700001,38.200001,0.500001,22.463252,22.463252,40.000000,0.000000,0,nan,nan,nan,nan,-1,0,0,-1,0,0,FAIL_CLEANLY,NONE,COLD,20.000000,CONTROL-ONLY POST VALIDATION / PHYSICAL UNVERIFIED
heavy,20.000000,5,0.010000,40,40,900.000000,0,PREHEAT_TIMEOUT,0,0.000000,0.000000,0.000000,0.000000,0.000000,0.000000,0.000000,0.000000,0.000000,1.000000,900.000000,0,0,nan,nan,nan,nan,-1.000000,37.500000,0.200000,37.700001,38.200001,0.500001,23.285744,23.285744,40.000000,0.000000,0,nan,nan,nan,nan,-1,0,0,-1,0,0,FAIL_CLEANLY,NONE,COLD,20.000000,CONTROL-ONLY POST VALIDATION / PHYSICAL UNVERIFIED
heavy,20.000000,5,0.010000,40,50,900.000000,0,PREHEAT_TIMEOUT,0,0.000000,0.000000,0.000000,0.000000,0.000000,0.000000,0.000000,0.000000,0.000000,1.000000,900.000000,0,0,nan,nan,nan,nan,-1.000000,37.500000,0.200000,37.700001,38.200001,0.500001,24.107391,24.107391,40.000000,0.000000,0,nan,nan,nan,nan,-1,0,0,-1,0,0,FAIL_CLEANLY,NONE,COLD,20.000000,CONTROL-ONLY POST VALIDATION / PHYSICAL UNVERIFIED
heavy,20.000000,15,0.100000,20,30,900.000000,0,PREHEAT_TIMEOUT,0,0.000000,0.000000,0.000000,0.000000,0.000000,0.000000,0.000000,0.000000,0.000000,1.000000,900.000000,0,0,nan,nan,nan,nan,-1.000000,37.500000,0.200000,37.700001,38.200001,0.500001,22.463252,22.463252,20.000000,0.000000,1,nan,nan,nan,nan,-1,0,0,-1,0,0,FAIL_CLEANLY,NONE,COLD,20.000000,CONTROL-ONLY POST VALIDATION / PHYSICAL UNVERIFIED
heavy,20.000000,15,0.100000,20,40,900.000000,0,PREHEAT_TIMEOUT,0,0.000000,0.000000,0.000000,0.000000,0.000000,0.000000,0.000000,0.000000,0.000000,1.000000,900.000000,0,0,nan,nan,nan,nan,-1.000000,37.500000,0.200000,37.700001,38.200001,0.500001,23.285744,23.285744,20.000000,0.000000,1,nan,nan,nan,nan,-1,0,0,-1,0,0,FAIL_CLEANLY,NONE,COLD,20.000000,CONTROL-ONLY POST VALIDATION / PHYSICAL UNVERIFIED
heavy,20.000000,15,0.100000,20,50,900.000000,0,PREHEAT_TIMEOUT,0,0.000000,0.000000,0.000000,0.000000,0.000000,0.000000,0.000000,0.000000,0.000000,1.000000,900.000000,0,0,nan,nan,nan,nan,-1.000000,37.500000,0.200000,37.700001,38.200001,0.500001,24.107391,24.107391,20.000000,0.000000,1,nan,nan,nan,nan,-1,0,0,-1,0,0,FAIL_CLEANLY,NONE,COLD,20.000000,CONTROL-ONLY POST VALIDATION / PHYSICAL UNVERIFIED
heavy,20.000000,15,0.100000,30,30,900.000000,0,PREHEAT_TIMEOUT,0,0.000000,0.000000,0.000000,0.000000,0.000000,0.000000,0.000000,0.000000,0.000000,1.000000,900.000000,0,0,nan,nan,nan,nan,-1.000000,37.500000,0.200000,37.700001,38.200001,0.500001,22.463252,22.463252,30.000000,0.000000,1,nan,nan,nan,nan,-1,0,0,-1,0,0,FAIL_CLEANLY,NONE,COLD,20.000000,CONTROL-ONLY POST VALIDATION / PHYSICAL UNVERIFIED
heavy,20.000000,15,0.100000,30,40,900.000000,0,PREHEAT_TIMEOUT,0,0.000000,0.000000,0.000000,0.000000,0.000000,0.000000,0.000000,0.000000,0.000000,1.000000,900.000000,0,0,nan,nan,nan,nan,-1.000000,37.500000,0.200000,37.700001,38.200001,0.500001,23.285744,23.285744,30.000000,0.000000,1,nan,nan,nan,nan,-1,0,0,-1,0,0,FAIL_CLEANLY,NONE,COLD,20.000000,CONTROL-ONLY POST VALIDATION / PHYSICAL UNVERIFIED
heavy,20.000000,15,0.100000,30,50,900.000000,0,PREHEAT_TIMEOUT,0,0.000000,0.000000,0.000000,0.000000,0.000000,0.000000,0.000000,0.000000,0.000000,1.000000,900.000000,0,0,nan,nan,nan,nan,-1.000000,37.500000,0.200000,37.700001,38.200001,0.500001,24.107391,24.107391,30.000000,0.000000,1,nan,nan,nan,nan,-1,0,0,-1,0,0,FAIL_CLEANLY,NONE,COLD,20.000000,CONTROL-ONLY POST VALIDATION / PHYSICAL UNVERIFIED
heavy,20.000000,15,0.100000,40,30,900.000000,0,PREHEAT_TIMEOUT,0,0.000000,0.000000,0.000000,0.000000,0.000000,0.000000,0.000000,0.000000,0.000000,1.000000,900.000000,0,0,nan,nan,nan,nan,-1.000000,37.500000,0.200000,37.700001,38.200001,0.500001,22.463252,22.463252,40.000000,0.000000,0,nan,nan,nan,nan,-1,0,0,-1,0,0,FAIL_CLEANLY,NONE,COLD,20.000000,CONTROL-ONLY POST VALIDATION / PHYSICAL UNVERIFIED
heavy,20.000000,15,0.100000,40,40,900.000000,0,PREHEAT_TIMEOUT,0,0.000000,0.000000,0.000000,0.000000,0.000000,0.000000,0.000000,0.000000,0.000000,1.000000,900.000000,0,0,nan,nan,nan,nan,-1.000000,37.500000,0.200000,37.700001,38.200001,0.500001,23.285744,23.285744,40.000000,0.000000,0,nan,nan,nan,nan,-1,0,0,-1,0,0,FAIL_CLEANLY,NONE,COLD,20.000000,CONTROL-ONLY POST VALIDATION / PHYSICAL UNVERIFIED
heavy,20.000000,15,0.100000,40,50,900.000000,0,PREHEAT_TIMEOUT,0,0.000000,0.000000,0.000000,0.000000,0.000000,0.000000,0.000000,0.000000,0.000000,1.000000,900.000000,0,0,nan,nan,nan,nan,-1.000000,37.500000,0.200000,37.700001,38.200001,0.500001,24.107391,24.107391,40.000000,0.000000,0,nan,nan,nan,nan,-1,0,0,-1,0,0,FAIL_CLEANLY,NONE,COLD,20.000000,CONTROL-ONLY POST VALIDATION / PHYSICAL UNVERIFIED
heavy,20.000000,15,0.010000,20,30,900.000000,0,PREHEAT_TIMEOUT,0,0.000000,0.000000,0.000000,0.000000,0.000000,0.000000,0.000000,0.000000,0.000000,1.000000,900.000000,0,0,nan,nan,nan,nan,-1.000000,37.500000,0.200000,37.700001,38.200001,0.500001,22.463252,22.463252,20.000000,0.000000,1,nan,nan,nan,nan,-1,0,0,-1,0,0,FAIL_CLEANLY,NONE,COLD,20.000000,CONTROL-ONLY POST VALIDATION / PHYSICAL UNVERIFIED
heavy,20.000000,15,0.010000,20,40,900.000000,0,PREHEAT_TIMEOUT,0,0.000000,0.000000,0.000000,0.000000,0.000000,0.000000,0.000000,0.000000,0.000000,1.000000,900.000000,0,0,nan,nan,nan,nan,-1.000000,37.500000,0.200000,37.700001,38.200001,0.500001,23.285744,23.285744,20.000000,0.000000,1,nan,nan,nan,nan,-1,0,0,-1,0,0,FAIL_CLEANLY,NONE,COLD,20.000000,CONTROL-ONLY POST VALIDATION / PHYSICAL UNVERIFIED
heavy,20.000000,15,0.010000,20,50,900.000000,0,PREHEAT_TIMEOUT,0,0.000000,0.000000,0.000000,0.000000,0.000000,0.000000,0.000000,0.000000,0.000000,1.000000,900.000000,0,0,nan,nan,nan,nan,-1.000000,37.500000,0.200000,37.700001,38.200001,0.500001,24.107391,24.107391,20.000000,0.000000,1,nan,nan,nan,nan,-1,0,0,-1,0,0,FAIL_CLEANLY,NONE,COLD,20.000000,CONTROL-ONLY POST VALIDATION / PHYSICAL UNVERIFIED
heavy,20.000000,15,0.010000,30,30,900.000000,0,PREHEAT_TIMEOUT,0,0.000000,0.000000,0.000000,0.000000,0.000000,0.000000,0.000000,0.000000,0.000000,1.000000,900.000000,0,0,nan,nan,nan,nan,-1.000000,37.500000,0.200000,37.700001,38.200001,0.500001,22.463252,22.463252,30.000000,0.000000,1,nan,nan,nan,nan,-1,0,0,-1,0,0,FAIL_CLEANLY,NONE,COLD,20.000000,CONTROL-ONLY POST VALIDATION / PHYSICAL UNVERIFIED
heavy,20.000000,15,0.010000,30,40,900.000000,0,PREHEAT_TIMEOUT,0,0.000000,0.000000,0.000000,0.000000,0.000000,0.000000,0.000000,0.000000,0.000000,1.000000,900.000000,0,0,nan,nan,nan,nan,-1.000000,37.500000,0.200000,37.700001,38.200001,0.500001,23.285744,23.285744,30.000000,0.000000,1,nan,nan,nan,nan,-1,0,0,-1,0,0,FAIL_CLEANLY,NONE,COLD,20.000000,CONTROL-ONLY POST VALIDATION / PHYSICAL UNVERIFIED
heavy,20.000000,15,0.010000,30,50,900.000000,0,PREHEAT_TIMEOUT,0,0.000000,0.000000,0.000000,0.000000,0.000000,0.000000,0.000000,0.000000,0.000000,1.000000,900.000000,0,0,nan,nan,nan,nan,-1.000000,37.500000,0.200000,37.700001,38.200001,0.500001,24.107391,24.107391,30.000000,0.000000,1,nan,nan,nan,nan,-1,0,0,-1,0,0,FAIL_CLEANLY,NONE,COLD,20.000000,CONTROL-ONLY POST VALIDATION / PHYSICAL UNVERIFIED
heavy,20.000000,15,0.010000,40,30,900.000000,0,PREHEAT_TIMEOUT,0,0.000000,0.000000,0.000000,0.000000,0.000000,0.000000,0.000000,0.000000,0.000000,1.000000,900.000000,0,0,nan,nan,nan,nan,-1.000000,37.500000,0.200000,37.700001,38.200001,0.500001,22.463252,22.463252,40.000000,0.000000,0,nan,nan,nan,nan,-1,0,0,-1,0,0,FAIL_CLEANLY,NONE,COLD,20.000000,CONTROL-ONLY POST VALIDATION / PHYSICAL UNVERIFIED
heavy,20.000000,15,0.010000,40,40,900.000000,0,PREHEAT_TIMEOUT,0,0.000000,0.000000,0.000000,0.000000,0.000000,0.000000,0.000000,0.000000,0.000000,1.000000,900.000000,0,0,nan,nan,nan,nan,-1.000000,37.500000,0.200000,37.700001,38.200001,0.500001,23.285744,23.285744,40.000000,0.000000,0,nan,nan,nan,nan,-1,0,0,-1,0,0,FAIL_CLEANLY,NONE,COLD,20.000000,CONTROL-ONLY POST VALIDATION / PHYSICAL UNVERIFIED
heavy,20.000000,15,0.010000,40,50,900.000000,0,PREHEAT_TIMEOUT,0,0.000000,0.000000,0.000000,0.000000,0.000000,0.000000,0.000000,0.000000,0.000000,1.000000,900.000000,0,0,nan,nan,nan,nan,-1.000000,37.500000,0.200000,37.700001,38.200001,0.500001,24.107391,24.107391,40.000000,0.000000,0,nan,nan,nan,nan,-1,0,0,-1,0,0,FAIL_CLEANLY,NONE,COLD,20.000000,CONTROL-ONLY POST VALIDATION / PHYSICAL UNVERIFIED
heavy,20.000000,30,0.100000,20,30,900.000000,0,PREHEAT_TIMEOUT,0,0.000000,0.000000,0.000000,0.000000,0.000000,0.000000,0.000000,0.000000,0.000000,1.000000,900.000000,0,0,nan,nan,nan,nan,-1.000000,37.500000,0.200000,37.700001,38.200001,0.500001,22.463252,22.463252,20.000000,0.000000,1,nan,nan,nan,nan,-1,0,0,-1,0,0,FAIL_CLEANLY,NONE,COLD,20.000000,CONTROL-ONLY POST VALIDATION / PHYSICAL UNVERIFIED
heavy,20.000000,30,0.100000,20,40,900.000000,0,PREHEAT_TIMEOUT,0,0.000000,0.000000,0.000000,0.000000,0.000000,0.000000,0.000000,0.000000,0.000000,1.000000,900.000000,0,0,nan,nan,nan,nan,-1.000000,37.500000,0.200000,37.700001,38.200001,0.500001,23.285744,23.285744,20.000000,0.000000,1,nan,nan,nan,nan,-1,0,0,-1,0,0,FAIL_CLEANLY,NONE,COLD,20.000000,CONTROL-ONLY POST VALIDATION / PHYSICAL UNVERIFIED
heavy,20.000000,30,0.100000,20,50,900.000000,0,PREHEAT_TIMEOUT,0,0.000000,0.000000,0.000000,0.000000,0.000000,0.000000,0.000000,0.000000,0.000000,1.000000,900.000000,0,0,nan,nan,nan,nan,-1.000000,37.500000,0.200000,37.700001,38.200001,0.500001,24.107391,24.107391,20.000000,0.000000,1,nan,nan,nan,nan,-1,0,0,-1,0,0,FAIL_CLEANLY,NONE,COLD,20.000000,CONTROL-ONLY POST VALIDATION / PHYSICAL UNVERIFIED
heavy,20.000000,30,0.100000,30,30,900.000000,0,PREHEAT_TIMEOUT,0,0.000000,0.000000,0.000000,0.000000,0.000000,0.000000,0.000000,0.000000,0.000000,1.000000,900.000000,0,0,nan,nan,nan,nan,-1.000000,37.500000,0.200000,37.700001,38.200001,0.500001,22.463252,22.463252,30.000000,0.000000,1,nan,nan,nan,nan,-1,0,0,-1,0,0,FAIL_CLEANLY,NONE,COLD,20.000000,CONTROL-ONLY POST VALIDATION / PHYSICAL UNVERIFIED
heavy,20.000000,30,0.100000,30,40,900.000000,0,PREHEAT_TIMEOUT,0,0.000000,0.000000,0.000000,0.000000,0.000000,0.000000,0.000000,0.000000,0.000000,1.000000,900.000000,0,0,nan,nan,nan,nan,-1.000000,37.500000,0.200000,37.700001,38.200001,0.500001,23.285744,23.285744,30.000000,0.000000,1,nan,nan,nan,nan,-1,0,0,-1,0,0,FAIL_CLEANLY,NONE,COLD,20.000000,CONTROL-ONLY POST VALIDATION / PHYSICAL UNVERIFIED
heavy,20.000000,30,0.100000,30,50,900.000000,0,PREHEAT_TIMEOUT,0,0.000000,0.000000,0.000000,0.000000,0.000000,0.000000,0.000000,0.000000,0.000000,1.000000,900.000000,0,0,nan,nan,nan,nan,-1.000000,37.500000,0.200000,37.700001,38.200001,0.500001,24.107391,24.107391,30.000000,0.000000,1,nan,nan,nan,nan,-1,0,0,-1,0,0,FAIL_CLEANLY,NONE,COLD,20.000000,CONTROL-ONLY POST VALIDATION / PHYSICAL UNVERIFIED
heavy,20.000000,30,0.100000,40,30,900.000000,0,PREHEAT_TIMEOUT,0,0.000000,0.000000,0.000000,0.000000,0.000000,0.000000,0.000000,0.000000,0.000000,1.000000,900.000000,0,0,nan,nan,nan,nan,-1.000000,37.500000,0.200000,37.700001,38.200001,0.500001,22.463252,22.463252,40.000000,0.000000,0,nan,nan,nan,nan,-1,0,0,-1,0,0,FAIL_CLEANLY,NONE,COLD,20.000000,CONTROL-ONLY POST VALIDATION / PHYSICAL UNVERIFIED
heavy,20.000000,30,0.100000,40,40,900.000000,0,PREHEAT_TIMEOUT,0,0.000000,0.000000,0.000000,0.000000,0.000000,0.000000,0.000000,0.000000,0.000000,1.000000,900.000000,0,0,nan,nan,nan,nan,-1.000000,37.500000,0.200000,37.700001,38.200001,0.500001,23.285744,23.285744,40.000000,0.000000,0,nan,nan,nan,nan,-1,0,0,-1,0,0,FAIL_CLEANLY,NONE,COLD,20.000000,CONTROL-ONLY POST VALIDATION / PHYSICAL UNVERIFIED
heavy,20.000000,30,0.100000,40,50,900.000000,0,PREHEAT_TIMEOUT,0,0.000000,0.000000,0.000000,0.000000,0.000000,0.000000,0.000000,0.000000,0.000000,1.000000,900.000000,0,0,nan,nan,nan,nan,-1.000000,37.500000,0.200000,37.700001,38.200001,0.500001,24.107391,24.107391,40.000000,0.000000,0,nan,nan,nan,nan,-1,0,0,-1,0,0,FAIL_CLEANLY,NONE,COLD,20.000000,CONTROL-ONLY POST VALIDATION / PHYSICAL UNVERIFIED
heavy,20.000000,30,0.010000,20,30,900.000000,0,PREHEAT_TIMEOUT,0,0.000000,0.000000,0.000000,0.000000,0.000000,0.000000,0.000000,0.000000,0.000000,1.000000,900.000000,0,0,nan,nan,nan,nan,-1.000000,37.500000,0.200000,37.700001,38.200001,0.500001,22.463252,22.463252,20.000000,0.000000,1,nan,nan,nan,nan,-1,0,0,-1,0,0,FAIL_CLEANLY,NONE,COLD,20.000000,CONTROL-ONLY POST VALIDATION / PHYSICAL UNVERIFIED
heavy,20.000000,30,0.010000,20,40,900.000000,0,PREHEAT_TIMEOUT,0,0.000000,0.000000,0.000000,0.000000,0.000000,0.000000,0.000000,0.000000,0.000000,1.000000,900.000000,0,0,nan,nan,nan,nan,-1.000000,37.500000,0.200000,37.700001,38.200001,0.500001,23.285744,23.285744,20.000000,0.000000,1,nan,nan,nan,nan,-1,0,0,-1,0,0,FAIL_CLEANLY,NONE,COLD,20.000000,CONTROL-ONLY POST VALIDATION / PHYSICAL UNVERIFIED
heavy,20.000000,30,0.010000,20,50,900.000000,0,PREHEAT_TIMEOUT,0,0.000000,0.000000,0.000000,0.000000,0.000000,0.000000,0.000000,0.000000,0.000000,1.000000,900.000000,0,0,nan,nan,nan,nan,-1.000000,37.500000,0.200000,37.700001,38.200001,0.500001,24.107391,24.107391,20.000000,0.000000,1,nan,nan,nan,nan,-1,0,0,-1,0,0,FAIL_CLEANLY,NONE,COLD,20.000000,CONTROL-ONLY POST VALIDATION / PHYSICAL UNVERIFIED
heavy,20.000000,30,0.010000,30,30,900.000000,0,PREHEAT_TIMEOUT,0,0.000000,0.000000,0.000000,0.000000,0.000000,0.000000,0.000000,0.000000,0.000000,1.000000,900.000000,0,0,nan,nan,nan,nan,-1.000000,37.500000,0.200000,37.700001,38.200001,0.500001,22.463252,22.463252,30.000000,0.000000,1,nan,nan,nan,nan,-1,0,0,-1,0,0,FAIL_CLEANLY,NONE,COLD,20.000000,CONTROL-ONLY POST VALIDATION / PHYSICAL UNVERIFIED
heavy,20.000000,30,0.010000,30,40,900.000000,0,PREHEAT_TIMEOUT,0,0.000000,0.000000,0.000000,0.000000,0.000000,0.000000,0.000000,0.000000,0.000000,1.000000,900.000000,0,0,nan,nan,nan,nan,-1.000000,37.500000,0.200000,37.700001,38.200001,0.500001,23.285744,23.285744,30.000000,0.000000,1,nan,nan,nan,nan,-1,0,0,-1,0,0,FAIL_CLEANLY,NONE,COLD,20.000000,CONTROL-ONLY POST VALIDATION / PHYSICAL UNVERIFIED
heavy,20.000000,30,0.010000,30,50,900.000000,0,PREHEAT_TIMEOUT,0,0.000000,0.000000,0.000000,0.000000,0.000000,0.000000,0.000000,0.000000,0.000000,1.000000,900.000000,0,0,nan,nan,nan,nan,-1.000000,37.500000,0.200000,37.700001,38.200001,0.500001,24.107391,24.107391,30.000000,0.000000,1,nan,nan,nan,nan,-1,0,0,-1,0,0,FAIL_CLEANLY,NONE,COLD,20.000000,CONTROL-ONLY POST VALIDATION / PHYSICAL UNVERIFIED
heavy,20.000000,30,0.010000,40,30,900.000000,0,PREHEAT_TIMEOUT,0,0.000000,0.000000,0.000000,0.000000,0.000000,0.000000,0.000000,0.000000,0.000000,1.000000,900.000000,0,0,nan,nan,nan,nan,-1.000000,37.500000,0.200000,37.700001,38.200001,0.500001,22.463252,22.463252,40.000000,0.000000,0,nan,nan,nan,nan,-1,0,0,-1,0,0,FAIL_CLEANLY,NONE,COLD,20.000000,CONTROL-ONLY POST VALIDATION / PHYSICAL UNVERIFIED
heavy,20.000000,30,0.010000,40,40,900.000000,0,PREHEAT_TIMEOUT,0,0.000000,0.000000,0.000000,0.000000,0.000000,0.000000,0.000000,0.000000,0.000000,1.000000,900.000000,0,0,nan,nan,nan,nan,-1.000000,37.500000,0.200000,37.700001,38.200001,0.500001,23.285744,23.285744,40.000000,0.000000,0,nan,nan,nan,nan,-1,0,0,-1,0,0,FAIL_CLEANLY,NONE,COLD,20.000000,CONTROL-ONLY POST VALIDATION / PHYSICAL UNVERIFIED
heavy,20.000000,30,0.010000,40,50,900.000000,0,PREHEAT_TIMEOUT,0,0.000000,0.000000,0.000000,0.000000,0.000000,0.000000,0.000000,0.000000,0.000000,1.000000,900.000000,0,0,nan,nan,nan,nan,-1.000000,37.500000,0.200000,37.700001,38.200001,0.500001,24.107391,24.107391,40.000000,0.000000,0,nan,nan,nan,nan,-1,0,0,-1,0,0,FAIL_CLEANLY,NONE,COLD,20.000000,CONTROL-ONLY POST VALIDATION / PHYSICAL UNVERIFIED
heavy,20.000000,60,0.100000,20,30,900.000000,0,PREHEAT_TIMEOUT,0,0.000000,0.000000,0.000000,0.000000,0.000000,0.000000,0.000000,0.000000,0.000000,1.000000,900.000000,0,0,nan,nan,nan,nan,-1.000000,37.500000,0.200000,37.700001,38.200001,0.500001,22.463252,22.463252,20.000000,0.000000,1,nan,nan,nan,nan,-1,0,0,-1,0,0,FAIL_CLEANLY,NONE,COLD,20.000000,CONTROL-ONLY POST VALIDATION / PHYSICAL UNVERIFIED
heavy,20.000000,60,0.100000,20,40,900.000000,0,PREHEAT_TIMEOUT,0,0.000000,0.000000,0.000000,0.000000,0.000000,0.000000,0.000000,0.000000,0.000000,1.000000,900.000000,0,0,nan,nan,nan,nan,-1.000000,37.500000,0.200000,37.700001,38.200001,0.500001,23.285744,23.285744,20.000000,0.000000,1,nan,nan,nan,nan,-1,0,0,-1,0,0,FAIL_CLEANLY,NONE,COLD,20.000000,CONTROL-ONLY POST VALIDATION / PHYSICAL UNVERIFIED
heavy,20.000000,60,0.100000,20,50,900.000000,0,PREHEAT_TIMEOUT,0,0.000000,0.000000,0.000000,0.000000,0.000000,0.000000,0.000000,0.000000,0.000000,1.000000,900.000000,0,0,nan,nan,nan,nan,-1.000000,37.500000,0.200000,37.700001,38.200001,0.500001,24.107391,24.107391,20.000000,0.000000,1,nan,nan,nan,nan,-1,0,0,-1,0,0,FAIL_CLEANLY,NONE,COLD,20.000000,CONTROL-ONLY POST VALIDATION / PHYSICAL UNVERIFIED
heavy,20.000000,60,0.100000,30,30,900.000000,0,PREHEAT_TIMEOUT,0,0.000000,0.000000,0.000000,0.000000,0.000000,0.000000,0.000000,0.000000,0.000000,1.000000,900.000000,0,0,nan,nan,nan,nan,-1.000000,37.500000,0.200000,37.700001,38.200001,0.500001,22.463252,22.463252,30.000000,0.000000,1,nan,nan,nan,nan,-1,0,0,-1,0,0,FAIL_CLEANLY,NONE,COLD,20.000000,CONTROL-ONLY POST VALIDATION / PHYSICAL UNVERIFIED
heavy,20.000000,60,0.100000,30,40,900.000000,0,PREHEAT_TIMEOUT,0,0.000000,0.000000,0.000000,0.000000,0.000000,0.000000,0.000000,0.000000,0.000000,1.000000,900.000000,0,0,nan,nan,nan,nan,-1.000000,37.500000,0.200000,37.700001,38.200001,0.500001,23.285744,23.285744,30.000000,0.000000,1,nan,nan,nan,nan,-1,0,0,-1,0,0,FAIL_CLEANLY,NONE,COLD,20.000000,CONTROL-ONLY POST VALIDATION / PHYSICAL UNVERIFIED
heavy,20.000000,60,0.100000,30,50,900.000000,0,PREHEAT_TIMEOUT,0,0.000000,0.000000,0.000000,0.000000,0.000000,0.000000,0.000000,0.000000,0.000000,1.000000,900.000000,0,0,nan,nan,nan,nan,-1.000000,37.500000,0.200000,37.700001,38.200001,0.500001,24.107391,24.107391,30.000000,0.000000,1,nan,nan,nan,nan,-1,0,0,-1,0,0,FAIL_CLEANLY,NONE,COLD,20.000000,CONTROL-ONLY POST VALIDATION / PHYSICAL UNVERIFIED
heavy,20.000000,60,0.100000,40,30,900.000000,0,PREHEAT_TIMEOUT,0,0.000000,0.000000,0.000000,0.000000,0.000000,0.000000,0.000000,0.000000,0.000000,1.000000,900.000000,0,0,nan,nan,nan,nan,-1.000000,37.500000,0.200000,37.700001,38.200001,0.500001,22.463252,22.463252,40.000000,0.000000,0,nan,nan,nan,nan,-1,0,0,-1,0,0,FAIL_CLEANLY,NONE,COLD,20.000000,CONTROL-ONLY POST VALIDATION / PHYSICAL UNVERIFIED
heavy,20.000000,60,0.100000,40,40,900.000000,0,PREHEAT_TIMEOUT,0,0.000000,0.000000,0.000000,0.000000,0.000000,0.000000,0.000000,0.000000,0.000000,1.000000,900.000000,0,0,nan,nan,nan,nan,-1.000000,37.500000,0.200000,37.700001,38.200001,0.500001,23.285744,23.285744,40.000000,0.000000,0,nan,nan,nan,nan,-1,0,0,-1,0,0,FAIL_CLEANLY,NONE,COLD,20.000000,CONTROL-ONLY POST VALIDATION / PHYSICAL UNVERIFIED
heavy,20.000000,60,0.100000,40,50,900.000000,0,PREHEAT_TIMEOUT,0,0.000000,0.000000,0.000000,0.000000,0.000000,0.000000,0.000000,0.000000,0.000000,1.000000,900.000000,0,0,nan,nan,nan,nan,-1.000000,37.500000,0.200000,37.700001,38.200001,0.500001,24.107391,24.107391,40.000000,0.000000,0,nan,nan,nan,nan,-1,0,0,-1,0,0,FAIL_CLEANLY,NONE,COLD,20.000000,CONTROL-ONLY POST VALIDATION / PHYSICAL UNVERIFIED
heavy,20.000000,60,0.010000,20,30,900.000000,0,PREHEAT_TIMEOUT,0,0.000000,0.000000,0.000000,0.000000,0.000000,0.000000,0.000000,0.000000,0.000000,1.000000,900.000000,0,0,nan,nan,nan,nan,-1.000000,37.500000,0.200000,37.700001,38.200001,0.500001,22.463252,22.463252,20.000000,0.000000,1,nan,nan,nan,nan,-1,0,0,-1,0,0,FAIL_CLEANLY,NONE,COLD,20.000000,CONTROL-ONLY POST VALIDATION / PHYSICAL UNVERIFIED
heavy,20.000000,60,0.010000,20,40,900.000000,0,PREHEAT_TIMEOUT,0,0.000000,0.000000,0.000000,0.000000,0.000000,0.000000,0.000000,0.000000,0.000000,1.000000,900.000000,0,0,nan,nan,nan,nan,-1.000000,37.500000,0.200000,37.700001,38.200001,0.500001,23.285744,23.285744,20.000000,0.000000,1,nan,nan,nan,nan,-1,0,0,-1,0,0,FAIL_CLEANLY,NONE,COLD,20.000000,CONTROL-ONLY POST VALIDATION / PHYSICAL UNVERIFIED
heavy,20.000000,60,0.010000,20,50,900.000000,0,PREHEAT_TIMEOUT,0,0.000000,0.000000,0.000000,0.000000,0.000000,0.000000,0.000000,0.000000,0.000000,1.000000,900.000000,0,0,nan,nan,nan,nan,-1.000000,37.500000,0.200000,37.700001,38.200001,0.500001,24.107391,24.107391,20.000000,0.000000,1,nan,nan,nan,nan,-1,0,0,-1,0,0,FAIL_CLEANLY,NONE,COLD,20.000000,CONTROL-ONLY POST VALIDATION / PHYSICAL UNVERIFIED
heavy,20.000000,60,0.010000,30,30,900.000000,0,PREHEAT_TIMEOUT,0,0.000000,0.000000,0.000000,0.000000,0.000000,0.000000,0.000000,0.000000,0.000000,1.000000,900.000000,0,0,nan,nan,nan,nan,-1.000000,37.500000,0.200000,37.700001,38.200001,0.500001,22.463252,22.463252,30.000000,0.000000,1,nan,nan,nan,nan,-1,0,0,-1,0,0,FAIL_CLEANLY,NONE,COLD,20.000000,CONTROL-ONLY POST VALIDATION / PHYSICAL UNVERIFIED
heavy,20.000000,60,0.010000,30,40,900.000000,0,PREHEAT_TIMEOUT,0,0.000000,0.000000,0.000000,0.000000,0.000000,0.000000,0.000000,0.000000,0.000000,1.000000,900.000000,0,0,nan,nan,nan,nan,-1.000000,37.500000,0.200000,37.700001,38.200001,0.500001,23.285744,23.285744,30.000000,0.000000,1,nan,nan,nan,nan,-1,0,0,-1,0,0,FAIL_CLEANLY,NONE,COLD,20.000000,CONTROL-ONLY POST VALIDATION / PHYSICAL UNVERIFIED
heavy,20.000000,60,0.010000,30,50,900.000000,0,PREHEAT_TIMEOUT,0,0.000000,0.000000,0.000000,0.000000,0.000000,0.000000,0.000000,0.000000,0.000000,1.000000,900.000000,0,0,nan,nan,nan,nan,-1.000000,37.500000,0.200000,37.700001,38.200001,0.500001,24.107391,24.107391,30.000000,0.000000,1,nan,nan,nan,nan,-1,0,0,-1,0,0,FAIL_CLEANLY,NONE,COLD,20.000000,CONTROL-ONLY POST VALIDATION / PHYSICAL UNVERIFIED
heavy,20.000000,60,0.010000,40,30,900.000000,0,PREHEAT_TIMEOUT,0,0.000000,0.000000,0.000000,0.000000,0.000000,0.000000,0.000000,0.000000,0.000000,1.000000,900.000000,0,0,nan,nan,nan,nan,-1.000000,37.500000,0.200000,37.700001,38.200001,0.500001,22.463252,22.463252,40.000000,0.000000,0,nan,nan,nan,nan,-1,0,0,-1,0,0,FAIL_CLEANLY,NONE,COLD,20.000000,CONTROL-ONLY POST VALIDATION / PHYSICAL UNVERIFIED
heavy,20.000000,60,0.010000,40,40,900.000000,0,PREHEAT_TIMEOUT,0,0.000000,0.000000,0.000000,0.000000,0.000000,0.000000,0.000000,0.000000,0.000000,1.000000,900.000000,0,0,nan,nan,nan,nan,-1.000000,37.500000,0.200000,37.700001,38.200001,0.500001,23.285744,23.285744,40.000000,0.000000,0,nan,nan,nan,nan,-1,0,0,-1,0,0,FAIL_CLEANLY,NONE,COLD,20.000000,CONTROL-ONLY POST VALIDATION / PHYSICAL UNVERIFIED
heavy,20.000000,60,0.010000,40,50,900.000000,0,PREHEAT_TIMEOUT,0,0.000000,0.000000,0.000000,0.000000,0.000000,0.000000,0.000000,0.000000,0.000000,1.000000,900.000000,0,0,nan,nan,nan,nan,-1.000000,37.500000,0.200000,37.700001,38.200001,0.500001,24.107391,24.107391,40.000000,0.000000,0,nan,nan,nan,nan,-1,0,0,-1,0,0,FAIL_CLEANLY,NONE,COLD,20.000000,CONTROL-ONLY POST VALIDATION / PHYSICAL UNVERIFIED
heavy,25.000000,5,0.100000,20,30,900.000000,0,PREHEAT_TIMEOUT,0,0.000000,0.000000,0.000000,0.000000,0.000000,0.000000,0.000000,0.000000,0.000000,1.000000,900.000000,0,0,nan,nan,nan,nan,-1.000000,37.500000,0.200000,37.700001,38.200001,0.500001,27.463252,27.463252,20.000000,0.000000,1,nan,nan,nan,nan,-1,0,0,-1,0,0,FAIL_CLEANLY,NONE,COLD,25.000000,CONTROL-ONLY POST VALIDATION / PHYSICAL UNVERIFIED
heavy,25.000000,5,0.100000,20,40,900.000000,0,PREHEAT_TIMEOUT,0,0.000000,0.000000,0.000000,0.000000,0.000000,0.000000,0.000000,0.000000,0.000000,1.000000,900.000000,0,0,nan,nan,nan,nan,-1.000000,37.500000,0.200000,37.700001,38.200001,0.500001,28.285744,28.285744,20.000000,0.000000,1,nan,nan,nan,nan,-1,0,0,-1,0,0,FAIL_CLEANLY,NONE,COLD,25.000000,CONTROL-ONLY POST VALIDATION / PHYSICAL UNVERIFIED
heavy,25.000000,5,0.100000,20,50,900.000000,0,PREHEAT_TIMEOUT,0,0.000000,0.000000,0.000000,0.000000,0.000000,0.000000,0.000000,0.000000,0.000000,1.000000,900.000000,0,0,nan,nan,nan,nan,-1.000000,37.500000,0.200000,37.700001,38.200001,0.500001,29.107391,29.107391,20.000000,0.000000,1,nan,nan,nan,nan,-1,0,0,-1,0,0,FAIL_CLEANLY,NONE,COLD,25.000000,CONTROL-ONLY POST VALIDATION / PHYSICAL UNVERIFIED
heavy,25.000000,5,0.100000,30,30,900.000000,0,PREHEAT_TIMEOUT,0,0.000000,0.000000,0.000000,0.000000,0.000000,0.000000,0.000000,0.000000,0.000000,1.000000,900.000000,0,0,nan,nan,nan,nan,-1.000000,37.500000,0.200000,37.700001,38.200001,0.500001,27.463252,27.463252,30.000000,0.000000,0,nan,nan,nan,nan,-1,0,0,-1,0,0,FAIL_CLEANLY,NONE,COLD,25.000000,CONTROL-ONLY POST VALIDATION / PHYSICAL UNVERIFIED
heavy,25.000000,5,0.100000,30,40,900.000000,0,PREHEAT_TIMEOUT,0,0.000000,0.000000,0.000000,0.000000,0.000000,0.000000,0.000000,0.000000,0.000000,1.000000,900.000000,0,0,nan,nan,nan,nan,-1.000000,37.500000,0.200000,37.700001,38.200001,0.500001,28.285744,28.285744,30.000000,0.000000,0,nan,nan,nan,nan,-1,0,0,-1,0,0,FAIL_CLEANLY,NONE,COLD,25.000000,CONTROL-ONLY POST VALIDATION / PHYSICAL UNVERIFIED
heavy,25.000000,5,0.100000,30,50,900.000000,0,PREHEAT_TIMEOUT,0,0.000000,0.000000,0.000000,0.000000,0.000000,0.000000,0.000000,0.000000,0.000000,1.000000,900.000000,0,0,nan,nan,nan,nan,-1.000000,37.500000,0.200000,37.700001,38.200001,0.500001,29.107391,29.107391,30.000000,0.000000,0,nan,nan,nan,nan,-1,0,0,-1,0,0,FAIL_CLEANLY,NONE,COLD,25.000000,CONTROL-ONLY POST VALIDATION / PHYSICAL UNVERIFIED
heavy,25.000000,5,0.100000,40,30,900.000000,0,PREHEAT_TIMEOUT,0,0.000000,0.000000,0.000000,0.000000,0.000000,0.000000,0.000000,0.000000,0.000000,1.000000,900.000000,0,0,nan,nan,nan,nan,-1.000000,37.500000,0.200000,37.700001,38.200001,0.500001,27.463252,27.463252,40.000000,0.000000,0,nan,nan,nan,nan,-1,0,0,-1,0,0,FAIL_CLEANLY,NONE,COLD,25.000000,CONTROL-ONLY POST VALIDATION / PHYSICAL UNVERIFIED
heavy,25.000000,5,0.100000,40,40,900.000000,0,PREHEAT_TIMEOUT,0,0.000000,0.000000,0.000000,0.000000,0.000000,0.000000,0.000000,0.000000,0.000000,1.000000,900.000000,0,0,nan,nan,nan,nan,-1.000000,37.500000,0.200000,37.700001,38.200001,0.500001,28.285744,28.285744,40.000000,0.000000,0,nan,nan,nan,nan,-1,0,0,-1,0,0,FAIL_CLEANLY,NONE,COLD,25.000000,CONTROL-ONLY POST VALIDATION / PHYSICAL UNVERIFIED
heavy,25.000000,5,0.100000,40,50,900.000000,0,PREHEAT_TIMEOUT,0,0.000000,0.000000,0.000000,0.000000,0.000000,0.000000,0.000000,0.000000,0.000000,1.000000,900.000000,0,0,nan,nan,nan,nan,-1.000000,37.500000,0.200000,37.700001,38.200001,0.500001,29.107391,29.107391,40.000000,0.000000,0,nan,nan,nan,nan,-1,0,0,-1,0,0,FAIL_CLEANLY,NONE,COLD,25.000000,CONTROL-ONLY POST VALIDATION / PHYSICAL UNVERIFIED
heavy,25.000000,5,0.010000,20,30,900.000000,0,PREHEAT_TIMEOUT,0,0.000000,0.000000,0.000000,0.000000,0.000000,0.000000,0.000000,0.000000,0.000000,1.000000,900.000000,0,0,nan,nan,nan,nan,-1.000000,37.500000,0.200000,37.700001,38.200001,0.500001,27.463252,27.463252,20.000000,0.000000,1,nan,nan,nan,nan,-1,0,0,-1,0,0,FAIL_CLEANLY,NONE,COLD,25.000000,CONTROL-ONLY POST VALIDATION / PHYSICAL UNVERIFIED
heavy,25.000000,5,0.010000,20,40,900.000000,0,PREHEAT_TIMEOUT,0,0.000000,0.000000,0.000000,0.000000,0.000000,0.000000,0.000000,0.000000,0.000000,1.000000,900.000000,0,0,nan,nan,nan,nan,-1.000000,37.500000,0.200000,37.700001,38.200001,0.500001,28.285744,28.285744,20.000000,0.000000,1,nan,nan,nan,nan,-1,0,0,-1,0,0,FAIL_CLEANLY,NONE,COLD,25.000000,CONTROL-ONLY POST VALIDATION / PHYSICAL UNVERIFIED
heavy,25.000000,5,0.010000,20,50,900.000000,0,PREHEAT_TIMEOUT,0,0.000000,0.000000,0.000000,0.000000,0.000000,0.000000,0.000000,0.000000,0.000000,1.000000,900.000000,0,0,nan,nan,nan,nan,-1.000000,37.500000,0.200000,37.700001,38.200001,0.500001,29.107391,29.107391,20.000000,0.000000,1,nan,nan,nan,nan,-1,0,0,-1,0,0,FAIL_CLEANLY,NONE,COLD,25.000000,CONTROL-ONLY POST VALIDATION / PHYSICAL UNVERIFIED
heavy,25.000000,5,0.010000,30,30,900.000000,0,PREHEAT_TIMEOUT,0,0.000000,0.000000,0.000000,0.000000,0.000000,0.000000,0.000000,0.000000,0.000000,1.000000,900.000000,0,0,nan,nan,nan,nan,-1.000000,37.500000,0.200000,37.700001,38.200001,0.500001,27.463252,27.463252,30.000000,0.000000,0,nan,nan,nan,nan,-1,0,0,-1,0,0,FAIL_CLEANLY,NONE,COLD,25.000000,CONTROL-ONLY POST VALIDATION / PHYSICAL UNVERIFIED
heavy,25.000000,5,0.010000,30,40,900.000000,0,PREHEAT_TIMEOUT,0,0.000000,0.000000,0.000000,0.000000,0.000000,0.000000,0.000000,0.000000,0.000000,1.000000,900.000000,0,0,nan,nan,nan,nan,-1.000000,37.500000,0.200000,37.700001,38.200001,0.500001,28.285744,28.285744,30.000000,0.000000,0,nan,nan,nan,nan,-1,0,0,-1,0,0,FAIL_CLEANLY,NONE,COLD,25.000000,CONTROL-ONLY POST VALIDATION / PHYSICAL UNVERIFIED
heavy,25.000000,5,0.010000,30,50,900.000000,0,PREHEAT_TIMEOUT,0,0.000000,0.000000,0.000000,0.000000,0.000000,0.000000,0.000000,0.000000,0.000000,1.000000,900.000000,0,0,nan,nan,nan,nan,-1.000000,37.500000,0.200000,37.700001,38.200001,0.500001,29.107391,29.107391,30.000000,0.000000,0,nan,nan,nan,nan,-1,0,0,-1,0,0,FAIL_CLEANLY,NONE,COLD,25.000000,CONTROL-ONLY POST VALIDATION / PHYSICAL UNVERIFIED
heavy,25.000000,5,0.010000,40,30,900.000000,0,PREHEAT_TIMEOUT,0,0.000000,0.000000,0.000000,0.000000,0.000000,0.000000,0.000000,0.000000,0.000000,1.000000,900.000000,0,0,nan,nan,nan,nan,-1.000000,37.500000,0.200000,37.700001,38.200001,0.500001,27.463252,27.463252,40.000000,0.000000,0,nan,nan,nan,nan,-1,0,0,-1,0,0,FAIL_CLEANLY,NONE,COLD,25.000000,CONTROL-ONLY POST VALIDATION / PHYSICAL UNVERIFIED
heavy,25.000000,5,0.010000,40,40,900.000000,0,PREHEAT_TIMEOUT,0,0.000000,0.000000,0.000000,0.000000,0.000000,0.000000,0.000000,0.000000,0.000000,1.000000,900.000000,0,0,nan,nan,nan,nan,-1.000000,37.500000,0.200000,37.700001,38.200001,0.500001,28.285744,28.285744,40.000000,0.000000,0,nan,nan,nan,nan,-1,0,0,-1,0,0,FAIL_CLEANLY,NONE,COLD,25.000000,CONTROL-ONLY POST VALIDATION / PHYSICAL UNVERIFIED
heavy,25.000000,5,0.010000,40,50,900.000000,0,PREHEAT_TIMEOUT,0,0.000000,0.000000,0.000000,0.000000,0.000000,0.000000,0.000000,0.000000,0.000000,1.000000,900.000000,0,0,nan,nan,nan,nan,-1.000000,37.500000,0.200000,37.700001,38.200001,0.500001,29.107391,29.107391,40.000000,0.000000,0,nan,nan,nan,nan,-1,0,0,-1,0,0,FAIL_CLEANLY,NONE,COLD,25.000000,CONTROL-ONLY POST VALIDATION / PHYSICAL UNVERIFIED
heavy,25.000000,15,0.100000,20,30,900.000000,0,PREHEAT_TIMEOUT,0,0.000000,0.000000,0.000000,0.000000,0.000000,0.000000,0.000000,0.000000,0.000000,1.000000,900.000000,0,0,nan,nan,nan,nan,-1.000000,37.500000,0.200000,37.700001,38.200001,0.500001,27.463252,27.463252,20.000000,0.000000,1,nan,nan,nan,nan,-1,0,0,-1,0,0,FAIL_CLEANLY,NONE,COLD,25.000000,CONTROL-ONLY POST VALIDATION / PHYSICAL UNVERIFIED
heavy,25.000000,15,0.100000,20,40,900.000000,0,PREHEAT_TIMEOUT,0,0.000000,0.000000,0.000000,0.000000,0.000000,0.000000,0.000000,0.000000,0.000000,1.000000,900.000000,0,0,nan,nan,nan,nan,-1.000000,37.500000,0.200000,37.700001,38.200001,0.500001,28.285744,28.285744,20.000000,0.000000,1,nan,nan,nan,nan,-1,0,0,-1,0,0,FAIL_CLEANLY,NONE,COLD,25.000000,CONTROL-ONLY POST VALIDATION / PHYSICAL UNVERIFIED
heavy,25.000000,15,0.100000,20,50,900.000000,0,PREHEAT_TIMEOUT,0,0.000000,0.000000,0.000000,0.000000,0.000000,0.000000,0.000000,0.000000,0.000000,1.000000,900.000000,0,0,nan,nan,nan,nan,-1.000000,37.500000,0.200000,37.700001,38.200001,0.500001,29.107391,29.107391,20.000000,0.000000,1,nan,nan,nan,nan,-1,0,0,-1,0,0,FAIL_CLEANLY,NONE,COLD,25.000000,CONTROL-ONLY POST VALIDATION / PHYSICAL UNVERIFIED
heavy,25.000000,15,0.100000,30,30,900.000000,0,PREHEAT_TIMEOUT,0,0.000000,0.000000,0.000000,0.000000,0.000000,0.000000,0.000000,0.000000,0.000000,1.000000,900.000000,0,0,nan,nan,nan,nan,-1.000000,37.500000,0.200000,37.700001,38.200001,0.500001,27.463252,27.463252,30.000000,0.000000,0,nan,nan,nan,nan,-1,0,0,-1,0,0,FAIL_CLEANLY,NONE,COLD,25.000000,CONTROL-ONLY POST VALIDATION / PHYSICAL UNVERIFIED
heavy,25.000000,15,0.100000,30,40,900.000000,0,PREHEAT_TIMEOUT,0,0.000000,0.000000,0.000000,0.000000,0.000000,0.000000,0.000000,0.000000,0.000000,1.000000,900.000000,0,0,nan,nan,nan,nan,-1.000000,37.500000,0.200000,37.700001,38.200001,0.500001,28.285744,28.285744,30.000000,0.000000,0,nan,nan,nan,nan,-1,0,0,-1,0,0,FAIL_CLEANLY,NONE,COLD,25.000000,CONTROL-ONLY POST VALIDATION / PHYSICAL UNVERIFIED
heavy,25.000000,15,0.100000,30,50,900.000000,0,PREHEAT_TIMEOUT,0,0.000000,0.000000,0.000000,0.000000,0.000000,0.000000,0.000000,0.000000,0.000000,1.000000,900.000000,0,0,nan,nan,nan,nan,-1.000000,37.500000,0.200000,37.700001,38.200001,0.500001,29.107391,29.107391,30.000000,0.000000,0,nan,nan,nan,nan,-1,0,0,-1,0,0,FAIL_CLEANLY,NONE,COLD,25.000000,CONTROL-ONLY POST VALIDATION / PHYSICAL UNVERIFIED
heavy,25.000000,15,0.100000,40,30,900.000000,0,PREHEAT_TIMEOUT,0,0.000000,0.000000,0.000000,0.000000,0.000000,0.000000,0.000000,0.000000,0.000000,1.000000,900.000000,0,0,nan,nan,nan,nan,-1.000000,37.500000,0.200000,37.700001,38.200001,0.500001,27.463252,27.463252,40.000000,0.000000,0,nan,nan,nan,nan,-1,0,0,-1,0,0,FAIL_CLEANLY,NONE,COLD,25.000000,CONTROL-ONLY POST VALIDATION / PHYSICAL UNVERIFIED
heavy,25.000000,15,0.100000,40,40,900.000000,0,PREHEAT_TIMEOUT,0,0.000000,0.000000,0.000000,0.000000,0.000000,0.000000,0.000000,0.000000,0.000000,1.000000,900.000000,0,0,nan,nan,nan,nan,-1.000000,37.500000,0.200000,37.700001,38.200001,0.500001,28.285744,28.285744,40.000000,0.000000,0,nan,nan,nan,nan,-1,0,0,-1,0,0,FAIL_CLEANLY,NONE,COLD,25.000000,CONTROL-ONLY POST VALIDATION / PHYSICAL UNVERIFIED
heavy,25.000000,15,0.100000,40,50,900.000000,0,PREHEAT_TIMEOUT,0,0.000000,0.000000,0.000000,0.000000,0.000000,0.000000,0.000000,0.000000,0.000000,1.000000,900.000000,0,0,nan,nan,nan,nan,-1.000000,37.500000,0.200000,37.700001,38.200001,0.500001,29.107391,29.107391,40.000000,0.000000,0,nan,nan,nan,nan,-1,0,0,-1,0,0,FAIL_CLEANLY,NONE,COLD,25.000000,CONTROL-ONLY POST VALIDATION / PHYSICAL UNVERIFIED
heavy,25.000000,15,0.010000,20,30,900.000000,0,PREHEAT_TIMEOUT,0,0.000000,0.000000,0.000000,0.000000,0.000000,0.000000,0.000000,0.000000,0.000000,1.000000,900.000000,0,0,nan,nan,nan,nan,-1.000000,37.500000,0.200000,37.700001,38.200001,0.500001,27.463252,27.463252,20.000000,0.000000,1,nan,nan,nan,nan,-1,0,0,-1,0,0,FAIL_CLEANLY,NONE,COLD,25.000000,CONTROL-ONLY POST VALIDATION / PHYSICAL UNVERIFIED
heavy,25.000000,15,0.010000,20,40,900.000000,0,PREHEAT_TIMEOUT,0,0.000000,0.000000,0.000000,0.000000,0.000000,0.000000,0.000000,0.000000,0.000000,1.000000,900.000000,0,0,nan,nan,nan,nan,-1.000000,37.500000,0.200000,37.700001,38.200001,0.500001,28.285744,28.285744,20.000000,0.000000,1,nan,nan,nan,nan,-1,0,0,-1,0,0,FAIL_CLEANLY,NONE,COLD,25.000000,CONTROL-ONLY POST VALIDATION / PHYSICAL UNVERIFIED
heavy,25.000000,15,0.010000,20,50,900.000000,0,PREHEAT_TIMEOUT,0,0.000000,0.000000,0.000000,0.000000,0.000000,0.000000,0.000000,0.000000,0.000000,1.000000,900.000000,0,0,nan,nan,nan,nan,-1.000000,37.500000,0.200000,37.700001,38.200001,0.500001,29.107391,29.107391,20.000000,0.000000,1,nan,nan,nan,nan,-1,0,0,-1,0,0,FAIL_CLEANLY,NONE,COLD,25.000000,CONTROL-ONLY POST VALIDATION / PHYSICAL UNVERIFIED
heavy,25.000000,15,0.010000,30,30,900.000000,0,PREHEAT_TIMEOUT,0,0.000000,0.000000,0.000000,0.000000,0.000000,0.000000,0.000000,0.000000,0.000000,1.000000,900.000000,0,0,nan,nan,nan,nan,-1.000000,37.500000,0.200000,37.700001,38.200001,0.500001,27.463252,27.463252,30.000000,0.000000,0,nan,nan,nan,nan,-1,0,0,-1,0,0,FAIL_CLEANLY,NONE,COLD,25.000000,CONTROL-ONLY POST VALIDATION / PHYSICAL UNVERIFIED
heavy,25.000000,15,0.010000,30,40,900.000000,0,PREHEAT_TIMEOUT,0,0.000000,0.000000,0.000000,0.000000,0.000000,0.000000,0.000000,0.000000,0.000000,1.000000,900.000000,0,0,nan,nan,nan,nan,-1.000000,37.500000,0.200000,37.700001,38.200001,0.500001,28.285744,28.285744,30.000000,0.000000,0,nan,nan,nan,nan,-1,0,0,-1,0,0,FAIL_CLEANLY,NONE,COLD,25.000000,CONTROL-ONLY POST VALIDATION / PHYSICAL UNVERIFIED
heavy,25.000000,15,0.010000,30,50,900.000000,0,PREHEAT_TIMEOUT,0,0.000000,0.000000,0.000000,0.000000,0.000000,0.000000,0.000000,0.000000,0.000000,1.000000,900.000000,0,0,nan,nan,nan,nan,-1.000000,37.500000,0.200000,37.700001,38.200001,0.500001,29.107391,29.107391,30.000000,0.000000,0,nan,nan,nan,nan,-1,0,0,-1,0,0,FAIL_CLEANLY,NONE,COLD,25.000000,CONTROL-ONLY POST VALIDATION / PHYSICAL UNVERIFIED
heavy,25.000000,15,0.010000,40,30,900.000000,0,PREHEAT_TIMEOUT,0,0.000000,0.000000,0.000000,0.000000,0.000000,0.000000,0.000000,0.000000,0.000000,1.000000,900.000000,0,0,nan,nan,nan,nan,-1.000000,37.500000,0.200000,37.700001,38.200001,0.500001,27.463252,27.463252,40.000000,0.000000,0,nan,nan,nan,nan,-1,0,0,-1,0,0,FAIL_CLEANLY,NONE,COLD,25.000000,CONTROL-ONLY POST VALIDATION / PHYSICAL UNVERIFIED
heavy,25.000000,15,0.010000,40,40,900.000000,0,PREHEAT_TIMEOUT,0,0.000000,0.000000,0.000000,0.000000,0.000000,0.000000,0.000000,0.000000,0.000000,1.000000,900.000000,0,0,nan,nan,nan,nan,-1.000000,37.500000,0.200000,37.700001,38.200001,0.500001,28.285744,28.285744,40.000000,0.000000,0,nan,nan,nan,nan,-1,0,0,-1,0,0,FAIL_CLEANLY,NONE,COLD,25.000000,CONTROL-ONLY POST VALIDATION / PHYSICAL UNVERIFIED
heavy,25.000000,15,0.010000,40,50,900.000000,0,PREHEAT_TIMEOUT,0,0.000000,0.000000,0.000000,0.000000,0.000000,0.000000,0.000000,0.000000,0.000000,1.000000,900.000000,0,0,nan,nan,nan,nan,-1.000000,37.500000,0.200000,37.700001,38.200001,0.500001,29.107391,29.107391,40.000000,0.000000,0,nan,nan,nan,nan,-1,0,0,-1,0,0,FAIL_CLEANLY,NONE,COLD,25.000000,CONTROL-ONLY POST VALIDATION / PHYSICAL UNVERIFIED
heavy,25.000000,30,0.100000,20,30,900.000000,0,PREHEAT_TIMEOUT,0,0.000000,0.000000,0.000000,0.000000,0.000000,0.000000,0.000000,0.000000,0.000000,1.000000,900.000000,0,0,nan,nan,nan,nan,-1.000000,37.500000,0.200000,37.700001,38.200001,0.500001,27.463252,27.463252,20.000000,0.000000,1,nan,nan,nan,nan,-1,0,0,-1,0,0,FAIL_CLEANLY,NONE,COLD,25.000000,CONTROL-ONLY POST VALIDATION / PHYSICAL UNVERIFIED
heavy,25.000000,30,0.100000,20,40,900.000000,0,PREHEAT_TIMEOUT,0,0.000000,0.000000,0.000000,0.000000,0.000000,0.000000,0.000000,0.000000,0.000000,1.000000,900.000000,0,0,nan,nan,nan,nan,-1.000000,37.500000,0.200000,37.700001,38.200001,0.500001,28.285744,28.285744,20.000000,0.000000,1,nan,nan,nan,nan,-1,0,0,-1,0,0,FAIL_CLEANLY,NONE,COLD,25.000000,CONTROL-ONLY POST VALIDATION / PHYSICAL UNVERIFIED
heavy,25.000000,30,0.100000,20,50,900.000000,0,PREHEAT_TIMEOUT,0,0.000000,0.000000,0.000000,0.000000,0.000000,0.000000,0.000000,0.000000,0.000000,1.000000,900.000000,0,0,nan,nan,nan,nan,-1.000000,37.500000,0.200000,37.700001,38.200001,0.500001,29.107391,29.107391,20.000000,0.000000,1,nan,nan,nan,nan,-1,0,0,-1,0,0,FAIL_CLEANLY,NONE,COLD,25.000000,CONTROL-ONLY POST VALIDATION / PHYSICAL UNVERIFIED
heavy,25.000000,30,0.100000,30,30,900.000000,0,PREHEAT_TIMEOUT,0,0.000000,0.000000,0.000000,0.000000,0.000000,0.000000,0.000000,0.000000,0.000000,1.000000,900.000000,0,0,nan,nan,nan,nan,-1.000000,37.500000,0.200000,37.700001,38.200001,0.500001,27.463252,27.463252,30.000000,0.000000,0,nan,nan,nan,nan,-1,0,0,-1,0,0,FAIL_CLEANLY,NONE,COLD,25.000000,CONTROL-ONLY POST VALIDATION / PHYSICAL UNVERIFIED
heavy,25.000000,30,0.100000,30,40,900.000000,0,PREHEAT_TIMEOUT,0,0.000000,0.000000,0.000000,0.000000,0.000000,0.000000,0.000000,0.000000,0.000000,1.000000,900.000000,0,0,nan,nan,nan,nan,-1.000000,37.500000,0.200000,37.700001,38.200001,0.500001,28.285744,28.285744,30.000000,0.000000,0,nan,nan,nan,nan,-1,0,0,-1,0,0,FAIL_CLEANLY,NONE,COLD,25.000000,CONTROL-ONLY POST VALIDATION / PHYSICAL UNVERIFIED
heavy,25.000000,30,0.100000,30,50,900.000000,0,PREHEAT_TIMEOUT,0,0.000000,0.000000,0.000000,0.000000,0.000000,0.000000,0.000000,0.000000,0.000000,1.000000,900.000000,0,0,nan,nan,nan,nan,-1.000000,37.500000,0.200000,37.700001,38.200001,0.500001,29.107391,29.107391,30.000000,0.000000,0,nan,nan,nan,nan,-1,0,0,-1,0,0,FAIL_CLEANLY,NONE,COLD,25.000000,CONTROL-ONLY POST VALIDATION / PHYSICAL UNVERIFIED
heavy,25.000000,30,0.100000,40,30,900.000000,0,PREHEAT_TIMEOUT,0,0.000000,0.000000,0.000000,0.000000,0.000000,0.000000,0.000000,0.000000,0.000000,1.000000,900.000000,0,0,nan,nan,nan,nan,-1.000000,37.500000,0.200000,37.700001,38.200001,0.500001,27.463252,27.463252,40.000000,0.000000,0,nan,nan,nan,nan,-1,0,0,-1,0,0,FAIL_CLEANLY,NONE,COLD,25.000000,CONTROL-ONLY POST VALIDATION / PHYSICAL UNVERIFIED
heavy,25.000000,30,0.100000,40,40,900.000000,0,PREHEAT_TIMEOUT,0,0.000000,0.000000,0.000000,0.000000,0.000000,0.000000,0.000000,0.000000,0.000000,1.000000,900.000000,0,0,nan,nan,nan,nan,-1.000000,37.500000,0.200000,37.700001,38.200001,0.500001,28.285744,28.285744,40.000000,0.000000,0,nan,nan,nan,nan,-1,0,0,-1,0,0,FAIL_CLEANLY,NONE,COLD,25.000000,CONTROL-ONLY POST VALIDATION / PHYSICAL UNVERIFIED
heavy,25.000000,30,0.100000,40,50,900.000000,0,PREHEAT_TIMEOUT,0,0.000000,0.000000,0.000000,0.000000,0.000000,0.000000,0.000000,0.000000,0.000000,1.000000,900.000000,0,0,nan,nan,nan,nan,-1.000000,37.500000,0.200000,37.700001,38.200001,0.500001,29.107391,29.107391,40.000000,0.000000,0,nan,nan,nan,nan,-1,0,0,-1,0,0,FAIL_CLEANLY,NONE,COLD,25.000000,CONTROL-ONLY POST VALIDATION / PHYSICAL UNVERIFIED
heavy,25.000000,30,0.010000,20,30,900.000000,0,PREHEAT_TIMEOUT,0,0.000000,0.000000,0.000000,0.000000,0.000000,0.000000,0.000000,0.000000,0.000000,1.000000,900.000000,0,0,nan,nan,nan,nan,-1.000000,37.500000,0.200000,37.700001,38.200001,0.500001,27.463252,27.463252,20.000000,0.000000,1,nan,nan,nan,nan,-1,0,0,-1,0,0,FAIL_CLEANLY,NONE,COLD,25.000000,CONTROL-ONLY POST VALIDATION / PHYSICAL UNVERIFIED
heavy,25.000000,30,0.010000,20,40,900.000000,0,PREHEAT_TIMEOUT,0,0.000000,0.000000,0.000000,0.000000,0.000000,0.000000,0.000000,0.000000,0.000000,1.000000,900.000000,0,0,nan,nan,nan,nan,-1.000000,37.500000,0.200000,37.700001,38.200001,0.500001,28.285744,28.285744,20.000000,0.000000,1,nan,nan,nan,nan,-1,0,0,-1,0,0,FAIL_CLEANLY,NONE,COLD,25.000000,CONTROL-ONLY POST VALIDATION / PHYSICAL UNVERIFIED
heavy,25.000000,30,0.010000,20,50,900.000000,0,PREHEAT_TIMEOUT,0,0.000000,0.000000,0.000000,0.000000,0.000000,0.000000,0.000000,0.000000,0.000000,1.000000,900.000000,0,0,nan,nan,nan,nan,-1.000000,37.500000,0.200000,37.700001,38.200001,0.500001,29.107391,29.107391,20.000000,0.000000,1,nan,nan,nan,nan,-1,0,0,-1,0,0,FAIL_CLEANLY,NONE,COLD,25.000000,CONTROL-ONLY POST VALIDATION / PHYSICAL UNVERIFIED
heavy,25.000000,30,0.010000,30,30,900.000000,0,PREHEAT_TIMEOUT,0,0.000000,0.000000,0.000000,0.000000,0.000000,0.000000,0.000000,0.000000,0.000000,1.000000,900.000000,0,0,nan,nan,nan,nan,-1.000000,37.500000,0.200000,37.700001,38.200001,0.500001,27.463252,27.463252,30.000000,0.000000,0,nan,nan,nan,nan,-1,0,0,-1,0,0,FAIL_CLEANLY,NONE,COLD,25.000000,CONTROL-ONLY POST VALIDATION / PHYSICAL UNVERIFIED
heavy,25.000000,30,0.010000,30,40,900.000000,0,PREHEAT_TIMEOUT,0,0.000000,0.000000,0.000000,0.000000,0.000000,0.000000,0.000000,0.000000,0.000000,1.000000,900.000000,0,0,nan,nan,nan,nan,-1.000000,37.500000,0.200000,37.700001,38.200001,0.500001,28.285744,28.285744,30.000000,0.000000,0,nan,nan,nan,nan,-1,0,0,-1,0,0,FAIL_CLEANLY,NONE,COLD,25.000000,CONTROL-ONLY POST VALIDATION / PHYSICAL UNVERIFIED
heavy,25.000000,30,0.010000,30,50,900.000000,0,PREHEAT_TIMEOUT,0,0.000000,0.000000,0.000000,0.000000,0.000000,0.000000,0.000000,0.000000,0.000000,1.000000,900.000000,0,0,nan,nan,nan,nan,-1.000000,37.500000,0.200000,37.700001,38.200001,0.500001,29.107391,29.107391,30.000000,0.000000,0,nan,nan,nan,nan,-1,0,0,-1,0,0,FAIL_CLEANLY,NONE,COLD,25.000000,CONTROL-ONLY POST VALIDATION / PHYSICAL UNVERIFIED
heavy,25.000000,30,0.010000,40,30,900.000000,0,PREHEAT_TIMEOUT,0,0.000000,0.000000,0.000000,0.000000,0.000000,0.000000,0.000000,0.000000,0.000000,1.000000,900.000000,0,0,nan,nan,nan,nan,-1.000000,37.500000,0.200000,37.700001,38.200001,0.500001,27.463252,27.463252,40.000000,0.000000,0,nan,nan,nan,nan,-1,0,0,-1,0,0,FAIL_CLEANLY,NONE,COLD,25.000000,CONTROL-ONLY POST VALIDATION / PHYSICAL UNVERIFIED
heavy,25.000000,30,0.010000,40,40,900.000000,0,PREHEAT_TIMEOUT,0,0.000000,0.000000,0.000000,0.000000,0.000000,0.000000,0.000000,0.000000,0.000000,1.000000,900.000000,0,0,nan,nan,nan,nan,-1.000000,37.500000,0.200000,37.700001,38.200001,0.500001,28.285744,28.285744,40.000000,0.000000,0,nan,nan,nan,nan,-1,0,0,-1,0,0,FAIL_CLEANLY,NONE,COLD,25.000000,CONTROL-ONLY POST VALIDATION / PHYSICAL UNVERIFIED
heavy,25.000000,30,0.010000,40,50,900.000000,0,PREHEAT_TIMEOUT,0,0.000000,0.000000,0.000000,0.000000,0.000000,0.000000,0.000000,0.000000,0.000000,1.000000,900.000000,0,0,nan,nan,nan,nan,-1.000000,37.500000,0.200000,37.700001,38.200001,0.500001,29.107391,29.107391,40.000000,0.000000,0,nan,nan,nan,nan,-1,0,0,-1,0,0,FAIL_CLEANLY,NONE,COLD,25.000000,CONTROL-ONLY POST VALIDATION / PHYSICAL UNVERIFIED
heavy,25.000000,60,0.100000,20,30,900.000000,0,PREHEAT_TIMEOUT,0,0.000000,0.000000,0.000000,0.000000,0.000000,0.000000,0.000000,0.000000,0.000000,1.000000,900.000000,0,0,nan,nan,nan,nan,-1.000000,37.500000,0.200000,37.700001,38.200001,0.500001,27.463252,27.463252,20.000000,0.000000,1,nan,nan,nan,nan,-1,0,0,-1,0,0,FAIL_CLEANLY,NONE,COLD,25.000000,CONTROL-ONLY POST VALIDATION / PHYSICAL UNVERIFIED
heavy,25.000000,60,0.100000,20,40,900.000000,0,PREHEAT_TIMEOUT,0,0.000000,0.000000,0.000000,0.000000,0.000000,0.000000,0.000000,0.000000,0.000000,1.000000,900.000000,0,0,nan,nan,nan,nan,-1.000000,37.500000,0.200000,37.700001,38.200001,0.500001,28.285744,28.285744,20.000000,0.000000,1,nan,nan,nan,nan,-1,0,0,-1,0,0,FAIL_CLEANLY,NONE,COLD,25.000000,CONTROL-ONLY POST VALIDATION / PHYSICAL UNVERIFIED
heavy,25.000000,60,0.100000,20,50,900.000000,0,PREHEAT_TIMEOUT,0,0.000000,0.000000,0.000000,0.000000,0.000000,0.000000,0.000000,0.000000,0.000000,1.000000,900.000000,0,0,nan,nan,nan,nan,-1.000000,37.500000,0.200000,37.700001,38.200001,0.500001,29.107391,29.107391,20.000000,0.000000,1,nan,nan,nan,nan,-1,0,0,-1,0,0,FAIL_CLEANLY,NONE,COLD,25.000000,CONTROL-ONLY POST VALIDATION / PHYSICAL UNVERIFIED
heavy,25.000000,60,0.100000,30,30,900.000000,0,PREHEAT_TIMEOUT,0,0.000000,0.000000,0.000000,0.000000,0.000000,0.000000,0.000000,0.000000,0.000000,1.000000,900.000000,0,0,nan,nan,nan,nan,-1.000000,37.500000,0.200000,37.700001,38.200001,0.500001,27.463252,27.463252,30.000000,0.000000,0,nan,nan,nan,nan,-1,0,0,-1,0,0,FAIL_CLEANLY,NONE,COLD,25.000000,CONTROL-ONLY POST VALIDATION / PHYSICAL UNVERIFIED
heavy,25.000000,60,0.100000,30,40,900.000000,0,PREHEAT_TIMEOUT,0,0.000000,0.000000,0.000000,0.000000,0.000000,0.000000,0.000000,0.000000,0.000000,1.000000,900.000000,0,0,nan,nan,nan,nan,-1.000000,37.500000,0.200000,37.700001,38.200001,0.500001,28.285744,28.285744,30.000000,0.000000,0,nan,nan,nan,nan,-1,0,0,-1,0,0,FAIL_CLEANLY,NONE,COLD,25.000000,CONTROL-ONLY POST VALIDATION / PHYSICAL UNVERIFIED
heavy,25.000000,60,0.100000,30,50,900.000000,0,PREHEAT_TIMEOUT,0,0.000000,0.000000,0.000000,0.000000,0.000000,0.000000,0.000000,0.000000,0.000000,1.000000,900.000000,0,0,nan,nan,nan,nan,-1.000000,37.500000,0.200000,37.700001,38.200001,0.500001,29.107391,29.107391,30.000000,0.000000,0,nan,nan,nan,nan,-1,0,0,-1,0,0,FAIL_CLEANLY,NONE,COLD,25.000000,CONTROL-ONLY POST VALIDATION / PHYSICAL UNVERIFIED
heavy,25.000000,60,0.100000,40,30,900.000000,0,PREHEAT_TIMEOUT,0,0.000000,0.000000,0.000000,0.000000,0.000000,0.000000,0.000000,0.000000,0.000000,1.000000,900.000000,0,0,nan,nan,nan,nan,-1.000000,37.500000,0.200000,37.700001,38.200001,0.500001,27.463252,27.463252,40.000000,0.000000,0,nan,nan,nan,nan,-1,0,0,-1,0,0,FAIL_CLEANLY,NONE,COLD,25.000000,CONTROL-ONLY POST VALIDATION / PHYSICAL UNVERIFIED
heavy,25.000000,60,0.100000,40,40,900.000000,0,PREHEAT_TIMEOUT,0,0.000000,0.000000,0.000000,0.000000,0.000000,0.000000,0.000000,0.000000,0.000000,1.000000,900.000000,0,0,nan,nan,nan,nan,-1.000000,37.500000,0.200000,37.700001,38.200001,0.500001,28.285744,28.285744,40.000000,0.000000,0,nan,nan,nan,nan,-1,0,0,-1,0,0,FAIL_CLEANLY,NONE,COLD,25.000000,CONTROL-ONLY POST VALIDATION / PHYSICAL UNVERIFIED
heavy,25.000000,60,0.100000,40,50,900.000000,0,PREHEAT_TIMEOUT,0,0.000000,0.000000,0.000000,0.000000,0.000000,0.000000,0.000000,0.000000,0.000000,1.000000,900.000000,0,0,nan,nan,nan,nan,-1.000000,37.500000,0.200000,37.700001,38.200001,0.500001,29.107391,29.107391,40.000000,0.000000,0,nan,nan,nan,nan,-1,0,0,-1,0,0,FAIL_CLEANLY,NONE,COLD,25.000000,CONTROL-ONLY POST VALIDATION / PHYSICAL UNVERIFIED
heavy,25.000000,60,0.010000,20,30,900.000000,0,PREHEAT_TIMEOUT,0,0.000000,0.000000,0.000000,0.000000,0.000000,0.000000,0.000000,0.000000,0.000000,1.000000,900.000000,0,0,nan,nan,nan,nan,-1.000000,37.500000,0.200000,37.700001,38.200001,0.500001,27.463252,27.463252,20.000000,0.000000,1,nan,nan,nan,nan,-1,0,0,-1,0,0,FAIL_CLEANLY,NONE,COLD,25.000000,CONTROL-ONLY POST VALIDATION / PHYSICAL UNVERIFIED
heavy,25.000000,60,0.010000,20,40,900.000000,0,PREHEAT_TIMEOUT,0,0.000000,0.000000,0.000000,0.000000,0.000000,0.000000,0.000000,0.000000,0.000000,1.000000,900.000000,0,0,nan,nan,nan,nan,-1.000000,37.500000,0.200000,37.700001,38.200001,0.500001,28.285744,28.285744,20.000000,0.000000,1,nan,nan,nan,nan,-1,0,0,-1,0,0,FAIL_CLEANLY,NONE,COLD,25.000000,CONTROL-ONLY POST VALIDATION / PHYSICAL UNVERIFIED
heavy,25.000000,60,0.010000,20,50,900.000000,0,PREHEAT_TIMEOUT,0,0.000000,0.000000,0.000000,0.000000,0.000000,0.000000,0.000000,0.000000,0.000000,1.000000,900.000000,0,0,nan,nan,nan,nan,-1.000000,37.500000,0.200000,37.700001,38.200001,0.500001,29.107391,29.107391,20.000000,0.000000,1,nan,nan,nan,nan,-1,0,0,-1,0,0,FAIL_CLEANLY,NONE,COLD,25.000000,CONTROL-ONLY POST VALIDATION / PHYSICAL UNVERIFIED
heavy,25.000000,60,0.010000,30,30,900.000000,0,PREHEAT_TIMEOUT,0,0.000000,0.000000,0.000000,0.000000,0.000000,0.000000,0.000000,0.000000,0.000000,1.000000,900.000000,0,0,nan,nan,nan,nan,-1.000000,37.500000,0.200000,37.700001,38.200001,0.500001,27.463252,27.463252,30.000000,0.000000,0,nan,nan,nan,nan,-1,0,0,-1,0,0,FAIL_CLEANLY,NONE,COLD,25.000000,CONTROL-ONLY POST VALIDATION / PHYSICAL UNVERIFIED
heavy,25.000000,60,0.010000,30,40,900.000000,0,PREHEAT_TIMEOUT,0,0.000000,0.000000,0.000000,0.000000,0.000000,0.000000,0.000000,0.000000,0.000000,1.000000,900.000000,0,0,nan,nan,nan,nan,-1.000000,37.500000,0.200000,37.700001,38.200001,0.500001,28.285744,28.285744,30.000000,0.000000,0,nan,nan,nan,nan,-1,0,0,-1,0,0,FAIL_CLEANLY,NONE,COLD,25.000000,CONTROL-ONLY POST VALIDATION / PHYSICAL UNVERIFIED
heavy,25.000000,60,0.010000,30,50,900.000000,0,PREHEAT_TIMEOUT,0,0.000000,0.000000,0.000000,0.000000,0.000000,0.000000,0.000000,0.000000,0.000000,1.000000,900.000000,0,0,nan,nan,nan,nan,-1.000000,37.500000,0.200000,37.700001,38.200001,0.500001,29.107391,29.107391,30.000000,0.000000,0,nan,nan,nan,nan,-1,0,0,-1,0,0,FAIL_CLEANLY,NONE,COLD,25.000000,CONTROL-ONLY POST VALIDATION / PHYSICAL UNVERIFIED
heavy,25.000000,60,0.010000,40,30,900.000000,0,PREHEAT_TIMEOUT,0,0.000000,0.000000,0.000000,0.000000,0.000000,0.000000,0.000000,0.000000,0.000000,1.000000,900.000000,0,0,nan,nan,nan,nan,-1.000000,37.500000,0.200000,37.700001,38.200001,0.500001,27.463252,27.463252,40.000000,0.000000,0,nan,nan,nan,nan,-1,0,0,-1,0,0,FAIL_CLEANLY,NONE,COLD,25.000000,CONTROL-ONLY POST VALIDATION / PHYSICAL UNVERIFIED
heavy,25.000000,60,0.010000,40,40,900.000000,0,PREHEAT_TIMEOUT,0,0.000000,0.000000,0.000000,0.000000,0.000000,0.000000,0.000000,0.000000,0.000000,1.000000,900.000000,0,0,nan,nan,nan,nan,-1.000000,37.500000,0.200000,37.700001,38.200001,0.500001,28.285744,28.285744,40.000000,0.000000,0,nan,nan,nan,nan,-1,0,0,-1,0,0,FAIL_CLEANLY,NONE,COLD,25.000000,CONTROL-ONLY POST VALIDATION / PHYSICAL UNVERIFIED
heavy,25.000000,60,0.010000,40,50,900.000000,0,PREHEAT_TIMEOUT,0,0.000000,0.000000,0.000000,0.000000,0.000000,0.000000,0.000000,0.000000,0.000000,1.000000,900.000000,0,0,nan,nan,nan,nan,-1.000000,37.500000,0.200000,37.700001,38.200001,0.500001,29.107391,29.107391,40.000000,0.000000,0,nan,nan,nan,nan,-1,0,0,-1,0,0,FAIL_CLEANLY,NONE,COLD,25.000000,CONTROL-ONLY POST VALIDATION / PHYSICAL UNVERIFIED
heavy,28.000000,5,0.100000,20,30,900.000000,0,PREHEAT_TIMEOUT,0,0.000000,0.000000,0.000000,0.000000,0.000000,0.000000,0.000000,0.000000,0.000000,1.000000,900.000000,0,0,nan,nan,nan,nan,-1.000000,37.500000,0.200000,37.700001,38.200001,0.500001,30.463252,30.463252,20.000000,0.000000,0,nan,nan,nan,nan,-1,0,0,-1,0,0,FAIL_CLEANLY,NONE,COLD,28.000000,CONTROL-ONLY POST VALIDATION / PHYSICAL UNVERIFIED
heavy,28.000000,5,0.100000,20,40,900.000000,0,PREHEAT_TIMEOUT,0,0.000000,0.000000,0.000000,0.000000,0.000000,0.000000,0.000000,0.000000,0.000000,1.000000,900.000000,0,0,nan,nan,nan,nan,-1.000000,37.500000,0.200000,37.700001,38.200001,0.500001,31.285744,31.285744,20.000000,0.000000,0,nan,nan,nan,nan,-1,0,0,-1,0,0,FAIL_CLEANLY,NONE,COLD,28.000000,CONTROL-ONLY POST VALIDATION / PHYSICAL UNVERIFIED
heavy,28.000000,5,0.100000,20,50,900.000000,0,PREHEAT_TIMEOUT,0,0.000000,0.000000,0.000000,0.000000,0.000000,0.000000,0.000000,0.000000,0.000000,1.000000,900.000000,0,0,nan,nan,nan,nan,-1.000000,37.500000,0.200000,37.700001,38.200001,0.500001,32.107391,32.107391,20.000000,0.000000,0,nan,nan,nan,nan,-1,0,0,-1,0,0,FAIL_CLEANLY,NONE,COLD,28.000000,CONTROL-ONLY POST VALIDATION / PHYSICAL UNVERIFIED
heavy,28.000000,5,0.100000,30,30,900.000000,0,PREHEAT_TIMEOUT,0,0.000000,0.000000,0.000000,0.000000,0.000000,0.000000,0.000000,0.000000,0.000000,1.000000,900.000000,0,0,nan,nan,nan,nan,-1.000000,37.500000,0.200000,37.700001,38.200001,0.500001,30.463252,30.463252,30.000000,0.000000,0,nan,nan,nan,nan,-1,0,0,-1,0,0,FAIL_CLEANLY,NONE,COLD,28.000000,CONTROL-ONLY POST VALIDATION / PHYSICAL UNVERIFIED
heavy,28.000000,5,0.100000,30,40,900.000000,0,PREHEAT_TIMEOUT,0,0.000000,0.000000,0.000000,0.000000,0.000000,0.000000,0.000000,0.000000,0.000000,1.000000,900.000000,0,0,nan,nan,nan,nan,-1.000000,37.500000,0.200000,37.700001,38.200001,0.500001,31.285744,31.285744,30.000000,0.000000,0,nan,nan,nan,nan,-1,0,0,-1,0,0,FAIL_CLEANLY,NONE,COLD,28.000000,CONTROL-ONLY POST VALIDATION / PHYSICAL UNVERIFIED
heavy,28.000000,5,0.100000,30,50,900.000000,0,PREHEAT_TIMEOUT,0,0.000000,0.000000,0.000000,0.000000,0.000000,0.000000,0.000000,0.000000,0.000000,1.000000,900.000000,0,0,nan,nan,nan,nan,-1.000000,37.500000,0.200000,37.700001,38.200001,0.500001,32.107391,32.107391,30.000000,0.000000,0,nan,nan,nan,nan,-1,0,0,-1,0,0,FAIL_CLEANLY,NONE,COLD,28.000000,CONTROL-ONLY POST VALIDATION / PHYSICAL UNVERIFIED
heavy,28.000000,5,0.100000,40,30,900.000000,0,PREHEAT_TIMEOUT,0,0.000000,0.000000,0.000000,0.000000,0.000000,0.000000,0.000000,0.000000,0.000000,1.000000,900.000000,0,0,nan,nan,nan,nan,-1.000000,37.500000,0.200000,37.700001,38.200001,0.500001,30.463252,30.463252,40.000000,0.000000,0,nan,nan,nan,nan,-1,0,0,-1,0,0,FAIL_CLEANLY,NONE,COLD,28.000000,CONTROL-ONLY POST VALIDATION / PHYSICAL UNVERIFIED
heavy,28.000000,5,0.100000,40,40,900.000000,0,PREHEAT_TIMEOUT,0,0.000000,0.000000,0.000000,0.000000,0.000000,0.000000,0.000000,0.000000,0.000000,1.000000,900.000000,0,0,nan,nan,nan,nan,-1.000000,37.500000,0.200000,37.700001,38.200001,0.500001,31.285744,31.285744,40.000000,0.000000,0,nan,nan,nan,nan,-1,0,0,-1,0,0,FAIL_CLEANLY,NONE,COLD,28.000000,CONTROL-ONLY POST VALIDATION / PHYSICAL UNVERIFIED
heavy,28.000000,5,0.100000,40,50,900.000000,0,PREHEAT_TIMEOUT,0,0.000000,0.000000,0.000000,0.000000,0.000000,0.000000,0.000000,0.000000,0.000000,1.000000,900.000000,0,0,nan,nan,nan,nan,-1.000000,37.500000,0.200000,37.700001,38.200001,0.500001,32.107391,32.107391,40.000000,0.000000,0,nan,nan,nan,nan,-1,0,0,-1,0,0,FAIL_CLEANLY,NONE,COLD,28.000000,CONTROL-ONLY POST VALIDATION / PHYSICAL UNVERIFIED
heavy,28.000000,5,0.010000,20,30,900.000000,0,PREHEAT_TIMEOUT,0,0.000000,0.000000,0.000000,0.000000,0.000000,0.000000,0.000000,0.000000,0.000000,1.000000,900.000000,0,0,nan,nan,nan,nan,-1.000000,37.500000,0.200000,37.700001,38.200001,0.500001,30.463252,30.463252,20.000000,0.000000,0,nan,nan,nan,nan,-1,0,0,-1,0,0,FAIL_CLEANLY,NONE,COLD,28.000000,CONTROL-ONLY POST VALIDATION / PHYSICAL UNVERIFIED
heavy,28.000000,5,0.010000,20,40,900.000000,0,PREHEAT_TIMEOUT,0,0.000000,0.000000,0.000000,0.000000,0.000000,0.000000,0.000000,0.000000,0.000000,1.000000,900.000000,0,0,nan,nan,nan,nan,-1.000000,37.500000,0.200000,37.700001,38.200001,0.500001,31.285744,31.285744,20.000000,0.000000,0,nan,nan,nan,nan,-1,0,0,-1,0,0,FAIL_CLEANLY,NONE,COLD,28.000000,CONTROL-ONLY POST VALIDATION / PHYSICAL UNVERIFIED
heavy,28.000000,5,0.010000,20,50,900.000000,0,PREHEAT_TIMEOUT,0,0.000000,0.000000,0.000000,0.000000,0.000000,0.000000,0.000000,0.000000,0.000000,1.000000,900.000000,0,0,nan,nan,nan,nan,-1.000000,37.500000,0.200000,37.700001,38.200001,0.500001,32.107391,32.107391,20.000000,0.000000,0,nan,nan,nan,nan,-1,0,0,-1,0,0,FAIL_CLEANLY,NONE,COLD,28.000000,CONTROL-ONLY POST VALIDATION / PHYSICAL UNVERIFIED
heavy,28.000000,5,0.010000,30,30,900.000000,0,PREHEAT_TIMEOUT,0,0.000000,0.000000,0.000000,0.000000,0.000000,0.000000,0.000000,0.000000,0.000000,1.000000,900.000000,0,0,nan,nan,nan,nan,-1.000000,37.500000,0.200000,37.700001,38.200001,0.500001,30.463252,30.463252,30.000000,0.000000,0,nan,nan,nan,nan,-1,0,0,-1,0,0,FAIL_CLEANLY,NONE,COLD,28.000000,CONTROL-ONLY POST VALIDATION / PHYSICAL UNVERIFIED
heavy,28.000000,5,0.010000,30,40,900.000000,0,PREHEAT_TIMEOUT,0,0.000000,0.000000,0.000000,0.000000,0.000000,0.000000,0.000000,0.000000,0.000000,1.000000,900.000000,0,0,nan,nan,nan,nan,-1.000000,37.500000,0.200000,37.700001,38.200001,0.500001,31.285744,31.285744,30.000000,0.000000,0,nan,nan,nan,nan,-1,0,0,-1,0,0,FAIL_CLEANLY,NONE,COLD,28.000000,CONTROL-ONLY POST VALIDATION / PHYSICAL UNVERIFIED
heavy,28.000000,5,0.010000,30,50,900.000000,0,PREHEAT_TIMEOUT,0,0.000000,0.000000,0.000000,0.000000,0.000000,0.000000,0.000000,0.000000,0.000000,1.000000,900.000000,0,0,nan,nan,nan,nan,-1.000000,37.500000,0.200000,37.700001,38.200001,0.500001,32.107391,32.107391,30.000000,0.000000,0,nan,nan,nan,nan,-1,0,0,-1,0,0,FAIL_CLEANLY,NONE,COLD,28.000000,CONTROL-ONLY POST VALIDATION / PHYSICAL UNVERIFIED
heavy,28.000000,5,0.010000,40,30,900.000000,0,PREHEAT_TIMEOUT,0,0.000000,0.000000,0.000000,0.000000,0.000000,0.000000,0.000000,0.000000,0.000000,1.000000,900.000000,0,0,nan,nan,nan,nan,-1.000000,37.500000,0.200000,37.700001,38.200001,0.500001,30.463252,30.463252,40.000000,0.000000,0,nan,nan,nan,nan,-1,0,0,-1,0,0,FAIL_CLEANLY,NONE,COLD,28.000000,CONTROL-ONLY POST VALIDATION / PHYSICAL UNVERIFIED
heavy,28.000000,5,0.010000,40,40,900.000000,0,PREHEAT_TIMEOUT,0,0.000000,0.000000,0.000000,0.000000,0.000000,0.000000,0.000000,0.000000,0.000000,1.000000,900.000000,0,0,nan,nan,nan,nan,-1.000000,37.500000,0.200000,37.700001,38.200001,0.500001,31.285744,31.285744,40.000000,0.000000,0,nan,nan,nan,nan,-1,0,0,-1,0,0,FAIL_CLEANLY,NONE,COLD,28.000000,CONTROL-ONLY POST VALIDATION / PHYSICAL UNVERIFIED
heavy,28.000000,5,0.010000,40,50,900.000000,0,PREHEAT_TIMEOUT,0,0.000000,0.000000,0.000000,0.000000,0.000000,0.000000,0.000000,0.000000,0.000000,1.000000,900.000000,0,0,nan,nan,nan,nan,-1.000000,37.500000,0.200000,37.700001,38.200001,0.500001,32.107391,32.107391,40.000000,0.000000,0,nan,nan,nan,nan,-1,0,0,-1,0,0,FAIL_CLEANLY,NONE,COLD,28.000000,CONTROL-ONLY POST VALIDATION / PHYSICAL UNVERIFIED
heavy,28.000000,15,0.100000,20,30,900.000000,0,PREHEAT_TIMEOUT,0,0.000000,0.000000,0.000000,0.000000,0.000000,0.000000,0.000000,0.000000,0.000000,1.000000,900.000000,0,0,nan,nan,nan,nan,-1.000000,37.500000,0.200000,37.700001,38.200001,0.500001,30.463252,30.463252,20.000000,0.000000,0,nan,nan,nan,nan,-1,0,0,-1,0,0,FAIL_CLEANLY,NONE,COLD,28.000000,CONTROL-ONLY POST VALIDATION / PHYSICAL UNVERIFIED
heavy,28.000000,15,0.100000,20,40,900.000000,0,PREHEAT_TIMEOUT,0,0.000000,0.000000,0.000000,0.000000,0.000000,0.000000,0.000000,0.000000,0.000000,1.000000,900.000000,0,0,nan,nan,nan,nan,-1.000000,37.500000,0.200000,37.700001,38.200001,0.500001,31.285744,31.285744,20.000000,0.000000,0,nan,nan,nan,nan,-1,0,0,-1,0,0,FAIL_CLEANLY,NONE,COLD,28.000000,CONTROL-ONLY POST VALIDATION / PHYSICAL UNVERIFIED
heavy,28.000000,15,0.100000,20,50,900.000000,0,PREHEAT_TIMEOUT,0,0.000000,0.000000,0.000000,0.000000,0.000000,0.000000,0.000000,0.000000,0.000000,1.000000,900.000000,0,0,nan,nan,nan,nan,-1.000000,37.500000,0.200000,37.700001,38.200001,0.500001,32.107391,32.107391,20.000000,0.000000,0,nan,nan,nan,nan,-1,0,0,-1,0,0,FAIL_CLEANLY,NONE,COLD,28.000000,CONTROL-ONLY POST VALIDATION / PHYSICAL UNVERIFIED
heavy,28.000000,15,0.100000,30,30,900.000000,0,PREHEAT_TIMEOUT,0,0.000000,0.000000,0.000000,0.000000,0.000000,0.000000,0.000000,0.000000,0.000000,1.000000,900.000000,0,0,nan,nan,nan,nan,-1.000000,37.500000,0.200000,37.700001,38.200001,0.500001,30.463252,30.463252,30.000000,0.000000,0,nan,nan,nan,nan,-1,0,0,-1,0,0,FAIL_CLEANLY,NONE,COLD,28.000000,CONTROL-ONLY POST VALIDATION / PHYSICAL UNVERIFIED
heavy,28.000000,15,0.100000,30,40,900.000000,0,PREHEAT_TIMEOUT,0,0.000000,0.000000,0.000000,0.000000,0.000000,0.000000,0.000000,0.000000,0.000000,1.000000,900.000000,0,0,nan,nan,nan,nan,-1.000000,37.500000,0.200000,37.700001,38.200001,0.500001,31.285744,31.285744,30.000000,0.000000,0,nan,nan,nan,nan,-1,0,0,-1,0,0,FAIL_CLEANLY,NONE,COLD,28.000000,CONTROL-ONLY POST VALIDATION / PHYSICAL UNVERIFIED
heavy,28.000000,15,0.100000,30,50,900.000000,0,PREHEAT_TIMEOUT,0,0.000000,0.000000,0.000000,0.000000,0.000000,0.000000,0.000000,0.000000,0.000000,1.000000,900.000000,0,0,nan,nan,nan,nan,-1.000000,37.500000,0.200000,37.700001,38.200001,0.500001,32.107391,32.107391,30.000000,0.000000,0,nan,nan,nan,nan,-1,0,0,-1,0,0,FAIL_CLEANLY,NONE,COLD,28.000000,CONTROL-ONLY POST VALIDATION / PHYSICAL UNVERIFIED
heavy,28.000000,15,0.100000,40,30,900.000000,0,PREHEAT_TIMEOUT,0,0.000000,0.000000,0.000000,0.000000,0.000000,0.000000,0.000000,0.000000,0.000000,1.000000,900.000000,0,0,nan,nan,nan,nan,-1.000000,37.500000,0.200000,37.700001,38.200001,0.500001,30.463252,30.463252,40.000000,0.000000,0,nan,nan,nan,nan,-1,0,0,-1,0,0,FAIL_CLEANLY,NONE,COLD,28.000000,CONTROL-ONLY POST VALIDATION / PHYSICAL UNVERIFIED
heavy,28.000000,15,0.100000,40,40,900.000000,0,PREHEAT_TIMEOUT,0,0.000000,0.000000,0.000000,0.000000,0.000000,0.000000,0.000000,0.000000,0.000000,1.000000,900.000000,0,0,nan,nan,nan,nan,-1.000000,37.500000,0.200000,37.700001,38.200001,0.500001,31.285744,31.285744,40.000000,0.000000,0,nan,nan,nan,nan,-1,0,0,-1,0,0,FAIL_CLEANLY,NONE,COLD,28.000000,CONTROL-ONLY POST VALIDATION / PHYSICAL UNVERIFIED
heavy,28.000000,15,0.100000,40,50,900.000000,0,PREHEAT_TIMEOUT,0,0.000000,0.000000,0.000000,0.000000,0.000000,0.000000,0.000000,0.000000,0.000000,1.000000,900.000000,0,0,nan,nan,nan,nan,-1.000000,37.500000,0.200000,37.700001,38.200001,0.500001,32.107391,32.107391,40.000000,0.000000,0,nan,nan,nan,nan,-1,0,0,-1,0,0,FAIL_CLEANLY,NONE,COLD,28.000000,CONTROL-ONLY POST VALIDATION / PHYSICAL UNVERIFIED
heavy,28.000000,15,0.010000,20,30,900.000000,0,PREHEAT_TIMEOUT,0,0.000000,0.000000,0.000000,0.000000,0.000000,0.000000,0.000000,0.000000,0.000000,1.000000,900.000000,0,0,nan,nan,nan,nan,-1.000000,37.500000,0.200000,37.700001,38.200001,0.500001,30.463252,30.463252,20.000000,0.000000,0,nan,nan,nan,nan,-1,0,0,-1,0,0,FAIL_CLEANLY,NONE,COLD,28.000000,CONTROL-ONLY POST VALIDATION / PHYSICAL UNVERIFIED
heavy,28.000000,15,0.010000,20,40,900.000000,0,PREHEAT_TIMEOUT,0,0.000000,0.000000,0.000000,0.000000,0.000000,0.000000,0.000000,0.000000,0.000000,1.000000,900.000000,0,0,nan,nan,nan,nan,-1.000000,37.500000,0.200000,37.700001,38.200001,0.500001,31.285744,31.285744,20.000000,0.000000,0,nan,nan,nan,nan,-1,0,0,-1,0,0,FAIL_CLEANLY,NONE,COLD,28.000000,CONTROL-ONLY POST VALIDATION / PHYSICAL UNVERIFIED
heavy,28.000000,15,0.010000,20,50,900.000000,0,PREHEAT_TIMEOUT,0,0.000000,0.000000,0.000000,0.000000,0.000000,0.000000,0.000000,0.000000,0.000000,1.000000,900.000000,0,0,nan,nan,nan,nan,-1.000000,37.500000,0.200000,37.700001,38.200001,0.500001,32.107391,32.107391,20.000000,0.000000,0,nan,nan,nan,nan,-1,0,0,-1,0,0,FAIL_CLEANLY,NONE,COLD,28.000000,CONTROL-ONLY POST VALIDATION / PHYSICAL UNVERIFIED
heavy,28.000000,15,0.010000,30,30,900.000000,0,PREHEAT_TIMEOUT,0,0.000000,0.000000,0.000000,0.000000,0.000000,0.000000,0.000000,0.000000,0.000000,1.000000,900.000000,0,0,nan,nan,nan,nan,-1.000000,37.500000,0.200000,37.700001,38.200001,0.500001,30.463252,30.463252,30.000000,0.000000,0,nan,nan,nan,nan,-1,0,0,-1,0,0,FAIL_CLEANLY,NONE,COLD,28.000000,CONTROL-ONLY POST VALIDATION / PHYSICAL UNVERIFIED
heavy,28.000000,15,0.010000,30,40,900.000000,0,PREHEAT_TIMEOUT,0,0.000000,0.000000,0.000000,0.000000,0.000000,0.000000,0.000000,0.000000,0.000000,1.000000,900.000000,0,0,nan,nan,nan,nan,-1.000000,37.500000,0.200000,37.700001,38.200001,0.500001,31.285744,31.285744,30.000000,0.000000,0,nan,nan,nan,nan,-1,0,0,-1,0,0,FAIL_CLEANLY,NONE,COLD,28.000000,CONTROL-ONLY POST VALIDATION / PHYSICAL UNVERIFIED
heavy,28.000000,15,0.010000,30,50,900.000000,0,PREHEAT_TIMEOUT,0,0.000000,0.000000,0.000000,0.000000,0.000000,0.000000,0.000000,0.000000,0.000000,1.000000,900.000000,0,0,nan,nan,nan,nan,-1.000000,37.500000,0.200000,37.700001,38.200001,0.500001,32.107391,32.107391,30.000000,0.000000,0,nan,nan,nan,nan,-1,0,0,-1,0,0,FAIL_CLEANLY,NONE,COLD,28.000000,CONTROL-ONLY POST VALIDATION / PHYSICAL UNVERIFIED
heavy,28.000000,15,0.010000,40,30,900.000000,0,PREHEAT_TIMEOUT,0,0.000000,0.000000,0.000000,0.000000,0.000000,0.000000,0.000000,0.000000,0.000000,1.000000,900.000000,0,0,nan,nan,nan,nan,-1.000000,37.500000,0.200000,37.700001,38.200001,0.500001,30.463252,30.463252,40.000000,0.000000,0,nan,nan,nan,nan,-1,0,0,-1,0,0,FAIL_CLEANLY,NONE,COLD,28.000000,CONTROL-ONLY POST VALIDATION / PHYSICAL UNVERIFIED
heavy,28.000000,15,0.010000,40,40,900.000000,0,PREHEAT_TIMEOUT,0,0.000000,0.000000,0.000000,0.000000,0.000000,0.000000,0.000000,0.000000,0.000000,1.000000,900.000000,0,0,nan,nan,nan,nan,-1.000000,37.500000,0.200000,37.700001,38.200001,0.500001,31.285744,31.285744,40.000000,0.000000,0,nan,nan,nan,nan,-1,0,0,-1,0,0,FAIL_CLEANLY,NONE,COLD,28.000000,CONTROL-ONLY POST VALIDATION / PHYSICAL UNVERIFIED
heavy,28.000000,15,0.010000,40,50,900.000000,0,PREHEAT_TIMEOUT,0,0.000000,0.000000,0.000000,0.000000,0.000000,0.000000,0.000000,0.000000,0.000000,1.000000,900.000000,0,0,nan,nan,nan,nan,-1.000000,37.500000,0.200000,37.700001,38.200001,0.500001,32.107391,32.107391,40.000000,0.000000,0,nan,nan,nan,nan,-1,0,0,-1,0,0,FAIL_CLEANLY,NONE,COLD,28.000000,CONTROL-ONLY POST VALIDATION / PHYSICAL UNVERIFIED
heavy,28.000000,30,0.100000,20,30,900.000000,0,PREHEAT_TIMEOUT,0,0.000000,0.000000,0.000000,0.000000,0.000000,0.000000,0.000000,0.000000,0.000000,1.000000,900.000000,0,0,nan,nan,nan,nan,-1.000000,37.500000,0.200000,37.700001,38.200001,0.500001,30.463252,30.463252,20.000000,0.000000,0,nan,nan,nan,nan,-1,0,0,-1,0,0,FAIL_CLEANLY,NONE,COLD,28.000000,CONTROL-ONLY POST VALIDATION / PHYSICAL UNVERIFIED
heavy,28.000000,30,0.100000,20,40,900.000000,0,PREHEAT_TIMEOUT,0,0.000000,0.000000,0.000000,0.000000,0.000000,0.000000,0.000000,0.000000,0.000000,1.000000,900.000000,0,0,nan,nan,nan,nan,-1.000000,37.500000,0.200000,37.700001,38.200001,0.500001,31.285744,31.285744,20.000000,0.000000,0,nan,nan,nan,nan,-1,0,0,-1,0,0,FAIL_CLEANLY,NONE,COLD,28.000000,CONTROL-ONLY POST VALIDATION / PHYSICAL UNVERIFIED
heavy,28.000000,30,0.100000,20,50,900.000000,0,PREHEAT_TIMEOUT,0,0.000000,0.000000,0.000000,0.000000,0.000000,0.000000,0.000000,0.000000,0.000000,1.000000,900.000000,0,0,nan,nan,nan,nan,-1.000000,37.500000,0.200000,37.700001,38.200001,0.500001,32.107391,32.107391,20.000000,0.000000,0,nan,nan,nan,nan,-1,0,0,-1,0,0,FAIL_CLEANLY,NONE,COLD,28.000000,CONTROL-ONLY POST VALIDATION / PHYSICAL UNVERIFIED
heavy,28.000000,30,0.100000,30,30,900.000000,0,PREHEAT_TIMEOUT,0,0.000000,0.000000,0.000000,0.000000,0.000000,0.000000,0.000000,0.000000,0.000000,1.000000,900.000000,0,0,nan,nan,nan,nan,-1.000000,37.500000,0.200000,37.700001,38.200001,0.500001,30.463252,30.463252,30.000000,0.000000,0,nan,nan,nan,nan,-1,0,0,-1,0,0,FAIL_CLEANLY,NONE,COLD,28.000000,CONTROL-ONLY POST VALIDATION / PHYSICAL UNVERIFIED
heavy,28.000000,30,0.100000,30,40,900.000000,0,PREHEAT_TIMEOUT,0,0.000000,0.000000,0.000000,0.000000,0.000000,0.000000,0.000000,0.000000,0.000000,1.000000,900.000000,0,0,nan,nan,nan,nan,-1.000000,37.500000,0.200000,37.700001,38.200001,0.500001,31.285744,31.285744,30.000000,0.000000,0,nan,nan,nan,nan,-1,0,0,-1,0,0,FAIL_CLEANLY,NONE,COLD,28.000000,CONTROL-ONLY POST VALIDATION / PHYSICAL UNVERIFIED
heavy,28.000000,30,0.100000,30,50,900.000000,0,PREHEAT_TIMEOUT,0,0.000000,0.000000,0.000000,0.000000,0.000000,0.000000,0.000000,0.000000,0.000000,1.000000,900.000000,0,0,nan,nan,nan,nan,-1.000000,37.500000,0.200000,37.700001,38.200001,0.500001,32.107391,32.107391,30.000000,0.000000,0,nan,nan,nan,nan,-1,0,0,-1,0,0,FAIL_CLEANLY,NONE,COLD,28.000000,CONTROL-ONLY POST VALIDATION / PHYSICAL UNVERIFIED
heavy,28.000000,30,0.100000,40,30,900.000000,0,PREHEAT_TIMEOUT,0,0.000000,0.000000,0.000000,0.000000,0.000000,0.000000,0.000000,0.000000,0.000000,1.000000,900.000000,0,0,nan,nan,nan,nan,-1.000000,37.500000,0.200000,37.700001,38.200001,0.500001,30.463252,30.463252,40.000000,0.000000,0,nan,nan,nan,nan,-1,0,0,-1,0,0,FAIL_CLEANLY,NONE,COLD,28.000000,CONTROL-ONLY POST VALIDATION / PHYSICAL UNVERIFIED
heavy,28.000000,30,0.100000,40,40,900.000000,0,PREHEAT_TIMEOUT,0,0.000000,0.000000,0.000000,0.000000,0.000000,0.000000,0.000000,0.000000,0.000000,1.000000,900.000000,0,0,nan,nan,nan,nan,-1.000000,37.500000,0.200000,37.700001,38.200001,0.500001,31.285744,31.285744,40.000000,0.000000,0,nan,nan,nan,nan,-1,0,0,-1,0,0,FAIL_CLEANLY,NONE,COLD,28.000000,CONTROL-ONLY POST VALIDATION / PHYSICAL UNVERIFIED
heavy,28.000000,30,0.100000,40,50,900.000000,0,PREHEAT_TIMEOUT,0,0.000000,0.000000,0.000000,0.000000,0.000000,0.000000,0.000000,0.000000,0.000000,1.000000,900.000000,0,0,nan,nan,nan,nan,-1.000000,37.500000,0.200000,37.700001,38.200001,0.500001,32.107391,32.107391,40.000000,0.000000,0,nan,nan,nan,nan,-1,0,0,-1,0,0,FAIL_CLEANLY,NONE,COLD,28.000000,CONTROL-ONLY POST VALIDATION / PHYSICAL UNVERIFIED
heavy,28.000000,30,0.010000,20,30,900.000000,0,PREHEAT_TIMEOUT,0,0.000000,0.000000,0.000000,0.000000,0.000000,0.000000,0.000000,0.000000,0.000000,1.000000,900.000000,0,0,nan,nan,nan,nan,-1.000000,37.500000,0.200000,37.700001,38.200001,0.500001,30.463252,30.463252,20.000000,0.000000,0,nan,nan,nan,nan,-1,0,0,-1,0,0,FAIL_CLEANLY,NONE,COLD,28.000000,CONTROL-ONLY POST VALIDATION / PHYSICAL UNVERIFIED
heavy,28.000000,30,0.010000,20,40,900.000000,0,PREHEAT_TIMEOUT,0,0.000000,0.000000,0.000000,0.000000,0.000000,0.000000,0.000000,0.000000,0.000000,1.000000,900.000000,0,0,nan,nan,nan,nan,-1.000000,37.500000,0.200000,37.700001,38.200001,0.500001,31.285744,31.285744,20.000000,0.000000,0,nan,nan,nan,nan,-1,0,0,-1,0,0,FAIL_CLEANLY,NONE,COLD,28.000000,CONTROL-ONLY POST VALIDATION / PHYSICAL UNVERIFIED
heavy,28.000000,30,0.010000,20,50,900.000000,0,PREHEAT_TIMEOUT,0,0.000000,0.000000,0.000000,0.000000,0.000000,0.000000,0.000000,0.000000,0.000000,1.000000,900.000000,0,0,nan,nan,nan,nan,-1.000000,37.500000,0.200000,37.700001,38.200001,0.500001,32.107391,32.107391,20.000000,0.000000,0,nan,nan,nan,nan,-1,0,0,-1,0,0,FAIL_CLEANLY,NONE,COLD,28.000000,CONTROL-ONLY POST VALIDATION / PHYSICAL UNVERIFIED
heavy,28.000000,30,0.010000,30,30,900.000000,0,PREHEAT_TIMEOUT,0,0.000000,0.000000,0.000000,0.000000,0.000000,0.000000,0.000000,0.000000,0.000000,1.000000,900.000000,0,0,nan,nan,nan,nan,-1.000000,37.500000,0.200000,37.700001,38.200001,0.500001,30.463252,30.463252,30.000000,0.000000,0,nan,nan,nan,nan,-1,0,0,-1,0,0,FAIL_CLEANLY,NONE,COLD,28.000000,CONTROL-ONLY POST VALIDATION / PHYSICAL UNVERIFIED
heavy,28.000000,30,0.010000,30,40,900.000000,0,PREHEAT_TIMEOUT,0,0.000000,0.000000,0.000000,0.000000,0.000000,0.000000,0.000000,0.000000,0.000000,1.000000,900.000000,0,0,nan,nan,nan,nan,-1.000000,37.500000,0.200000,37.700001,38.200001,0.500001,31.285744,31.285744,30.000000,0.000000,0,nan,nan,nan,nan,-1,0,0,-1,0,0,FAIL_CLEANLY,NONE,COLD,28.000000,CONTROL-ONLY POST VALIDATION / PHYSICAL UNVERIFIED
heavy,28.000000,30,0.010000,30,50,900.000000,0,PREHEAT_TIMEOUT,0,0.000000,0.000000,0.000000,0.000000,0.000000,0.000000,0.000000,0.000000,0.000000,1.000000,900.000000,0,0,nan,nan,nan,nan,-1.000000,37.500000,0.200000,37.700001,38.200001,0.500001,32.107391,32.107391,30.000000,0.000000,0,nan,nan,nan,nan,-1,0,0,-1,0,0,FAIL_CLEANLY,NONE,COLD,28.000000,CONTROL-ONLY POST VALIDATION / PHYSICAL UNVERIFIED
heavy,28.000000,30,0.010000,40,30,900.000000,0,PREHEAT_TIMEOUT,0,0.000000,0.000000,0.000000,0.000000,0.000000,0.000000,0.000000,0.000000,0.000000,1.000000,900.000000,0,0,nan,nan,nan,nan,-1.000000,37.500000,0.200000,37.700001,38.200001,0.500001,30.463252,30.463252,40.000000,0.000000,0,nan,nan,nan,nan,-1,0,0,-1,0,0,FAIL_CLEANLY,NONE,COLD,28.000000,CONTROL-ONLY POST VALIDATION / PHYSICAL UNVERIFIED
heavy,28.000000,30,0.010000,40,40,900.000000,0,PREHEAT_TIMEOUT,0,0.000000,0.000000,0.000000,0.000000,0.000000,0.000000,0.000000,0.000000,0.000000,1.000000,900.000000,0,0,nan,nan,nan,nan,-1.000000,37.500000,0.200000,37.700001,38.200001,0.500001,31.285744,31.285744,40.000000,0.000000,0,nan,nan,nan,nan,-1,0,0,-1,0,0,FAIL_CLEANLY,NONE,COLD,28.000000,CONTROL-ONLY POST VALIDATION / PHYSICAL UNVERIFIED
heavy,28.000000,30,0.010000,40,50,900.000000,0,PREHEAT_TIMEOUT,0,0.000000,0.000000,0.000000,0.000000,0.000000,0.000000,0.000000,0.000000,0.000000,1.000000,900.000000,0,0,nan,nan,nan,nan,-1.000000,37.500000,0.200000,37.700001,38.200001,0.500001,32.107391,32.107391,40.000000,0.000000,0,nan,nan,nan,nan,-1,0,0,-1,0,0,FAIL_CLEANLY,NONE,COLD,28.000000,CONTROL-ONLY POST VALIDATION / PHYSICAL UNVERIFIED
heavy,28.000000,60,0.100000,20,30,900.000000,0,PREHEAT_TIMEOUT,0,0.000000,0.000000,0.000000,0.000000,0.000000,0.000000,0.000000,0.000000,0.000000,1.000000,900.000000,0,0,nan,nan,nan,nan,-1.000000,37.500000,0.200000,37.700001,38.200001,0.500001,30.463252,30.463252,20.000000,0.000000,0,nan,nan,nan,nan,-1,0,0,-1,0,0,FAIL_CLEANLY,NONE,COLD,28.000000,CONTROL-ONLY POST VALIDATION / PHYSICAL UNVERIFIED
heavy,28.000000,60,0.100000,20,40,900.000000,0,PREHEAT_TIMEOUT,0,0.000000,0.000000,0.000000,0.000000,0.000000,0.000000,0.000000,0.000000,0.000000,1.000000,900.000000,0,0,nan,nan,nan,nan,-1.000000,37.500000,0.200000,37.700001,38.200001,0.500001,31.285744,31.285744,20.000000,0.000000,0,nan,nan,nan,nan,-1,0,0,-1,0,0,FAIL_CLEANLY,NONE,COLD,28.000000,CONTROL-ONLY POST VALIDATION / PHYSICAL UNVERIFIED
heavy,28.000000,60,0.100000,20,50,900.000000,0,PREHEAT_TIMEOUT,0,0.000000,0.000000,0.000000,0.000000,0.000000,0.000000,0.000000,0.000000,0.000000,1.000000,900.000000,0,0,nan,nan,nan,nan,-1.000000,37.500000,0.200000,37.700001,38.200001,0.500001,32.107391,32.107391,20.000000,0.000000,0,nan,nan,nan,nan,-1,0,0,-1,0,0,FAIL_CLEANLY,NONE,COLD,28.000000,CONTROL-ONLY POST VALIDATION / PHYSICAL UNVERIFIED
heavy,28.000000,60,0.100000,30,30,900.000000,0,PREHEAT_TIMEOUT,0,0.000000,0.000000,0.000000,0.000000,0.000000,0.000000,0.000000,0.000000,0.000000,1.000000,900.000000,0,0,nan,nan,nan,nan,-1.000000,37.500000,0.200000,37.700001,38.200001,0.500001,30.463252,30.463252,30.000000,0.000000,0,nan,nan,nan,nan,-1,0,0,-1,0,0,FAIL_CLEANLY,NONE,COLD,28.000000,CONTROL-ONLY POST VALIDATION / PHYSICAL UNVERIFIED
heavy,28.000000,60,0.100000,30,40,900.000000,0,PREHEAT_TIMEOUT,0,0.000000,0.000000,0.000000,0.000000,0.000000,0.000000,0.000000,0.000000,0.000000,1.000000,900.000000,0,0,nan,nan,nan,nan,-1.000000,37.500000,0.200000,37.700001,38.200001,0.500001,31.285744,31.285744,30.000000,0.000000,0,nan,nan,nan,nan,-1,0,0,-1,0,0,FAIL_CLEANLY,NONE,COLD,28.000000,CONTROL-ONLY POST VALIDATION / PHYSICAL UNVERIFIED
heavy,28.000000,60,0.100000,30,50,900.000000,0,PREHEAT_TIMEOUT,0,0.000000,0.000000,0.000000,0.000000,0.000000,0.000000,0.000000,0.000000,0.000000,1.000000,900.000000,0,0,nan,nan,nan,nan,-1.000000,37.500000,0.200000,37.700001,38.200001,0.500001,32.107391,32.107391,30.000000,0.000000,0,nan,nan,nan,nan,-1,0,0,-1,0,0,FAIL_CLEANLY,NONE,COLD,28.000000,CONTROL-ONLY POST VALIDATION / PHYSICAL UNVERIFIED
heavy,28.000000,60,0.100000,40,30,900.000000,0,PREHEAT_TIMEOUT,0,0.000000,0.000000,0.000000,0.000000,0.000000,0.000000,0.000000,0.000000,0.000000,1.000000,900.000000,0,0,nan,nan,nan,nan,-1.000000,37.500000,0.200000,37.700001,38.200001,0.500001,30.463252,30.463252,40.000000,0.000000,0,nan,nan,nan,nan,-1,0,0,-1,0,0,FAIL_CLEANLY,NONE,COLD,28.000000,CONTROL-ONLY POST VALIDATION / PHYSICAL UNVERIFIED
heavy,28.000000,60,0.100000,40,40,900.000000,0,PREHEAT_TIMEOUT,0,0.000000,0.000000,0.000000,0.000000,0.000000,0.000000,0.000000,0.000000,0.000000,1.000000,900.000000,0,0,nan,nan,nan,nan,-1.000000,37.500000,0.200000,37.700001,38.200001,0.500001,31.285744,31.285744,40.000000,0.000000,0,nan,nan,nan,nan,-1,0,0,-1,0,0,FAIL_CLEANLY,NONE,COLD,28.000000,CONTROL-ONLY POST VALIDATION / PHYSICAL UNVERIFIED
heavy,28.000000,60,0.100000,40,50,900.000000,0,PREHEAT_TIMEOUT,0,0.000000,0.000000,0.000000,0.000000,0.000000,0.000000,0.000000,0.000000,0.000000,1.000000,900.000000,0,0,nan,nan,nan,nan,-1.000000,37.500000,0.200000,37.700001,38.200001,0.500001,32.107391,32.107391,40.000000,0.000000,0,nan,nan,nan,nan,-1,0,0,-1,0,0,FAIL_CLEANLY,NONE,COLD,28.000000,CONTROL-ONLY POST VALIDATION / PHYSICAL UNVERIFIED
heavy,28.000000,60,0.010000,20,30,900.000000,0,PREHEAT_TIMEOUT,0,0.000000,0.000000,0.000000,0.000000,0.000000,0.000000,0.000000,0.000000,0.000000,1.000000,900.000000,0,0,nan,nan,nan,nan,-1.000000,37.500000,0.200000,37.700001,38.200001,0.500001,30.463252,30.463252,20.000000,0.000000,0,nan,nan,nan,nan,-1,0,0,-1,0,0,FAIL_CLEANLY,NONE,COLD,28.000000,CONTROL-ONLY POST VALIDATION / PHYSICAL UNVERIFIED
heavy,28.000000,60,0.010000,20,40,900.000000,0,PREHEAT_TIMEOUT,0,0.000000,0.000000,0.000000,0.000000,0.000000,0.000000,0.000000,0.000000,0.000000,1.000000,900.000000,0,0,nan,nan,nan,nan,-1.000000,37.500000,0.200000,37.700001,38.200001,0.500001,31.285744,31.285744,20.000000,0.000000,0,nan,nan,nan,nan,-1,0,0,-1,0,0,FAIL_CLEANLY,NONE,COLD,28.000000,CONTROL-ONLY POST VALIDATION / PHYSICAL UNVERIFIED
heavy,28.000000,60,0.010000,20,50,900.000000,0,PREHEAT_TIMEOUT,0,0.000000,0.000000,0.000000,0.000000,0.000000,0.000000,0.000000,0.000000,0.000000,1.000000,900.000000,0,0,nan,nan,nan,nan,-1.000000,37.500000,0.200000,37.700001,38.200001,0.500001,32.107391,32.107391,20.000000,0.000000,0,nan,nan,nan,nan,-1,0,0,-1,0,0,FAIL_CLEANLY,NONE,COLD,28.000000,CONTROL-ONLY POST VALIDATION / PHYSICAL UNVERIFIED
heavy,28.000000,60,0.010000,30,30,900.000000,0,PREHEAT_TIMEOUT,0,0.000000,0.000000,0.000000,0.000000,0.000000,0.000000,0.000000,0.000000,0.000000,1.000000,900.000000,0,0,nan,nan,nan,nan,-1.000000,37.500000,0.200000,37.700001,38.200001,0.500001,30.463252,30.463252,30.000000,0.000000,0,nan,nan,nan,nan,-1,0,0,-1,0,0,FAIL_CLEANLY,NONE,COLD,28.000000,CONTROL-ONLY POST VALIDATION / PHYSICAL UNVERIFIED
heavy,28.000000,60,0.010000,30,40,900.000000,0,PREHEAT_TIMEOUT,0,0.000000,0.000000,0.000000,0.000000,0.000000,0.000000,0.000000,0.000000,0.000000,1.000000,900.000000,0,0,nan,nan,nan,nan,-1.000000,37.500000,0.200000,37.700001,38.200001,0.500001,31.285744,31.285744,30.000000,0.000000,0,nan,nan,nan,nan,-1,0,0,-1,0,0,FAIL_CLEANLY,NONE,COLD,28.000000,CONTROL-ONLY POST VALIDATION / PHYSICAL UNVERIFIED
heavy,28.000000,60,0.010000,30,50,900.000000,0,PREHEAT_TIMEOUT,0,0.000000,0.000000,0.000000,0.000000,0.000000,0.000000,0.000000,0.000000,0.000000,1.000000,900.000000,0,0,nan,nan,nan,nan,-1.000000,37.500000,0.200000,37.700001,38.200001,0.500001,32.107391,32.107391,30.000000,0.000000,0,nan,nan,nan,nan,-1,0,0,-1,0,0,FAIL_CLEANLY,NONE,COLD,28.000000,CONTROL-ONLY POST VALIDATION / PHYSICAL UNVERIFIED
heavy,28.000000,60,0.010000,40,30,900.000000,0,PREHEAT_TIMEOUT,0,0.000000,0.000000,0.000000,0.000000,0.000000,0.000000,0.000000,0.000000,0.000000,1.000000,900.000000,0,0,nan,nan,nan,nan,-1.000000,37.500000,0.200000,37.700001,38.200001,0.500001,30.463252,30.463252,40.000000,0.000000,0,nan,nan,nan,nan,-1,0,0,-1,0,0,FAIL_CLEANLY,NONE,COLD,28.000000,CONTROL-ONLY POST VALIDATION / PHYSICAL UNVERIFIED
heavy,28.000000,60,0.010000,40,40,900.000000,0,PREHEAT_TIMEOUT,0,0.000000,0.000000,0.000000,0.000000,0.000000,0.000000,0.000000,0.000000,0.000000,1.000000,900.000000,0,0,nan,nan,nan,nan,-1.000000,37.500000,0.200000,37.700001,38.200001,0.500001,31.285744,31.285744,40.000000,0.000000,0,nan,nan,nan,nan,-1,0,0,-1,0,0,FAIL_CLEANLY,NONE,COLD,28.000000,CONTROL-ONLY POST VALIDATION / PHYSICAL UNVERIFIED
heavy,28.000000,60,0.010000,40,50,900.000000,0,PREHEAT_TIMEOUT,0,0.000000,0.000000,0.000000,0.000000,0.000000,0.000000,0.000000,0.000000,0.000000,1.000000,900.000000,0,0,nan,nan,nan,nan,-1.000000,37.500000,0.200000,37.700001,38.200001,0.500001,32.107391,32.107391,40.000000,0.000000,0,nan,nan,nan,nan,-1,0,0,-1,0,0,FAIL_CLEANLY,NONE,COLD,28.000000,CONTROL-ONLY POST VALIDATION / PHYSICAL UNVERIFIED
light,20.000000,5,0.100000,20,30,58.000000,1,SUCCESS,3,0.349220,196.666687,129.333328,67.333328,1.920792,36.459496,6.406779,0.014808,199.999985,2.586713,882.000000,0,0,0.046612,0.047213,0.001630,2.160800,100.000000,37.500000,0.200000,37.700001,38.200001,0.500001,37.810018,37.810018,20.000000,0.000000,0,0.036315,0.065626,0.136645,2.412127,1107,1,1,1644,1,1,BAD,NONE,NEAR_SP,37.000000,CONTROL-ONLY POST VALIDATION / PHYSICAL UNVERIFIED
light,20.000000,5,0.100000,30,30,58.000000,1,SUCCESS,3,0.390882,140.666672,62.000004,78.666664,0.788136,48.860188,8.957345,0.028944,199.999985,2.479437,646.000000,0,0,0.038369,0.038976,0.001647,1.776915,84.000000,37.500000,0.200000,37.700001,38.200001,0.500001,37.920287,37.920287,30.000000,0.000000,0,0.036315,0.065626,0.136645,2.412127,1107,1,1,1168,1,1,BAD,NONE,NEAR_SP,37.000000,CONTROL-ONLY POST VALIDATION / PHYSICAL UNVERIFIED
light,20.000000,5,0.100000,40,30,58.000000,1,SUCCESS,3,0.446391,138.666672,46.000004,92.666672,0.496403,57.045879,9.086538,0.029785,199.999985,2.853666,632.000000,0,0,0.038336,0.038941,0.001641,1.766079,80.000000,37.500000,0.200000,37.700001,38.200001,0.500001,38.056816,38.056816,40.000000,0.000000,0,0.036315,0.065626,0.136645,2.412127,1107,1,1,1151,1,1,BAD,NONE,NEAR_SP,37.000000,CONTROL-ONLY POST VALIDATION / PHYSICAL UNVERIFIED
light,20.000000,5,0.010000,20,30,58.000000,1,SUCCESS,3,0.320218,186.000015,122.000000,64.000000,1.906250,39.761673,6.774192,0.016555,199.999985,2.667992,840.000000,0,0,0.003668,0.004267,0.001600,2.158897,96.000000,37.500000,0.200000,37.700001,38.200001,0.500001,37.781300,37.781300,20.000000,0.000000,0,0.003940,0.007311,0.016825,2.417701,1107,1,1,1553,1,1,BAD,NONE,NEAR_SP,37.000000,CONTROL-ONLY POST VALIDATION / PHYSICAL UNVERIFIED
light,20.000000,5,0.010000,30,30,58.000000,1,SUCCESS,3,0.364346,138.000000,60.666672,77.333336,0.784483,52.418800,9.130434,0.030074,199.999985,2.609594,634.000000,0,0,0.004133,0.004732,0.001594,1.746583,84.000000,37.500000,0.200000,37.700001,38.200001,0.500001,37.913400,37.913400,30.000000,0.000000,0,0.003940,0.007311,0.016825,2.417701,1107,1,1,1147,1,1,BAD,NONE,NEAR_SP,37.000000,CONTROL-ONLY POST VALIDATION / PHYSICAL UNVERIFIED
light,20.000000,5,0.010000,40,30,58.000000,1,SUCCESS,3,0.426942,135.333328,44.666672,90.666679,0.492647,59.644588,9.310345,0.031271,199.999985,2.911941,626.000000,0,0,0.003476,0.004071,0.001568,1.718799,82.000000,37.500000,0.200000,37.700001,38.200001,0.500001,38.067312,38.067312,40.000000,0.000000,0,0.003940,0.007311,0.016825,2.417701,1107,1,1,1126,1,1,BAD,NONE,NEAR_SP,37.000000,CONTROL-ONLY POST VALIDATION / PHYSICAL UNVERIFIED
light,20.000000,15,0.100000,20,30,74.000000,1,SUCCESS,3,0.437279,234.000031,154.000000,80.000000,1.925000,29.117342,5.384614,0.010460,199.999985,2.457958,1044.000000,0,0,0.046087,0.046703,0.001659,2.317646,106.000000,37.500000,0.200000,37.700001,38.200001,0.500001,37.875200,37.875200,20.000000,0.000000,0,0.335156,0.606256,1.094029,3.073519,-1,1,1,1952,1,1,BAD,NONE,NEAR_SP,37.000000,CONTROL-ONLY POST VALIDATION / PHYSICAL UNVERIFIED
light,20.000000,15,0.100000,30,30,74.000000,1,SUCCESS,3,0.539955,182.000015,80.000000,102.000015,0.784314,35.370705,6.923076,0.017290,199.999985,2.322319,828.000000,0,0,0.045087,0.045699,0.001657,2.108353,102.000000,37.500000,0.200000,37.700001,38.200001,0.500001,38.070728,38.070728,30.000000,0.000000,0,0.335156,0.606256,1.094029,3.073519,-1,1,1,1491,1,1,BAD,NONE,NEAR_SP,37.000000,CONTROL-ONLY POST VALIDATION / PHYSICAL UNVERIFIED
light,20.000000,15,0.100000,40,30,74.000000,0,SAFETY_ABORT,0,0.000000,0.000000,0.000000,0.000000,0.000000,0.000000,0.000000,0.000000,0.000000,1.000000,116.000000,1,0,nan,nan,nan,nan,100.000000,37.500000,0.200000,37.700001,38.200001,0.500001,38.228756,38.228756,40.000000,0.000000,0,nan,nan,nan,nan,-1,0,0,-1,0,0,SAFETY_ABORT,NONE,NEAR_SP,37.000000,CONTROL-ONLY POST VALIDATION / PHYSICAL UNVERIFIED
light,20.000000,15,0.010000,20,30,74.000000,1,SUCCESS,3,0.404322,228.000000,149.333328,78.666664,1.898305,31.490755,5.526316,0.011017,199.999985,2.590148,1020.000000,0,0,0.004085,0.004690,0.001539,2.347624,104.000000,37.500000,0.200000,37.700001,38.200001,0.500001,37.866239,37.866239,20.000000,0.000000,0,0.350013,0.637051,1.119122,3.070557,-1,1,1,1901,1,1,BAD,NONE,NEAR_SP,37.000000,CONTROL-ONLY POST VALIDATION / PHYSICAL UNVERIFIED
light,20.000000,15,0.010000,30,30,74.000000,1,SUCCESS,3,0.497232,178.000015,78.000000,100.000008,0.780000,38.409836,7.078651,0.018076,199.999985,2.466433,814.000000,0,0,0.003983,0.004582,0.001566,2.097850,102.000000,37.500000,0.200000,37.700001,38.200001,0.500001,38.055712,38.055712,30.000000,0.000000,0,0.350013,0.637051,1.119122,3.070557,-1,1,1,1460,1,1,BAD,NONE,NEAR_SP,37.000000,CONTROL-ONLY POST VALIDATION / PHYSICAL UNVERIFIED
light,20.000000,15,0.010000,40,30,74.000000,0,SAFETY_ABORT,0,0.000000,0.000000,0.000000,0.000000,0.000000,0.000000,0.000000,0.000000,0.000000,1.000000,118.000000,1,0,nan,nan,nan,nan,100.000000,37.500000,0.200000,37.700001,38.200001,0.500001,38.228756,38.228756,40.000000,0.000000,0,nan,nan,nan,nan,-1,0,0,-1,0,0,SAFETY_ABORT,NONE,NEAR_SP,37.000000,CONTROL-ONLY POST VALIDATION / PHYSICAL UNVERIFIED
light,20.000000,30,0.100000,20,30,100.000000,1,SUCCESS,3,0.582301,302.000000,197.333344,104.666672,1.885350,21.865643,4.172185,0.006280,199.999969,2.382188,1346.000000,0,0,0.012469,0.013160,0.002178,1.981877,128.000000,37.500000,0.200000,37.700001,38.200001,0.500001,38.070580,38.070580,20.000000,0.000000,0,0.646533,1.476640,2.174428,4.162381,-1,1,1,2536,1,1,BAD,NONE,NEAR_SP,37.000000,CONTROL-ONLY POST VALIDATION / PHYSICAL UNVERIFIED
light,20.000000,30,0.100000,30,30,100.000000,0,SAFETY_ABORT,0,0.000000,0.000000,0.000000,0.000000,0.000000,0.000000,0.000000,0.000000,0.000000,1.000000,152.000000,1,0,nan,nan,nan,nan,128.000000,37.500000,0.200000,37.700001,38.200001,0.500001,38.288573,38.288573,30.000000,0.000000,0,nan,nan,nan,nan,-1,0,0,-1,0,0,SAFETY_ABORT,NONE,NEAR_SP,37.000000,CONTROL-ONLY POST VALIDATION / PHYSICAL UNVERIFIED
light,20.000000,30,0.100000,40,30,100.000000,0,SAFETY_ABORT,0,0.000000,0.000000,0.000000,0.000000,0.000000,0.000000,0.000000,0.000000,0.000000,1.000000,148.000000,1,0,nan,nan,nan,nan,128.000000,37.500000,0.200000,37.700001,38.200001,0.500001,38.502435,38.502435,40.000000,0.000000,0,nan,nan,nan,nan,-1,0,0,-1,0,0,SAFETY_ABORT,NONE,NEAR_SP,37.000000,CONTROL-ONLY POST VALIDATION / PHYSICAL UNVERIFIED
light,20.000000,30,0.010000,20,30,100.000000,1,SUCCESS,3,0.530645,290.000000,190.000015,100.000008,1.900000,23.994200,4.344827,0.006810,199.999969,2.510216,1298.000000,0,0,0.003945,0.004545,0.001574,2.057403,128.000000,37.500000,0.200000,37.700001,38.200001,0.500001,38.070580,38.070580,20.000000,0.000000,0,0.680497,1.530180,2.215262,4.131734,-1,1,1,2435,1,1,BAD,NONE,NEAR_SP,37.000000,CONTROL-ONLY POST VALIDATION / PHYSICAL UNVERIFIED
light,20.000000,30,0.010000,30,30,100.000000,0,SAFETY_ABORT,0,0.000000,0.000000,0.000000,0.000000,0.000000,0.000000,0.000000,0.000000,0.000000,1.000000,156.000000,1,0,nan,nan,nan,nan,128.000000,37.500000,0.200000,37.700001,38.200001,0.500001,38.288573,38.288573,30.000000,0.000000,0,nan,nan,nan,nan,-1,0,0,-1,0,0,SAFETY_ABORT,NONE,NEAR_SP,37.000000,CONTROL-ONLY POST VALIDATION / PHYSICAL UNVERIFIED
light,20.000000,30,0.010000,40,30,100.000000,0,SAFETY_ABORT,0,0.000000,0.000000,0.000000,0.000000,0.000000,0.000000,0.000000,0.000000,0.000000,1.000000,150.000000,1,0,nan,nan,nan,nan,128.000000,37.500000,0.200000,37.700001,38.200001,0.500001,38.502435,38.502435,40.000000,0.000000,0,nan,nan,nan,nan,-1,0,0,-1,0,0,SAFETY_ABORT,NONE,NEAR_SP,37.000000,CONTROL-ONLY POST VALIDATION / PHYSICAL UNVERIFIED
light,20.000000,60,0.100000,20,30,152.000000,0,SAFETY_ABORT,0,0.000000,0.000000,0.000000,0.000000,0.000000,0.000000,0.000000,0.000000,0.000000,1.000000,204.000000,1,0,nan,nan,nan,nan,178.000000,37.500000,0.200000,37.700001,38.200001,0.500001,38.511132,38.511132,20.000000,0.000000,0,nan,nan,nan,nan,-1,0,0,-1,0,0,SAFETY_ABORT,NONE,NEAR_SP,37.000000,CONTROL-ONLY POST VALIDATION / PHYSICAL UNVERIFIED
light,20.000000,60,0.100000,30,30,152.000000,0,SAFETY_ABORT,0,0.000000,0.000000,0.000000,0.000000,0.000000,0.000000,0.000000,0.000000,0.000000,1.000000,204.000000,1,0,nan,nan,nan,nan,178.000000,37.500000,0.200000,37.700001,38.200001,0.500001,38.702001,38.702001,30.000000,0.000000,0,nan,nan,nan,nan,-1,0,0,-1,0,0,SAFETY_ABORT,NONE,NEAR_SP,37.000000,CONTROL-ONLY POST VALIDATION / PHYSICAL UNVERIFIED
light,20.000000,60,0.100000,40,30,152.000000,0,SAFETY_ABORT,0,0.000000,0.000000,0.000000,0.000000,0.000000,0.000000,0.000000,0.000000,0.000000,1.000000,204.000000,1,0,nan,nan,nan,nan,178.000000,37.500000,0.200000,37.700001,38.200001,0.500001,38.898671,38.898671,40.000000,0.000000,0,nan,nan,nan,nan,-1,0,0,-1,0,0,SAFETY_ABORT,NONE,NEAR_SP,37.000000,CONTROL-ONLY POST VALIDATION / PHYSICAL UNVERIFIED
light,20.000000,60,0.010000,20,30,152.000000,0,SAFETY_ABORT,0,0.000000,0.000000,0.000000,0.000000,0.000000,0.000000,0.000000,0.000000,0.000000,1.000000,206.000000,1,0,nan,nan,nan,nan,178.000000,37.500000,0.200000,37.700001,38.200001,0.500001,38.511132,38.511132,20.000000,0.000000,0,nan,nan,nan,nan,-1,0,0,-1,0,0,SAFETY_ABORT,NONE,NEAR_SP,37.000000,CONTROL-ONLY POST VALIDATION / PHYSICAL UNVERIFIED
light,20.000000,60,0.010000,30,30,152.000000,0,SAFETY_ABORT,0,0.000000,0.000000,0.000000,0.000000,0.000000,0.000000,0.000000,0.000000,0.000000,1.000000,206.000000,1,0,nan,nan,nan,nan,178.000000,37.500000,0.200000,37.700001,38.200001,0.500001,38.702001,38.702001,30.000000,0.000000,0,nan,nan,nan,nan,-1,0,0,-1,0,0,SAFETY_ABORT,NONE,NEAR_SP,37.000000,CONTROL-ONLY POST VALIDATION / PHYSICAL UNVERIFIED
light,20.000000,60,0.010000,40,30,152.000000,0,SAFETY_ABORT,0,0.000000,0.000000,0.000000,0.000000,0.000000,0.000000,0.000000,0.000000,0.000000,1.000000,206.000000,1,0,nan,nan,nan,nan,178.000000,37.500000,0.200000,37.700001,38.200001,0.500001,38.898671,38.898671,40.000000,0.000000,0,nan,nan,nan,nan,-1,0,0,-1,0,0,SAFETY_ABORT,NONE,NEAR_SP,37.000000,CONTROL-ONLY POST VALIDATION / PHYSICAL UNVERIFIED
light,25.000000,5,0.100000,20,30,48.000000,1,SUCCESS,3,0.312251,176.000015,83.333336,92.666679,0.899280,40.776104,7.159090,0.018489,199.999985,2.588959,778.000000,0,0,0.043960,0.044765,0.001878,1.869183,76.000000,37.500000,0.200000,37.700001,38.200001,0.500001,37.855534,37.855534,20.000000,0.000000,0,0.035661,0.064475,0.138002,2.524735,910,1,1,1404,1,1,BAD,NONE,NEAR_SP,37.000000,CONTROL-ONLY POST VALIDATION / PHYSICAL UNVERIFIED
light,25.000000,5,0.100000,30,30,48.000000,1,SUCCESS,3,0.349638,158.000000,50.000004,108.000015,0.462963,54.623909,7.974683,0.022942,199.999985,3.113484,704.000000,0,0,0.042097,0.042889,0.001929,1.851415,70.000000,37.500000,0.200000,37.700001,38.200001,0.500001,37.963881,37.963881,30.000000,0.000000,0,0.035661,0.064475,0.138002,2.524735,910,1,1,1250,1,1,BAD,NONE,NEAR_SP,37.000000,CONTROL-ONLY POST VALIDATION / PHYSICAL UNVERIFIED
light,25.000000,5,0.100000,40,30,48.000000,0,SAFETY_ABORT,0,0.000000,0.000000,0.000000,0.000000,0.000000,0.000000,0.000000,0.000000,0.000000,1.000000,252.000000,0,0,nan,nan,nan,nan,68.000000,37.500000,0.200000,37.700001,38.200001,0.500001,38.151180,38.151180,40.000000,0.000000,0,nan,nan,nan,nan,-1,0,0,-1,0,0,SAFETY_ABORT,NONE,NEAR_SP,37.000000,CONTROL-ONLY POST VALIDATION / PHYSICAL UNVERIFIED
light,25.000000,5,0.010000,20,30,48.000000,1,SUCCESS,3,0.312618,167.333359,78.666664,88.666672,0.887218,40.728333,7.529879,0.020454,199.999985,2.458589,742.000000,0,0,0.004154,0.005002,0.002162,1.920869,74.000000,37.500000,0.200000,37.700001,38.200001,0.500001,37.832383,37.832383,20.000000,0.000000,0,0.003649,0.006777,0.015075,2.522533,907,1,1,1333,1,1,BAD,NONE,NEAR_SP,37.000000,CONTROL-ONLY POST VALIDATION / PHYSICAL UNVERIFIED
light,25.000000,5,0.010000,30,30,48.000000,1,SUCCESS,3,0.374329,157.333344,50.000004,107.333344,0.465838,51.020924,8.008472,0.023137,199.999985,2.895849,700.000000,0,0,0.004052,0.004904,0.002113,1.860164,70.000000,37.500000,0.200000,37.700001,38.200001,0.500001,37.977598,37.977598,30.000000,0.000000,0,0.003649,0.006777,0.015075,2.522533,907,1,1,1248,1,1,BAD,NONE,NEAR_SP,37.000000,CONTROL-ONLY POST VALIDATION / PHYSICAL UNVERIFIED
light,25.000000,5,0.010000,40,30,48.000000,1,SUCCESS,3,0.446976,167.333344,40.000000,127.333344,0.314136,56.971306,7.529879,0.020454,199.999985,3.439105,732.000000,0,0,0.004153,0.004993,0.002164,1.920869,68.000000,37.500000,0.200000,37.700001,38.200001,0.500001,38.127069,38.127069,40.000000,0.000000,0,0.003649,0.006777,0.015075,2.522533,907,1,1,1333,1,1,BAD,NONE,NEAR_SP,37.000000,CONTROL-ONLY POST VALIDATION / PHYSICAL UNVERIFIED
light,25.000000,15,0.100000,20,30,62.000000,1,SUCCESS,3,0.399786,216.000000,102.000015,114.000000,0.894737,31.848028,5.833333,0.012276,199.999985,2.481665,948.000000,0,0,0.043396,0.044182,0.001935,1.761135,84.000000,37.500000,0.200000,37.700001,38.200001,0.500001,37.966927,37.966927,20.000000,0.000000,0,0.237506,0.434158,0.768564,3.190866,-1,1,1,1719,1,1,BAD,NONE,NEAR_SP,37.000000,CONTROL-ONLY POST VALIDATION / PHYSICAL UNVERIFIED
light,25.000000,15,0.100000,30,30,62.000000,0,SAFETY_ABORT,0,0.000000,0.000000,0.000000,0.000000,0.000000,0.000000,0.000000,0.000000,0.000000,1.000000,312.000000,0,0,nan,nan,nan,nan,84.000000,37.500000,0.200000,37.700001,38.200001,0.500001,38.155151,38.155151,30.000000,0.000000,0,nan,nan,nan,nan,-1,0,0,-1,0,0,SAFETY_ABORT,NONE,NEAR_SP,37.000000,CONTROL-ONLY POST VALIDATION / PHYSICAL UNVERIFIED
light,25.000000,15,0.100000,40,30,62.000000,0,SAFETY_ABORT,0,0.000000,0.000000,0.000000,0.000000,0.000000,0.000000,0.000000,0.000000,0.000000,1.000000,98.000000,1,0,nan,nan,nan,nan,84.000000,37.500000,0.200000,37.700001,38.200001,0.500001,38.314791,38.314791,40.000000,0.000000,0,nan,nan,nan,nan,-1,0,0,-1,0,0,SAFETY_ABORT,NONE,NEAR_SP,37.000000,CONTROL-ONLY POST VALIDATION / PHYSICAL UNVERIFIED
light,25.000000,15,0.010000,20,30,62.000000,1,SUCCESS,3,0.402601,208.000000,98.000000,110.000000,0.890909,31.625324,6.057692,0.013238,199.999985,2.373040,920.000000,0,0,0.004288,0.005136,0.002162,1.793414,84.000000,37.500000,0.200000,37.700001,38.200001,0.500001,37.966927,37.966927,20.000000,0.000000,0,0.250266,0.457670,0.809399,3.189958,-1,1,1,1655,1,1,BAD,NONE,NEAR_SP,37.000000,CONTROL-ONLY POST VALIDATION / PHYSICAL UNVERIFIED
light,25.000000,15,0.010000,30,30,62.000000,1,SUCCESS,3,0.500427,200.666672,64.000000,136.666656,0.468293,38.164574,6.279069,0.014223,199.999985,2.762755,886.000000,0,0,0.003063,0.003916,0.002163,1.834350,84.000000,37.500000,0.200000,37.700001,38.200001,0.500001,38.142234,38.142234,30.000000,0.000000,0,0.250266,0.457670,0.809399,3.189958,-1,1,1,1592,1,1,BAD,NONE,NEAR_SP,37.000000,CONTROL-ONLY POST VALIDATION / PHYSICAL UNVERIFIED
light,25.000000,15,0.010000,40,30,62.000000,0,SAFETY_ABORT,0,0.000000,0.000000,0.000000,0.000000,0.000000,0.000000,0.000000,0.000000,0.000000,1.000000,100.000000,1,0,nan,nan,nan,nan,84.000000,37.500000,0.200000,37.700001,38.200001,0.500001,38.314791,38.314791,40.000000,0.000000,0,nan,nan,nan,nan,-1,0,0,-1,0,0,SAFETY_ABORT,NONE,NEAR_SP,37.000000,CONTROL-ONLY POST VALIDATION / PHYSICAL UNVERIFIED
light,25.000000,30,0.100000,20,30,84.000000,0,SAFETY_ABORT,0,0.000000,0.000000,0.000000,0.000000,0.000000,0.000000,0.000000,0.000000,0.000000,1.000000,130.000000,1,0,nan,nan,nan,nan,106.000000,37.500000,0.200000,37.700001,38.200001,0.500001,38.246244,38.246244,20.000000,0.000000,0,nan,nan,nan,nan,-1,0,0,-1,0,0,SAFETY_ABORT,NONE,NEAR_SP,37.000000,CONTROL-ONLY POST VALIDATION / PHYSICAL UNVERIFIED
light,25.000000,30,0.100000,30,30,84.000000,0,SAFETY_ABORT,0,0.000000,0.000000,0.000000,0.000000,0.000000,0.000000,0.000000,0.000000,0.000000,1.000000,126.000000,1,0,nan,nan,nan,nan,106.000000,37.500000,0.200000,37.700001,38.200001,0.500001,38.419704,38.419704,30.000000,0.000000,0,nan,nan,nan,nan,-1,0,0,-1,0,0,SAFETY_ABORT,NONE,NEAR_SP,37.000000,CONTROL-ONLY POST VALIDATION / PHYSICAL UNVERIFIED
light,25.000000,30,0.100000,40,30,84.000000,0,SAFETY_ABORT,0,0.000000,0.000000,0.000000,0.000000,0.000000,0.000000,0.000000,0.000000,0.000000,1.000000,124.000000,1,0,nan,nan,nan,nan,106.000000,37.500000,0.200000,37.700001,38.200001,0.500001,38.594319,38.594319,40.000000,0.000000,0,nan,nan,nan,nan,-1,0,0,-1,0,0,SAFETY_ABORT,NONE,NEAR_SP,37.000000,CONTROL-ONLY POST VALIDATION / PHYSICAL UNVERIFIED
light,25.000000,30,0.010000,20,30,84.000000,0,SAFETY_ABORT,0,0.000000,0.000000,0.000000,0.000000,0.000000,0.000000,0.000000,0.000000,0.000000,1.000000,134.000000,1,0,nan,nan,nan,nan,106.000000,37.500000,0.200000,37.700001,38.200001,0.500001,38.246244,38.246244,20.000000,0.000000,0,nan,nan,nan,nan,-1,0,0,-1,0,0,SAFETY_ABORT,NONE,NEAR_SP,37.000000,CONTROL-ONLY POST VALIDATION / PHYSICAL UNVERIFIED
light,25.000000,30,0.010000,30,30,84.000000,0,SAFETY_ABORT,0,0.000000,0.000000,0.000000,0.000000,0.000000,0.000000,0.000000,0.000000,0.000000,1.000000,128.000000,1,0,nan,nan,nan,nan,106.000000,37.500000,0.200000,37.700001,38.200001,0.500001,38.419704,38.419704,30.000000,0.000000,0,nan,nan,nan,nan,-1,0,0,-1,0,0,SAFETY_ABORT,NONE,NEAR_SP,37.000000,CONTROL-ONLY POST VALIDATION / PHYSICAL UNVERIFIED
light,25.000000,30,0.010000,40,30,84.000000,0,SAFETY_ABORT,0,0.000000,0.000000,0.000000,0.000000,0.000000,0.000000,0.000000,0.000000,0.000000,1.000000,126.000000,1,0,nan,nan,nan,nan,106.000000,37.500000,0.200000,37.700001,38.200001,0.500001,38.594319,38.594319,40.000000,0.000000,0,nan,nan,nan,nan,-1,0,0,-1,0,0,SAFETY_ABORT,NONE,NEAR_SP,37.000000,CONTROL-ONLY POST VALIDATION / PHYSICAL UNVERIFIED
light,25.000000,60,0.100000,20,30,126.000000,0,SAFETY_ABORT,0,0.000000,0.000000,0.000000,0.000000,0.000000,0.000000,0.000000,0.000000,0.000000,1.000000,168.000000,1,0,nan,nan,nan,nan,148.000000,37.500000,0.200000,37.700001,38.200001,0.500001,38.769057,38.769057,20.000000,0.000000,0,nan,nan,nan,nan,-1,0,0,-1,0,0,SAFETY_ABORT,NONE,NEAR_SP,37.000000,CONTROL-ONLY POST VALIDATION / PHYSICAL UNVERIFIED
light,25.000000,60,0.100000,30,30,126.000000,0,SAFETY_ABORT,0,0.000000,0.000000,0.000000,0.000000,0.000000,0.000000,0.000000,0.000000,0.000000,1.000000,168.000000,1,0,nan,nan,nan,nan,148.000000,37.500000,0.200000,37.700001,38.200001,0.500001,38.941396,38.941396,30.000000,0.000000,0,nan,nan,nan,nan,-1,0,0,-1,0,0,SAFETY_ABORT,NONE,NEAR_SP,37.000000,CONTROL-ONLY POST VALIDATION / PHYSICAL UNVERIFIED
light,25.000000,60,0.100000,40,30,126.000000,0,SAFETY_ABORT,0,0.000000,0.000000,0.000000,0.000000,0.000000,0.000000,0.000000,0.000000,0.000000,1.000000,168.000000,1,1,nan,nan,nan,nan,148.000000,37.500000,0.200000,37.700001,38.200001,0.500001,39.115306,39.115306,40.000000,0.000000,0,nan,nan,nan,nan,-1,0,0,-1,0,0,SAFETY_ABORT,NONE,NEAR_SP,37.000000,CONTROL-ONLY POST VALIDATION / PHYSICAL UNVERIFIED
light,25.000000,60,0.010000,20,30,126.000000,0,SAFETY_ABORT,0,0.000000,0.000000,0.000000,0.000000,0.000000,0.000000,0.000000,0.000000,0.000000,1.000000,170.000000,1,0,nan,nan,nan,nan,148.000000,37.500000,0.200000,37.700001,38.200001,0.500001,38.769057,38.769057,20.000000,0.000000,0,nan,nan,nan,nan,-1,0,0,-1,0,0,SAFETY_ABORT,NONE,NEAR_SP,37.000000,CONTROL-ONLY POST VALIDATION / PHYSICAL UNVERIFIED
light,25.000000,60,0.010000,30,30,126.000000,0,SAFETY_ABORT,0,0.000000,0.000000,0.000000,0.000000,0.000000,0.000000,0.000000,0.000000,0.000000,1.000000,170.000000,1,0,nan,nan,nan,nan,148.000000,37.500000,0.200000,37.700001,38.200001,0.500001,38.941396,38.941396,30.000000,0.000000,0,nan,nan,nan,nan,-1,0,0,-1,0,0,SAFETY_ABORT,NONE,NEAR_SP,37.000000,CONTROL-ONLY POST VALIDATION / PHYSICAL UNVERIFIED
light,25.000000,60,0.010000,40,30,126.000000,0,SAFETY_ABORT,0,0.000000,0.000000,0.000000,0.000000,0.000000,0.000000,0.000000,0.000000,0.000000,1.000000,170.000000,1,1,nan,nan,nan,nan,148.000000,37.500000,0.200000,37.700001,38.200001,0.500001,39.115306,39.115306,40.000000,0.000000,0,nan,nan,nan,nan,-1,0,0,-1,0,0,SAFETY_ABORT,NONE,NEAR_SP,37.000000,CONTROL-ONLY POST VALIDATION / PHYSICAL UNVERIFIED
light,28.000000,5,0.100000,20,30,44.000000,1,SUCCESS,3,0.348117,190.000031,68.666664,121.333344,0.565934,36.575092,6.631577,0.015865,199.999985,2.506951,828.000000,0,0,0.047278,0.048373,0.002658,1.365683,66.000000,37.500000,0.200000,37.700001,38.200001,0.500001,37.881816,37.881816,20.000000,0.000000,0,0.036308,0.065449,0.136309,2.576379,732,1,1,1469,1,0,UNVERIFIED_CANDIDATE,NONE,NEAR_SP,37.000000,CONTROL-ONLY POST VALIDATION / PHYSICAL UNVERIFIED
light,28.000000,5,0.100000,30,30,44.000000,1,SUCCESS,3,0.398762,188.666687,46.000004,142.666656,0.322430,47.894669,6.678444,0.016090,199.999985,3.259787,822.000000,0,0,0.046225,0.047322,0.002737,1.368531,64.000000,37.500000,0.200000,37.700001,38.200001,0.500001,38.009932,38.009932,30.000000,0.000000,0,0.036308,0.065449,0.136309,2.576379,732,1,1,1460,1,0,UNVERIFIED_CANDIDATE,NONE,NEAR_SP,37.000000,CONTROL-ONLY POST VALIDATION / PHYSICAL UNVERIFIED
light,28.000000,5,0.100000,40,30,44.000000,0,SAFETY_ABORT,0,0.000000,0.000000,0.000000,0.000000,0.000000,0.000000,0.000000,0.000000,0.000000,1.000000,78.000000,0,0,nan,nan,nan,nan,64.000000,37.500000,0.200000,37.700001,38.200001,0.500001,38.165057,38.165057,40.000000,0.000000,0,nan,nan,nan,nan,-1,0,0,-1,0,0,SAFETY_ABORT,NONE,NEAR_SP,37.000000,CONTROL-ONLY POST VALIDATION / PHYSICAL UNVERIFIED
light,28.000000,5,0.010000,20,30,44.000000,1,SUCCESS,3,0.315343,180.666687,64.666672,116.000008,0.557471,40.376392,6.974168,0.017547,199.999969,2.631555,790.000000,0,0,0.003138,0.004356,0.003026,1.406357,66.000000,37.500000,0.200000,37.700001,38.200001,0.500001,37.881367,37.881367,20.000000,0.000000,0,0.003372,0.006499,0.015336,2.594622,741,1,1,1398,1,0,UNVERIFIED_CANDIDATE,NONE,NEAR_SP,37.000000,CONTROL-ONLY POST VALIDATION / PHYSICAL UNVERIFIED
light,28.000000,5,0.010000,30,30,44.000000,1,SUCCESS,3,0.379555,184.666687,45.333340,139.333328,0.325359,50.318413,6.823104,0.016795,199.999985,3.352141,802.000000,0,0,0.002995,0.004207,0.003073,1.390332,64.000000,37.500000,0.200000,37.700001,38.200001,0.500001,38.023526,38.023526,30.000000,0.000000,0,0.003372,0.006499,0.015336,2.594622,741,1,1,1430,1,0,UNVERIFIED_CANDIDATE,NONE,NEAR_SP,37.000000,CONTROL-ONLY POST VALIDATION / PHYSICAL UNVERIFIED
light,28.000000,5,0.010000,40,30,44.000000,1,SUCCESS,3,0.443773,198.000031,36.000000,162.000015,0.222222,57.382515,6.363636,0.014609,199.999985,4.098752,852.000000,0,0,0.003276,0.004487,0.003062,1.339246,62.000000,37.500000,0.200000,37.700001,38.200001,0.500001,38.136658,38.136658,40.000000,0.000000,0,0.003372,0.006499,0.015336,2.594622,741,1,1,1538,1,0,UNVERIFIED_CANDIDATE,NONE,NEAR_SP,37.000000,CONTROL-ONLY POST VALIDATION / PHYSICAL UNVERIFIED
light,28.000000,15,0.100000,20,30,56.000000,1,SUCCESS,3,0.446037,234.000031,84.000008,150.000000,0.560000,28.545584,5.384614,0.010460,199.999985,2.409693,1018.000000,0,0,0.046610,0.047721,0.002938,1.266084,76.000000,37.500000,0.200000,37.700001,38.200001,0.500001,38.035099,38.035099,20.000000,0.000000,0,0.172587,0.309347,0.559993,3.278578,-1,1,1,1803,1,0,UNVERIFIED_CANDIDATE,NONE,NEAR_SP,37.000000,CONTROL-ONLY POST VALIDATION / PHYSICAL UNVERIFIED
light,28.000000,15,0.100000,30,30,56.000000,0,SAFETY_ABORT,0,0.000000,0.000000,0.000000,0.000000,0.000000,0.000000,0.000000,0.000000,0.000000,1.000000,94.000000,0,0,nan,nan,nan,nan,76.000000,37.500000,0.200000,37.700001,38.200001,0.500001,38.191572,38.191572,30.000000,0.000000,0,nan,nan,nan,nan,-1,0,0,-1,0,0,SAFETY_ABORT,NONE,NEAR_SP,37.000000,CONTROL-ONLY POST VALIDATION / PHYSICAL UNVERIFIED
light,28.000000,15,0.100000,40,30,56.000000,0,SAFETY_ABORT,0,0.000000,0.000000,0.000000,0.000000,0.000000,0.000000,0.000000,0.000000,0.000000,1.000000,90.000000,1,0,nan,nan,nan,nan,76.000000,37.500000,0.200000,37.700001,38.200001,0.500001,38.346501,38.346501,40.000000,0.000000,0,nan,nan,nan,nan,-1,0,0,-1,0,0,SAFETY_ABORT,NONE,NEAR_SP,37.000000,CONTROL-ONLY POST VALIDATION / PHYSICAL UNVERIFIED
light,28.000000,15,0.010000,20,30,58.000000,1,SUCCESS,3,0.397424,221.333344,80.000000,141.333328,0.566038,32.037304,5.692770,0.011691,199.999985,2.558053,980.000000,0,0,0.003337,0.004542,0.003025,1.309231,78.000000,37.500000,0.200000,37.700001,38.200001,0.500001,38.074137,38.074137,20.000000,0.000000,0,0.189014,0.351378,0.621481,3.276754,-1,1,1,1706,1,0,UNVERIFIED_CANDIDATE,NONE,NEAR_SP,37.000000,CONTROL-ONLY POST VALIDATION / PHYSICAL UNVERIFIED
light,28.000000,15,0.010000,30,30,58.000000,0,SAFETY_ABORT,0,0.000000,0.000000,0.000000,0.000000,0.000000,0.000000,0.000000,0.000000,0.000000,1.000000,98.000000,1,0,nan,nan,nan,nan,78.000000,37.500000,0.200000,37.700001,38.200001,0.500001,38.224579,38.224579,30.000000,0.000000,0,nan,nan,nan,nan,-1,0,0,-1,0,0,SAFETY_ABORT,NONE,NEAR_SP,37.000000,CONTROL-ONLY POST VALIDATION / PHYSICAL UNVERIFIED
light,28.000000,15,0.010000,40,30,58.000000,0,SAFETY_ABORT,0,0.000000,0.000000,0.000000,0.000000,0.000000,0.000000,0.000000,0.000000,0.000000,1.000000,92.000000,1,0,nan,nan,nan,nan,78.000000,37.500000,0.200000,37.700001,38.200001,0.500001,38.385392,38.385392,40.000000,0.000000,0,nan,nan,nan,nan,-1,0,0,-1,0,0,SAFETY_ABORT,NONE,NEAR_SP,37.000000,CONTROL-ONLY POST VALIDATION / PHYSICAL UNVERIFIED
light,28.000000,30,0.100000,20,30,76.000000,0,SAFETY_ABORT,0,0.000000,0.000000,0.000000,0.000000,0.000000,0.000000,0.000000,0.000000,0.000000,1.000000,114.000000,1,0,nan,nan,nan,nan,96.000000,37.500000,0.200000,37.700001,38.200001,0.500001,38.345618,38.345618,20.000000,0.000000,0,nan,nan,nan,nan,-1,0,0,-1,0,0,SAFETY_ABORT,NONE,NEAR_SP,37.000000,CONTROL-ONLY POST VALIDATION / PHYSICAL UNVERIFIED
light,28.000000,30,0.100000,30,30,76.000000,0,SAFETY_ABORT,0,0.000000,0.000000,0.000000,0.000000,0.000000,0.000000,0.000000,0.000000,0.000000,1.000000,114.000000,1,0,nan,nan,nan,nan,96.000000,37.500000,0.200000,37.700001,38.200001,0.500001,38.495628,38.495628,30.000000,0.000000,0,nan,nan,nan,nan,-1,0,0,-1,0,0,SAFETY_ABORT,NONE,NEAR_SP,37.000000,CONTROL-ONLY POST VALIDATION / PHYSICAL UNVERIFIED
light,28.000000,30,0.100000,40,30,76.000000,0,SAFETY_ABORT,0,0.000000,0.000000,0.000000,0.000000,0.000000,0.000000,0.000000,0.000000,0.000000,1.000000,112.000000,1,0,nan,nan,nan,nan,96.000000,37.500000,0.200000,37.700001,38.200001,0.500001,38.656063,38.656063,40.000000,0.000000,0,nan,nan,nan,nan,-1,0,0,-1,0,0,SAFETY_ABORT,NONE,NEAR_SP,37.000000,CONTROL-ONLY POST VALIDATION / PHYSICAL UNVERIFIED
light,28.000000,30,0.010000,20,30,76.000000,0,SAFETY_ABORT,0,0.000000,0.000000,0.000000,0.000000,0.000000,0.000000,0.000000,0.000000,0.000000,1.000000,118.000000,1,0,nan,nan,nan,nan,96.000000,37.500000,0.200000,37.700001,38.200001,0.500001,38.345618,38.345618,20.000000,0.000000,0,nan,nan,nan,nan,-1,0,0,-1,0,0,SAFETY_ABORT,NONE,NEAR_SP,37.000000,CONTROL-ONLY POST VALIDATION / PHYSICAL UNVERIFIED
light,28.000000,30,0.010000,30,30,76.000000,0,SAFETY_ABORT,0,0.000000,0.000000,0.000000,0.000000,0.000000,0.000000,0.000000,0.000000,0.000000,1.000000,116.000000,1,0,nan,nan,nan,nan,96.000000,37.500000,0.200000,37.700001,38.200001,0.500001,38.495628,38.495628,30.000000,0.000000,0,nan,nan,nan,nan,-1,0,0,-1,0,0,SAFETY_ABORT,NONE,NEAR_SP,37.000000,CONTROL-ONLY POST VALIDATION / PHYSICAL UNVERIFIED
light,28.000000,30,0.010000,40,30,76.000000,0,SAFETY_ABORT,0,0.000000,0.000000,0.000000,0.000000,0.000000,0.000000,0.000000,0.000000,0.000000,1.000000,114.000000,1,0,nan,nan,nan,nan,96.000000,37.500000,0.200000,37.700001,38.200001,0.500001,38.656063,38.656063,40.000000,0.000000,0,nan,nan,nan,nan,-1,0,0,-1,0,0,SAFETY_ABORT,NONE,NEAR_SP,37.000000,CONTROL-ONLY POST VALIDATION / PHYSICAL UNVERIFIED
light,28.000000,60,0.100000,20,30,114.000000,0,SAFETY_ABORT,0,0.000000,0.000000,0.000000,0.000000,0.000000,0.000000,0.000000,0.000000,0.000000,1.000000,152.000000,1,0,nan,nan,nan,nan,134.000000,37.500000,0.200000,37.700001,38.200001,0.500001,38.922247,38.922247,20.000000,0.000000,0,nan,nan,nan,nan,-1,0,0,-1,0,0,SAFETY_ABORT,NONE,NEAR_SP,37.000000,CONTROL-ONLY POST VALIDATION / PHYSICAL UNVERIFIED
light,28.000000,60,0.100000,30,30,114.000000,0,SAFETY_ABORT,0,0.000000,0.000000,0.000000,0.000000,0.000000,0.000000,0.000000,0.000000,0.000000,1.000000,152.000000,1,1,nan,nan,nan,nan,134.000000,37.500000,0.200000,37.700001,38.200001,0.500001,39.084863,39.084863,30.000000,0.000000,0,nan,nan,nan,nan,-1,0,0,-1,0,0,SAFETY_ABORT,NONE,NEAR_SP,37.000000,CONTROL-ONLY POST VALIDATION / PHYSICAL UNVERIFIED
light,28.000000,60,0.100000,40,30,114.000000,0,SAFETY_ABORT,0,0.000000,0.000000,0.000000,0.000000,0.000000,0.000000,0.000000,0.000000,0.000000,1.000000,152.000000,1,1,nan,nan,nan,nan,134.000000,37.500000,0.200000,37.700001,38.200001,0.500001,39.231858,39.231858,40.000000,0.000000,0,nan,nan,nan,nan,-1,0,0,-1,0,0,SAFETY_ABORT,NONE,NEAR_SP,37.000000,CONTROL-ONLY POST VALIDATION / PHYSICAL UNVERIFIED
light,28.000000,60,0.010000,20,30,114.000000,0,SAFETY_ABORT,0,0.000000,0.000000,0.000000,0.000000,0.000000,0.000000,0.000000,0.000000,0.000000,1.000000,154.000000,1,0,nan,nan,nan,nan,134.000000,37.500000,0.200000,37.700001,38.200001,0.500001,38.922247,38.922247,20.000000,0.000000,0,nan,nan,nan,nan,-1,0,0,-1,0,0,SAFETY_ABORT,NONE,NEAR_SP,37.000000,CONTROL-ONLY POST VALIDATION / PHYSICAL UNVERIFIED
light,28.000000,60,0.010000,30,30,114.000000,0,SAFETY_ABORT,0,0.000000,0.000000,0.000000,0.000000,0.000000,0.000000,0.000000,0.000000,0.000000,1.000000,154.000000,1,1,nan,nan,nan,nan,134.000000,37.500000,0.200000,37.700001,38.200001,0.500001,39.084863,39.084863,30.000000,0.000000,0,nan,nan,nan,nan,-1,0,0,-1,0,0,SAFETY_ABORT,NONE,NEAR_SP,37.000000,CONTROL-ONLY POST VALIDATION / PHYSICAL UNVERIFIED
light,28.000000,60,0.010000,40,30,114.000000,0,SAFETY_ABORT,0,0.000000,0.000000,0.000000,0.000000,0.000000,0.000000,0.000000,0.000000,0.000000,1.000000,154.000000,1,1,nan,nan,nan,nan,134.000000,37.500000,0.200000,37.700001,38.200001,0.500001,39.231858,39.231858,40.000000,0.000000,0,nan,nan,nan,nan,-1,0,0,-1,0,0,SAFETY_ABORT,NONE,NEAR_SP,37.000000,CONTROL-ONLY POST VALIDATION / PHYSICAL UNVERIFIED
medium,20.000000,5,0.100000,20,30,176.000000,0,PHASE_TIMEOUT,0,0.000000,0.000000,0.000000,0.000000,0.000000,0.000000,0.000000,0.000000,0.000000,1.000000,1076.000000,0,0,nan,nan,nan,nan,-1.000000,37.500000,0.200000,37.700001,38.200001,0.500001,37.484108,37.484108,20.000000,0.000000,0,nan,nan,nan,nan,-1,0,0,-1,0,0,FAIL_CLEANLY,NONE,NEAR_SP,37.000000,CONTROL-ONLY POST VALIDATION / PHYSICAL UNVERIFIED
medium,20.000000,5,0.100000,30,30,176.000000,1,SUCCESS,3,0.299692,346.000031,227.333344,118.666672,1.915730,63.727505,3.641618,0.004784,199.999985,7.954444,1704.000000,0,0,0.049453,0.051508,0.005893,3.700734,322.000000,37.500000,0.200000,37.700001,38.200001,0.500001,37.778641,37.778641,30.000000,0.000000,0,0.027521,0.053361,0.109396,1.339659,2498,1,0,7308,1,1,BAD,NONE,NEAR_SP,37.000000,CONTROL-ONLY POST VALIDATION / PHYSICAL UNVERIFIED
medium,20.000000,5,0.100000,40,30,176.000000,1,SUCCESS,3,0.299929,251.333344,124.000008,127.333344,0.973822,84.902824,5.013262,0.009067,199.999985,7.698020,1264.000000,0,0,0.018238,0.024918,0.014287,4.377546,258.000000,37.500000,0.200000,37.700001,38.200001,0.500001,37.810470,37.810470,40.000000,0.000000,0,0.027521,0.053361,0.109396,1.339659,2498,1,0,5300,1,1,BAD,NONE,NEAR_SP,37.000000,CONTROL-ONLY POST VALIDATION / PHYSICAL UNVERIFIED
medium,20.000000,5,0.010000,20,30,162.000000,0,PHASE_TIMEOUT,0,0.000000,0.000000,0.000000,0.000000,0.000000,0.000000,0.000000,0.000000,0.000000,1.000000,1062.000000,0,0,nan,nan,nan,nan,-1.000000,37.500000,0.200000,37.700001,38.200001,0.500001,37.453307,37.453307,20.000000,0.000000,0,nan,nan,nan,nan,-1,0,0,-1,0,0,FAIL_CLEANLY,NONE,NEAR_SP,37.000000,CONTROL-ONLY POST VALIDATION / PHYSICAL UNVERIFIED
medium,20.000000,5,0.010000,30,30,162.000000,1,SUCCESS,3,0.251655,305.333344,200.666672,104.666672,1.917197,75.891983,4.126637,0.006143,199.999985,8.359435,1532.000000,0,0,0.013247,0.036925,0.052480,3.981533,308.000000,37.500000,0.200000,37.700001,38.200001,0.500001,37.737506,37.737506,30.000000,0.000000,0,0.002914,0.005478,0.012108,1.343738,2509,1,0,6460,1,1,BAD,NONE,NEAR_SP,37.000000,CONTROL-ONLY POST VALIDATION / PHYSICAL UNVERIFIED
medium,20.000000,5,0.010000,40,30,162.000000,1,SUCCESS,3,0.266214,225.333344,111.333336,114.000015,0.976608,95.655441,5.591715,0.011280,199.999985,7.775743,1146.000000,0,0,0.003374,0.005118,0.009830,4.519111,244.000000,37.500000,0.200000,37.700001,38.200001,0.500001,37.776528,37.776528,40.000000,0.000000,0,0.002914,0.005478,0.012108,1.343738,2509,1,0,4749,1,1,BAD,NONE,NEAR_SP,37.000000,CONTROL-ONLY POST VALIDATION / PHYSICAL UNVERIFIED
medium,20.000000,15,0.100000,20,30,204.000000,0,PHASE_TIMEOUT,0,0.000000,0.000000,0.000000,0.000000,0.000000,0.000000,0.000000,0.000000,0.000000,1.000000,1104.000000,0,0,nan,nan,nan,nan,-1.000000,37.500000,0.200000,37.700001,38.200001,0.500001,37.506026,37.506026,20.000000,0.000000,0,nan,nan,nan,nan,-1,0,0,-1,0,0,FAIL_CLEANLY,NONE,NEAR_SP,37.000000,CONTROL-ONLY POST VALIDATION / PHYSICAL UNVERIFIED
medium,20.000000,15,0.100000,30,30,204.000000,1,SUCCESS,3,0.349112,390.000061,256.000000,134.000000,1.910448,54.706272,3.230769,0.003765,199.999985,7.696771,1908.000000,0,0,0.036164,0.053340,0.085379,3.467244,350.000000,37.500000,0.200000,37.700001,38.200001,0.500001,37.803523,37.803523,30.000000,0.000000,0,0.238188,0.402598,0.774785,1.507617,-1,1,1,8211,1,1,BAD,NONE,NEAR_SP,37.000000,CONTROL-ONLY POST VALIDATION / PHYSICAL UNVERIFIED
medium,20.000000,15,0.100000,40,30,204.000000,1,SUCCESS,3,0.384602,288.000000,142.000000,146.000000,0.972603,66.210823,4.375000,0.006905,199.999985,6.879047,1442.000000,0,0,0.049440,0.049892,0.002197,4.190843,290.000000,37.500000,0.200000,37.700001,38.200001,0.500001,37.854844,37.854844,40.000000,0.000000,0,0.238188,0.402598,0.774785,1.507617,-1,1,1,6073,1,1,BAD,NONE,NEAR_SP,37.000000,CONTROL-ONLY POST VALIDATION / PHYSICAL UNVERIFIED
medium,20.000000,15,0.010000,20,30,190.000000,0,PHASE_TIMEOUT,0,0.000000,0.000000,0.000000,0.000000,0.000000,0.000000,0.000000,0.000000,0.000000,1.000000,1090.000000,0,0,nan,nan,nan,nan,-1.000000,37.500000,0.200000,37.700001,38.200001,0.500001,37.476650,37.476650,20.000000,0.000000,0,nan,nan,nan,nan,-1,0,0,-1,0,0,FAIL_CLEANLY,NONE,NEAR_SP,37.000000,CONTROL-ONLY POST VALIDATION / PHYSICAL UNVERIFIED
medium,20.000000,15,0.010000,30,30,190.000000,1,SUCCESS,3,0.290755,348.000031,228.000031,120.000015,1.900000,65.686218,3.620689,0.004729,199.999985,8.246323,1728.000000,0,0,0.047300,0.065358,0.048682,3.753676,336.000000,37.500000,0.200000,37.700001,38.200001,0.500001,37.764381,37.764381,30.000000,0.000000,0,0.250677,0.413062,0.794312,1.513299,-1,1,1,7339,1,1,BAD,NONE,NEAR_SP,37.000000,CONTROL-ONLY POST VALIDATION / PHYSICAL UNVERIFIED
medium,20.000000,15,0.010000,40,30,190.000000,1,SUCCESS,3,0.317678,264.000000,130.000000,134.000000,0.970149,80.159012,4.772727,0.008218,199.999985,7.634192,1334.000000,0,0,0.010929,0.015982,0.013695,4.381473,278.000000,37.500000,0.200000,37.700001,38.200001,0.500001,37.828605,37.828605,40.000000,0.000000,0,0.250677,0.413062,0.794312,1.513299,-1,1,1,5551,1,1,BAD,NONE,NEAR_SP,37.000000,CONTROL-ONLY POST VALIDATION / PHYSICAL UNVERIFIED
medium,20.000000,30,0.100000,20,30,244.000000,0,PHASE_TIMEOUT,0,0.000000,0.000000,0.000000,0.000000,0.000000,0.000000,0.000000,0.000000,0.000000,1.000000,1144.000000,0,0,nan,nan,nan,nan,-1.000000,37.500000,0.200000,37.700001,38.200001,0.500001,37.536890,37.536890,20.000000,0.000000,0,nan,nan,nan,nan,-1,0,0,-1,0,0,FAIL_CLEANLY,NONE,NEAR_SP,37.000000,CONTROL-ONLY POST VALIDATION / PHYSICAL UNVERIFIED
medium,20.000000,30,0.100000,30,30,244.000000,1,SUCCESS,3,0.349997,452.666687,296.666656,156.000000,1.901709,54.567944,2.783505,0.002795,199.999969,8.910928,2202.000000,0,0,0.108927,0.220206,0.216774,3.144985,390.000000,37.500000,0.200000,37.700001,38.200001,0.500001,37.843400,37.843400,30.000000,0.000000,0,0.343127,0.672321,1.112078,1.793459,-1,1,1,-1,1,1,BAD,NONE,NEAR_SP,37.000000,CONTROL-ONLY POST VALIDATION / PHYSICAL UNVERIFIED
medium,20.000000,30,0.100000,40,30,244.000000,1,SUCCESS,3,0.399997,349.333374,172.000015,177.333359,0.969925,63.662445,3.606869,0.004693,199.999985,8.022879,1734.000000,0,0,0.049194,0.053035,0.012166,3.849656,338.000000,37.500000,0.200000,37.700001,38.200001,0.500001,37.942028,37.942028,40.000000,0.000000,0,0.343127,0.672321,1.112078,1.793459,-1,1,1,7338,1,1,BAD,NONE,NEAR_SP,37.000000,CONTROL-ONLY POST VALIDATION / PHYSICAL UNVERIFIED
medium,20.000000,30,0.010000,20,30,230.000000,0,PHASE_TIMEOUT,0,0.000000,0.000000,0.000000,0.000000,0.000000,0.000000,0.000000,0.000000,0.000000,1.000000,1130.000000,0,0,nan,nan,nan,nan,-1.000000,37.500000,0.200000,37.700001,38.200001,0.500001,37.507764,37.507764,20.000000,0.000000,0,nan,nan,nan,nan,-1,0,0,-1,0,0,FAIL_CLEANLY,NONE,NEAR_SP,37.000000,CONTROL-ONLY POST VALIDATION / PHYSICAL UNVERIFIED
medium,20.000000,30,0.010000,30,30,230.000000,1,SUCCESS,3,0.351245,414.666687,271.333313,143.333328,1.893023,54.373955,3.038585,0.003331,199.999969,8.133863,2032.000000,0,0,0.035273,0.083359,0.143028,3.387369,376.000000,37.500000,0.200000,37.700001,38.200001,0.500001,37.804962,37.804962,30.000000,0.000000,0,0.335733,0.684761,1.144594,1.796341,-1,1,1,8685,1,1,BAD,NONE,NEAR_SP,37.000000,CONTROL-ONLY POST VALIDATION / PHYSICAL UNVERIFIED
medium,20.000000,30,0.010000,40,30,230.000000,1,SUCCESS,3,0.397116,323.333374,159.333328,164.000015,0.971545,64.124359,3.896907,0.005478,199.999985,7.479634,1618.000000,0,0,0.024759,0.061408,0.072568,4.042817,324.000000,37.500000,0.200000,37.700001,38.200001,0.500001,37.908361,37.908361,40.000000,0.000000,0,0.335733,0.684761,1.144594,1.796341,-1,1,1,6783,1,1,BAD,NONE,NEAR_SP,37.000000,CONTROL-ONLY POST VALIDATION / PHYSICAL UNVERIFIED
medium,20.000000,60,0.100000,20,30,324.000000,0,PHASE_TIMEOUT,0,0.000000,0.000000,0.000000,0.000000,0.000000,0.000000,0.000000,0.000000,0.000000,1.000000,1224.000000,0,0,nan,nan,nan,nan,-1.000000,37.500000,0.200000,37.700001,38.200001,0.500001,37.598953,37.598953,20.000000,0.000000,0,nan,nan,nan,nan,-1,0,0,-1,0,0,FAIL_CLEANLY,NONE,NEAR_SP,37.000000,CONTROL-ONLY POST VALIDATION / PHYSICAL UNVERIFIED
medium,20.000000,60,0.100000,30,30,324.000000,0,TOTAL_TIMEOUT,2,0.000000,0.000000,0.000000,0.000000,0.000000,0.000000,0.000000,0.000000,0.000000,1.000000,2700.000000,0,0,nan,nan,nan,nan,470.000000,37.500000,0.200000,37.700001,38.200001,0.500001,37.920564,37.920564,30.000000,0.000000,0,nan,nan,nan,nan,-1,0,0,-1,0,0,FAIL_CLEANLY,NONE,NEAR_SP,37.000000,CONTROL-ONLY POST VALIDATION / PHYSICAL UNVERIFIED
medium,20.000000,60,0.100000,40,30,324.000000,1,SUCCESS,3,0.599735,466.000031,230.000015,236.000015,0.974576,42.460098,2.703862,0.002637,200.000000,7.137954,2296.000000,0,0,0.131428,0.239481,0.226149,3.188027,434.000000,37.500000,0.200000,37.700001,38.200001,0.500001,38.099290,38.099290,40.000000,0.000000,0,0.626681,1.571290,2.228230,2.395446,-1,1,1,-1,1,1,BAD,NONE,NEAR_SP,37.000000,CONTROL-ONLY POST VALIDATION / PHYSICAL UNVERIFIED
medium,20.000000,60,0.010000,20,30,310.000000,0,PHASE_TIMEOUT,0,0.000000,0.000000,0.000000,0.000000,0.000000,0.000000,0.000000,0.000000,0.000000,1.000000,1210.000000,0,0,nan,nan,nan,nan,-1.000000,37.500000,0.200000,37.700001,38.200001,0.500001,37.569970,37.569970,20.000000,0.000000,0,nan,nan,nan,nan,-1,0,0,-1,0,0,FAIL_CLEANLY,NONE,NEAR_SP,37.000000,CONTROL-ONLY POST VALIDATION / PHYSICAL UNVERIFIED
medium,20.000000,60,0.010000,30,30,310.000000,1,SUCCESS,3,0.467753,542.000000,354.000031,188.000015,1.882979,40.830498,2.324723,0.001950,199.999985,7.983452,2626.000000,0,0,0.220800,0.242679,0.074589,2.709791,456.000000,37.500000,0.200000,37.700001,38.200001,0.500001,37.883696,37.883696,30.000000,0.000000,0,0.660463,1.595171,2.256668,2.400560,-1,1,1,-1,1,1,BAD,NONE,NEAR_SP,37.000000,CONTROL-ONLY POST VALIDATION / PHYSICAL UNVERIFIED
medium,20.000000,60,0.010000,40,30,310.000000,1,SUCCESS,3,0.553247,442.000031,218.000015,224.000015,0.973214,46.027905,2.850678,0.002932,199.999985,7.339227,2184.000000,0,0,0.064544,0.165552,0.204461,3.353820,420.000000,37.500000,0.200000,37.700001,38.200001,0.500001,38.064824,38.064824,40.000000,0.000000,0,0.660463,1.595171,2.256668,2.400560,-1,1,1,-1,1,1,BAD,NONE,NEAR_SP,37.000000,CONTROL-ONLY POST VALIDATION / PHYSICAL UNVERIFIED
medium,25.000000,5,0.100000,20,30,116.000000,1,SUCCESS,3,0.299451,523.333313,368.000031,155.333328,2.369099,42.519188,2.407643,0.002091,199.999985,8.027311,2442.000000,0,0,0.144158,0.153896,0.034292,1.875330,346.000000,37.500000,0.200000,37.700001,38.200001,0.500001,37.763251,37.763251,20.000000,0.000000,0,0.027497,0.053390,0.109543,1.430605,1749,1,0,-1,1,1,BAD,NONE,NEAR_SP,37.000000,CONTROL-ONLY POST VALIDATION / PHYSICAL UNVERIFIED
medium,25.000000,5,0.100000,30,30,116.000000,1,SUCCESS,3,0.299904,314.000000,148.000000,166.000015,0.891566,63.682381,4.012739,0.005809,199.999985,7.213661,1470.000000,0,0,0.049287,0.050026,0.003926,2.798891,212.000000,37.500000,0.200000,37.700001,38.200001,0.500001,37.798787,37.798787,30.000000,0.000000,0,0.027497,0.053390,0.109543,1.430605,1749,1,0,6441,1,1,BAD,NONE,NEAR_SP,37.000000,CONTROL-ONLY POST VALIDATION / PHYSICAL UNVERIFIED
medium,25.000000,5,0.100000,40,30,116.000000,1,SUCCESS,3,0.299749,274.000000,96.666672,177.333344,0.545113,84.953781,4.598540,0.007629,199.999985,8.397307,1274.000000,0,0,0.049418,0.049836,0.001905,3.005107,180.000000,37.500000,0.200000,37.700001,38.200001,0.500001,37.830506,37.830506,40.000000,0.000000,0,0.027497,0.053390,0.109543,1.430605,1749,1,0,5662,1,1,BAD,NONE,NEAR_SP,37.000000,CONTROL-ONLY POST VALIDATION / PHYSICAL UNVERIFIED
medium,25.000000,5,0.010000,20,30,108.000000,1,SUCCESS,3,0.236808,449.333374,316.000000,133.333344,2.370000,53.766708,2.804154,0.002837,199.999985,8.715432,2130.000000,0,0,0.067175,0.137704,0.142228,2.180298,332.000000,37.500000,0.200000,37.700001,38.200001,0.500001,37.720944,37.720944,20.000000,0.000000,0,0.002659,0.005344,0.011661,1.437692,1769,1,0,8960,1,1,BAD,NONE,NEAR_SP,37.000000,CONTROL-ONLY POST VALIDATION / PHYSICAL UNVERIFIED
medium,25.000000,5,0.010000,30,30,108.000000,1,SUCCESS,3,0.249395,276.000000,130.000000,146.000000,0.890411,76.579575,4.565217,0.007518,199.999985,7.624806,1306.000000,0,0,0.006447,0.008666,0.007544,2.995952,202.000000,37.500000,0.200000,37.700001,38.200001,0.500001,37.756330,37.756330,30.000000,0.000000,0,0.002659,0.005344,0.011661,1.437692,1769,1,0,5692,1,1,BAD,NONE,NEAR_SP,37.000000,CONTROL-ONLY POST VALIDATION / PHYSICAL UNVERIFIED
medium,25.000000,5,0.010000,40,30,108.000000,1,SUCCESS,3,0.272075,249.333344,88.000008,161.333344,0.545455,93.594742,5.053475,0.009213,199.999969,8.418576,1170.000000,0,0,0.005757,0.012720,0.013433,3.139728,174.000000,37.500000,0.200000,37.700001,38.200001,0.500001,37.805321,37.805321,40.000000,0.000000,0,0.002659,0.005344,0.011661,1.437692,1769,1,0,5144,1,1,BAD,NONE,NEAR_SP,37.000000,CONTROL-ONLY POST VALIDATION / PHYSICAL UNVERIFIED
medium,25.000000,15,0.100000,20,30,134.000000,1,SUCCESS,3,0.299982,569.333374,400.000061,169.333344,2.362205,42.443855,2.213115,0.001767,199.999969,8.717426,2624.000000,0,0,0.127508,0.149899,0.079821,1.727465,348.000000,37.500000,0.200000,37.700001,38.200001,0.500001,37.779755,37.779755,20.000000,0.000000,0,0.173865,0.279942,0.540605,1.612406,-1,1,1,-1,1,1,BAD,NONE,NEAR_SP,37.000000,CONTROL-ONLY POST VALIDATION / PHYSICAL UNVERIFIED
medium,25.000000,15,0.100000,30,30,134.000000,1,SUCCESS,3,0.299995,352.666687,166.000015,186.666672,0.889286,63.662945,3.572778,0.004605,199.999969,8.099496,1642.000000,0,0,0.049380,0.052987,0.009497,2.656183,230.000000,37.500000,0.200000,37.700001,38.200001,0.500001,37.839963,37.839963,30.000000,0.000000,0,0.173865,0.279942,0.540605,1.612406,-1,1,1,7246,1,1,BAD,NONE,NEAR_SP,37.000000,CONTROL-ONLY POST VALIDATION / PHYSICAL UNVERIFIED
medium,25.000000,15,0.100000,40,30,134.000000,1,SUCCESS,3,0.349945,316.666687,112.000008,204.666687,0.547231,72.767960,3.978947,0.005711,199.999969,8.312839,1468.000000,0,0,0.049275,0.050037,0.004428,2.844933,202.000000,37.500000,0.200000,37.700001,38.200001,0.500001,37.897093,37.897093,40.000000,0.000000,0,0.173865,0.279942,0.540605,1.612406,-1,1,1,6483,1,1,BAD,NONE,NEAR_SP,37.000000,CONTROL-ONLY POST VALIDATION / PHYSICAL UNVERIFIED
medium,25.000000,15,0.010000,20,30,126.000000,1,SUCCESS,3,0.259673,496.000031,348.000031,148.000000,2.351351,49.032337,2.540322,0.002328,199.999969,8.773465,2318.000000,0,0,0.131377,0.182405,0.116773,2.014282,332.000000,37.500000,0.200000,37.700001,38.200001,0.500001,37.735313,37.735313,20.000000,0.000000,0,0.179870,0.295899,0.567284,1.618468,-1,1,1,-1,1,1,BAD,NONE,NEAR_SP,37.000000,CONTROL-ONLY POST VALIDATION / PHYSICAL UNVERIFIED
medium,25.000000,15,0.010000,30,30,126.000000,1,SUCCESS,3,0.291149,318.000000,149.333328,168.666672,0.885375,65.597282,3.962264,0.005664,199.999985,7.525229,1492.000000,0,0,0.015101,0.038593,0.047637,2.834225,220.000000,37.500000,0.200000,37.700001,38.200001,0.500001,37.802863,37.802863,30.000000,0.000000,0,0.179870,0.295899,0.567284,1.618468,-1,1,1,6522,1,1,BAD,NONE,NEAR_SP,37.000000,CONTROL-ONLY POST VALIDATION / PHYSICAL UNVERIFIED
medium,25.000000,15,0.010000,40,30,126.000000,1,SUCCESS,3,0.323348,292.000000,103.333344,188.666687,0.547703,78.753426,4.315068,0.006717,199.999969,8.295816,1366.000000,0,0,0.006476,0.010316,0.022339,2.973042,196.000000,37.500000,0.200000,37.700001,38.200001,0.500001,37.873371,37.873371,40.000000,0.000000,0,0.179870,0.295899,0.567284,1.618468,-1,1,1,5999,1,1,BAD,NONE,NEAR_SP,37.000000,CONTROL-ONLY POST VALIDATION / PHYSICAL UNVERIFIED
medium,25.000000,30,0.100000,20,30,162.000000,0,TOTAL_TIMEOUT,2,0.000000,0.000000,0.000000,0.000000,0.000000,0.000000,0.000000,0.000000,0.000000,1.000000,2700.000000,0,0,nan,nan,nan,nan,350.000000,37.500000,0.200000,37.700001,38.200001,0.500001,37.802832,37.802832,20.000000,0.000000,0,nan,nan,nan,nan,-1,0,0,-1,0,0,FAIL_CLEANLY,NONE,NEAR_SP,37.000000,CONTROL-ONLY POST VALIDATION / PHYSICAL UNVERIFIED
medium,25.000000,30,0.100000,30,30,162.000000,1,SUCCESS,3,0.399796,412.000000,193.333359,218.666687,0.884146,47.770897,3.058252,0.003374,199.999985,7.100148,1904.000000,0,0,0.023832,0.052458,0.100956,2.435072,256.000000,37.500000,0.200000,37.700001,38.200001,0.500001,37.899782,37.899782,30.000000,0.000000,0,0.240169,0.475326,0.789798,1.919536,-1,1,1,8269,1,1,BAD,NONE,NEAR_SP,37.000000,CONTROL-ONLY POST VALIDATION / PHYSICAL UNVERIFIED
medium,25.000000,30,0.100000,40,30,162.000000,1,SUCCESS,3,0.449200,378.000031,134.000000,244.000000,0.549180,56.689243,3.333333,0.004008,199.999985,7.730352,1750.000000,0,0,0.041507,0.052980,0.050928,2.596661,236.000000,37.500000,0.200000,37.700001,38.200001,0.500001,37.998207,37.998207,40.000000,0.000000,0,0.240169,0.475326,0.789798,1.919536,-1,1,1,7711,1,1,BAD,NONE,NEAR_SP,37.000000,CONTROL-ONLY POST VALIDATION / PHYSICAL UNVERIFIED
medium,25.000000,30,0.010000,20,30,154.000000,1,SUCCESS,3,0.302597,566.000000,396.666687,169.333344,2.342520,42.077065,2.226148,0.001788,199.999985,8.591494,2594.000000,0,0,0.133100,0.144676,0.051588,1.769445,332.000000,37.500000,0.200000,37.700001,38.200001,0.500001,37.759055,37.759055,20.000000,0.000000,0,0.257610,0.496921,0.821613,1.920418,-1,1,1,7794,1,1,BAD,NONE,NEAR_SP,37.000000,CONTROL-ONLY POST VALIDATION / PHYSICAL UNVERIFIED
medium,25.000000,30,0.010000,30,30,154.000000,1,SUCCESS,3,0.349543,376.666687,177.333359,199.333359,0.889632,54.638714,3.345133,0.004037,200.000000,7.424453,1754.000000,0,0,0.036349,0.042573,0.026183,2.606158,248.000000,37.500000,0.200000,37.700001,38.200001,0.500001,37.864656,37.864656,30.000000,0.000000,0,0.257610,0.496921,0.821613,1.920418,-1,1,1,7650,1,1,BAD,NONE,NEAR_SP,37.000000,CONTROL-ONLY POST VALIDATION / PHYSICAL UNVERIFIED
medium,25.000000,30,0.010000,40,30,154.000000,1,SUCCESS,3,0.401526,356.000031,126.000015,230.000015,0.547826,63.420013,3.539325,0.004519,199.999969,8.144852,1650.000000,0,0,0.036950,0.047460,0.031126,2.712135,228.000000,37.500000,0.200000,37.700001,38.200001,0.500001,37.977427,37.977427,40.000000,0.000000,0,0.257610,0.496921,0.821613,1.920418,-1,1,1,7251,1,1,BAD,NONE,NEAR_SP,37.000000,CONTROL-ONLY POST VALIDATION / PHYSICAL UNVERIFIED
medium,25.000000,60,0.100000,20,30,216.000000,0,TOTAL_TIMEOUT,2,0.000000,0.000000,0.000000,0.000000,0.000000,0.000000,0.000000,0.000000,0.000000,1.000000,2700.000000,0,0,nan,nan,nan,nan,352.000000,37.500000,0.200000,37.700001,38.200001,0.500001,37.847457,37.847457,20.000000,0.000000,0,nan,nan,nan,nan,-1,0,0,-1,0,0,FAIL_CLEANLY,NONE,NEAR_SP,37.000000,CONTROL-ONLY POST VALIDATION / PHYSICAL UNVERIFIED
medium,25.000000,60,0.100000,30,30,216.000000,1,SUCCESS,3,0.499956,528.666687,248.666687,280.000000,0.888095,38.200535,2.383354,0.002049,199.999985,7.285480,2424.000000,0,0,0.148315,0.173112,0.058788,1.991084,310.000000,37.500000,0.200000,37.700001,38.200001,0.500001,38.023618,38.023618,30.000000,0.000000,0,0.456969,1.099322,1.556910,2.564439,-1,1,1,-1,1,1,BAD,NONE,NEAR_SP,37.000000,CONTROL-ONLY POST VALIDATION / PHYSICAL UNVERIFIED
medium,25.000000,60,0.100000,40,30,216.000000,0,SAFETY_ABORT,0,0.000000,0.000000,0.000000,0.000000,0.000000,0.000000,0.000000,0.000000,0.000000,1.000000,358.000000,0,0,nan,nan,nan,nan,300.000000,37.500000,0.200000,37.700001,38.200001,0.500001,38.190137,38.190137,40.000000,0.000000,0,nan,nan,nan,nan,-1,0,0,-1,0,0,SAFETY_ABORT,NONE,NEAR_SP,37.000000,CONTROL-ONLY POST VALIDATION / PHYSICAL UNVERIFIED
medium,25.000000,60,0.010000,20,30,208.000000,0,TOTAL_TIMEOUT,2,0.000000,0.000000,0.000000,0.000000,0.000000,0.000000,0.000000,0.000000,0.000000,1.000000,2700.000000,0,0,nan,nan,nan,nan,336.000000,37.500000,0.200000,37.700001,38.200001,0.500001,37.803418,37.803418,20.000000,0.000000,0,nan,nan,nan,nan,-1,0,0,-1,0,0,FAIL_CLEANLY,NONE,NEAR_SP,37.000000,CONTROL-ONLY POST VALIDATION / PHYSICAL UNVERIFIED
medium,25.000000,60,0.010000,30,30,208.000000,1,SUCCESS,3,0.465429,492.000061,231.333344,260.666656,0.887468,41.034412,2.560975,0.002366,199.999985,7.283165,2272.000000,0,0,0.127915,0.193015,0.143972,2.157195,302.000000,37.500000,0.200000,37.700001,38.200001,0.500001,37.989093,37.989093,30.000000,0.000000,0,0.468564,1.142541,1.616714,2.567846,-1,1,1,-1,1,1,BAD,NONE,NEAR_SP,37.000000,CONTROL-ONLY POST VALIDATION / PHYSICAL UNVERIFIED
medium,25.000000,60,0.010000,40,30,208.000000,1,SUCCESS,3,0.560195,484.000031,172.000015,312.000000,0.551282,45.457035,2.603305,0.002445,199.999985,7.936944,2228.000000,0,0,0.116821,0.187694,0.151792,2.194065,294.000000,37.500000,0.200000,37.700001,38.200001,0.500001,38.179119,38.179119,40.000000,0.000000,0,0.468564,1.142541,1.616714,2.567846,-1,1,1,-1,1,1,BAD,NONE,NEAR_SP,37.000000,CONTROL-ONLY POST VALIDATION / PHYSICAL UNVERIFIED
medium,28.000000,5,0.100000,20,30,98.000000,1,SUCCESS,3,0.299910,440.666687,236.000015,204.666687,1.153094,42.454018,2.859304,0.002949,199.999985,6.748944,2006.000000,0,0,0.052511,0.102997,0.089773,1.680705,242.000000,37.500000,0.200000,37.700001,38.200001,0.500001,37.776694,37.776694,20.000000,0.000000,0,0.027503,0.053293,0.109417,1.492485,1327,1,0,8026,1,1,BAD,NONE,NEAR_SP,37.000000,CONTROL-ONLY POST VALIDATION / PHYSICAL UNVERIFIED
medium,28.000000,5,0.100000,30,30,98.000000,1,SUCCESS,3,0.299747,340.666687,122.000000,218.666672,0.557927,63.715607,3.698630,0.004935,199.999985,7.830370,1542.000000,0,0,0.049196,0.050675,0.004862,2.032095,176.000000,37.500000,0.200000,37.700001,38.200001,0.500001,37.813108,37.813108,30.000000,0.000000,0,0.027503,0.053293,0.109417,1.492485,1327,1,0,6753,1,1,BAD,NONE,NEAR_SP,37.000000,CONTROL-ONLY POST VALIDATION / PHYSICAL UNVERIFIED
medium,28.000000,5,0.100000,40,30,98.000000,1,SUCCESS,3,0.299451,318.666656,86.000008,232.666687,0.369628,85.038376,3.953975,0.005640,199.999985,9.775936,1428.000000,0,0,0.049325,0.050065,0.003562,2.110439,154.000000,37.500000,0.200000,37.700001,38.200001,0.500001,37.844011,37.844011,40.000000,0.000000,0,0.027503,0.053293,0.109417,1.492485,1327,1,0,6315,1,1,BAD,NONE,NEAR_SP,37.000000,CONTROL-ONLY POST VALIDATION / PHYSICAL UNVERIFIED
medium,28.000000,5,0.010000,20,30,90.000000,1,SUCCESS,3,0.237390,382.000031,204.000031,178.000015,1.146068,53.634956,3.298429,0.003925,199.999985,7.391253,1760.000000,0,0,0.020349,0.026509,0.029535,1.882188,234.000000,37.500000,0.200000,37.700001,38.200001,0.500001,37.736732,37.736732,20.000000,0.000000,0,0.002704,0.005241,0.011283,1.492796,1334,1,0,7475,1,1,BAD,NONE,NEAR_SP,37.000000,CONTROL-ONLY POST VALIDATION / PHYSICAL UNVERIFIED
medium,28.000000,5,0.010000,30,30,90.000000,1,SUCCESS,3,0.254626,302.666656,108.000015,194.666687,0.554795,75.006462,4.162995,0.006252,199.999969,8.189739,1376.000000,0,0,0.006929,0.019051,0.027703,2.172098,168.000000,37.500000,0.200000,37.700001,38.200001,0.500001,37.777611,37.777611,30.000000,0.000000,0,0.002704,0.005241,0.011283,1.492796,1334,1,0,6056,1,1,BAD,NONE,NEAR_SP,37.000000,CONTROL-ONLY POST VALIDATION / PHYSICAL UNVERIFIED
medium,28.000000,5,0.010000,40,30,90.000000,1,SUCCESS,3,0.275808,290.666656,78.000000,212.666672,0.366771,92.327843,4.334862,0.006779,199.999985,9.681323,1308.000000,0,0,0.004522,0.008034,0.016181,2.218903,148.000000,37.500000,0.200000,37.700001,38.200001,0.500001,37.824202,37.824202,40.000000,0.000000,0,0.002704,0.005241,0.011283,1.492796,1334,1,0,5828,1,1,BAD,NONE,NEAR_SP,37.000000,CONTROL-ONLY POST VALIDATION / PHYSICAL UNVERIFIED
medium,28.000000,15,0.100000,20,30,112.000000,1,SUCCESS,3,0.299995,479.333374,256.666687,222.666687,1.152695,42.441963,2.628651,0.002493,199.999985,7.339051,2164.000000,0,0,0.101820,0.144523,0.101598,1.579321,248.000000,37.500000,0.200000,37.700001,38.200001,0.500001,37.801963,37.801963,20.000000,0.000000,0,0.122960,0.206153,0.397550,1.679487,-1,1,1,8648,1,1,BAD,NONE,NEAR_SP,37.000000,CONTROL-ONLY POST VALIDATION / PHYSICAL UNVERIFIED
medium,28.000000,15,0.100000,30,30,112.000000,1,SUCCESS,3,0.348820,386.000000,138.000000,248.000015,0.556452,54.752045,3.264249,0.003844,199.999985,7.624203,1732.000000,0,0,0.024289,0.049141,0.073217,1.896145,190.000000,37.500000,0.200000,37.700001,38.200001,0.500001,37.863498,37.863498,30.000000,0.000000,0,0.122960,0.206153,0.397550,1.679487,-1,1,1,7622,1,1,BAD,NONE,NEAR_SP,37.000000,CONTROL-ONLY POST VALIDATION / PHYSICAL UNVERIFIED
medium,28.000000,15,0.100000,40,30,112.000000,1,SUCCESS,3,0.349981,371.333344,100.000008,271.333313,0.368550,72.760429,3.393177,0.004154,199.999969,9.746889,1654.000000,0,0,0.036228,0.050634,0.051071,1.953813,172.000000,37.500000,0.200000,37.700001,38.200001,0.500001,37.926064,37.926064,40.000000,0.000000,0,0.122960,0.206153,0.397550,1.679487,-1,1,1,7379,1,1,BAD,NONE,NEAR_SP,37.000000,CONTROL-ONLY POST VALIDATION / PHYSICAL UNVERIFIED
medium,28.000000,15,0.010000,20,30,106.000000,1,SUCCESS,3,0.263231,419.333344,224.666672,194.666672,1.154110,48.369732,3.004769,0.003257,199.999985,7.317114,1914.000000,0,0,0.021262,0.057140,0.083938,1.781611,236.000000,37.500000,0.200000,37.700001,38.200001,0.500001,37.758891,37.758891,20.000000,0.000000,0,0.134925,0.225098,0.432266,1.681715,-1,1,1,8073,1,1,BAD,NONE,NEAR_SP,37.000000,CONTROL-ONLY POST VALIDATION / PHYSICAL UNVERIFIED
medium,28.000000,15,0.010000,30,30,106.000000,1,SUCCESS,3,0.289954,342.000031,122.666672,219.333344,0.559271,65.867691,3.684210,0.004897,199.999985,8.126534,1556.000000,0,0,0.023198,0.035403,0.030199,2.060948,184.000000,37.500000,0.200000,37.700001,38.200001,0.500001,37.826297,37.826297,30.000000,0.000000,0,0.134925,0.225098,0.432266,1.681715,-1,1,1,6774,1,1,BAD,NONE,NEAR_SP,37.000000,CONTROL-ONLY POST VALIDATION / PHYSICAL UNVERIFIED
medium,28.000000,15,0.010000,40,30,106.000000,1,SUCCESS,3,0.328023,340.000031,92.000008,248.000015,0.370968,77.631058,3.705882,0.004954,199.999985,9.521848,1528.000000,0,0,0.022318,0.035344,0.031690,2.068563,168.000000,37.500000,0.200000,37.700001,38.200001,0.500001,37.900426,37.900426,40.000000,0.000000,0,0.134925,0.225098,0.432266,1.681715,-1,1,1,6740,1,1,BAD,NONE,NEAR_SP,37.000000,CONTROL-ONLY POST VALIDATION / PHYSICAL UNVERIFIED
medium,28.000000,30,0.100000,20,30,134.000000,1,SUCCESS,3,0.312593,536.666687,287.333344,249.333344,1.152406,40.731483,2.347826,0.001989,199.999985,7.885725,2400.000000,0,0,0.124105,0.131296,0.025386,1.437560,254.000000,37.500000,0.200000,37.700001,38.200001,0.500001,37.837642,37.837642,20.000000,0.000000,0,0.175868,0.342136,0.568674,1.991924,-1,1,1,7205,1,0,UNVERIFIED_CANDIDATE,NONE,NEAR_SP,37.000000,CONTROL-ONLY POST VALIDATION / PHYSICAL UNVERIFIED
medium,28.000000,30,0.100000,30,30,134.000000,1,SUCCESS,3,0.349997,445.333374,160.000000,285.333344,0.560748,54.567944,2.829341,0.002888,199.999985,8.766568,1994.000000,0,0,0.051062,0.101698,0.090114,1.734102,212.000000,37.500000,0.200000,37.700001,38.200001,0.500001,37.932388,37.932388,30.000000,0.000000,0,0.175868,0.342136,0.568674,1.991924,-1,1,1,8208,1,1,BAD,NONE,NEAR_SP,37.000000,CONTROL-ONLY POST VALIDATION / PHYSICAL UNVERIFIED
medium,28.000000,30,0.100000,40,30,134.000000,1,SUCCESS,3,0.399996,444.666687,120.000015,324.666687,0.369610,63.662647,2.833583,0.002897,199.999985,10.212359,1978.000000,0,0,0.050543,0.100411,0.089137,1.736777,200.000000,37.500000,0.200000,37.700001,38.200001,0.500001,38.042635,38.042635,40.000000,0.000000,0,0.175868,0.342136,0.568674,1.991924,-1,1,1,8205,1,1,BAD,NONE,NEAR_SP,37.000000,CONTROL-ONLY POST VALIDATION / PHYSICAL UNVERIFIED
medium,28.000000,30,0.010000,20,30,128.000000,1,SUCCESS,3,0.299315,478.000031,256.000000,222.000031,1.153153,42.538425,2.635983,0.002507,199.999985,7.335270,2156.000000,0,0,0.084037,0.135456,0.110364,1.619895,244.000000,37.500000,0.200000,37.700001,38.200001,0.500001,37.794795,37.794795,20.000000,0.000000,0,0.189234,0.376345,0.626043,1.997969,-1,1,1,8823,1,1,BAD,NONE,NEAR_SP,37.000000,CONTROL-ONLY POST VALIDATION / PHYSICAL UNVERIFIED
medium,28.000000,30,0.010000,30,30,128.000000,1,SUCCESS,3,0.350117,406.666718,146.000000,260.666656,0.560102,54.549213,3.098360,0.003463,199.999985,8.002652,1834.000000,0,0,0.017857,0.030945,0.063807,1.868343,206.000000,37.500000,0.200000,37.700001,38.200001,0.500001,37.901077,37.901077,30.000000,0.000000,0,0.189234,0.376345,0.626043,1.997969,-1,1,1,7886,1,1,BAD,NONE,NEAR_SP,37.000000,CONTROL-ONLY POST VALIDATION / PHYSICAL UNVERIFIED
medium,28.000000,30,0.010000,40,30,128.000000,1,SUCCESS,3,0.405038,413.333374,112.000008,301.333313,0.371681,62.870098,3.048387,0.003352,199.999985,9.374571,1846.000000,0,0,0.018812,0.042678,0.075723,1.844303,194.000000,37.500000,0.200000,37.700001,38.200001,0.500001,38.016967,38.016967,40.000000,0.000000,0,0.189234,0.376345,0.626043,1.997969,-1,1,1,7989,1,1,BAD,NONE,NEAR_SP,37.000000,CONTROL-ONLY POST VALIDATION / PHYSICAL UNVERIFIED
medium,28.000000,60,0.100000,20,30,180.000000,0,TOTAL_TIMEOUT,2,0.000000,0.000000,0.000000,0.000000,0.000000,0.000000,0.000000,0.000000,0.000000,1.000000,2700.000000,0,0,nan,nan,nan,nan,266.000000,37.500000,0.200000,37.700001,38.200001,0.500001,37.907027,37.907027,20.000000,0.000000,0,nan,nan,nan,nan,-1,0,0,-1,0,0,FAIL_CLEANLY,NONE,NEAR_SP,37.000000,CONTROL-ONLY POST VALIDATION / PHYSICAL UNVERIFIED
medium,28.000000,60,0.100000,30,30,180.000000,1,SUCCESS,3,0.499945,572.666687,206.000015,366.666687,0.561818,38.201359,2.200233,0.001746,199.999985,7.892008,2548.000000,0,0,0.098729,0.108595,0.041527,1.371196,258.000000,37.500000,0.200000,37.700001,38.200001,0.500001,38.085896,38.085896,30.000000,0.000000,0,0.340464,0.827280,1.170671,2.663727,-1,1,1,7683,1,0,UNVERIFIED_CANDIDATE,NONE,NEAR_SP,37.000000,CONTROL-ONLY POST VALIDATION / PHYSICAL UNVERIFIED
medium,28.000000,60,0.100000,40,30,180.000000,0,SAFETY_ABORT,0,0.000000,0.000000,0.000000,0.000000,0.000000,0.000000,0.000000,0.000000,0.000000,1.000000,306.000000,1,0,nan,nan,nan,nan,254.000000,37.500000,0.200000,37.700001,38.200001,0.500001,38.251024,38.251024,40.000000,0.000000,0,nan,nan,nan,nan,-1,0,0,-1,0,0,SAFETY_ABORT,NONE,NEAR_SP,37.000000,CONTROL-ONLY POST VALIDATION / PHYSICAL UNVERIFIED
medium,28.000000,60,0.010000,20,30,174.000000,1,SUCCESS,3,0.374233,591.333374,316.666687,274.666687,1.152913,34.022617,2.130778,0.001638,199.999985,7.257831,2622.000000,0,0,0.084659,0.104159,0.074813,1.317609,256.000000,37.500000,0.200000,37.700001,38.200001,0.500001,37.866912,37.866912,20.000000,0.000000,0,0.371821,0.870703,1.233147,2.669382,-1,1,1,7971,1,0,UNVERIFIED_CANDIDATE,NONE,NEAR_SP,37.000000,CONTROL-ONLY POST VALIDATION / PHYSICAL UNVERIFIED
medium,28.000000,60,0.010000,30,30,174.000000,1,SUCCESS,3,0.467576,534.000000,192.000031,342.000031,0.561404,40.845989,2.359550,0.002008,199.999985,7.868600,2384.000000,0,0,0.119906,0.136382,0.051351,1.497860,250.000000,37.500000,0.200000,37.700001,38.200001,0.500001,38.054665,38.054665,30.000000,0.000000,0,0.371821,0.870703,1.233147,2.669382,-1,1,1,7102,1,0,UNVERIFIED_CANDIDATE,NONE,NEAR_SP,37.000000,CONTROL-ONLY POST VALIDATION / PHYSICAL UNVERIFIED
medium,28.000000,60,0.010000,40,30,174.000000,0,SAFETY_ABORT,0,0.000000,0.000000,0.000000,0.000000,0.000000,0.000000,0.000000,0.000000,0.000000,1.000000,310.000000,1,0,nan,nan,nan,nan,250.000000,37.500000,0.200000,37.700001,38.200001,0.500001,38.238257,38.238257,40.000000,0.000000,0,nan,nan,nan,nan,-1,0,0,-1,0,0,SAFETY_ABORT,NONE,NEAR_SP,37.000000,CONTROL-ONLY POST VALIDATION / PHYSICAL UNVERIFIED
heavy,20.000000,5,0.100000,20,30,900.000000,0,PREHEAT_TIMEOUT,0,0.000000,0.000000,0.000000,0.000000,0.000000,0.000000,0.000000,0.000000,0.000000,1.000000,900.000000,0,0,nan,nan,nan,nan,-1.000000,37.500000,0.200000,37.700001,38.200001,0.500001,36.798086,37.000000,20.000000,0.000000,1,nan,nan,nan,nan,-1,0,0,-1,0,0,FAIL_CLEANLY,NONE,NEAR_SP,37.000000,CONTROL-ONLY POST VALIDATION / PHYSICAL UNVERIFIED
heavy,20.000000,5,0.100000,30,30,900.000000,0,PREHEAT_TIMEOUT,0,0.000000,0.000000,0.000000,0.000000,0.000000,0.000000,0.000000,0.000000,0.000000,1.000000,900.000000,0,0,nan,nan,nan,nan,-1.000000,37.500000,0.200000,37.700001,38.200001,0.500001,36.798086,37.000000,30.000000,0.000000,1,nan,nan,nan,nan,-1,0,0,-1,0,0,FAIL_CLEANLY,NONE,NEAR_SP,37.000000,CONTROL-ONLY POST VALIDATION / PHYSICAL UNVERIFIED
heavy,20.000000,5,0.100000,40,30,900.000000,0,PREHEAT_TIMEOUT,0,0.000000,0.000000,0.000000,0.000000,0.000000,0.000000,0.000000,0.000000,0.000000,1.000000,900.000000,0,0,nan,nan,nan,nan,-1.000000,37.500000,0.200000,37.700001,38.200001,0.500001,36.798086,37.000000,40.000000,0.000000,0,nan,nan,nan,nan,-1,0,0,-1,0,0,FAIL_CLEANLY,NONE,NEAR_SP,37.000000,CONTROL-ONLY POST VALIDATION / PHYSICAL UNVERIFIED
heavy,20.000000,5,0.010000,20,30,900.000000,0,PREHEAT_TIMEOUT,0,0.000000,0.000000,0.000000,0.000000,0.000000,0.000000,0.000000,0.000000,0.000000,1.000000,900.000000,0,0,nan,nan,nan,nan,-1.000000,37.500000,0.200000,37.700001,38.200001,0.500001,36.798086,37.000000,20.000000,0.000000,1,nan,nan,nan,nan,-1,0,0,-1,0,0,FAIL_CLEANLY,NONE,NEAR_SP,37.000000,CONTROL-ONLY POST VALIDATION / PHYSICAL UNVERIFIED
heavy,20.000000,5,0.010000,30,30,900.000000,0,PREHEAT_TIMEOUT,0,0.000000,0.000000,0.000000,0.000000,0.000000,0.000000,0.000000,0.000000,0.000000,1.000000,900.000000,0,0,nan,nan,nan,nan,-1.000000,37.500000,0.200000,37.700001,38.200001,0.500001,36.798086,37.000000,30.000000,0.000000,1,nan,nan,nan,nan,-1,0,0,-1,0,0,FAIL_CLEANLY,NONE,NEAR_SP,37.000000,CONTROL-ONLY POST VALIDATION / PHYSICAL UNVERIFIED
heavy,20.000000,5,0.010000,40,30,900.000000,0,PREHEAT_TIMEOUT,0,0.000000,0.000000,0.000000,0.000000,0.000000,0.000000,0.000000,0.000000,0.000000,1.000000,900.000000,0,0,nan,nan,nan,nan,-1.000000,37.500000,0.200000,37.700001,38.200001,0.500001,36.798086,37.000000,40.000000,0.000000,0,nan,nan,nan,nan,-1,0,0,-1,0,0,FAIL_CLEANLY,NONE,NEAR_SP,37.000000,CONTROL-ONLY POST VALIDATION / PHYSICAL UNVERIFIED
heavy,20.000000,15,0.100000,20,30,900.000000,0,PREHEAT_TIMEOUT,0,0.000000,0.000000,0.000000,0.000000,0.000000,0.000000,0.000000,0.000000,0.000000,1.000000,900.000000,0,0,nan,nan,nan,nan,-1.000000,37.500000,0.200000,37.700001,38.200001,0.500001,36.772632,37.000000,20.000000,0.000000,1,nan,nan,nan,nan,-1,0,0,-1,0,0,FAIL_CLEANLY,NONE,NEAR_SP,37.000000,CONTROL-ONLY POST VALIDATION / PHYSICAL UNVERIFIED
heavy,20.000000,15,0.100000,30,30,900.000000,0,PREHEAT_TIMEOUT,0,0.000000,0.000000,0.000000,0.000000,0.000000,0.000000,0.000000,0.000000,0.000000,1.000000,900.000000,0,0,nan,nan,nan,nan,-1.000000,37.500000,0.200000,37.700001,38.200001,0.500001,36.772632,37.000000,30.000000,0.000000,1,nan,nan,nan,nan,-1,0,0,-1,0,0,FAIL_CLEANLY,NONE,NEAR_SP,37.000000,CONTROL-ONLY POST VALIDATION / PHYSICAL UNVERIFIED
heavy,20.000000,15,0.100000,40,30,900.000000,0,PREHEAT_TIMEOUT,0,0.000000,0.000000,0.000000,0.000000,0.000000,0.000000,0.000000,0.000000,0.000000,1.000000,900.000000,0,0,nan,nan,nan,nan,-1.000000,37.500000,0.200000,37.700001,38.200001,0.500001,36.772632,37.000000,40.000000,0.000000,0,nan,nan,nan,nan,-1,0,0,-1,0,0,FAIL_CLEANLY,NONE,NEAR_SP,37.000000,CONTROL-ONLY POST VALIDATION / PHYSICAL UNVERIFIED
heavy,20.000000,15,0.010000,20,30,900.000000,0,PREHEAT_TIMEOUT,0,0.000000,0.000000,0.000000,0.000000,0.000000,0.000000,0.000000,0.000000,0.000000,1.000000,900.000000,0,0,nan,nan,nan,nan,-1.000000,37.500000,0.200000,37.700001,38.200001,0.500001,36.772632,37.000000,20.000000,0.000000,1,nan,nan,nan,nan,-1,0,0,-1,0,0,FAIL_CLEANLY,NONE,NEAR_SP,37.000000,CONTROL-ONLY POST VALIDATION / PHYSICAL UNVERIFIED
heavy,20.000000,15,0.010000,30,30,900.000000,0,PREHEAT_TIMEOUT,0,0.000000,0.000000,0.000000,0.000000,0.000000,0.000000,0.000000,0.000000,0.000000,1.000000,900.000000,0,0,nan,nan,nan,nan,-1.000000,37.500000,0.200000,37.700001,38.200001,0.500001,36.772632,37.000000,30.000000,0.000000,1,nan,nan,nan,nan,-1,0,0,-1,0,0,FAIL_CLEANLY,NONE,NEAR_SP,37.000000,CONTROL-ONLY POST VALIDATION / PHYSICAL UNVERIFIED
heavy,20.000000,15,0.010000,40,30,900.000000,0,PREHEAT_TIMEOUT,0,0.000000,0.000000,0.000000,0.000000,0.000000,0.000000,0.000000,0.000000,0.000000,1.000000,900.000000,0,0,nan,nan,nan,nan,-1.000000,37.500000,0.200000,37.700001,38.200001,0.500001,36.772632,37.000000,40.000000,0.000000,0,nan,nan,nan,nan,-1,0,0,-1,0,0,FAIL_CLEANLY,NONE,NEAR_SP,37.000000,CONTROL-ONLY POST VALIDATION / PHYSICAL UNVERIFIED
heavy,20.000000,30,0.100000,20,30,900.000000,0,PREHEAT_TIMEOUT,0,0.000000,0.000000,0.000000,0.000000,0.000000,0.000000,0.000000,0.000000,0.000000,1.000000,900.000000,0,0,nan,nan,nan,nan,-1.000000,37.500000,0.200000,37.700001,38.200001,0.500001,36.734364,37.000000,20.000000,0.000000,1,nan,nan,nan,nan,-1,0,0,-1,0,0,FAIL_CLEANLY,NONE,NEAR_SP,37.000000,CONTROL-ONLY POST VALIDATION / PHYSICAL UNVERIFIED
heavy,20.000000,30,0.100000,30,30,900.000000,0,PREHEAT_TIMEOUT,0,0.000000,0.000000,0.000000,0.000000,0.000000,0.000000,0.000000,0.000000,0.000000,1.000000,900.000000,0,0,nan,nan,nan,nan,-1.000000,37.500000,0.200000,37.700001,38.200001,0.500001,36.734364,37.000000,30.000000,0.000000,1,nan,nan,nan,nan,-1,0,0,-1,0,0,FAIL_CLEANLY,NONE,NEAR_SP,37.000000,CONTROL-ONLY POST VALIDATION / PHYSICAL UNVERIFIED
heavy,20.000000,30,0.100000,40,30,900.000000,0,PREHEAT_TIMEOUT,0,0.000000,0.000000,0.000000,0.000000,0.000000,0.000000,0.000000,0.000000,0.000000,1.000000,900.000000,0,0,nan,nan,nan,nan,-1.000000,37.500000,0.200000,37.700001,38.200001,0.500001,36.734364,37.000000,40.000000,0.000000,0,nan,nan,nan,nan,-1,0,0,-1,0,0,FAIL_CLEANLY,NONE,NEAR_SP,37.000000,CONTROL-ONLY POST VALIDATION / PHYSICAL UNVERIFIED
heavy,20.000000,30,0.010000,20,30,900.000000,0,PREHEAT_TIMEOUT,0,0.000000,0.000000,0.000000,0.000000,0.000000,0.000000,0.000000,0.000000,0.000000,1.000000,900.000000,0,0,nan,nan,nan,nan,-1.000000,37.500000,0.200000,37.700001,38.200001,0.500001,36.734364,37.000000,20.000000,0.000000,1,nan,nan,nan,nan,-1,0,0,-1,0,0,FAIL_CLEANLY,NONE,NEAR_SP,37.000000,CONTROL-ONLY POST VALIDATION / PHYSICAL UNVERIFIED
heavy,20.000000,30,0.010000,30,30,900.000000,0,PREHEAT_TIMEOUT,0,0.000000,0.000000,0.000000,0.000000,0.000000,0.000000,0.000000,0.000000,0.000000,1.000000,900.000000,0,0,nan,nan,nan,nan,-1.000000,37.500000,0.200000,37.700001,38.200001,0.500001,36.734364,37.000000,30.000000,0.000000,1,nan,nan,nan,nan,-1,0,0,-1,0,0,FAIL_CLEANLY,NONE,NEAR_SP,37.000000,CONTROL-ONLY POST VALIDATION / PHYSICAL UNVERIFIED
heavy,20.000000,30,0.010000,40,30,900.000000,0,PREHEAT_TIMEOUT,0,0.000000,0.000000,0.000000,0.000000,0.000000,0.000000,0.000000,0.000000,0.000000,1.000000,900.000000,0,0,nan,nan,nan,nan,-1.000000,37.500000,0.200000,37.700001,38.200001,0.500001,36.734364,37.000000,40.000000,0.000000,0,nan,nan,nan,nan,-1,0,0,-1,0,0,FAIL_CLEANLY,NONE,NEAR_SP,37.000000,CONTROL-ONLY POST VALIDATION / PHYSICAL UNVERIFIED
heavy,20.000000,60,0.100000,20,30,900.000000,0,PREHEAT_TIMEOUT,0,0.000000,0.000000,0.000000,0.000000,0.000000,0.000000,0.000000,0.000000,0.000000,1.000000,900.000000,0,0,nan,nan,nan,nan,-1.000000,37.500000,0.200000,37.700001,38.200001,0.500001,36.657505,37.000000,20.000000,0.000000,1,nan,nan,nan,nan,-1,0,0,-1,0,0,FAIL_CLEANLY,NONE,NEAR_SP,37.000000,CONTROL-ONLY POST VALIDATION / PHYSICAL UNVERIFIED
heavy,20.000000,60,0.100000,30,30,900.000000,0,PREHEAT_TIMEOUT,0,0.000000,0.000000,0.000000,0.000000,0.000000,0.000000,0.000000,0.000000,0.000000,1.000000,900.000000,0,0,nan,nan,nan,nan,-1.000000,37.500000,0.200000,37.700001,38.200001,0.500001,36.657505,37.000000,30.000000,0.000000,1,nan,nan,nan,nan,-1,0,0,-1,0,0,FAIL_CLEANLY,NONE,NEAR_SP,37.000000,CONTROL-ONLY POST VALIDATION / PHYSICAL UNVERIFIED
heavy,20.000000,60,0.100000,40,30,900.000000,0,PREHEAT_TIMEOUT,0,0.000000,0.000000,0.000000,0.000000,0.000000,0.000000,0.000000,0.000000,0.000000,1.000000,900.000000,0,0,nan,nan,nan,nan,-1.000000,37.500000,0.200000,37.700001,38.200001,0.500001,36.657505,37.000000,40.000000,0.000000,0,nan,nan,nan,nan,-1,0,0,-1,0,0,FAIL_CLEANLY,NONE,NEAR_SP,37.000000,CONTROL-ONLY POST VALIDATION / PHYSICAL UNVERIFIED
heavy,20.000000,60,0.010000,20,30,900.000000,0,PREHEAT_TIMEOUT,0,0.000000,0.000000,0.000000,0.000000,0.000000,0.000000,0.000000,0.000000,0.000000,1.000000,900.000000,0,0,nan,nan,nan,nan,-1.000000,37.500000,0.200000,37.700001,38.200001,0.500001,36.657505,37.000000,20.000000,0.000000,1,nan,nan,nan,nan,-1,0,0,-1,0,0,FAIL_CLEANLY,NONE,NEAR_SP,37.000000,CONTROL-ONLY POST VALIDATION / PHYSICAL UNVERIFIED
heavy,20.000000,60,0.010000,30,30,900.000000,0,PREHEAT_TIMEOUT,0,0.000000,0.000000,0.000000,0.000000,0.000000,0.000000,0.000000,0.000000,0.000000,1.000000,900.000000,0,0,nan,nan,nan,nan,-1.000000,37.500000,0.200000,37.700001,38.200001,0.500001,36.657505,37.000000,30.000000,0.000000,1,nan,nan,nan,nan,-1,0,0,-1,0,0,FAIL_CLEANLY,NONE,NEAR_SP,37.000000,CONTROL-ONLY POST VALIDATION / PHYSICAL UNVERIFIED
heavy,20.000000,60,0.010000,40,30,900.000000,0,PREHEAT_TIMEOUT,0,0.000000,0.000000,0.000000,0.000000,0.000000,0.000000,0.000000,0.000000,0.000000,1.000000,900.000000,0,0,nan,nan,nan,nan,-1.000000,37.500000,0.200000,37.700001,38.200001,0.500001,36.657505,37.000000,40.000000,0.000000,0,nan,nan,nan,nan,-1,0,0,-1,0,0,FAIL_CLEANLY,NONE,NEAR_SP,37.000000,CONTROL-ONLY POST VALIDATION / PHYSICAL UNVERIFIED
heavy,25.000000,5,0.100000,20,30,564.000000,0,PHASE_TIMEOUT,0,0.000000,0.000000,0.000000,0.000000,0.000000,0.000000,0.000000,0.000000,0.000000,1.000000,1464.000000,0,0,nan,nan,nan,nan,-1.000000,37.500000,0.200000,37.700001,38.200001,0.500001,37.100758,37.357552,20.000000,0.000000,1,nan,nan,nan,nan,-1,0,0,-1,0,0,FAIL_CLEANLY,NONE,NEAR_SP,37.000000,CONTROL-ONLY POST VALIDATION / PHYSICAL UNVERIFIED
heavy,25.000000,5,0.100000,30,30,564.000000,0,TOTAL_TIMEOUT,0,0.000000,0.000000,0.000000,0.000000,0.000000,0.000000,0.000000,0.000000,0.000000,1.000000,2700.000000,0,0,nan,nan,nan,nan,1184.000000,37.500000,0.200000,37.700001,38.200001,0.500001,37.756009,37.756009,30.000000,0.000000,0,nan,nan,nan,nan,-1,0,0,-1,0,0,FAIL_CLEANLY,NONE,NEAR_SP,37.000000,CONTROL-ONLY POST VALIDATION / PHYSICAL UNVERIFIED
heavy,25.000000,5,0.100000,40,30,564.000000,0,TOTAL_TIMEOUT,2,0.000000,0.000000,0.000000,0.000000,0.000000,0.000000,0.000000,0.000000,0.000000,1.000000,2700.000000,0,0,nan,nan,nan,nan,816.000000,37.500000,0.200000,37.700001,38.200001,0.500001,37.765030,37.765030,40.000000,0.000000,0,nan,nan,nan,nan,-1,0,0,-1,0,0,FAIL_CLEANLY,NONE,NEAR_SP,37.000000,CONTROL-ONLY POST VALIDATION / PHYSICAL UNVERIFIED
heavy,25.000000,5,0.010000,20,30,500.000000,0,PHASE_TIMEOUT,0,0.000000,0.000000,0.000000,0.000000,0.000000,0.000000,0.000000,0.000000,0.000000,1.000000,1400.000000,0,0,nan,nan,nan,nan,-1.000000,37.500000,0.200000,37.700001,38.200001,0.500001,37.063867,37.313906,20.000000,0.000000,1,nan,nan,nan,nan,-1,0,0,-1,0,0,FAIL_CLEANLY,NONE,NEAR_SP,37.000000,CONTROL-ONLY POST VALIDATION / PHYSICAL UNVERIFIED
heavy,25.000000,5,0.010000,30,30,500.000000,0,TOTAL_TIMEOUT,0,0.000000,0.000000,0.000000,0.000000,0.000000,0.000000,0.000000,0.000000,0.000000,1.000000,2700.000000,0,0,nan,nan,nan,nan,1110.000000,37.500000,0.200000,37.700001,38.200001,0.500001,37.710251,37.710251,30.000000,0.000000,0,nan,nan,nan,nan,-1,0,0,-1,0,0,FAIL_CLEANLY,NONE,NEAR_SP,37.000000,CONTROL-ONLY POST VALIDATION / PHYSICAL UNVERIFIED
heavy,25.000000,5,0.010000,40,30,500.000000,0,TOTAL_TIMEOUT,2,0.000000,0.000000,0.000000,0.000000,0.000000,0.000000,0.000000,0.000000,0.000000,1.000000,2700.000000,0,0,nan,nan,nan,nan,750.000000,37.500000,0.200000,37.700001,38.200001,0.500001,37.719979,37.719979,40.000000,0.000000,0,nan,nan,nan,nan,-1,0,0,-1,0,0,FAIL_CLEANLY,NONE,NEAR_SP,37.000000,CONTROL-ONLY POST VALIDATION / PHYSICAL UNVERIFIED
heavy,25.000000,15,0.100000,20,30,604.000000,0,PHASE_TIMEOUT,0,0.000000,0.000000,0.000000,0.000000,0.000000,0.000000,0.000000,0.000000,0.000000,1.000000,1504.000000,0,0,nan,nan,nan,nan,-1.000000,37.500000,0.200000,37.700001,38.200001,0.500001,37.109703,37.364848,20.000000,0.000000,1,nan,nan,nan,nan,-1,0,0,-1,0,0,FAIL_CLEANLY,NONE,NEAR_SP,37.000000,CONTROL-ONLY POST VALIDATION / PHYSICAL UNVERIFIED
heavy,25.000000,15,0.100000,30,30,604.000000,0,TOTAL_TIMEOUT,0,0.000000,0.000000,0.000000,0.000000,0.000000,0.000000,0.000000,0.000000,0.000000,1.000000,2700.000000,0,0,nan,nan,nan,nan,1222.000000,37.500000,0.200000,37.700001,38.200001,0.500001,37.762040,37.762040,30.000000,0.000000,0,nan,nan,nan,nan,-1,0,0,-1,0,0,FAIL_CLEANLY,NONE,NEAR_SP,37.000000,CONTROL-ONLY POST VALIDATION / PHYSICAL UNVERIFIED
heavy,25.000000,15,0.100000,40,30,604.000000,0,TOTAL_TIMEOUT,1,0.000000,0.000000,0.000000,0.000000,0.000000,0.000000,0.000000,0.000000,0.000000,1.000000,2700.000000,0,0,nan,nan,nan,nan,862.000000,37.500000,0.200000,37.700001,38.200001,0.500001,37.782936,37.782936,40.000000,0.000000,0,nan,nan,nan,nan,-1,0,0,-1,0,0,FAIL_CLEANLY,NONE,NEAR_SP,37.000000,CONTROL-ONLY POST VALIDATION / PHYSICAL UNVERIFIED
heavy,25.000000,15,0.010000,20,30,538.000000,0,PHASE_TIMEOUT,0,0.000000,0.000000,0.000000,0.000000,0.000000,0.000000,0.000000,0.000000,0.000000,1.000000,1438.000000,0,0,nan,nan,nan,nan,-1.000000,37.500000,0.200000,37.700001,38.200001,0.500001,37.071335,37.319634,20.000000,0.000000,1,nan,nan,nan,nan,-1,0,0,-1,0,0,FAIL_CLEANLY,NONE,NEAR_SP,37.000000,CONTROL-ONLY POST VALIDATION / PHYSICAL UNVERIFIED
heavy,25.000000,15,0.010000,30,30,538.000000,0,TOTAL_TIMEOUT,0,0.000000,0.000000,0.000000,0.000000,0.000000,0.000000,0.000000,0.000000,0.000000,1.000000,2700.000000,0,0,nan,nan,nan,nan,1150.000000,37.500000,0.200000,37.700001,38.200001,0.500001,37.716971,37.716971,30.000000,0.000000,0,nan,nan,nan,nan,-1,0,0,-1,0,0,FAIL_CLEANLY,NONE,NEAR_SP,37.000000,CONTROL-ONLY POST VALIDATION / PHYSICAL UNVERIFIED
heavy,25.000000,15,0.010000,40,30,538.000000,0,TOTAL_TIMEOUT,2,0.000000,0.000000,0.000000,0.000000,0.000000,0.000000,0.000000,0.000000,0.000000,1.000000,2700.000000,0,0,nan,nan,nan,nan,796.000000,37.500000,0.200000,37.700001,38.200001,0.500001,37.738268,37.738268,40.000000,0.000000,0,nan,nan,nan,nan,-1,0,0,-1,0,0,FAIL_CLEANLY,NONE,NEAR_SP,37.000000,CONTROL-ONLY POST VALIDATION / PHYSICAL UNVERIFIED
heavy,25.000000,30,0.100000,20,30,662.000000,0,PHASE_TIMEOUT,0,0.000000,0.000000,0.000000,0.000000,0.000000,0.000000,0.000000,0.000000,0.000000,1.000000,1562.000000,0,0,nan,nan,nan,nan,-1.000000,37.500000,0.200000,37.700001,38.200001,0.500001,37.122154,37.374640,20.000000,0.000000,1,nan,nan,nan,nan,-1,0,0,-1,0,0,FAIL_CLEANLY,NONE,NEAR_SP,37.000000,CONTROL-ONLY POST VALIDATION / PHYSICAL UNVERIFIED
heavy,25.000000,30,0.100000,30,30,662.000000,0,PHASE_TIMEOUT,0,0.000000,0.000000,0.000000,0.000000,0.000000,0.000000,0.000000,0.000000,0.000000,1.000000,2446.000000,0,0,nan,nan,nan,nan,1282.000000,37.500000,0.200000,37.700001,38.200001,0.500001,37.770741,37.770741,30.000000,0.000000,0,nan,nan,nan,nan,-1,0,0,-1,0,0,FAIL_CLEANLY,NONE,NEAR_SP,37.000000,CONTROL-ONLY POST VALIDATION / PHYSICAL UNVERIFIED
heavy,25.000000,30,0.100000,40,30,662.000000,0,TOTAL_TIMEOUT,1,0.000000,0.000000,0.000000,0.000000,0.000000,0.000000,0.000000,0.000000,0.000000,1.000000,2700.000000,0,0,nan,nan,nan,nan,930.000000,37.500000,0.200000,37.700001,38.200001,0.500001,37.807042,37.807042,40.000000,0.000000,0,nan,nan,nan,nan,-1,0,0,-1,0,0,FAIL_CLEANLY,NONE,NEAR_SP,37.000000,CONTROL-ONLY POST VALIDATION / PHYSICAL UNVERIFIED
heavy,25.000000,30,0.010000,20,30,598.000000,0,PHASE_TIMEOUT,0,0.000000,0.000000,0.000000,0.000000,0.000000,0.000000,0.000000,0.000000,0.000000,1.000000,1498.000000,0,0,nan,nan,nan,nan,-1.000000,37.500000,0.200000,37.700001,38.200001,0.500001,37.084769,37.330772,20.000000,0.000000,1,nan,nan,nan,nan,-1,0,0,-1,0,0,FAIL_CLEANLY,NONE,NEAR_SP,37.000000,CONTROL-ONLY POST VALIDATION / PHYSICAL UNVERIFIED
heavy,25.000000,30,0.010000,30,30,598.000000,0,TOTAL_TIMEOUT,0,0.000000,0.000000,0.000000,0.000000,0.000000,0.000000,0.000000,0.000000,0.000000,1.000000,2700.000000,0,0,nan,nan,nan,nan,1208.000000,37.500000,0.200000,37.700001,38.200001,0.500001,37.726229,37.726229,30.000000,0.000000,0,nan,nan,nan,nan,-1,0,0,-1,0,0,FAIL_CLEANLY,NONE,NEAR_SP,37.000000,CONTROL-ONLY POST VALIDATION / PHYSICAL UNVERIFIED
heavy,25.000000,30,0.010000,40,30,598.000000,0,TOTAL_TIMEOUT,2,0.000000,0.000000,0.000000,0.000000,0.000000,0.000000,0.000000,0.000000,0.000000,1.000000,2700.000000,0,0,nan,nan,nan,nan,864.000000,37.500000,0.200000,37.700001,38.200001,0.500001,37.762691,37.762691,40.000000,0.000000,0,nan,nan,nan,nan,-1,0,0,-1,0,0,FAIL_CLEANLY,NONE,NEAR_SP,37.000000,CONTROL-ONLY POST VALIDATION / PHYSICAL UNVERIFIED
heavy,25.000000,60,0.100000,20,30,778.000000,0,PHASE_TIMEOUT,0,0.000000,0.000000,0.000000,0.000000,0.000000,0.000000,0.000000,0.000000,0.000000,1.000000,1678.000000,0,0,nan,nan,nan,nan,-1.000000,37.500000,0.200000,37.700001,38.200001,0.500001,37.147446,37.394665,20.000000,0.000000,1,nan,nan,nan,nan,-1,0,0,-1,0,0,FAIL_CLEANLY,NONE,NEAR_SP,37.000000,CONTROL-ONLY POST VALIDATION / PHYSICAL UNVERIFIED
heavy,25.000000,60,0.100000,30,30,778.000000,0,PHASE_TIMEOUT,0,0.000000,0.000000,0.000000,0.000000,0.000000,0.000000,0.000000,0.000000,0.000000,1.000000,2600.000000,0,0,nan,nan,nan,nan,1398.000000,37.500000,0.200000,37.700001,38.200001,0.500001,37.788543,37.788543,30.000000,0.000000,0,nan,nan,nan,nan,-1,0,0,-1,0,0,FAIL_CLEANLY,NONE,NEAR_SP,37.000000,CONTROL-ONLY POST VALIDATION / PHYSICAL UNVERIFIED
heavy,25.000000,60,0.100000,40,30,778.000000,0,TOTAL_TIMEOUT,1,0.000000,0.000000,0.000000,0.000000,0.000000,0.000000,0.000000,0.000000,0.000000,1.000000,2700.000000,0,0,nan,nan,nan,nan,1064.000000,37.500000,0.200000,37.700001,38.200001,0.500001,37.854828,37.854828,40.000000,0.000000,0,nan,nan,nan,nan,-1,0,0,-1,0,0,FAIL_CLEANLY,NONE,NEAR_SP,37.000000,CONTROL-ONLY POST VALIDATION / PHYSICAL UNVERIFIED
heavy,25.000000,60,0.010000,20,30,714.000000,0,PHASE_TIMEOUT,0,0.000000,0.000000,0.000000,0.000000,0.000000,0.000000,0.000000,0.000000,0.000000,1.000000,1614.000000,0,0,nan,nan,nan,nan,-1.000000,37.500000,0.200000,37.700001,38.200001,0.500001,37.110056,37.351057,20.000000,0.000000,1,nan,nan,nan,nan,-1,0,0,-1,0,0,FAIL_CLEANLY,NONE,NEAR_SP,37.000000,CONTROL-ONLY POST VALIDATION / PHYSICAL UNVERIFIED
heavy,25.000000,60,0.010000,30,30,714.000000,0,PHASE_TIMEOUT,0,0.000000,0.000000,0.000000,0.000000,0.000000,0.000000,0.000000,0.000000,0.000000,1.000000,2490.000000,0,0,nan,nan,nan,nan,1324.000000,37.500000,0.200000,37.700001,38.200001,0.500001,37.743866,37.743866,30.000000,0.000000,0,nan,nan,nan,nan,-1,0,0,-1,0,0,FAIL_CLEANLY,NONE,NEAR_SP,37.000000,CONTROL-ONLY POST VALIDATION / PHYSICAL UNVERIFIED
heavy,25.000000,60,0.010000,40,30,714.000000,0,TOTAL_TIMEOUT,1,0.000000,0.000000,0.000000,0.000000,0.000000,0.000000,0.000000,0.000000,0.000000,1.000000,2700.000000,0,0,nan,nan,nan,nan,998.000000,37.500000,0.200000,37.700001,38.200001,0.500001,37.809708,37.809708,40.000000,0.000000,0,nan,nan,nan,nan,-1,0,0,-1,0,0,FAIL_CLEANLY,NONE,NEAR_SP,37.000000,CONTROL-ONLY POST VALIDATION / PHYSICAL UNVERIFIED
heavy,28.000000,5,0.100000,20,30,318.000000,0,PHASE_TIMEOUT,0,0.000000,0.000000,0.000000,0.000000,0.000000,0.000000,0.000000,0.000000,0.000000,1.000000,1218.000000,0,0,nan,nan,nan,nan,-1.000000,37.500000,0.200000,37.700001,38.200001,0.500001,37.568908,37.568908,20.000000,0.000000,0,nan,nan,nan,nan,-1,0,0,-1,0,0,FAIL_CLEANLY,NONE,NEAR_SP,37.000000,CONTROL-ONLY POST VALIDATION / PHYSICAL UNVERIFIED
heavy,28.000000,5,0.100000,30,30,318.000000,0,TOTAL_TIMEOUT,1,0.000000,0.000000,0.000000,0.000000,0.000000,0.000000,0.000000,0.000000,0.000000,1.000000,2700.000000,0,0,nan,nan,nan,nan,650.000000,37.500000,0.200000,37.700001,38.200001,0.500001,37.763032,37.763032,30.000000,0.000000,0,nan,nan,nan,nan,-1,0,0,-1,0,0,FAIL_CLEANLY,NONE,NEAR_SP,37.000000,CONTROL-ONLY POST VALIDATION / PHYSICAL UNVERIFIED
heavy,28.000000,5,0.100000,40,30,318.000000,0,TOTAL_TIMEOUT,2,0.000000,0.000000,0.000000,0.000000,0.000000,0.000000,0.000000,0.000000,0.000000,1.000000,2700.000000,0,0,nan,nan,nan,nan,506.000000,37.500000,0.200000,37.700001,38.200001,0.500001,37.774230,37.774230,40.000000,0.000000,0,nan,nan,nan,nan,-1,0,0,-1,0,0,FAIL_CLEANLY,NONE,NEAR_SP,37.000000,CONTROL-ONLY POST VALIDATION / PHYSICAL UNVERIFIED
heavy,28.000000,5,0.010000,20,30,282.000000,0,PHASE_TIMEOUT,0,0.000000,0.000000,0.000000,0.000000,0.000000,0.000000,0.000000,0.000000,0.000000,1.000000,1182.000000,0,0,nan,nan,nan,nan,-1.000000,37.500000,0.200000,37.700001,38.200001,0.500001,37.530921,37.530921,20.000000,0.000000,0,nan,nan,nan,nan,-1,0,0,-1,0,0,FAIL_CLEANLY,NONE,NEAR_SP,37.000000,CONTROL-ONLY POST VALIDATION / PHYSICAL UNVERIFIED
heavy,28.000000,5,0.010000,30,30,282.000000,0,TOTAL_TIMEOUT,2,0.000000,0.000000,0.000000,0.000000,0.000000,0.000000,0.000000,0.000000,0.000000,1.000000,2700.000000,0,0,nan,nan,nan,nan,612.000000,37.500000,0.200000,37.700001,38.200001,0.500001,37.717420,37.717420,30.000000,0.000000,0,nan,nan,nan,nan,-1,0,0,-1,0,0,FAIL_CLEANLY,NONE,NEAR_SP,37.000000,CONTROL-ONLY POST VALIDATION / PHYSICAL UNVERIFIED
heavy,28.000000,5,0.010000,40,30,282.000000,1,SUCCESS,3,0.224485,481.333374,214.666687,266.666656,0.805000,113.436607,2.617728,0.002472,199.999985,19.697268,2394.000000,0,0,0.324878,0.757232,0.939185,2.362475,470.000000,37.500000,0.200000,37.700001,38.200001,0.500001,37.732736,37.732736,40.000000,0.000000,0,0.015144,0.026331,0.054897,0.869137,2624,1,0,-1,1,1,BAD,NONE,NEAR_SP,37.000000,CONTROL-ONLY POST VALIDATION / PHYSICAL UNVERIFIED
heavy,28.000000,15,0.100000,20,30,342.000000,0,PHASE_TIMEOUT,0,0.000000,0.000000,0.000000,0.000000,0.000000,0.000000,0.000000,0.000000,0.000000,1.000000,1242.000000,0,0,nan,nan,nan,nan,-1.000000,37.500000,0.200000,37.700001,38.200001,0.500001,37.580748,37.580748,20.000000,0.000000,0,nan,nan,nan,nan,-1,0,0,-1,0,0,FAIL_CLEANLY,NONE,NEAR_SP,37.000000,CONTROL-ONLY POST VALIDATION / PHYSICAL UNVERIFIED
heavy,28.000000,15,0.100000,30,30,342.000000,0,TOTAL_TIMEOUT,1,0.000000,0.000000,0.000000,0.000000,0.000000,0.000000,0.000000,0.000000,0.000000,1.000000,2700.000000,0,0,nan,nan,nan,nan,672.000000,37.500000,0.200000,37.700001,38.200001,0.500001,37.773775,37.773775,30.000000,0.000000,0,nan,nan,nan,nan,-1,0,0,-1,0,0,FAIL_CLEANLY,NONE,NEAR_SP,37.000000,CONTROL-ONLY POST VALIDATION / PHYSICAL UNVERIFIED
heavy,28.000000,15,0.100000,40,30,342.000000,0,TOTAL_TIMEOUT,2,0.000000,0.000000,0.000000,0.000000,0.000000,0.000000,0.000000,0.000000,0.000000,1.000000,2700.000000,0,0,nan,nan,nan,nan,534.000000,37.500000,0.200000,37.700001,38.200001,0.500001,37.794079,37.794079,40.000000,0.000000,0,nan,nan,nan,nan,-1,0,0,-1,0,0,FAIL_CLEANLY,NONE,NEAR_SP,37.000000,CONTROL-ONLY POST VALIDATION / PHYSICAL UNVERIFIED
heavy,28.000000,15,0.010000,20,30,306.000000,0,PHASE_TIMEOUT,0,0.000000,0.000000,0.000000,0.000000,0.000000,0.000000,0.000000,0.000000,0.000000,1.000000,1206.000000,0,0,nan,nan,nan,nan,-1.000000,37.500000,0.200000,37.700001,38.200001,0.500001,37.542841,37.542841,20.000000,0.000000,0,nan,nan,nan,nan,-1,0,0,-1,0,0,FAIL_CLEANLY,NONE,NEAR_SP,37.000000,CONTROL-ONLY POST VALIDATION / PHYSICAL UNVERIFIED
heavy,28.000000,15,0.010000,30,30,306.000000,0,TOTAL_TIMEOUT,2,0.000000,0.000000,0.000000,0.000000,0.000000,0.000000,0.000000,0.000000,0.000000,1.000000,2700.000000,0,0,nan,nan,nan,nan,634.000000,37.500000,0.200000,37.700001,38.200001,0.500001,37.728705,37.728705,30.000000,0.000000,0,nan,nan,nan,nan,-1,0,0,-1,0,0,FAIL_CLEANLY,NONE,NEAR_SP,37.000000,CONTROL-ONLY POST VALIDATION / PHYSICAL UNVERIFIED
heavy,28.000000,15,0.010000,40,30,306.000000,1,SUCCESS,3,0.244439,520.000000,232.000000,288.000000,0.805556,104.176277,2.423077,0.002118,199.999985,19.542448,2578.000000,0,0,0.721863,1.171811,0.963500,2.230338,498.000000,37.500000,0.200000,37.700001,38.200001,0.500001,37.751493,37.751493,40.000000,0.000000,0,0.133329,0.211376,0.415875,0.933407,-1,1,0,-1,1,1,BAD,NONE,NEAR_SP,37.000000,CONTROL-ONLY POST VALIDATION / PHYSICAL UNVERIFIED
heavy,28.000000,30,0.100000,20,30,376.000000,0,PHASE_TIMEOUT,0,0.000000,0.000000,0.000000,0.000000,0.000000,0.000000,0.000000,0.000000,0.000000,1.000000,1276.000000,0,0,nan,nan,nan,nan,-1.000000,37.500000,0.200000,37.700001,38.200001,0.500001,37.596726,37.596726,20.000000,0.000000,0,nan,nan,nan,nan,-1,0,0,-1,0,0,FAIL_CLEANLY,NONE,NEAR_SP,37.000000,CONTROL-ONLY POST VALIDATION / PHYSICAL UNVERIFIED
heavy,28.000000,30,0.100000,30,30,376.000000,0,TOTAL_TIMEOUT,1,0.000000,0.000000,0.000000,0.000000,0.000000,0.000000,0.000000,0.000000,0.000000,1.000000,2700.000000,0,0,nan,nan,nan,nan,706.000000,37.500000,0.200000,37.700001,38.200001,0.500001,37.790701,37.790701,30.000000,0.000000,0,nan,nan,nan,nan,-1,0,0,-1,0,0,FAIL_CLEANLY,NONE,NEAR_SP,37.000000,CONTROL-ONLY POST VALIDATION / PHYSICAL UNVERIFIED
heavy,28.000000,30,0.100000,40,30,376.000000,0,TOTAL_TIMEOUT,2,0.000000,0.000000,0.000000,0.000000,0.000000,0.000000,0.000000,0.000000,0.000000,1.000000,2700.000000,0,0,nan,nan,nan,nan,574.000000,37.500000,0.200000,37.700001,38.200001,0.500001,37.826459,37.826459,40.000000,0.000000,0,nan,nan,nan,nan,-1,0,0,-1,0,0,FAIL_CLEANLY,NONE,NEAR_SP,37.000000,CONTROL-ONLY POST VALIDATION / PHYSICAL UNVERIFIED
heavy,28.000000,30,0.010000,20,30,340.000000,0,PHASE_TIMEOUT,0,0.000000,0.000000,0.000000,0.000000,0.000000,0.000000,0.000000,0.000000,0.000000,1.000000,1240.000000,0,0,nan,nan,nan,nan,-1.000000,37.500000,0.200000,37.700001,38.200001,0.500001,37.558928,37.558928,20.000000,0.000000,0,nan,nan,nan,nan,-1,0,0,-1,0,0,FAIL_CLEANLY,NONE,NEAR_SP,37.000000,CONTROL-ONLY POST VALIDATION / PHYSICAL UNVERIFIED
heavy,28.000000,30,0.010000,30,30,340.000000,0,TOTAL_TIMEOUT,1,0.000000,0.000000,0.000000,0.000000,0.000000,0.000000,0.000000,0.000000,0.000000,1.000000,2700.000000,0,0,nan,nan,nan,nan,668.000000,37.500000,0.200000,37.700001,38.200001,0.500001,37.746751,37.746751,30.000000,0.000000,0,nan,nan,nan,nan,-1,0,0,-1,0,0,FAIL_CLEANLY,NONE,NEAR_SP,37.000000,CONTROL-ONLY POST VALIDATION / PHYSICAL UNVERIFIED
heavy,28.000000,30,0.010000,40,30,340.000000,0,TOTAL_TIMEOUT,2,0.000000,0.000000,0.000000,0.000000,0.000000,0.000000,0.000000,0.000000,0.000000,1.000000,2700.000000,0,0,nan,nan,nan,nan,540.000000,37.500000,0.200000,37.700001,38.200001,0.500001,37.786148,37.786148,40.000000,0.000000,0,nan,nan,nan,nan,-1,0,0,-1,0,0,FAIL_CLEANLY,NONE,NEAR_SP,37.000000,CONTROL-ONLY POST VALIDATION / PHYSICAL UNVERIFIED
heavy,28.000000,60,0.100000,20,30,442.000000,0,PHASE_TIMEOUT,0,0.000000,0.000000,0.000000,0.000000,0.000000,0.000000,0.000000,0.000000,0.000000,1.000000,1342.000000,0,0,nan,nan,nan,nan,-1.000000,37.500000,0.200000,37.700001,38.200001,0.500001,37.626339,37.626339,20.000000,0.000000,0,nan,nan,nan,nan,-1,0,0,-1,0,0,FAIL_CLEANLY,NONE,NEAR_SP,37.000000,CONTROL-ONLY POST VALIDATION / PHYSICAL UNVERIFIED
heavy,28.000000,60,0.100000,30,30,442.000000,0,TOTAL_TIMEOUT,0,0.000000,0.000000,0.000000,0.000000,0.000000,0.000000,0.000000,0.000000,0.000000,1.000000,2700.000000,0,0,nan,nan,nan,nan,774.000000,37.500000,0.200000,37.700001,38.200001,0.500001,37.826226,37.826226,30.000000,0.000000,0,nan,nan,nan,nan,-1,0,0,-1,0,0,FAIL_CLEANLY,NONE,NEAR_SP,37.000000,CONTROL-ONLY POST VALIDATION / PHYSICAL UNVERIFIED
heavy,28.000000,60,0.100000,40,30,442.000000,0,TOTAL_TIMEOUT,1,0.000000,0.000000,0.000000,0.000000,0.000000,0.000000,0.000000,0.000000,0.000000,1.000000,2700.000000,0,0,nan,nan,nan,nan,656.000000,37.500000,0.200000,37.700001,38.200001,0.500001,37.893515,37.893515,40.000000,0.000000,0,nan,nan,nan,nan,-1,0,0,-1,0,0,FAIL_CLEANLY,NONE,NEAR_SP,37.000000,CONTROL-ONLY POST VALIDATION / PHYSICAL UNVERIFIED
heavy,28.000000,60,0.010000,20,30,406.000000,0,PHASE_TIMEOUT,0,0.000000,0.000000,0.000000,0.000000,0.000000,0.000000,0.000000,0.000000,0.000000,1.000000,1306.000000,0,0,nan,nan,nan,nan,-1.000000,37.500000,0.200000,37.700001,38.200001,0.500001,37.588741,37.588741,20.000000,0.000000,0,nan,nan,nan,nan,-1,0,0,-1,0,0,FAIL_CLEANLY,NONE,NEAR_SP,37.000000,CONTROL-ONLY POST VALIDATION / PHYSICAL UNVERIFIED
heavy,28.000000,60,0.010000,30,30,406.000000,0,TOTAL_TIMEOUT,1,0.000000,0.000000,0.000000,0.000000,0.000000,0.000000,0.000000,0.000000,0.000000,1.000000,2700.000000,0,0,nan,nan,nan,nan,736.000000,37.500000,0.200000,37.700001,38.200001,0.500001,37.781820,37.781820,30.000000,0.000000,0,nan,nan,nan,nan,-1,0,0,-1,0,0,FAIL_CLEANLY,NONE,NEAR_SP,37.000000,CONTROL-ONLY POST VALIDATION / PHYSICAL UNVERIFIED
heavy,28.000000,60,0.010000,40,30,406.000000,0,TOTAL_TIMEOUT,1,0.000000,0.000000,0.000000,0.000000,0.000000,0.000000,0.000000,0.000000,0.000000,1.000000,2700.000000,0,0,nan,nan,nan,nan,620.000000,37.500000,0.200000,37.700001,38.200001,0.500001,37.850798,37.850798,40.000000,0.000000,0,nan,nan,nan,nan,-1,0,0,-1,0,0,FAIL_CLEANLY,NONE,NEAR_SP,37.000000,CONTROL-ONLY POST VALIDATION / PHYSICAL UNVERIFIED
