plant,scenario,setpoint,ambient,dead_s,resolution,algorithm,beta,groups,overshoot,settling_s,mean_abs_error,bias,p95_error,ripple,max_error,delivered_tail_pct,delivered_total_pct,sensor_fault_polls,targets
light,cold_start,30.0,20.0,5,0.10,OLD,1.00,1,2.592865,799,0.052771,-0.002092,0.088899,0.185006,10.000000,7.583333,8.534722,0,FAIL
light,cold_start,30.0,20.0,5,0.10,NEW,1.00,1,2.524898,762,0.023767,0.023359,0.042771,0.060778,10.000000,7.555556,8.537037,0,FAIL
light,cold_start,30.0,20.0,5,0.10,NEW,1.00,2,2.517288,765,0.035989,-0.001726,0.065665,0.146461,10.000000,7.500000,8.532407,0,FAIL
light,cold_start,30.0,20.0,5,0.10,NEW,0.70,1,2.511323,764,0.037813,-0.001674,0.071915,0.165039,10.000000,7.555556,8.527778,0,FAIL
light,cold_start,30.0,20.0,5,0.10,NEW,0.70,2,2.475240,756,0.036502,0.001258,0.065884,0.141565,10.000000,7.527778,8.527778,0,FAIL
light,cold_start,30.0,20.0,5,0.10,NEW,0.50,1,2.519152,777,0.035562,-0.000955,0.069948,0.169619,10.000000,7.500000,8.509259,0,FAIL
light,cold_start,30.0,20.0,5,0.10,NEW,0.50,2,2.511586,779,0.038152,0.000587,0.068787,0.143175,10.000000,7.444444,8.509259,0,FAIL
light,cold_start,30.0,20.0,5,0.10,NEW,0.35,1,2.523279,887,0.035713,0.000212,0.069564,0.165265,10.000000,7.500000,8.509259,0,FAIL
light,cold_start,30.0,20.0,5,0.10,NEW,0.35,2,2.513339,798,0.035360,-0.001291,0.064892,0.142388,10.000000,7.555556,8.513889,0,FAIL
light,cold_start,30.0,20.0,5,0.01,OLD,1.00,1,2.592865,620,0.022551,0.000147,0.039937,0.076432,10.000000,7.527778,8.532407,0,FAIL
light,cold_start,30.0,20.0,5,0.01,NEW,1.00,1,2.524786,766,0.004843,0.000058,0.010579,0.023825,10.000000,7.500000,8.537037,0,FAIL
light,cold_start,30.0,20.0,5,0.01,NEW,1.00,2,2.513113,764,0.003683,-0.000390,0.008248,0.021925,10.000000,7.500000,8.532407,0,FAIL
light,cold_start,30.0,20.0,5,0.01,NEW,0.70,1,2.511127,877,0.004900,-0.000005,0.010666,0.026021,10.000000,7.500000,8.527778,0,FAIL
light,cold_start,30.0,20.0,5,0.01,NEW,0.70,2,2.477990,763,0.002283,-0.000200,0.005360,0.013749,10.000000,7.500000,8.523148,0,FAIL
light,cold_start,30.0,20.0,5,0.01,NEW,0.50,1,2.518939,777,0.004801,0.000020,0.010422,0.025953,10.000000,7.500000,8.518519,0,FAIL
light,cold_start,30.0,20.0,5,0.01,NEW,0.50,2,2.513969,781,0.002878,-0.000217,0.006614,0.016511,10.000000,7.500000,8.518519,0,FAIL
light,cold_start,30.0,20.0,5,0.01,NEW,0.35,1,2.519703,889,0.004851,-0.000039,0.010620,0.025953,10.000000,7.500000,8.509259,0,FAIL
light,cold_start,30.0,20.0,5,0.01,NEW,0.35,2,2.513642,793,0.004315,0.000102,0.008957,0.022904,10.000000,7.500000,8.509259,0,FAIL
light,cold_start,30.0,20.0,15,0.10,OLD,1.00,1,3.231885,-1,0.174464,0.033144,0.319875,0.679176,10.000000,7.513889,8.597222,0,FAIL
light,cold_start,30.0,20.0,15,0.10,NEW,1.00,1,3.177655,-1,0.182669,0.025229,0.323590,0.659853,10.000000,7.500000,8.574074,0,FAIL
light,cold_start,30.0,20.0,15,0.10,NEW,1.00,2,3.162934,-1,0.166909,0.015378,0.305390,0.562590,10.000000,7.583333,8.583333,0,FAIL
light,cold_start,30.0,20.0,15,0.10,NEW,0.70,1,3.157201,-1,0.186259,0.029640,0.344595,0.654186,10.000000,7.555556,8.574074,0,FAIL
light,cold_start,30.0,20.0,15,0.10,NEW,0.70,2,3.155192,-1,0.166855,0.015667,0.303324,0.591296,10.000000,7.583333,8.578704,0,FAIL
light,cold_start,30.0,20.0,15,0.10,NEW,0.50,1,3.247117,-1,0.177386,0.033371,0.321972,0.633673,10.000000,7.166667,8.537037,0,FAIL
light,cold_start,30.0,20.0,15,0.10,NEW,0.50,2,3.247987,-1,0.172289,0.021718,0.310522,0.589653,10.000000,7.361111,8.546296,0,FAIL
light,cold_start,30.0,20.0,15,0.10,NEW,0.35,1,3.142332,-1,0.181771,0.040021,0.333109,0.661895,10.000000,7.166667,8.527778,0,FAIL
light,cold_start,30.0,20.0,15,0.10,NEW,0.35,2,3.240831,-1,0.175249,0.028501,0.315208,0.593420,10.000000,7.222222,8.527778,0,FAIL
light,cold_start,30.0,20.0,15,0.01,OLD,1.00,1,3.249671,-1,0.194051,0.049886,0.377754,0.745624,10.000000,7.402778,8.548611,0,FAIL
light,cold_start,30.0,20.0,15,0.01,NEW,1.00,1,3.172341,-1,0.193241,0.032415,0.353259,0.711368,10.000000,7.333333,8.564815,0,FAIL
light,cold_start,30.0,20.0,15,0.01,NEW,1.00,2,3.164271,-1,0.188728,0.029525,0.341428,0.633610,10.000000,7.388889,8.569444,0,FAIL
light,cold_start,30.0,20.0,15,0.01,NEW,0.70,1,3.160510,-1,0.193503,0.034916,0.348686,0.718397,10.000000,7.277778,8.555556,0,FAIL
light,cold_start,30.0,20.0,15,0.01,NEW,0.70,2,3.274648,-1,0.189550,0.038133,0.348170,0.650216,10.000000,7.166667,8.550926,0,FAIL
light,cold_start,30.0,20.0,15,0.01,NEW,0.50,1,3.154124,-1,0.196511,0.041166,0.360222,0.695616,10.000000,7.166667,8.537037,0,FAIL
light,cold_start,30.0,20.0,15,0.01,NEW,0.50,2,3.206512,-1,0.191642,0.042742,0.344867,0.647914,10.000000,7.138889,8.532407,0,FAIL
light,cold_start,30.0,20.0,15,0.01,NEW,0.35,1,3.245970,-1,0.194790,0.046149,0.351479,0.700159,10.000000,7.166667,8.527778,0,FAIL
light,cold_start,30.0,20.0,15,0.01,NEW,0.35,2,3.242556,-1,0.192028,0.047284,0.344735,0.630138,10.000000,7.194444,8.532407,0,FAIL
light,cold_start,30.0,20.0,30,0.10,OLD,1.00,1,4.325890,-1,0.347716,0.181971,0.800226,1.233296,10.000000,8.083333,8.810185,0,FAIL
light,cold_start,30.0,20.0,30,0.10,NEW,1.00,1,4.353291,-1,0.358373,0.177347,0.808355,1.324044,10.000000,8.166667,8.805556,0,FAIL
light,cold_start,30.0,20.0,30,0.10,NEW,1.00,2,4.318263,-1,0.363964,0.208892,0.782343,1.172843,10.000000,7.861111,8.745370,0,FAIL
light,cold_start,30.0,20.0,30,0.10,NEW,0.70,1,4.336040,-1,0.348282,0.171252,0.786836,1.194788,10.000000,8.277778,8.805556,0,FAIL
light,cold_start,30.0,20.0,30,0.10,NEW,0.70,2,4.297192,-1,0.365562,0.214149,0.785148,1.177186,10.000000,7.722222,8.731481,0,FAIL
light,cold_start,30.0,20.0,30,0.10,NEW,0.50,1,4.333172,-1,0.348827,0.168640,0.800988,1.194497,10.000000,8.166667,8.787037,0,FAIL
light,cold_start,30.0,20.0,30,0.10,NEW,0.50,2,4.221522,-1,0.360061,0.197492,0.779712,1.177713,10.000000,8.027778,8.736111,0,FAIL
light,cold_start,30.0,20.0,30,0.10,NEW,0.35,1,4.333454,-1,0.347379,0.168752,0.793144,1.187727,10.000000,8.055556,8.768519,0,FAIL
light,cold_start,30.0,20.0,30,0.10,NEW,0.35,2,4.296428,-1,0.354791,0.201110,0.762927,1.124149,10.000000,7.833333,8.708333,0,FAIL
light,cold_start,30.0,20.0,30,0.01,OLD,1.00,1,4.319761,-1,0.376516,0.221704,0.839853,1.293319,10.000000,7.041667,8.708333,0,FAIL
light,cold_start,30.0,20.0,30,0.01,NEW,1.00,1,4.347596,-1,0.393140,0.207554,0.884510,1.314221,10.000000,8.388889,8.833333,0,FAIL
light,cold_start,30.0,20.0,30,0.01,NEW,1.00,2,4.307613,-1,0.379187,0.225230,0.839821,1.224109,10.000000,7.111111,8.703704,0,FAIL
light,cold_start,30.0,20.0,30,0.01,NEW,0.70,1,4.271075,-1,0.391756,0.207177,0.881793,1.308348,10.000000,8.444444,8.833333,0,FAIL
light,cold_start,30.0,20.0,30,0.01,NEW,0.70,2,4.299486,-1,0.394653,0.241897,0.844680,1.216494,10.000000,7.083333,8.722222,0,FAIL
light,cold_start,30.0,20.0,30,0.01,NEW,0.50,1,4.329342,-1,0.393526,0.202731,0.885940,1.306099,10.000000,8.222222,8.787037,0,FAIL
light,cold_start,30.0,20.0,30,0.01,NEW,0.50,2,4.263294,-1,0.395320,0.243100,0.838074,1.216615,10.000000,7.194444,8.722222,0,FAIL
light,cold_start,30.0,20.0,30,0.01,NEW,0.35,1,4.329684,-1,0.392273,0.202638,0.882432,1.299721,10.000000,8.055556,8.759259,0,FAIL
light,cold_start,30.0,20.0,30,0.01,NEW,0.35,2,4.262277,-1,0.397522,0.245417,0.840122,1.219834,10.000000,7.194444,8.717593,0,FAIL
light,cold_start,30.0,20.0,60,0.10,OLD,1.00,1,6.632947,-1,1.074937,0.910297,2.589057,3.251453,10.000000,8.291667,9.585648,0,FAIL
light,cold_start,30.0,20.0,60,0.10,NEW,1.00,1,6.512361,-1,1.052764,0.878644,2.618803,3.586813,10.000000,8.833333,9.592593,0,FAIL
light,cold_start,30.0,20.0,60,0.10,NEW,1.00,2,6.511929,-1,1.024934,0.858314,2.504655,3.190946,10.000000,8.361111,9.537037,0,FAIL
light,cold_start,30.0,20.0,60,0.10,NEW,0.70,1,6.652097,-1,1.008239,0.847202,2.447984,3.228731,10.000000,8.388889,9.500000,0,FAIL
light,cold_start,30.0,20.0,60,0.10,NEW,0.70,2,6.624369,-1,1.117750,0.964491,2.610655,3.350278,10.000000,6.944444,9.342593,0,FAIL
light,cold_start,30.0,20.0,60,0.10,NEW,0.50,1,6.646313,-1,1.047123,0.878921,2.530629,3.419552,10.000000,8.166667,9.500000,0,FAIL
light,cold_start,30.0,20.0,60,0.10,NEW,0.50,2,6.609576,-1,1.101021,0.957071,2.545900,3.194371,10.000000,6.666667,9.300926,0,FAIL
light,cold_start,30.0,20.0,60,0.10,NEW,0.35,1,6.494253,-1,0.989821,0.831305,2.434830,3.051435,10.000000,8.388889,9.462963,0,FAIL
light,cold_start,30.0,20.0,60,0.10,NEW,0.35,2,6.675180,-1,1.116774,0.984004,2.567198,3.186072,10.000000,6.472222,9.259259,0,FAIL
light,cold_start,30.0,20.0,60,0.01,OLD,1.00,1,6.612006,-1,1.227035,1.061541,2.718541,3.528804,10.000000,8.777778,9.400463,0,FAIL
light,cold_start,30.0,20.0,60,0.01,NEW,1.00,1,6.513083,-1,1.003325,0.836995,2.439941,3.127658,10.000000,8.500000,9.546296,0,FAIL
light,cold_start,30.0,20.0,60,0.01,NEW,1.00,2,6.486074,-1,1.183432,1.049093,2.660506,3.300097,10.000000,7.944444,9.305556,0,FAIL
light,cold_start,30.0,20.0,60,0.01,NEW,0.70,1,6.589987,-1,1.007262,0.840856,2.444164,3.125706,10.000000,8.500000,9.555556,0,FAIL
light,cold_start,30.0,20.0,60,0.01,NEW,0.70,2,6.624781,-1,1.168850,1.019156,2.632180,3.277136,10.000000,8.388889,9.319444,0,FAIL
light,cold_start,30.0,20.0,60,0.01,NEW,0.50,1,6.640691,-1,1.007831,0.840858,2.446233,3.131936,10.000000,8.500000,9.537037,0,FAIL
light,cold_start,30.0,20.0,60,0.01,NEW,0.50,2,6.617370,-1,1.190968,1.037288,2.661342,3.324727,10.000000,8.527778,9.319444,0,FAIL
light,cold_start,30.0,20.0,60,0.01,NEW,0.35,1,6.552630,-1,1.005574,0.840025,2.443754,3.108927,10.000000,8.500000,9.527778,0,FAIL
light,cold_start,30.0,20.0,60,0.01,NEW,0.35,2,6.612253,-1,1.161689,0.991015,2.633841,3.288534,10.000000,8.805556,9.347222,0,FAIL
light,cold_start,30.0,25.0,5,0.10,OLD,1.00,1,2.606522,760,0.061532,-0.000307,0.108207,0.215200,5.000000,3.666667,4.310185,0,FAIL
light,cold_start,30.0,25.0,5,0.10,NEW,1.00,1,2.603156,878,0.019684,-0.007604,0.043519,0.109979,5.000000,3.722222,4.333333,0,FAIL
light,cold_start,30.0,25.0,5,0.10,NEW,1.00,2,2.684833,872,0.036403,0.000148,0.069435,0.155780,5.000000,3.777778,4.337963,0,FAIL
light,cold_start,30.0,25.0,5,0.10,NEW,0.70,1,2.605514,884,0.023054,-0.006641,0.046355,0.111474,5.000000,3.722222,4.314815,0,FAIL
light,cold_start,30.0,25.0,5,0.10,NEW,0.70,2,2.601941,899,0.033181,0.002278,0.063785,0.140833,5.000000,3.694444,4.314815,0,FAIL
light,cold_start,30.0,25.0,5,0.10,NEW,0.50,1,2.604136,961,0.021101,0.008025,0.045191,0.108906,5.000000,3.777778,4.314815,0,FAIL
light,cold_start,30.0,25.0,5,0.10,NEW,0.50,2,2.603363,958,0.035389,-0.000082,0.067055,0.146420,5.000000,3.722222,4.314815,0,FAIL
light,cold_start,30.0,25.0,5,0.10,NEW,0.35,1,2.606489,912,0.022891,0.000094,0.047557,0.120487,5.000000,3.722222,4.305556,0,FAIL
light,cold_start,30.0,25.0,5,0.10,NEW,0.35,2,2.604096,977,0.037147,-0.000273,0.068817,0.149582,5.000000,3.805556,4.314815,0,FAIL
light,cold_start,30.0,25.0,5,0.01,OLD,1.00,1,2.628106,755,0.035009,0.000140,0.068516,0.162569,5.000000,3.680556,4.312500,0,FAIL
light,cold_start,30.0,25.0,5,0.01,NEW,1.00,1,2.601097,857,0.008668,-0.000073,0.018096,0.039319,5.000000,3.777778,4.333333,0,FAIL
light,cold_start,30.0,25.0,5,0.01,NEW,1.00,2,2.691970,914,0.002446,0.000018,0.005274,0.012999,5.000000,3.750000,4.337963,0,FAIL
light,cold_start,30.0,25.0,5,0.01,NEW,0.70,1,2.604823,907,0.008752,-0.000164,0.018264,0.042292,5.000000,3.777778,4.324074,0,FAIL
light,cold_start,30.0,25.0,5,0.01,NEW,0.70,2,2.603175,909,0.002616,-0.000011,0.005860,0.015243,5.000000,3.750000,4.319444,0,FAIL
light,cold_start,30.0,25.0,5,0.01,NEW,0.50,1,2.605796,914,0.008670,0.000023,0.018262,0.040331,5.000000,3.722222,4.305556,0,FAIL
light,cold_start,30.0,25.0,5,0.01,NEW,0.50,2,2.602936,927,0.002394,0.000100,0.005120,0.011003,5.000000,3.750000,4.310185,0,FAIL
light,cold_start,30.0,25.0,5,0.01,NEW,0.35,1,2.605658,955,0.008688,-0.000091,0.018154,0.039213,5.000000,3.777778,4.305556,0,FAIL
light,cold_start,30.0,25.0,5,0.01,NEW,0.35,2,2.603536,947,0.002605,-0.000005,0.005845,0.015194,5.000000,3.722222,4.300926,0,FAIL
light,cold_start,30.0,25.0,15,0.10,OLD,1.00,1,3.314802,-1,0.089424,0.015254,0.167654,0.326640,5.000000,3.902778,4.386574,0,FAIL
light,cold_start,30.0,25.0,15,0.10,NEW,1.00,1,3.269175,-1,0.087701,0.023942,0.171975,0.349683,5.000000,3.611111,4.361111,0,FAIL
light,cold_start,30.0,25.0,15,0.10,NEW,1.00,2,3.304658,-1,0.079850,0.019756,0.141971,0.287028,5.000000,3.694444,4.384259,0,FAIL
light,cold_start,30.0,25.0,15,0.10,NEW,0.70,1,3.349148,-1,0.086430,0.024508,0.177766,0.363934,5.000000,3.722222,4.361111,0,FAIL
light,cold_start,30.0,25.0,15,0.10,NEW,0.70,2,3.309230,-1,0.076333,0.021440,0.139409,0.264520,5.000000,3.722222,4.356481,0,FAIL
light,cold_start,30.0,25.0,15,0.10,NEW,0.50,1,3.271112,-1,0.103685,0.025730,0.197131,0.369161,5.000000,3.944444,4.370370,0,FAIL
light,cold_start,30.0,25.0,15,0.10,NEW,0.50,2,3.305373,-1,0.076734,0.022606,0.138546,0.260398,5.000000,3.722222,4.342593,0,FAIL
light,cold_start,30.0,25.0,15,0.10,NEW,0.35,1,3.348786,-1,0.103399,0.027928,0.196617,0.372484,5.000000,3.555556,4.342593,0,FAIL
light,cold_start,30.0,25.0,15,0.10,NEW,0.35,2,3.306829,-1,0.079007,0.021258,0.144028,0.282506,5.000000,3.750000,4.337963,0,FAIL
light,cold_start,30.0,25.0,15,0.01,OLD,1.00,1,3.314802,-1,0.117431,0.030273,0.235371,0.417734,5.000000,3.750000,4.384259,0,FAIL
light,cold_start,30.0,25.0,15,0.01,NEW,1.00,1,3.269554,-1,0.097131,0.019348,0.193461,0.424279,5.000000,3.611111,4.361111,0,FAIL
light,cold_start,30.0,25.0,15,0.01,NEW,1.00,2,3.303465,-1,0.095956,0.013654,0.176056,0.355894,5.000000,3.944444,4.398148,0,FAIL
light,cold_start,30.0,25.0,15,0.01,NEW,0.70,1,3.348849,-1,0.103589,0.021260,0.223310,0.450232,5.000000,3.888889,4.379630,0,FAIL
light,cold_start,30.0,25.0,15,0.01,NEW,0.70,2,3.340636,-1,0.096127,0.013926,0.175802,0.352611,5.000000,3.777778,4.375000,0,FAIL
light,cold_start,30.0,25.0,15,0.01,NEW,0.50,1,3.340788,-1,0.096987,0.019498,0.192511,0.421314,5.000000,3.888889,4.370370,0,FAIL
light,cold_start,30.0,25.0,15,0.01,NEW,0.50,2,3.304012,-1,0.095731,0.013708,0.175650,0.356709,5.000000,3.777778,4.361111,0,FAIL
light,cold_start,30.0,25.0,15,0.01,NEW,0.35,1,3.341501,-1,0.094621,0.016729,0.189973,0.421849,5.000000,3.944444,4.370370,0,FAIL
light,cold_start,30.0,25.0,15,0.01,NEW,0.35,2,3.306769,-1,0.096583,0.014663,0.176496,0.359325,5.000000,3.694444,4.347222,0,FAIL
light,cold_start,30.0,25.0,30,0.10,OLD,1.00,1,4.621935,-1,0.208742,0.133596,0.455442,0.713205,5.000000,4.027778,4.520833,0,FAIL
light,cold_start,30.0,25.0,30,0.10,NEW,1.00,1,4.495092,-1,0.195942,0.112026,0.440982,0.693687,5.000000,4.222222,4.555556,0,FAIL
light,cold_start,30.0,25.0,30,0.10,NEW,1.00,2,4.495277,-1,0.161957,0.082234,0.383736,0.619886,5.000000,4.000000,4.532407,0,FAIL
light,cold_start,30.0,25.0,30,0.10,NEW,0.70,1,4.486116,-1,0.205186,0.133341,0.450234,0.699510,5.000000,3.500000,4.472222,0,FAIL
light,cold_start,30.0,25.0,30,0.10,NEW,0.70,2,4.577641,-1,0.151017,0.073102,0.350300,0.607153,5.000000,3.888889,4.504630,0,FAIL
light,cold_start,30.0,25.0,30,0.10,NEW,0.50,1,4.498120,-1,0.210135,0.139566,0.444490,0.690010,5.000000,3.555556,4.481481,0,FAIL
light,cold_start,30.0,25.0,30,0.10,NEW,0.50,2,4.496241,-1,0.169912,0.100847,0.415268,0.626755,5.000000,3.694444,4.453704,0,FAIL
light,cold_start,30.0,25.0,30,0.10,NEW,0.35,1,4.568490,-1,0.191399,0.118035,0.431465,0.661875,5.000000,3.555556,4.462963,0,FAIL
light,cold_start,30.0,25.0,30,0.10,NEW,0.35,2,4.527045,-1,0.172192,0.096056,0.414069,0.620896,5.000000,3.638889,4.462963,0,FAIL
light,cold_start,30.0,25.0,30,0.01,OLD,1.00,1,4.600797,-1,0.205817,0.112913,0.473670,0.757328,5.000000,4.250000,4.553241,0,FAIL
light,cold_start,30.0,25.0,30,0.01,NEW,1.00,1,4.494502,-1,0.225199,0.139180,0.490109,0.756391,5.000000,3.777778,4.537037,0,FAIL
light,cold_start,30.0,25.0,30,0.01,NEW,1.00,2,4.485709,-1,0.201681,0.122005,0.441036,0.654908,5.000000,3.611111,4.495370,0,FAIL
light,cold_start,30.0,25.0,30,0.01,NEW,0.70,1,4.415262,-1,0.232018,0.146470,0.505624,0.755595,5.000000,3.777778,4.518519,0,FAIL
light,cold_start,30.0,25.0,30,0.01,NEW,0.70,2,4.573740,-1,0.209752,0.130207,0.443952,0.657138,5.000000,3.694444,4.518519,0,FAIL
light,cold_start,30.0,25.0,30,0.01,NEW,0.50,1,4.496482,-1,0.221738,0.129880,0.492040,0.764784,5.000000,4.055556,4.527778,0,FAIL
light,cold_start,30.0,25.0,30,0.01,NEW,0.50,2,4.494121,-1,0.210522,0.130850,0.444075,0.652849,5.000000,3.638889,4.495370,0,FAIL
light,cold_start,30.0,25.0,30,0.01,NEW,0.35,1,4.499825,-1,0.232575,0.146449,0.504497,0.759582,5.000000,3.777778,4.509259,0,FAIL
light,cold_start,30.0,25.0,30,0.01,NEW,0.35,2,4.529808,-1,0.202885,0.121698,0.444194,0.652099,5.000000,3.972222,4.513889,0,FAIL
light,cold_start,30.0,25.0,60,0.10,OLD,1.00,1,6.977763,-1,0.537646,0.459818,1.328680,1.808769,6.977763,4.347222,5.016204,0,FAIL
light,cold_start,30.0,25.0,60,0.10,NEW,1.00,1,6.833109,-1,0.538613,0.458070,1.358975,1.741573,6.833109,4.277778,4.944444,0,FAIL
light,cold_start,30.0,25.0,60,0.10,NEW,1.00,2,6.816138,-1,0.487618,0.412578,1.126752,1.442991,6.816138,3.944444,4.898148,0,FAIL
light,cold_start,30.0,25.0,60,0.10,NEW,0.70,1,6.820368,-1,0.526982,0.441165,1.307094,1.752344,6.820368,4.500000,5.009259,0,FAIL
light,cold_start,30.0,25.0,60,0.10,NEW,0.70,2,6.907667,-1,0.485806,0.406833,1.146005,1.442967,6.907667,4.055556,4.939815,0,FAIL
light,cold_start,30.0,25.0,60,0.10,NEW,0.50,1,6.831839,-1,0.556461,0.474303,1.337168,1.817403,6.831839,4.333333,4.888889,0,FAIL
light,cold_start,30.0,25.0,60,0.10,NEW,0.50,2,6.785733,-1,0.465602,0.379447,1.108810,1.444230,6.785733,4.250000,4.819444,0,FAIL
light,cold_start,30.0,25.0,60,0.10,NEW,0.35,1,6.834393,-1,0.548788,0.462924,1.392782,1.823566,6.834393,4.388889,4.972222,0,FAIL
light,cold_start,30.0,25.0,60,0.10,NEW,0.35,2,6.828728,-1,0.453557,0.369581,1.097430,1.440586,6.828728,4.583333,4.898148,0,FAIL
light,cold_start,30.0,25.0,60,0.01,OLD,1.00,1,6.956552,-1,0.627243,0.535985,1.517687,1.920094,6.956552,4.750000,5.030093,0,FAIL
light,cold_start,30.0,25.0,60,0.01,NEW,1.00,1,6.830893,-1,0.622701,0.555760,1.379616,1.723446,6.830893,3.944444,4.879630,0,FAIL
light,cold_start,30.0,25.0,60,0.01,NEW,1.00,2,6.785417,-1,0.507132,0.423658,1.260647,1.600495,6.785417,4.277778,4.962963,0,FAIL
light,cold_start,30.0,25.0,60,0.01,NEW,0.70,1,6.813553,-1,0.623627,0.546428,1.378683,1.727169,6.813553,4.222222,4.879630,0,FAIL
light,cold_start,30.0,25.0,60,0.01,NEW,0.70,2,6.901866,-1,0.536030,0.452249,1.278976,1.600025,6.901866,3.916667,4.949074,0,FAIL
light,cold_start,30.0,25.0,60,0.01,NEW,0.50,1,6.828950,-1,0.624296,0.545278,1.377266,1.742216,6.828950,4.277778,4.870370,0,FAIL
light,cold_start,30.0,25.0,60,0.01,NEW,0.50,2,6.785722,-1,0.502826,0.419876,1.220294,1.563689,6.785722,4.250000,4.962963,0,FAIL
light,cold_start,30.0,25.0,60,0.01,NEW,0.35,1,6.894275,-1,0.622489,0.536264,1.383389,1.738669,6.894275,4.444444,4.879630,0,FAIL
light,cold_start,30.0,25.0,60,0.01,NEW,0.35,2,6.827111,-1,0.546390,0.466682,1.264764,1.579873,6.827111,3.583333,4.879630,0,FAIL
light,cold_start,30.0,28.0,5,0.10,OLD,1.00,1,1.852677,1003,0.040969,0.005786,0.088493,0.168437,2.000000,1.472222,1.770833,0,FAIL
light,cold_start,30.0,28.0,5,0.10,NEW,1.00,1,1.998017,1557,0.020620,0.004142,0.047529,0.132167,2.000000,1.500000,1.814815,0,FAIL
light,cold_start,30.0,28.0,5,0.10,NEW,1.00,2,1.916090,1634,0.007485,0.006293,0.013825,0.022678,2.000000,1.500000,1.833333,0,FAIL
light,cold_start,30.0,28.0,5,0.10,NEW,0.70,1,1.733116,1330,0.016719,-0.012148,0.042059,0.060266,2.000000,1.500000,1.768519,0,FAIL
light,cold_start,30.0,28.0,5,0.10,NEW,0.70,2,1.693824,1223,0.009952,0.009747,0.016667,0.019947,2.000000,1.500000,1.763889,0,FAIL
light,cold_start,30.0,28.0,5,0.10,NEW,0.50,1,1.653185,1302,0.016561,-0.011832,0.041716,0.056419,2.000000,1.500000,1.740741,0,FAIL
light,cold_start,30.0,28.0,5,0.10,NEW,0.50,2,1.648270,1356,0.024660,-0.016804,0.045061,0.106999,2.000000,1.472222,1.745370,0,FAIL
light,cold_start,30.0,28.0,5,0.10,NEW,0.35,1,1.730630,1491,0.015684,0.003575,0.026333,0.056614,2.000000,1.500000,1.750000,0,FAIL
light,cold_start,30.0,28.0,5,0.10,NEW,0.35,2,1.692757,1321,0.024800,-0.004058,0.047214,0.108397,2.000000,1.527778,1.736111,0,FAIL
light,cold_start,30.0,28.0,5,0.01,OLD,1.00,1,1.831178,994,0.035085,-0.000314,0.070306,0.170627,2.000000,1.500000,1.763889,0,FAIL
light,cold_start,30.0,28.0,5,0.01,NEW,1.00,1,1.995022,1456,0.015302,-0.000061,0.029751,0.062579,2.000000,1.500000,1.805556,0,FAIL
light,cold_start,30.0,28.0,5,0.01,NEW,1.00,2,1.955093,1405,0.005126,-0.000094,0.010854,0.023081,2.000000,1.500000,1.800926,0,FAIL
light,cold_start,30.0,28.0,5,0.01,NEW,0.70,1,1.656523,1298,0.015232,-0.000049,0.030052,0.059969,2.000000,1.500000,1.759259,0,FAIL
light,cold_start,30.0,28.0,5,0.01,NEW,0.70,2,1.652161,1255,0.005143,-0.000257,0.010970,0.023791,2.000000,1.500000,1.754630,0,FAIL
light,cold_start,30.0,28.0,5,0.01,NEW,0.50,1,1.655631,1369,0.015258,0.000076,0.029704,0.061264,2.000000,1.500000,1.750000,0,FAIL
light,cold_start,30.0,28.0,5,0.01,NEW,0.50,2,1.652768,1327,0.005213,-0.000263,0.011171,0.026550,2.000000,1.500000,1.745370,0,FAIL
light,cold_start,30.0,28.0,5,0.01,NEW,0.35,1,1.655093,1415,0.015245,0.000116,0.029813,0.060808,2.000000,1.500000,1.740741,0,FAIL
light,cold_start,30.0,28.0,5,0.01,NEW,0.35,2,1.651051,1401,0.005152,-0.000111,0.010877,0.024028,2.000000,1.500000,1.740741,0,FAIL
light,cold_start,30.0,28.0,15,0.10,OLD,1.00,1,2.973508,-1,2.230801,2.230801,2.278243,0.123909,2.973508,3.194444,3.611111,0,FAIL
light,cold_start,30.0,28.0,15,0.10,NEW,1.00,1,3.104037,1822,0.042349,0.017759,0.076705,0.160801,3.104037,1.500000,1.898148,0,FAIL
light,cold_start,30.0,28.0,15,0.10,NEW,1.00,2,3.061035,2355,0.028032,-0.028032,0.038847,0.023107,3.061035,1.500000,1.921296,0,FAIL
light,cold_start,30.0,28.0,15,0.10,NEW,0.70,1,2.675872,1889,0.041935,0.017364,0.076751,0.160814,2.675872,1.555556,1.861111,0,FAIL
light,cold_start,30.0,28.0,15,0.10,NEW,0.70,2,2.673804,1763,0.006685,-0.006608,0.017409,0.020099,2.673804,1.500000,1.842593,0,FAIL
light,cold_start,30.0,28.0,15,0.10,NEW,0.50,1,2.676794,1737,0.042026,0.017428,0.077353,0.159969,2.676794,1.500000,1.824074,0,FAIL
light,cold_start,30.0,28.0,15,0.10,NEW,0.50,2,2.671702,2338,0.005502,-0.004309,0.015086,0.020415,2.671702,1.500000,1.879630,0,FAIL
light,cold_start,30.0,28.0,15,0.10,NEW,0.35,1,2.674470,1901,0.041486,0.017147,0.075550,0.160154,2.674470,1.500000,1.833333,0,FAIL
light,cold_start,30.0,28.0,15,0.10,NEW,0.35,2,2.671826,2017,0.006925,0.005374,0.012313,0.019966,2.671826,1.527778,1.837963,0,FAIL
light,cold_start,30.0,28.0,15,0.01,OLD,1.00,1,2.953888,-1,0.079818,0.040597,0.163902,0.287063,2.953888,1.444444,1.861111,0,FAIL
light,cold_start,30.0,28.0,15,0.01,NEW,1.00,1,3.104037,1829,0.042242,0.009858,0.110502,0.237011,3.104037,1.500000,1.888889,0,FAIL
light,cold_start,30.0,28.0,15,0.01,NEW,1.00,2,3.062671,-1,2.334048,2.334048,2.338054,0.012442,3.062671,3.250000,3.694444,0,FAIL
light,cold_start,30.0,28.0,15,0.01,NEW,0.70,1,2.675824,1728,0.031554,0.003745,0.079969,0.233125,2.675824,1.500000,1.842593,0,FAIL
light,cold_start,30.0,28.0,15,0.01,NEW,0.70,2,2.669532,1823,0.052896,0.018839,0.096373,0.182831,2.669532,1.555556,1.847222,0,FAIL
light,cold_start,30.0,28.0,15,0.01,NEW,0.50,1,2.674936,1795,0.039203,0.010082,0.100237,0.234434,2.674936,1.500000,1.824074,0,FAIL
light,cold_start,30.0,28.0,15,0.01,NEW,0.50,2,2.669231,1939,0.050981,0.016361,0.094665,0.183545,2.669231,1.527778,1.851852,0,FAIL
light,cold_start,30.0,28.0,15,0.01,NEW,0.35,1,2.676096,1848,0.028076,0.002361,0.064741,0.150899,2.676096,1.500000,1.814815,0,FAIL
light,cold_start,30.0,28.0,15,0.01,NEW,0.35,2,2.671121,-1,2.050700,2.050700,2.054924,0.013558,2.671121,3.055556,3.393519,0,FAIL
light,cold_start,30.0,28.0,30,0.10,OLD,1.00,1,4.767302,-1,0.124285,0.094847,0.294482,0.420348,4.767302,1.472222,2.050926,0,FAIL
light,cold_start,30.0,28.0,30,0.10,NEW,1.00,1,4.787294,-1,0.036430,0.022928,0.125022,0.283088,4.787294,1.555556,2.046296,0,FAIL
light,cold_start,30.0,28.0,30,0.10,NEW,1.00,2,4.782390,-1,2.530691,2.530691,2.556161,0.068233,4.782390,3.388889,3.902778,0,FAIL
light,cold_start,30.0,28.0,30,0.10,NEW,0.70,1,4.701309,8790,0.024894,0.017019,0.063506,0.181306,4.701309,1.444444,2.009259,0,FAIL
light,cold_start,30.0,28.0,30,0.10,NEW,0.70,2,4.778970,2670,0.024426,-0.024426,0.035208,0.020189,4.778970,1.472222,2.013889,0,FAIL
light,cold_start,30.0,28.0,30,0.10,NEW,0.50,1,4.783748,-1,0.039308,0.022888,0.125466,0.275061,4.783748,1.611111,2.037037,0,FAIL
light,cold_start,30.0,28.0,30,0.10,NEW,0.50,2,4.782763,-1,2.330845,2.330845,2.355894,0.065410,4.782763,3.250000,3.699074,0,FAIL
light,cold_start,30.0,28.0,30,0.10,NEW,0.35,1,4.700441,-1,2.539632,2.539632,2.564341,0.073486,4.700441,3.444444,3.842593,0,FAIL
light,cold_start,30.0,28.0,30,0.10,NEW,0.35,2,4.777447,-1,2.834433,2.834433,2.853392,0.047656,4.777447,3.638889,4.078704,0,FAIL
light,cold_start,30.0,28.0,30,0.01,OLD,1.00,1,4.767690,-1,0.127578,0.087507,0.301585,0.463711,4.767690,1.555556,2.037037,0,FAIL
light,cold_start,30.0,28.0,30,0.01,NEW,1.00,1,4.786018,-1,2.547232,2.547232,2.559903,0.038072,4.786018,3.388889,3.916667,0,FAIL
light,cold_start,30.0,28.0,30,0.01,NEW,1.00,2,4.783532,-1,0.091091,0.055782,0.206194,0.311125,4.783532,1.527778,2.060185,0,FAIL
light,cold_start,30.0,28.0,30,0.01,NEW,0.70,1,4.770187,-1,2.533048,2.533048,2.546172,0.040508,4.770187,3.444444,3.879630,0,FAIL
light,cold_start,30.0,28.0,30,0.01,NEW,0.70,2,4.780831,-1,0.093193,0.057599,0.208387,0.311091,4.780831,1.527778,2.069444,0,FAIL
light,cold_start,30.0,28.0,30,0.01,NEW,0.50,1,4.858444,-1,2.581994,2.581994,2.594821,0.040136,4.858444,3.444444,3.898148,0,FAIL
light,cold_start,30.0,28.0,30,0.01,NEW,0.50,2,4.779938,-1,0.092553,0.057405,0.205375,0.312311,4.779938,1.527778,2.069444,0,FAIL
light,cold_start,30.0,28.0,30,0.01,NEW,0.35,1,4.784643,-1,2.617183,2.617183,2.629725,0.037159,4.784643,3.444444,3.907407,0,FAIL
light,cold_start,30.0,28.0,30,0.01,NEW,0.35,2,4.781262,-1,0.091232,0.055457,0.206439,0.311448,4.781262,1.583333,2.050926,0,FAIL
light,cold_start,30.0,28.0,60,0.10,OLD,1.00,1,7.216571,-1,0.319390,0.294798,0.668407,0.838624,7.216571,1.458333,2.340278,0,FAIL
light,cold_start,30.0,28.0,60,0.10,NEW,1.00,1,7.173450,-1,0.183194,0.160883,0.444963,0.644530,7.173450,1.444444,2.342593,0,FAIL
light,cold_start,30.0,28.0,60,0.10,NEW,1.00,2,7.170539,8703,0.023253,0.008763,0.073467,0.172452,7.170539,1.472222,2.282407,0,FAIL
light,cold_start,30.0,28.0,60,0.10,NEW,0.70,1,7.171243,-1,0.181829,0.157454,0.499732,0.658218,7.171243,1.555556,2.296296,0,FAIL
light,cold_start,30.0,28.0,60,0.10,NEW,0.70,2,7.208970,-1,0.125514,0.101812,0.334070,0.492098,7.208970,1.583333,2.314815,0,FAIL
light,cold_start,30.0,28.0,60,0.10,NEW,0.50,1,7.245400,-1,0.190144,0.163524,0.497599,0.659055,7.245400,1.888889,2.361111,0,FAIL
light,cold_start,30.0,28.0,60,0.10,NEW,0.50,2,7.210445,-1,0.103828,0.073968,0.403930,0.559029,7.210445,1.583333,2.263889,0,FAIL
light,cold_start,30.0,28.0,60,0.10,NEW,0.35,1,7.170167,-1,0.221522,0.195005,0.517533,0.660138,7.170167,1.666667,2.305556,0,FAIL
light,cold_start,30.0,28.0,60,0.10,NEW,0.35,2,7.206678,-1,2.515307,2.515307,2.553451,0.100077,7.206678,3.361111,3.944444,0,FAIL
light,cold_start,30.0,28.0,60,0.01,OLD,1.00,1,7.216571,-1,0.337578,0.297820,0.795151,0.984656,7.216571,2.222222,2.425926,0,FAIL
light,cold_start,30.0,28.0,60,0.01,NEW,1.00,1,7.174345,-1,0.279834,0.252433,0.630319,0.821663,7.174345,1.333333,2.351852,0,FAIL
light,cold_start,30.0,28.0,60,0.01,NEW,1.00,2,7.171935,-1,0.228613,0.193550,0.552340,0.712059,7.171935,1.527778,2.388889,0,FAIL
light,cold_start,30.0,28.0,60,0.01,NEW,0.70,1,7.251433,-1,0.308122,0.280742,0.651283,0.822962,7.251433,1.444444,2.370370,0,FAIL
light,cold_start,30.0,28.0,60,0.01,NEW,0.70,2,7.209904,-1,0.250691,0.224701,0.567710,0.715489,7.209904,1.250000,2.342593,0,FAIL
light,cold_start,30.0,28.0,60,0.01,NEW,0.50,1,7.249571,-1,0.243928,0.202916,0.631258,0.824413,7.249571,2.000000,2.416667,0,FAIL
light,cold_start,30.0,28.0,60,0.01,NEW,0.50,2,7.210444,-1,0.258960,0.234744,0.567652,0.714368,7.210444,1.250000,2.337963,0,FAIL
light,cold_start,30.0,28.0,60,0.01,NEW,0.35,1,7.251717,-1,0.298220,0.263120,0.651126,0.822962,7.251717,1.888889,2.361111,0,FAIL
light,cold_start,30.0,28.0,60,0.01,NEW,0.35,2,7.210462,-1,0.251096,0.225782,0.564326,0.712081,7.210462,1.250000,2.319444,0,FAIL
light,cold_start,32.0,20.0,5,0.10,OLD,1.00,1,2.502980,690,0.034951,-0.000824,0.065618,0.141449,12.000000,9.083333,10.217593,0,FAIL
light,cold_start,32.0,20.0,5,0.10,NEW,1.00,1,2.499034,828,0.028138,0.000451,0.057173,0.138985,12.000000,8.944444,10.212963,0,FAIL
light,cold_start,32.0,20.0,5,0.10,NEW,1.00,2,2.487729,820,0.036553,0.001982,0.066212,0.139985,12.000000,8.944444,10.208333,0,FAIL
light,cold_start,32.0,20.0,5,0.10,NEW,0.70,1,2.482392,828,0.033297,-0.000811,0.063794,0.149728,12.000000,9.055556,10.212963,0,FAIL
light,cold_start,32.0,20.0,5,0.10,NEW,0.70,2,2.479265,828,0.035115,0.001454,0.064210,0.136124,12.000000,9.000000,10.208333,0,FAIL
light,cold_start,32.0,20.0,5,0.10,NEW,0.50,1,2.468707,940,0.029804,0.001064,0.058196,0.137997,12.000000,9.000000,10.203704,0,FAIL
light,cold_start,32.0,20.0,5,0.10,NEW,0.50,2,2.440768,857,0.034680,-0.000374,0.065577,0.144642,12.000000,8.944444,10.189815,0,FAIL
light,cold_start,32.0,20.0,5,0.10,NEW,0.35,1,2.470276,960,0.035550,-0.001298,0.066720,0.160059,12.000000,9.000000,10.185185,0,FAIL
light,cold_start,32.0,20.0,5,0.10,NEW,0.35,2,2.436028,849,0.036624,0.001927,0.066398,0.145950,12.000000,9.000000,10.189815,0,FAIL
light,cold_start,32.0,20.0,5,0.01,OLD,1.00,1,2.524586,778,0.020184,0.000153,0.040952,0.105874,12.000000,9.000000,10.208333,0,FAIL
light,cold_start,32.0,20.0,5,0.01,NEW,1.00,1,2.489591,827,0.004884,-0.000297,0.011777,0.035905,12.000000,9.000000,10.212963,0,FAIL
light,cold_start,32.0,20.0,5,0.01,NEW,1.00,2,2.454575,826,0.003057,-0.000307,0.006960,0.020975,12.000000,9.000000,10.212963,0,FAIL
light,cold_start,32.0,20.0,5,0.01,NEW,0.70,1,2.479573,834,0.005123,-0.000784,0.012110,0.031710,12.000000,9.000000,10.203704,0,FAIL
light,cold_start,32.0,20.0,5,0.01,NEW,0.70,2,2.476121,840,0.003159,-0.000447,0.006855,0.018353,12.000000,9.000000,10.208333,0,FAIL
light,cold_start,32.0,20.0,5,0.01,NEW,0.50,1,2.437790,849,0.004678,-0.000232,0.011136,0.030629,12.000000,9.000000,10.194444,0,FAIL
light,cold_start,32.0,20.0,5,0.01,NEW,0.50,2,2.516686,855,0.003590,0.000073,0.007619,0.020129,12.000000,9.000000,10.199074,0,FAIL
light,cold_start,32.0,20.0,5,0.01,NEW,0.35,1,2.403203,846,0.004821,-0.000257,0.011248,0.031801,12.000000,9.000000,10.185185,0,FAIL
light,cold_start,32.0,20.0,5,0.01,NEW,0.35,2,2.437042,853,0.002522,0.001188,0.005247,0.014850,12.000000,9.000000,10.189815,0,FAIL
light,cold_start,32.0,20.0,15,0.10,OLD,1.00,1,3.165198,-1,0.219677,0.055674,0.413211,0.753827,12.000000,8.986111,10.231481,0,FAIL
light,cold_start,32.0,20.0,15,0.10,NEW,1.00,1,3.129094,-1,0.210767,0.036310,0.378419,0.713275,12.000000,8.722222,10.250000,0,FAIL
light,cold_start,32.0,20.0,15,0.10,NEW,1.00,2,3.123068,-1,0.213067,0.054126,0.389187,0.701702,12.000000,8.888889,10.236111,0,FAIL
light,cold_start,32.0,20.0,15,0.10,NEW,0.70,1,3.112520,-1,0.217676,0.041985,0.398459,0.790574,12.000000,8.611111,10.222222,0,FAIL
light,cold_start,32.0,20.0,15,0.10,NEW,0.70,2,3.103698,-1,0.214045,0.052583,0.394778,0.750967,12.000000,8.777778,10.226852,0,FAIL
light,cold_start,32.0,20.0,15,0.10,NEW,0.50,1,3.108436,-1,0.213692,0.043563,0.393408,0.737089,12.000000,8.611111,10.212963,0,FAIL
light,cold_start,32.0,20.0,15,0.10,NEW,0.50,2,3.096709,-1,0.212612,0.052434,0.387428,0.702620,12.000000,8.777778,10.212963,0,FAIL
light,cold_start,32.0,20.0,15,0.10,NEW,0.35,1,3.118653,-1,0.212220,0.046841,0.380289,0.714785,12.000000,9.111111,10.222222,0,FAIL
light,cold_start,32.0,20.0,15,0.10,NEW,0.35,2,3.109015,-1,0.216955,0.052466,0.391460,0.736526,12.000000,9.000000,10.222222,0,FAIL
light,cold_start,32.0,20.0,15,0.01,OLD,1.00,1,3.149343,-1,0.226002,0.044631,0.414846,0.833960,12.000000,8.875000,10.275463,0,FAIL
light,cold_start,32.0,20.0,15,0.01,NEW,1.00,1,3.128418,-1,0.232437,0.058366,0.422236,0.826743,12.000000,8.833333,10.259259,0,FAIL
light,cold_start,32.0,20.0,15,0.01,NEW,1.00,2,3.123035,-1,0.223784,0.033819,0.404535,0.732608,12.000000,9.472222,10.300926,0,FAIL
light,cold_start,32.0,20.0,15,0.01,NEW,0.70,1,3.112673,-1,0.233149,0.057357,0.427046,0.898073,12.000000,8.944444,10.259259,0,FAIL
light,cold_start,32.0,20.0,15,0.01,NEW,0.70,2,3.108212,-1,0.222955,0.031379,0.404893,0.729340,12.000000,9.472222,10.296296,0,FAIL
light,cold_start,32.0,20.0,15,0.01,NEW,0.50,1,3.199254,-1,0.238007,0.060213,0.446050,0.874269,12.000000,8.722222,10.231481,0,FAIL
light,cold_start,32.0,20.0,15,0.01,NEW,0.50,2,3.211315,-1,0.220456,0.027695,0.402882,0.725839,12.000000,9.027778,10.254630,0,FAIL
light,cold_start,32.0,20.0,15,0.01,NEW,0.35,1,3.107773,-1,0.250306,0.070583,0.442102,0.812743,12.000000,8.777778,10.240741,0,FAIL
light,cold_start,32.0,20.0,15,0.01,NEW,0.35,2,3.108451,-1,0.221499,0.027780,0.404889,0.737609,12.000000,9.444444,10.277778,0,FAIL
light,cold_start,32.0,20.0,30,0.10,OLD,1.00,1,4.267154,-1,0.435272,0.232782,0.990631,1.539006,12.000000,9.166667,10.465278,0,FAIL
light,cold_start,32.0,20.0,30,0.10,NEW,1.00,1,4.294317,-1,0.454602,0.259454,0.986240,1.448569,12.000000,9.666667,10.490741,0,FAIL
light,cold_start,32.0,20.0,30,0.10,NEW,1.00,2,4.254229,-1,0.447693,0.276000,0.962327,1.391142,12.000000,8.944444,10.435185,0,FAIL
light,cold_start,32.0,20.0,30,0.10,NEW,0.70,1,4.193475,-1,0.453896,0.262172,0.982786,1.447897,12.000000,9.611111,10.472222,0,FAIL
light,cold_start,32.0,20.0,30,0.10,NEW,0.70,2,4.188157,-1,0.447429,0.275173,0.961497,1.400616,12.000000,8.916667,10.421296,0,FAIL
light,cold_start,32.0,20.0,30,0.10,NEW,0.50,1,4.184017,-1,0.451113,0.253450,0.979674,1.458782,12.000000,9.722222,10.472222,0,FAIL
light,cold_start,32.0,20.0,30,0.10,NEW,0.50,2,4.232316,-1,0.447579,0.265544,0.966179,1.397256,12.000000,9.416667,10.444444,0,FAIL
light,cold_start,32.0,20.0,30,0.10,NEW,0.35,1,4.194159,-1,0.450436,0.250551,0.983863,1.449439,12.000000,9.777778,10.472222,0,FAIL
light,cold_start,32.0,20.0,30,0.10,NEW,0.35,2,4.255972,-1,0.445081,0.261399,0.961646,1.393717,12.000000,9.500000,10.444444,0,FAIL
light,cold_start,32.0,20.0,30,0.01,OLD,1.00,1,4.224888,-1,0.470591,0.294537,1.003750,1.573643,12.000000,8.875000,10.444444,0,FAIL
light,cold_start,32.0,20.0,30,0.01,NEW,1.00,1,4.291529,-1,0.496699,0.308154,1.045378,1.533679,12.000000,8.722222,10.481481,0,FAIL
light,cold_start,32.0,20.0,30,0.01,NEW,1.00,2,4.249800,-1,0.434954,0.229899,0.990025,1.476698,12.000000,8.944444,10.421296,0,FAIL
light,cold_start,32.0,20.0,30,0.01,NEW,0.70,1,4.243026,-1,0.495638,0.308010,1.045539,1.515258,12.000000,8.722222,10.472222,0,FAIL
light,cold_start,32.0,20.0,30,0.01,NEW,0.70,2,4.326354,-1,0.437478,0.239891,0.992874,1.476696,12.000000,8.750000,10.398148,0,FAIL
light,cold_start,32.0,20.0,30,0.01,NEW,0.50,1,4.273741,-1,0.482640,0.292337,1.044008,1.526169,12.000000,9.388889,10.500000,0,FAIL
light,cold_start,32.0,20.0,30,0.01,NEW,0.50,2,4.267710,-1,0.439530,0.239695,1.001374,1.467668,12.000000,8.750000,10.384259,0,FAIL
light,cold_start,32.0,20.0,30,0.01,NEW,0.35,1,4.260057,-1,0.492752,0.304479,1.044107,1.529563,12.000000,9.000000,10.472222,0,FAIL
light,cold_start,32.0,20.0,30,0.01,NEW,0.35,2,4.227647,-1,0.437204,0.237206,0.996416,1.470093,12.000000,8.777778,10.379630,0,FAIL
light,cold_start,32.0,20.0,60,0.10,OLD,1.00,1,6.493017,-1,1.254664,1.053165,3.060275,3.939482,12.000000,10.347222,11.474537,0,FAIL
light,cold_start,32.0,20.0,60,0.10,NEW,1.00,1,6.415927,-1,1.200082,1.006750,2.903765,3.730144,12.000000,10.166667,11.398148,0,FAIL
light,cold_start,32.0,20.0,60,0.10,NEW,1.00,2,6.412380,-1,1.200882,1.000752,3.013229,3.854558,12.000000,10.444444,11.425926,0,FAIL
light,cold_start,32.0,20.0,60,0.10,NEW,0.70,1,6.446333,-1,1.303045,1.093042,3.254905,4.267122,12.000000,9.500000,11.259259,0,FAIL
light,cold_start,32.0,20.0,60,0.10,NEW,0.70,2,6.560274,-1,1.299480,1.101684,3.118708,3.957932,12.000000,8.916667,11.212963,0,FAIL
light,cold_start,32.0,20.0,60,0.10,NEW,0.50,1,6.455645,-1,1.210499,1.009484,3.002297,4.174695,12.000000,10.444444,11.361111,0,FAIL
light,cold_start,32.0,20.0,60,0.10,NEW,0.50,2,6.532399,-1,1.324401,1.131685,3.141411,3.941788,12.000000,8.638889,11.166667,0,FAIL
light,cold_start,32.0,20.0,60,0.10,NEW,0.35,1,6.435316,-1,1.215625,1.022319,2.992610,3.702654,12.000000,10.166667,11.287037,0,FAIL
light,cold_start,32.0,20.0,60,0.10,NEW,0.35,2,6.383638,-1,1.200983,0.997083,3.009705,3.907952,12.000000,10.444444,11.398148,0,FAIL
light,cold_start,32.0,20.0,60,0.01,OLD,1.00,1,6.450716,-1,1.525967,1.383709,3.364652,4.224344,12.000000,7.638889,11.118056,0,FAIL
light,cold_start,32.0,20.0,60,0.01,NEW,1.00,1,6.414907,-1,1.549769,1.401475,3.403591,4.296359,12.000000,7.666667,11.111111,0,FAIL
light,cold_start,32.0,20.0,60,0.01,NEW,1.00,2,6.411770,-1,1.426108,1.207522,3.339052,4.190372,12.000000,11.000000,11.324074,0,FAIL
light,cold_start,32.0,20.0,60,0.01,NEW,0.70,1,6.457597,-1,1.521146,1.300940,3.426394,4.304322,12.000000,11.111111,11.268519,0,FAIL
light,cold_start,32.0,20.0,60,0.01,NEW,0.70,2,6.412416,-1,1.419811,1.206744,3.278224,4.057661,12.000000,10.861111,11.263889,0,FAIL
light,cold_start,32.0,20.0,60,0.01,NEW,0.50,1,6.541259,-1,1.330419,1.109297,3.423269,4.285965,12.000000,11.222222,11.435185,0,FAIL
light,cold_start,32.0,20.0,60,0.01,NEW,0.50,2,6.537160,-1,1.414313,1.196788,3.331749,4.163099,12.000000,10.972222,11.300926,0,FAIL
light,cold_start,32.0,20.0,60,0.01,NEW,0.35,1,6.452637,-1,1.322611,1.101266,3.412043,4.205500,12.000000,11.166667,11.425926,0,FAIL
light,cold_start,32.0,20.0,60,0.01,NEW,0.35,2,6.417249,-1,1.390685,1.182579,3.188687,3.949844,12.000000,10.638889,11.194444,0,FAIL
light,cold_start,32.0,25.0,5,0.10,OLD,1.00,1,2.565770,614,0.042190,-0.014706,0.087732,0.210192,7.000000,5.166667,5.988426,0,FAIL
light,cold_start,32.0,25.0,5,0.10,NEW,1.00,1,2.630556,685,0.020589,-0.000382,0.042299,0.105983,7.000000,5.333333,6.018519,0,FAIL
light,cold_start,32.0,25.0,5,0.10,NEW,1.00,2,2.603583,669,0.036912,0.000936,0.065993,0.141588,7.000000,5.277778,6.009259,0,FAIL
light,cold_start,32.0,25.0,5,0.10,NEW,0.70,1,2.608137,824,0.012392,-0.001269,0.027897,0.069517,7.000000,5.277778,6.000000,0,FAIL
light,cold_start,32.0,25.0,5,0.10,NEW,0.70,2,2.598558,719,0.036510,0.001346,0.066941,0.148783,7.000000,5.222222,5.995370,0,FAIL
light,cold_start,32.0,25.0,5,0.10,NEW,0.50,1,2.640653,742,0.029664,0.000296,0.062283,0.153930,7.000000,5.222222,5.990741,0,FAIL
light,cold_start,32.0,25.0,5,0.10,NEW,0.50,2,2.604682,740,0.036248,-0.000670,0.065938,0.142361,7.000000,5.305556,6.000000,0,FAIL
light,cold_start,32.0,25.0,5,0.10,NEW,0.35,1,2.608137,860,0.032268,0.032268,0.041844,0.030092,7.000000,5.277778,6.000000,0,FAIL
light,cold_start,32.0,25.0,5,0.10,NEW,0.35,2,2.598558,755,0.036067,0.000711,0.065319,0.143206,7.000000,5.305556,5.986111,0,FAIL
light,cold_start,32.0,25.0,5,0.01,OLD,1.00,1,2.694851,828,0.037910,-0.000115,0.071647,0.179970,7.000000,5.250000,6.006944,0,FAIL
light,cold_start,32.0,25.0,5,0.01,NEW,1.00,1,2.635842,685,0.006690,-0.000355,0.014782,0.036512,7.000000,5.222222,6.009259,0,FAIL
light,cold_start,32.0,25.0,5,0.01,NEW,1.00,2,2.601198,777,0.002633,-0.000474,0.006394,0.017969,7.000000,5.250000,6.009259,0,FAIL
light,cold_start,32.0,25.0,5,0.01,NEW,0.70,1,2.615952,703,0.006665,-0.000339,0.014727,0.034372,7.000000,5.222222,6.000000,0,FAIL
light,cold_start,32.0,25.0,5,0.01,NEW,0.70,2,2.598696,704,0.002611,-0.000271,0.006233,0.017594,7.000000,5.250000,6.000000,0,FAIL
light,cold_start,32.0,25.0,5,0.01,NEW,0.50,1,2.637140,725,0.006543,-0.000680,0.014823,0.032085,7.000000,5.277778,5.990741,0,FAIL
light,cold_start,32.0,25.0,5,0.01,NEW,0.50,2,2.604436,726,0.002234,-0.000013,0.005359,0.014157,7.000000,5.250000,5.990741,0,FAIL
light,cold_start,32.0,25.0,5,0.01,NEW,0.35,1,2.615952,739,0.006842,-0.000162,0.014996,0.037764,7.000000,5.222222,5.981481,0,FAIL
light,cold_start,32.0,25.0,5,0.01,NEW,0.35,2,2.598696,740,0.002368,-0.000154,0.005580,0.017237,7.000000,5.250000,5.981481,0,FAIL
light,cold_start,32.0,25.0,15,0.10,OLD,1.00,1,3.260640,-1,0.140412,0.042092,0.269790,0.485841,7.000000,5.263889,6.069444,0,FAIL
light,cold_start,32.0,25.0,15,0.10,NEW,1.00,1,3.301182,-1,0.122845,0.028619,0.234424,0.477621,7.000000,5.000000,6.027778,0,FAIL
light,cold_start,32.0,25.0,15,0.10,NEW,1.00,2,3.293121,-1,0.109442,0.009045,0.208806,0.387849,7.000000,5.416667,6.064815,0,FAIL
light,cold_start,32.0,25.0,15,0.10,NEW,0.70,1,3.301894,-1,0.124772,0.025951,0.234035,0.459585,7.000000,5.111111,6.027778,0,FAIL
light,cold_start,32.0,25.0,15,0.10,NEW,0.70,2,3.288976,-1,0.114284,0.013618,0.214303,0.397269,7.000000,5.500000,6.060185,0,FAIL
light,cold_start,32.0,25.0,15,0.10,NEW,0.50,1,3.368943,-1,0.115190,0.021861,0.224534,0.425836,7.000000,5.000000,6.018519,0,FAIL
light,cold_start,32.0,25.0,15,0.10,NEW,0.50,2,3.302626,-1,0.107598,0.009437,0.190961,0.386990,7.000000,5.472222,6.046296,0,FAIL
light,cold_start,32.0,25.0,15,0.10,NEW,0.35,1,3.301894,-1,0.123774,0.034040,0.254188,0.516515,7.000000,5.166667,6.018519,0,FAIL
light,cold_start,32.0,25.0,15,0.10,NEW,0.35,2,3.288976,-1,0.117221,0.016304,0.218776,0.396543,7.000000,5.472222,6.046296,0,FAIL
light,cold_start,32.0,25.0,15,0.01,OLD,1.00,1,3.389602,-1,0.138796,0.031850,0.261266,0.491371,7.000000,5.250000,6.067130,0,FAIL
light,cold_start,32.0,25.0,15,0.01,NEW,1.00,1,3.301126,-1,0.148380,0.040173,0.291621,0.554182,7.000000,5.222222,6.064815,0,FAIL
light,cold_start,32.0,25.0,15,0.01,NEW,1.00,2,3.260431,-1,0.130561,0.027200,0.233512,0.473736,7.000000,5.361111,6.055556,0,FAIL
light,cold_start,32.0,25.0,15,0.01,NEW,0.70,1,3.297692,-1,0.156187,0.037356,0.293602,0.545147,7.000000,5.555556,6.083333,0,FAIL
light,cold_start,32.0,25.0,15,0.01,NEW,0.70,2,3.292484,-1,0.131229,0.022603,0.234191,0.431597,7.000000,5.472222,6.060185,0,FAIL
light,cold_start,32.0,25.0,15,0.01,NEW,0.50,1,3.374851,-1,0.158571,0.034761,0.296532,0.552922,7.000000,5.611111,6.074074,0,FAIL
light,cold_start,32.0,25.0,15,0.01,NEW,0.50,2,3.301989,-1,0.131386,0.020317,0.234597,0.432792,7.000000,5.527778,6.055556,0,FAIL
light,cold_start,32.0,25.0,15,0.01,NEW,0.35,1,3.297692,-1,0.156405,0.031912,0.287264,0.543754,7.000000,5.500000,6.046296,0,FAIL
light,cold_start,32.0,25.0,15,0.01,NEW,0.35,2,3.292738,-1,0.131510,0.017623,0.238566,0.471333,7.000000,5.500000,6.050926,0,FAIL
light,cold_start,32.0,25.0,30,0.10,OLD,1.00,1,4.534985,-1,0.257655,0.140171,0.562166,0.887869,7.000000,5.625000,6.199074,0,FAIL
light,cold_start,32.0,25.0,30,0.10,NEW,1.00,1,4.500688,-1,0.247348,0.128849,0.554465,0.854933,7.000000,5.166667,6.175926,0,FAIL
light,cold_start,32.0,25.0,30,0.10,NEW,1.00,2,4.474222,-1,0.244776,0.134678,0.524161,0.811832,7.000000,5.527778,6.180556,0,FAIL
light,cold_start,32.0,25.0,30,0.10,NEW,0.70,1,4.343417,-1,0.253180,0.143424,0.551999,0.916575,7.000000,4.944444,6.148148,0,FAIL
light,cold_start,32.0,25.0,30,0.10,NEW,0.70,2,4.470011,-1,0.238484,0.125408,0.524238,0.777112,7.000000,5.638889,6.189815,0,FAIL
light,cold_start,32.0,25.0,30,0.10,NEW,0.50,1,4.421644,-1,0.239648,0.118310,0.545924,0.857082,7.000000,5.444444,6.185185,0,FAIL
light,cold_start,32.0,25.0,30,0.10,NEW,0.50,2,4.415512,-1,0.240700,0.124157,0.529297,0.825311,7.000000,5.666667,6.189815,0,FAIL
light,cold_start,32.0,25.0,30,0.10,NEW,0.35,1,4.343417,-1,0.260962,0.157193,0.556800,0.886938,7.000000,5.222222,6.148148,0,FAIL
light,cold_start,32.0,25.0,30,0.10,NEW,0.35,2,4.470011,-1,0.235838,0.121002,0.523183,0.795218,7.000000,5.638889,6.175926,0,FAIL
light,cold_start,32.0,25.0,30,0.01,OLD,1.00,1,4.516916,-1,0.316114,0.202612,0.705728,1.056536,7.000000,5.250000,6.231481,0,FAIL
light,cold_start,32.0,25.0,30,0.01,NEW,1.00,1,4.504035,-1,0.286214,0.162988,0.646510,0.970298,7.000000,5.833333,6.268519,0,FAIL
light,cold_start,32.0,25.0,30,0.01,NEW,1.00,2,4.465674,-1,0.258544,0.145280,0.583292,0.876965,7.000000,5.027778,6.166667,0,FAIL
light,cold_start,32.0,25.0,30,0.01,NEW,0.70,1,4.507027,-1,0.285626,0.155229,0.646724,0.974414,7.000000,5.888889,6.250000,0,FAIL
light,cold_start,32.0,25.0,30,0.01,NEW,0.70,2,4.471138,-1,0.264386,0.153660,0.593359,0.885641,7.000000,5.000000,6.152778,0,FAIL
light,cold_start,32.0,25.0,30,0.01,NEW,0.50,1,4.421252,-1,0.286464,0.165563,0.650984,0.966130,7.000000,5.222222,6.148148,0,FAIL
light,cold_start,32.0,25.0,30,0.01,NEW,0.50,2,4.385638,-1,0.275541,0.165997,0.603957,0.883328,7.000000,5.000000,6.152778,0,FAIL
light,cold_start,32.0,25.0,30,0.01,NEW,0.35,1,4.507027,-1,0.286738,0.151000,0.645183,0.974626,7.000000,5.666667,6.194444,0,FAIL
light,cold_start,32.0,25.0,30,0.01,NEW,0.35,2,4.471138,-1,0.277591,0.169318,0.602145,0.879405,7.000000,5.000000,6.152778,0,FAIL
light,cold_start,32.0,25.0,60,0.10,OLD,1.00,1,6.895925,-1,0.752833,0.638009,1.867039,2.458819,7.000000,6.125000,6.842593,0,FAIL
light,cold_start,32.0,25.0,60,0.10,NEW,1.00,1,6.732503,-1,0.703611,0.587852,1.658354,2.153118,7.000000,5.944444,6.824074,0,FAIL
light,cold_start,32.0,25.0,60,0.10,NEW,1.00,2,6.730955,-1,0.770030,0.661002,1.735625,2.341307,7.000000,5.888889,6.606481,0,FAIL
light,cold_start,32.0,25.0,60,0.10,NEW,0.70,1,6.704468,-1,0.779362,0.670194,1.784729,2.506219,7.000000,4.777778,6.666667,0,FAIL
light,cold_start,32.0,25.0,60,0.10,NEW,0.70,2,6.683394,-1,0.730032,0.637884,1.679780,2.314911,7.000000,5.361111,6.555556,0,FAIL
light,cold_start,32.0,25.0,60,0.10,NEW,0.50,1,6.718230,-1,0.692734,0.583316,1.637274,2.052615,7.000000,5.666667,6.675926,0,FAIL
light,cold_start,32.0,25.0,60,0.10,NEW,0.50,2,6.720734,-1,0.689241,0.581995,1.629901,2.072337,7.000000,5.694444,6.555556,0,FAIL
light,cold_start,32.0,25.0,60,0.10,NEW,0.35,1,6.704468,-1,0.783972,0.689957,1.784788,2.493600,7.000000,4.611111,6.583333,0,FAIL
light,cold_start,32.0,25.0,60,0.10,NEW,0.35,2,6.683394,-1,0.688561,0.583683,1.636350,2.074792,7.000000,5.638889,6.541667,0,FAIL
light,cold_start,32.0,25.0,60,0.01,OLD,1.00,1,6.895925,-1,0.775313,0.648896,1.992448,2.632345,7.000000,6.291667,6.886574,0,FAIL
light,cold_start,32.0,25.0,60,0.01,NEW,1.00,1,6.717605,-1,0.796924,0.676289,1.857437,2.303023,7.000000,6.166667,6.712963,0,FAIL
light,cold_start,32.0,25.0,60,0.01,NEW,1.00,2,6.691664,-1,0.759170,0.635139,1.872818,2.401598,7.000000,5.500000,6.750000,0,FAIL
light,cold_start,32.0,25.0,60,0.01,NEW,0.70,1,6.719569,-1,0.773180,0.651944,1.860947,2.303388,7.000000,6.166667,6.740741,0,FAIL
light,cold_start,32.0,25.0,60,0.01,NEW,0.70,2,6.710203,-1,0.838388,0.746761,1.944955,2.408733,7.000000,4.416667,6.611111,0,FAIL
light,cold_start,32.0,25.0,60,0.01,NEW,0.50,1,6.710225,-1,0.766972,0.644963,1.865599,2.329925,7.000000,6.166667,6.740741,0,FAIL
light,cold_start,32.0,25.0,60,0.01,NEW,0.50,2,6.713240,-1,0.833259,0.739441,1.952220,2.447943,7.000000,4.500000,6.601852,0,FAIL
light,cold_start,32.0,25.0,60,0.01,NEW,0.35,1,6.719569,-1,0.741461,0.620277,1.857966,2.323180,7.000000,6.166667,6.768519,0,FAIL
light,cold_start,32.0,25.0,60,0.01,NEW,0.35,2,6.710203,-1,0.830005,0.737608,1.932092,2.389739,7.000000,4.444444,6.592593,0,FAIL
light,cold_start,32.0,28.0,5,0.10,OLD,1.00,1,2.578104,826,0.052412,-0.000010,0.092089,0.189277,4.000000,3.000000,3.469907,0,FAIL
light,cold_start,32.0,28.0,5,0.10,NEW,1.00,1,2.613439,954,0.021516,0.005243,0.046402,0.121258,4.000000,3.000000,3.500000,0,FAIL
light,cold_start,32.0,28.0,5,0.10,NEW,1.00,2,2.700052,1022,0.033375,0.000855,0.066168,0.146979,4.000000,3.027778,3.495370,0,FAIL
light,cold_start,32.0,28.0,5,0.10,NEW,0.70,1,2.615824,1002,0.022108,0.001923,0.050532,0.121216,4.000000,3.000000,3.481481,0,FAIL
light,cold_start,32.0,28.0,5,0.10,NEW,0.70,2,2.635031,1104,0.030998,-0.000426,0.062771,0.146381,4.000000,3.027778,3.495370,0,FAIL
light,cold_start,32.0,28.0,5,0.10,NEW,0.50,1,2.615824,1038,0.021082,0.004162,0.045809,0.121042,4.000000,3.000000,3.472222,0,FAIL
light,cold_start,32.0,28.0,5,0.10,NEW,0.50,2,2.635031,1140,0.032092,-0.002174,0.063915,0.148978,4.000000,3.055556,3.486111,0,FAIL
light,cold_start,32.0,28.0,5,0.10,NEW,0.35,1,2.613042,1120,0.024903,0.005246,0.051649,0.133874,4.000000,3.055556,3.472222,0,FAIL
light,cold_start,32.0,28.0,5,0.10,NEW,0.35,2,2.610743,1165,0.019548,0.019548,0.024236,0.015155,4.000000,3.000000,3.472222,0,FAIL
light,cold_start,32.0,28.0,5,0.01,OLD,1.00,1,2.684929,892,0.048727,0.000030,0.082059,0.169569,4.000000,3.000000,3.493056,0,FAIL
light,cold_start,32.0,28.0,5,0.01,NEW,1.00,1,2.614475,1034,0.010286,-0.000078,0.021696,0.043629,4.000000,3.000000,3.500000,0,FAIL
light,cold_start,32.0,28.0,5,0.01,NEW,1.00,2,2.612203,1032,0.003037,0.000394,0.006105,0.016226,4.000000,3.000000,3.495370,0,FAIL
light,cold_start,32.0,28.0,5,0.01,NEW,0.70,1,2.613811,1084,0.010315,0.000328,0.021329,0.046204,4.000000,3.000000,3.481481,0,FAIL
light,cold_start,32.0,28.0,5,0.01,NEW,0.70,2,2.611645,1087,0.003104,0.000269,0.006820,0.017976,4.000000,3.000000,3.486111,0,FAIL
light,cold_start,32.0,28.0,5,0.01,NEW,0.50,1,2.613811,1120,0.010328,0.000067,0.021463,0.045488,4.000000,3.000000,3.472222,0,FAIL
light,cold_start,32.0,28.0,5,0.01,NEW,0.50,2,2.611645,1123,0.003302,-0.000009,0.007624,0.019707,4.000000,3.000000,3.476852,0,FAIL
light,cold_start,32.0,28.0,5,0.01,NEW,0.35,1,2.615612,1141,0.010312,0.000001,0.021466,0.046254,4.000000,3.000000,3.462963,0,FAIL
light,cold_start,32.0,28.0,5,0.01,NEW,0.35,2,2.612009,1143,0.003195,0.000070,0.007141,0.019744,4.000000,3.000000,3.467593,0,FAIL
light,cold_start,32.0,28.0,15,0.10,OLD,1.00,1,3.491928,-1,0.081028,0.026956,0.166476,0.313531,4.000000,3.125000,3.567130,0,FAIL
light,cold_start,32.0,28.0,15,0.10,NEW,1.00,1,3.356510,-1,0.055267,0.013388,0.123428,0.312497,4.000000,2.944444,3.546296,0,FAIL
light,cold_start,32.0,28.0,15,0.10,NEW,1.00,2,3.281739,1192,0.055336,0.013196,0.107420,0.204565,4.000000,3.000000,3.532407,0,FAIL
light,cold_start,32.0,28.0,15,0.10,NEW,0.70,1,3.357954,8779,0.052767,0.009250,0.112562,0.238644,4.000000,3.000000,3.546296,0,FAIL
light,cold_start,32.0,28.0,15,0.10,NEW,0.70,2,3.320275,1290,0.058178,0.016697,0.112730,0.211515,4.000000,3.027778,3.546296,0,FAIL
light,cold_start,32.0,28.0,15,0.10,NEW,0.50,1,3.357954,7890,0.057253,0.015663,0.121527,0.257204,4.000000,2.944444,3.527778,0,FAIL
light,cold_start,32.0,28.0,15,0.10,NEW,0.50,2,3.320275,1326,0.055566,0.012320,0.111416,0.203964,4.000000,3.055556,3.532407,0,FAIL
light,cold_start,32.0,28.0,15,0.10,NEW,0.35,1,3.357876,3143,0.047480,0.005387,0.097697,0.241458,4.000000,3.000000,3.518519,0,FAIL
light,cold_start,32.0,28.0,15,0.10,NEW,0.35,2,3.319130,1346,0.060624,0.019029,0.113463,0.212734,4.000000,3.000000,3.527778,0,FAIL
light,cold_start,32.0,28.0,15,0.01,OLD,1.00,1,3.493542,-1,0.097238,0.027325,0.191110,0.364428,4.000000,2.916667,3.546296,0,FAIL
light,cold_start,32.0,28.0,15,0.01,NEW,1.00,1,3.283296,-1,0.105632,0.040540,0.199574,0.379442,4.000000,3.000000,3.546296,0,FAIL
light,cold_start,32.0,28.0,15,0.01,NEW,1.00,2,3.316171,-1,0.083946,0.022952,0.156752,0.301549,4.000000,2.861111,3.537037,0,FAIL
light,cold_start,32.0,28.0,15,0.01,NEW,0.70,1,3.358014,-1,0.106135,0.035586,0.198854,0.379391,4.000000,3.111111,3.555556,0,FAIL
light,cold_start,32.0,28.0,15,0.01,NEW,0.70,2,3.320360,-1,0.084127,0.022649,0.155770,0.289990,4.000000,2.861111,3.527778,0,FAIL
light,cold_start,32.0,28.0,15,0.01,NEW,0.50,1,3.358014,-1,0.104181,0.033227,0.198852,0.379910,4.000000,3.111111,3.555556,0,FAIL
light,cold_start,32.0,28.0,15,0.01,NEW,0.50,2,3.320360,-1,0.079409,0.018841,0.150589,0.285705,4.000000,2.888889,3.513889,0,FAIL
light,cold_start,32.0,28.0,15,0.01,NEW,0.35,1,3.358010,-1,0.103520,0.033166,0.196071,0.376757,4.000000,3.111111,3.546296,0,FAIL
light,cold_start,32.0,28.0,15,0.01,NEW,0.35,2,3.319677,-1,0.075813,0.009093,0.145687,0.288271,4.000000,3.138889,3.527778,0,FAIL
light,cold_start,32.0,28.0,30,0.10,OLD,1.00,1,4.565697,-1,0.150504,0.087598,0.335867,0.500283,4.565697,2.930556,3.659722,0,FAIL
light,cold_start,32.0,28.0,30,0.10,NEW,1.00,1,4.521704,-1,0.130504,0.067147,0.283970,0.522728,4.521704,3.055556,3.638889,0,FAIL
light,cold_start,32.0,28.0,30,0.10,NEW,1.00,2,4.519019,-1,0.119929,0.065199,0.269182,0.392748,4.519019,3.138889,3.662037,0,FAIL
light,cold_start,32.0,28.0,30,0.10,NEW,0.70,1,4.601103,-1,0.123696,0.061142,0.274973,0.449216,4.601103,3.000000,3.638889,0,FAIL
light,cold_start,32.0,28.0,30,0.10,NEW,0.70,2,4.556562,-1,0.119349,0.065912,0.269328,0.392761,4.556562,3.055556,3.629630,0,FAIL
light,cold_start,32.0,28.0,30,0.10,NEW,0.50,1,4.601103,-1,0.125267,0.062694,0.274892,0.449216,4.601103,3.000000,3.638889,0,FAIL
light,cold_start,32.0,28.0,30,0.10,NEW,0.50,2,4.556562,-1,0.119365,0.067477,0.269259,0.392743,4.556562,3.000000,3.620370,0,FAIL
light,cold_start,32.0,28.0,30,0.10,NEW,0.35,1,4.596954,-1,0.124995,0.057689,0.276285,0.449512,4.596954,3.111111,3.620370,0,FAIL
light,cold_start,32.0,28.0,30,0.10,NEW,0.35,2,4.558133,-1,0.120911,0.069022,0.269257,0.392742,4.558133,3.000000,3.625000,0,FAIL
light,cold_start,32.0,28.0,30,0.01,OLD,1.00,1,4.524809,-1,0.204086,0.140258,0.456510,0.673172,4.524809,2.972222,3.659722,0,FAIL
light,cold_start,32.0,28.0,30,0.01,NEW,1.00,1,4.520939,-1,0.182529,0.110531,0.413160,0.624631,4.520939,3.055556,3.657407,0,FAIL
light,cold_start,32.0,28.0,30,0.01,NEW,1.00,2,4.519360,-1,0.161445,0.097380,0.359027,0.531090,4.519360,2.916667,3.657407,0,FAIL
light,cold_start,32.0,28.0,30,0.01,NEW,0.70,1,4.598750,-1,0.182380,0.111516,0.411821,0.619315,4.598750,3.055556,3.666667,0,FAIL
light,cold_start,32.0,28.0,30,0.01,NEW,0.70,2,4.556257,-1,0.170847,0.106900,0.362045,0.534178,4.556257,2.916667,3.671296,0,FAIL
light,cold_start,32.0,28.0,30,0.01,NEW,0.50,1,4.598750,-1,0.183561,0.112462,0.413089,0.621919,4.598750,3.055556,3.666667,0,FAIL
light,cold_start,32.0,28.0,30,0.01,NEW,0.50,2,4.556257,-1,0.170669,0.106409,0.364528,0.534114,4.556257,3.000000,3.671296,0,FAIL
light,cold_start,32.0,28.0,30,0.01,NEW,0.35,1,4.512320,-1,0.183131,0.112449,0.411335,0.621898,4.512320,3.055556,3.648148,0,FAIL
light,cold_start,32.0,28.0,30,0.01,NEW,0.35,2,4.595808,-1,0.170206,0.106323,0.360079,0.531782,4.595808,2.972222,3.662037,0,FAIL
light,cold_start,32.0,28.0,60,0.10,OLD,1.00,1,6.939675,-1,0.441566,0.379809,1.060940,1.410374,6.939675,3.444444,4.069444,0,FAIL
light,cold_start,32.0,28.0,60,0.10,NEW,1.00,1,6.944485,-1,0.423771,0.362922,1.036745,1.352157,6.944485,3.333333,4.018519,0,FAIL
light,cold_start,32.0,28.0,60,0.10,NEW,1.00,2,6.904396,-1,0.385591,0.330136,0.929092,1.300507,6.904396,3.166667,4.037037,0,FAIL
light,cold_start,32.0,28.0,60,0.10,NEW,0.70,1,6.951813,-1,0.412425,0.354383,0.998744,1.332679,6.951813,3.222222,4.027778,0,FAIL
light,cold_start,32.0,28.0,60,0.10,NEW,0.70,2,6.908525,-1,0.382178,0.326281,0.890332,1.255130,6.908525,3.194444,3.986111,0,FAIL
light,cold_start,32.0,28.0,60,0.10,NEW,0.50,1,6.951813,-1,0.447247,0.386606,1.036821,1.346631,6.951813,3.388889,3.972222,0,FAIL
light,cold_start,32.0,28.0,60,0.10,NEW,0.50,2,6.908525,-1,0.391495,0.334331,0.929205,1.300464,6.908525,3.250000,3.958333,0,FAIL
light,cold_start,32.0,28.0,60,0.10,NEW,0.35,1,6.865082,-1,0.416232,0.358907,1.038079,1.338682,6.865082,3.222222,4.046296,0,FAIL
light,cold_start,32.0,28.0,60,0.10,NEW,0.35,2,6.948265,-1,0.420256,0.360692,1.000981,1.278445,6.948265,3.333333,3.972222,0,FAIL
light,cold_start,32.0,28.0,60,0.01,OLD,1.00,1,6.939413,-1,0.612908,0.561212,1.281556,1.666380,6.939413,2.666667,4.064815,0,FAIL
light,cold_start,32.0,28.0,60,0.01,NEW,1.00,1,6.942140,-1,0.452320,0.379889,1.105383,1.435937,6.942140,3.166667,4.083333,0,FAIL
light,cold_start,32.0,28.0,60,0.01,NEW,1.00,2,6.906170,-1,0.452852,0.385078,1.037133,1.300859,6.906170,3.472222,4.018519,0,FAIL
light,cold_start,32.0,28.0,60,0.01,NEW,0.70,1,6.951813,-1,0.510191,0.460423,1.134713,1.428159,6.951813,2.444444,3.990741,0,FAIL
light,cold_start,32.0,28.0,60,0.01,NEW,0.70,2,6.906081,-1,0.434520,0.366530,1.038882,1.300991,6.906081,3.472222,4.041667,0,FAIL
light,cold_start,32.0,28.0,60,0.01,NEW,0.50,1,6.951813,-1,0.518627,0.469910,1.136694,1.430556,6.951813,2.555556,3.990741,0,FAIL
light,cold_start,32.0,28.0,60,0.01,NEW,0.50,2,6.906081,-1,0.432879,0.364711,1.040015,1.309809,6.906081,3.472222,4.032407,0,FAIL
light,cold_start,32.0,28.0,60,0.01,NEW,0.35,1,6.865099,-1,0.488962,0.433681,1.128857,1.426927,6.865099,2.555556,3.962963,0,FAIL
light,cold_start,32.0,28.0,60,0.01,NEW,0.35,2,6.986156,-1,0.433972,0.365719,1.040296,1.308130,6.986156,3.472222,4.027778,0,FAIL
light,cold_start,35.0,20.0,5,0.10,OLD,1.00,1,2.443156,1094,0.036384,0.000449,0.066861,0.147024,15.000000,11.305556,12.733796,0,FAIL
light,cold_start,35.0,20.0,5,0.10,NEW,1.00,1,2.398634,906,0.034762,-0.000411,0.068298,0.163883,15.000000,11.222222,12.740741,0,FAIL
light,cold_start,35.0,20.0,5,0.10,NEW,1.00,2,2.362758,1007,0.033959,-0.000099,0.065237,0.144344,15.000000,11.222222,12.726852,0,FAIL
light,cold_start,35.0,20.0,5,0.10,NEW,0.70,1,2.452193,1028,0.032365,0.001390,0.063363,0.143892,15.000000,11.222222,12.722222,0,FAIL
light,cold_start,35.0,20.0,5,0.10,NEW,0.70,2,2.419315,926,0.034905,-0.000750,0.065217,0.142343,15.000000,11.222222,12.717593,0,FAIL
light,cold_start,35.0,20.0,5,0.10,NEW,0.50,1,2.386842,1043,0.036016,0.000246,0.069104,0.164269,15.000000,11.222222,12.712963,0,FAIL
light,cold_start,35.0,20.0,5,0.10,NEW,0.50,2,2.383654,1027,0.034197,-0.000175,0.063356,0.135514,15.000000,11.222222,12.708333,0,FAIL
light,cold_start,35.0,20.0,5,0.10,NEW,0.35,1,2.380493,1036,0.036514,0.001362,0.068788,0.156088,15.000000,11.277778,12.712963,0,FAIL
light,cold_start,35.0,20.0,5,0.10,NEW,0.35,2,2.388874,1041,0.037576,-0.000794,0.067483,0.143403,15.000000,11.305556,12.712963,0,FAIL
light,cold_start,35.0,20.0,5,0.01,OLD,1.00,1,2.443746,873,0.025943,0.000337,0.050024,0.113566,15.000000,11.208333,12.729167,0,FAIL
light,cold_start,35.0,20.0,5,0.01,NEW,1.00,1,2.393824,914,0.005252,-0.000547,0.012363,0.032602,15.000000,11.222222,12.731481,0,FAIL
light,cold_start,35.0,20.0,5,0.01,NEW,1.00,2,2.369812,1011,0.002126,0.000045,0.004985,0.014221,15.000000,11.250000,12.736111,0,FAIL
light,cold_start,35.0,20.0,5,0.01,NEW,0.70,1,2.431219,1028,0.005433,-0.000917,0.012611,0.033897,15.000000,11.222222,12.722222,0,FAIL
light,cold_start,35.0,20.0,5,0.01,NEW,0.70,2,2.420523,1029,0.002211,-0.000165,0.005090,0.014217,15.000000,11.222222,12.722222,0,FAIL
light,cold_start,35.0,20.0,5,0.01,NEW,0.50,1,2.426443,1034,0.004504,-0.000416,0.010499,0.029689,15.000000,11.277778,12.722222,0,FAIL
light,cold_start,35.0,20.0,5,0.01,NEW,0.50,2,2.413098,1031,0.003807,0.000056,0.008353,0.020728,15.000000,11.250000,12.717593,0,FAIL
light,cold_start,35.0,20.0,5,0.01,NEW,0.35,1,2.387330,1026,0.004585,-0.000989,0.011145,0.031753,15.000000,11.222222,12.703704,0,FAIL
light,cold_start,35.0,20.0,5,0.01,NEW,0.35,2,2.381769,1033,0.003369,0.000132,0.006867,0.016467,15.000000,11.250000,12.708333,0,FAIL
light,cold_start,35.0,20.0,15,0.10,OLD,1.00,1,3.086787,-1,0.277400,0.052464,0.527348,0.984865,15.000000,11.472222,12.840278,0,FAIL
light,cold_start,35.0,20.0,15,0.10,NEW,1.00,1,3.126417,-1,0.277855,0.064098,0.503014,0.934101,15.000000,11.388889,12.787037,0,FAIL
light,cold_start,35.0,20.0,15,0.10,NEW,1.00,2,2.995492,-1,0.277701,0.070653,0.507876,0.932548,15.000000,10.888889,12.750000,0,FAIL
light,cold_start,35.0,20.0,15,0.10,NEW,0.70,1,3.119098,-1,0.286109,0.059358,0.521920,0.970302,15.000000,11.722222,12.814815,0,FAIL
light,cold_start,35.0,20.0,15,0.10,NEW,0.70,2,3.078889,-1,0.272322,0.067460,0.498779,0.895912,15.000000,10.972222,12.740741,0,FAIL
light,cold_start,35.0,20.0,15,0.10,NEW,0.50,1,3.044536,-1,0.280706,0.064596,0.511385,0.944429,15.000000,11.555556,12.787037,0,FAIL
light,cold_start,35.0,20.0,15,0.10,NEW,0.50,2,3.107608,-1,0.282396,0.071470,0.512431,0.926857,15.000000,11.222222,12.759259,0,FAIL
light,cold_start,35.0,20.0,15,0.10,NEW,0.35,1,3.078879,-1,0.283179,0.062040,0.517736,0.968346,15.000000,11.666667,12.787037,0,FAIL
light,cold_start,35.0,20.0,15,0.10,NEW,0.35,2,3.065722,-1,0.280395,0.067721,0.513340,0.948654,15.000000,11.361111,12.759259,0,FAIL
light,cold_start,35.0,20.0,15,0.01,OLD,1.00,1,3.097795,-1,0.281987,0.054272,0.513902,0.937356,15.000000,11.027778,12.789352,0,FAIL
light,cold_start,35.0,20.0,15,0.01,NEW,1.00,1,3.126399,-1,0.288166,0.053518,0.517040,0.938464,15.000000,11.777778,12.833333,0,FAIL
light,cold_start,35.0,20.0,15,0.01,NEW,1.00,2,3.114305,-1,0.285132,0.045351,0.515916,0.935269,15.000000,11.861111,12.837963,0,FAIL
light,cold_start,35.0,20.0,15,0.01,NEW,0.70,1,3.076846,-1,0.291951,0.049652,0.520784,0.986226,15.000000,11.888889,12.833333,0,FAIL
light,cold_start,35.0,20.0,15,0.01,NEW,0.70,2,3.075968,-1,0.282419,0.040138,0.511464,0.951455,15.000000,11.861111,12.828704,0,FAIL
light,cold_start,35.0,20.0,15,0.01,NEW,0.50,1,3.050712,-1,0.286582,0.046167,0.515801,0.961167,15.000000,11.888889,12.824074,0,FAIL
light,cold_start,35.0,20.0,15,0.01,NEW,0.50,2,3.117107,-1,0.282538,0.038182,0.514283,0.931774,15.000000,11.805556,12.824074,0,FAIL
light,cold_start,35.0,20.0,15,0.01,NEW,0.35,1,3.079537,-1,0.287831,0.041992,0.517695,0.970762,15.000000,11.833333,12.814815,0,FAIL
light,cold_start,35.0,20.0,15,0.01,NEW,0.35,2,3.075038,-1,0.280806,0.036073,0.514347,0.946180,15.000000,11.777778,12.805556,0,FAIL
light,cold_start,35.0,20.0,30,0.10,OLD,1.00,1,4.266853,-1,0.532549,0.292990,1.188630,1.752003,15.000000,11.013889,13.004630,0,FAIL
light,cold_start,35.0,20.0,30,0.10,NEW,1.00,1,4.103983,-1,0.572624,0.326641,1.251324,1.856980,15.000000,12.111111,13.074074,0,FAIL
light,cold_start,35.0,20.0,30,0.10,NEW,1.00,2,4.091684,-1,0.565455,0.344104,1.211029,1.772897,15.000000,11.194444,13.000000,0,FAIL
light,cold_start,35.0,20.0,30,0.10,NEW,0.70,1,4.125961,-1,0.569100,0.315083,1.253900,1.856968,15.000000,12.277778,13.074074,0,FAIL
light,cold_start,35.0,20.0,30,0.10,NEW,0.70,2,4.129852,-1,0.556979,0.322576,1.207031,1.765786,15.000000,11.944444,13.032407,0,FAIL
light,cold_start,35.0,20.0,30,0.10,NEW,0.50,1,4.128583,-1,0.559515,0.296858,1.246375,1.833957,15.000000,12.500000,13.092593,0,FAIL
light,cold_start,35.0,20.0,30,0.10,NEW,0.50,2,4.130922,-1,0.558646,0.335490,1.204814,1.752142,15.000000,11.416667,12.990741,0,FAIL
light,cold_start,35.0,20.0,30,0.10,NEW,0.35,1,4.122222,-1,0.543914,0.277545,1.215908,1.818533,15.000000,12.555556,13.092593,0,FAIL
light,cold_start,35.0,20.0,30,0.10,NEW,0.35,2,4.083429,-1,0.561714,0.334243,1.214022,1.784230,15.000000,11.638889,12.990741,0,FAIL
light,cold_start,35.0,20.0,30,0.01,OLD,1.00,1,4.245237,-1,0.597484,0.374151,1.280910,1.869123,15.000000,11.430556,13.041667,0,FAIL
light,cold_start,35.0,20.0,30,0.01,NEW,1.00,1,4.104455,-1,0.557802,0.280217,1.268398,1.866145,15.000000,12.611111,13.129630,0,FAIL
light,cold_start,35.0,20.0,30,0.01,NEW,1.00,2,4.094048,-1,0.546920,0.283830,1.224150,1.773641,15.000000,12.527778,13.111111,0,FAIL
light,cold_start,35.0,20.0,30,0.01,NEW,0.70,1,4.121613,-1,0.548365,0.269479,1.260113,1.861006,15.000000,12.388889,13.101852,0,FAIL
light,cold_start,35.0,20.0,30,0.01,NEW,0.70,2,4.123998,-1,0.541365,0.276115,1.222602,1.772181,15.000000,12.527778,13.097222,0,FAIL
light,cold_start,35.0,20.0,30,0.01,NEW,0.50,1,4.133803,-1,0.555229,0.279555,1.270947,1.910498,15.000000,11.777778,13.027778,0,FAIL
light,cold_start,35.0,20.0,30,0.01,NEW,0.50,2,4.137974,-1,0.545558,0.281433,1.226642,1.772574,15.000000,12.555556,13.097222,0,FAIL
light,cold_start,35.0,20.0,30,0.01,NEW,0.35,1,4.123915,-1,0.547397,0.269587,1.261734,1.858691,15.000000,12.055556,13.046296,0,FAIL
light,cold_start,35.0,20.0,30,0.01,NEW,0.35,2,4.094595,-1,0.533618,0.266641,1.211298,1.776470,15.000000,12.527778,13.083333,0,FAIL
light,cold_start,35.0,20.0,60,0.10,OLD,1.00,1,6.482568,-1,1.611350,1.348383,4.013786,5.105040,15.000000,13.069444,14.282407,0,FAIL
light,cold_start,35.0,20.0,60,0.10,NEW,1.00,1,6.329371,-1,1.738923,1.534741,4.027484,4.984581,15.000000,9.611111,13.777778,0,FAIL
light,cold_start,35.0,20.0,60,0.10,NEW,1.00,2,6.333112,-1,1.657410,1.419605,3.953236,4.977276,15.000000,10.694444,13.902778,0,FAIL
light,cold_start,35.0,20.0,60,0.10,NEW,0.70,1,6.338303,-1,1.821336,1.646648,4.047732,5.151482,15.000000,9.666667,13.759259,0,FAIL
light,cold_start,35.0,20.0,60,0.10,NEW,0.70,2,6.261118,-1,1.679403,1.452416,3.970236,4.927716,15.000000,10.277778,13.833333,0,FAIL
light,cold_start,35.0,20.0,60,0.10,NEW,0.50,1,6.263053,-1,1.782176,1.596143,4.011560,5.225616,15.000000,9.277778,13.731481,0,FAIL
light,cold_start,35.0,20.0,60,0.10,NEW,0.50,2,6.358149,-1,1.729224,1.532990,3.978255,4.974671,15.000000,9.416667,13.750000,0,FAIL
light,cold_start,35.0,20.0,60,0.10,NEW,0.35,1,6.324850,-1,1.812736,1.627903,4.053994,4.986890,15.000000,11.333333,13.787037,0,FAIL
light,cold_start,35.0,20.0,60,0.10,NEW,0.35,2,6.293195,-1,1.710733,1.498329,3.974703,4.988679,15.000000,9.833333,13.754630,0,FAIL
light,cold_start,35.0,20.0,60,0.01,OLD,1.00,1,6.460951,-1,1.605932,1.347906,3.930595,5.030560,15.000000,12.777778,14.250000,0,FAIL
light,cold_start,35.0,20.0,60,0.01,NEW,1.00,1,6.325091,-1,1.828302,1.652326,4.079576,5.099461,15.000000,10.000000,13.796296,0,FAIL
light,cold_start,35.0,20.0,60,0.01,NEW,1.00,2,6.322767,-1,1.772664,1.589515,4.010047,5.080996,15.000000,9.250000,13.750000,0,FAIL
light,cold_start,35.0,20.0,60,0.01,NEW,0.70,1,6.331153,-1,1.831716,1.633933,4.086232,5.099024,15.000000,11.777778,13.833333,0,FAIL
light,cold_start,35.0,20.0,60,0.01,NEW,0.70,2,6.298631,-1,1.783566,1.606836,4.016678,4.969674,15.000000,9.472222,13.736111,0,FAIL
light,cold_start,35.0,20.0,60,0.01,NEW,0.50,1,6.360727,-1,1.831954,1.619439,4.080138,5.115693,15.000000,12.333333,13.861111,0,FAIL
light,cold_start,35.0,20.0,60,0.01,NEW,0.50,2,6.380704,-1,1.795247,1.612206,4.068402,5.048808,15.000000,9.194444,13.731481,0,FAIL
light,cold_start,35.0,20.0,60,0.01,NEW,0.35,1,6.330663,-1,1.844681,1.654626,4.108956,5.084249,15.000000,11.444444,13.805556,0,FAIL
light,cold_start,35.0,20.0,60,0.01,NEW,0.35,2,6.283285,-1,1.789992,1.613914,4.031713,4.983017,15.000000,9.500000,13.712963,0,FAIL
light,cold_start,35.0,25.0,5,0.10,OLD,1.00,1,2.592865,799,0.052771,-0.002092,0.088899,0.185006,10.000000,7.583333,8.534722,0,FAIL
light,cold_start,35.0,25.0,5,0.10,NEW,1.00,1,2.524898,762,0.025603,0.015739,0.045341,0.111150,10.000000,7.500000,8.537037,0,FAIL
light,cold_start,35.0,25.0,5,0.10,NEW,1.00,2,2.517288,765,0.036190,-0.000776,0.066039,0.140461,10.000000,7.444444,8.527778,0,FAIL
light,cold_start,35.0,25.0,5,0.10,NEW,0.70,1,2.518000,754,0.035436,-0.001445,0.067961,0.155471,10.000000,7.500000,8.518519,0,FAIL
light,cold_start,35.0,25.0,5,0.10,NEW,0.70,2,2.505354,759,0.036320,-0.002009,0.065791,0.139093,10.000000,7.527778,8.523148,0,FAIL
light,cold_start,35.0,25.0,5,0.10,NEW,0.50,1,2.517580,770,0.033326,-0.001628,0.064609,0.151040,10.000000,7.500000,8.518519,0,FAIL
light,cold_start,35.0,25.0,5,0.10,NEW,0.50,2,2.515468,782,0.035033,-0.001151,0.064658,0.138600,10.000000,7.444444,8.504630,0,FAIL
light,cold_start,35.0,25.0,5,0.10,NEW,0.35,1,2.526000,895,0.035912,0.000865,0.069031,0.164824,10.000000,7.500000,8.509259,0,FAIL
light,cold_start,35.0,25.0,5,0.10,NEW,0.35,2,2.516917,803,0.034374,-0.000463,0.064317,0.141821,10.000000,7.444444,8.500000,0,FAIL
light,cold_start,35.0,25.0,5,0.01,OLD,1.00,1,2.592865,620,0.022551,0.000147,0.039937,0.076432,10.000000,7.527778,8.532407,0,FAIL
light,cold_start,35.0,25.0,5,0.01,NEW,1.00,1,2.524786,766,0.004936,-0.000031,0.010671,0.026016,10.000000,7.500000,8.537037,0,FAIL
light,cold_start,35.0,25.0,5,0.01,NEW,1.00,2,2.513113,764,0.003180,-0.000551,0.007312,0.020047,10.000000,7.500000,8.532407,0,FAIL
light,cold_start,35.0,25.0,5,0.01,NEW,0.70,1,2.514976,879,0.005005,-0.000048,0.011062,0.028192,10.000000,7.500000,8.518519,0,FAIL
light,cold_start,35.0,25.0,5,0.01,NEW,0.70,2,2.483582,767,0.003587,0.000048,0.008134,0.022324,10.000000,7.500000,8.523148,0,FAIL
light,cold_start,35.0,25.0,5,0.01,NEW,0.50,1,2.524791,783,0.004785,0.000014,0.010197,0.023597,10.000000,7.500000,8.509259,0,FAIL
light,cold_start,35.0,25.0,5,0.01,NEW,0.50,2,2.519925,788,0.004093,-0.000031,0.008754,0.022851,10.000000,7.500000,8.513889,0,FAIL
light,cold_start,35.0,25.0,5,0.01,NEW,0.35,1,2.512403,905,0.004802,0.000028,0.010400,0.025952,10.000000,7.500000,8.509259,0,FAIL
light,cold_start,35.0,25.0,5,0.01,NEW,0.35,2,2.509179,800,0.003314,-0.000124,0.007579,0.020690,10.000000,7.500000,8.504630,0,FAIL
light,cold_start,35.0,25.0,15,0.10,OLD,1.00,1,3.231885,-1,0.174464,0.033144,0.319875,0.679176,10.000000,7.513889,8.597222,0,FAIL
light,cold_start,35.0,25.0,15,0.10,NEW,1.00,1,3.177655,-1,0.177680,0.021546,0.321218,0.640621,10.000000,7.611111,8.592593,0,FAIL
light,cold_start,35.0,25.0,15,0.10,NEW,1.00,2,3.162934,-1,0.172516,0.019367,0.312470,0.587117,10.000000,7.472222,8.569444,0,FAIL
light,cold_start,35.0,25.0,15,0.10,NEW,0.70,1,3.156838,-1,0.188859,0.040029,0.346281,0.650502,10.000000,7.222222,8.546296,0,FAIL
light,cold_start,35.0,25.0,15,0.10,NEW,0.70,2,3.152390,-1,0.168417,0.017326,0.303612,0.570650,10.000000,7.527778,8.569444,0,FAIL
light,cold_start,35.0,25.0,15,0.10,NEW,0.50,1,3.157761,-1,0.175022,0.034132,0.316606,0.606380,10.000000,7.166667,8.527778,0,FAIL
light,cold_start,35.0,25.0,15,0.10,NEW,0.50,2,3.244647,-1,0.169733,0.019603,0.305253,0.578440,10.000000,7.361111,8.546296,0,FAIL
light,cold_start,35.0,25.0,15,0.10,NEW,0.35,1,3.153212,-1,0.180033,0.036166,0.321503,0.658167,10.000000,7.166667,8.518519,0,FAIL
light,cold_start,35.0,25.0,15,0.10,NEW,0.35,2,3.203178,-1,0.175240,0.031655,0.316014,0.587455,10.000000,7.166667,8.518519,0,FAIL
light,cold_start,35.0,25.0,15,0.01,OLD,1.00,1,3.249671,-1,0.191110,0.045827,0.362911,0.745624,10.000000,7.444444,8.555556,0,FAIL
light,cold_start,35.0,25.0,15,0.01,NEW,1.00,1,3.172341,-1,0.194278,0.032920,0.350925,0.666470,10.000000,7.333333,8.564815,0,FAIL
light,cold_start,35.0,25.0,15,0.01,NEW,1.00,2,3.164271,-1,0.189161,0.029548,0.340542,0.633696,10.000000,7.388889,8.569444,0,FAIL
light,cold_start,35.0,25.0,15,0.01,NEW,0.70,1,3.157175,-1,0.197465,0.039108,0.358832,0.718448,10.000000,7.222222,8.546296,0,FAIL
light,cold_start,35.0,25.0,15,0.01,NEW,0.70,2,3.202519,-1,0.190805,0.037376,0.345385,0.643462,10.000000,7.194444,8.546296,0,FAIL
light,cold_start,35.0,25.0,15,0.01,NEW,0.50,1,3.155113,-1,0.195939,0.039996,0.355851,0.703510,10.000000,7.222222,8.537037,0,FAIL
light,cold_start,35.0,25.0,15,0.01,NEW,0.50,2,3.272434,-1,0.193347,0.046658,0.346078,0.636838,10.000000,7.138889,8.532407,0,FAIL
light,cold_start,35.0,25.0,15,0.01,NEW,0.35,1,3.243194,-1,0.202122,0.050717,0.381355,0.711310,10.000000,7.166667,8.527778,0,FAIL
light,cold_start,35.0,25.0,15,0.01,NEW,0.35,2,3.205037,-1,0.191625,0.045528,0.344298,0.633462,10.000000,7.138889,8.523148,0,FAIL
light,cold_start,35.0,25.0,30,0.10,OLD,1.00,1,4.325890,-1,0.357904,0.198574,0.772271,1.216966,10.000000,7.944444,8.738426,0,FAIL
light,cold_start,35.0,25.0,30,0.10,NEW,1.00,1,4.353291,-1,0.347303,0.167803,0.793963,1.190925,10.000000,8.166667,8.805556,0,FAIL
light,cold_start,35.0,25.0,30,0.10,NEW,1.00,2,4.318263,-1,0.360206,0.194678,0.777692,1.176665,10.000000,8.083333,8.763889,0,FAIL
light,cold_start,35.0,25.0,30,0.10,NEW,0.70,1,4.269455,-1,0.346254,0.168088,0.792479,1.191904,10.000000,8.111111,8.787037,0,FAIL
light,cold_start,35.0,25.0,30,0.10,NEW,0.70,2,4.257495,-1,0.359366,0.208167,0.770914,1.177763,10.000000,7.666667,8.712963,0,FAIL
light,cold_start,35.0,25.0,30,0.10,NEW,0.50,1,4.350825,-1,0.347838,0.170033,0.793528,1.196140,10.000000,8.000000,8.768519,0,FAIL
light,cold_start,35.0,25.0,30,0.10,NEW,0.50,2,4.341234,-1,0.360752,0.206016,0.774449,1.177664,10.000000,7.805556,8.717593,0,FAIL
light,cold_start,35.0,25.0,30,0.10,NEW,0.35,1,4.264262,-1,0.347157,0.167759,0.794750,1.196094,10.000000,8.111111,8.768519,0,FAIL
light,cold_start,35.0,25.0,30,0.10,NEW,0.35,2,4.344316,-1,0.362238,0.192454,0.785600,1.181211,10.000000,8.138889,8.740741,0,FAIL
light,cold_start,35.0,25.0,30,0.01,OLD,1.00,1,4.319761,-1,0.376516,0.221704,0.839853,1.293319,10.000000,7.041667,8.708333,0,FAIL
light,cold_start,35.0,25.0,30,0.01,NEW,1.00,1,4.347596,-1,0.391979,0.207385,0.882457,1.298839,10.000000,8.388889,8.833333,0,FAIL
light,cold_start,35.0,25.0,30,0.01,NEW,1.00,2,4.307613,-1,0.383451,0.230798,0.838467,1.215411,10.000000,7.083333,8.708333,0,FAIL
light,cold_start,35.0,25.0,30,0.01,NEW,0.70,1,4.265480,-1,0.392045,0.203082,0.882958,1.303376,10.000000,8.277778,8.796296,0,FAIL
light,cold_start,35.0,25.0,30,0.01,NEW,0.70,2,4.261235,-1,0.390522,0.237997,0.838870,1.210824,10.000000,7.083333,8.708333,0,FAIL
light,cold_start,35.0,25.0,30,0.01,NEW,0.50,1,4.412499,-1,0.392333,0.203158,0.883985,1.309524,10.000000,8.000000,8.759259,0,FAIL
light,cold_start,35.0,25.0,30,0.01,NEW,0.50,2,4.374454,-1,0.392388,0.240088,0.835469,1.214000,10.000000,7.472222,8.740741,0,FAIL
light,cold_start,35.0,25.0,30,0.01,NEW,0.35,1,4.406187,-1,0.389747,0.204587,0.880719,1.299648,10.000000,7.833333,8.731481,0,FAIL
light,cold_start,35.0,25.0,30,0.01,NEW,0.35,2,4.343613,-1,0.397853,0.245317,0.841498,1.218720,10.000000,7.277778,8.722222,0,FAIL
light,cold_start,35.0,25.0,60,0.10,OLD,1.00,1,6.632947,-1,1.074937,0.910297,2.589057,3.251453,10.000000,8.291667,9.585648,0,FAIL
light,cold_start,35.0,25.0,60,0.10,NEW,1.00,1,6.512361,-1,1.060831,0.892385,2.676407,3.586813,10.000000,8.444444,9.527778,0,FAIL
light,cold_start,35.0,25.0,60,0.10,NEW,1.00,2,6.511929,-1,1.084701,0.924921,2.585366,3.267725,10.000000,7.361111,9.412037,0,FAIL
light,cold_start,35.0,25.0,60,0.10,NEW,0.70,1,6.575694,-1,1.039874,0.875530,2.501498,3.325114,10.000000,8.500000,9.425926,0,FAIL
light,cold_start,35.0,25.0,60,0.10,NEW,0.70,2,6.561815,-1,1.100789,0.941589,2.575115,3.322071,10.000000,7.194444,9.370370,0,FAIL
light,cold_start,35.0,25.0,60,0.10,NEW,0.50,1,6.641255,-1,1.056698,0.894387,2.548177,3.297560,10.000000,8.055556,9.500000,0,FAIL
light,cold_start,35.0,25.0,60,0.10,NEW,0.50,2,6.616658,-1,1.125484,1.004394,2.576591,3.236970,10.000000,6.555556,9.236111,0,FAIL
light,cold_start,35.0,25.0,60,0.10,NEW,0.35,1,6.567576,-1,1.022512,0.864065,2.467341,3.099378,10.000000,8.444444,9.407407,0,FAIL
light,cold_start,35.0,25.0,60,0.10,NEW,0.35,2,6.564359,-1,1.135458,0.998159,2.594112,3.279913,10.000000,6.472222,9.254630,0,FAIL
light,cold_start,35.0,25.0,60,0.01,OLD,1.00,1,6.612006,-1,1.227035,1.061541,2.718541,3.528804,10.000000,8.777778,9.400463,0,FAIL
light,cold_start,35.0,25.0,60,0.01,NEW,1.00,1,6.513083,-1,1.008361,0.840982,2.468264,3.193277,10.000000,8.611111,9.564815,0,FAIL
light,cold_start,35.0,25.0,60,0.01,NEW,1.00,2,6.486074,-1,1.166615,1.023447,2.628385,3.273752,10.000000,8.222222,9.310185,0,FAIL
light,cold_start,35.0,25.0,60,0.01,NEW,0.70,1,6.568945,-1,1.005857,0.837611,2.472534,3.211707,10.000000,8.555556,9.537037,0,FAIL
light,cold_start,35.0,25.0,60,0.01,NEW,0.70,2,6.569192,-1,1.182793,1.033244,2.656785,3.300326,10.000000,8.388889,9.314815,0,FAIL
light,cold_start,35.0,25.0,60,0.01,NEW,0.50,1,6.640977,-1,1.070885,0.903903,2.535283,3.175904,10.000000,7.777778,9.462963,0,FAIL
light,cold_start,35.0,25.0,60,0.01,NEW,0.50,2,6.610375,-1,1.171289,1.005505,2.641341,3.298766,10.000000,8.722222,9.333333,0,FAIL
light,cold_start,35.0,25.0,60,0.01,NEW,0.35,1,6.569046,-1,1.014609,0.848305,2.467723,3.121671,10.000000,8.500000,9.537037,0,FAIL
light,cold_start,35.0,25.0,60,0.01,NEW,0.35,2,6.534012,-1,1.189512,1.024816,2.665765,3.323482,10.000000,8.750000,9.324074,0,FAIL
light,cold_start,35.0,28.0,5,0.10,OLD,1.00,1,2.565770,614,0.042190,-0.014706,0.087732,0.210192,7.000000,5.166667,5.988426,0,FAIL
light,cold_start,35.0,28.0,5,0.10,NEW,1.00,1,2.630556,685,0.022675,0.000603,0.045794,0.111843,7.000000,5.222222,6.009259,0,FAIL
light,cold_start,35.0,28.0,5,0.10,NEW,1.00,2,2.603583,669,0.035924,-0.001701,0.066950,0.148768,7.000000,5.305556,6.009259,0,FAIL
light,cold_start,35.0,28.0,5,0.10,NEW,0.70,1,2.641284,760,0.022648,0.003280,0.044660,0.106017,7.000000,5.277778,6.000000,0,FAIL
light,cold_start,35.0,28.0,5,0.10,NEW,0.70,2,2.604201,716,0.037274,0.001330,0.067040,0.150840,7.000000,5.250000,5.995370,0,FAIL
light,cold_start,35.0,28.0,5,0.10,NEW,0.50,1,2.644363,829,0.023168,0.000473,0.047788,0.117142,7.000000,5.277778,5.990741,0,FAIL
light,cold_start,35.0,28.0,5,0.10,NEW,0.50,2,2.602761,729,0.035474,-0.001154,0.065609,0.146102,7.000000,5.194444,5.981481,0,FAIL
light,cold_start,35.0,28.0,5,0.10,NEW,0.35,1,2.604915,827,0.020727,0.003832,0.042443,0.110163,7.000000,5.333333,5.990741,0,FAIL
light,cold_start,35.0,28.0,5,0.10,NEW,0.35,2,2.604892,745,0.037020,0.000799,0.066738,0.146375,7.000000,5.166667,5.972222,0,FAIL
light,cold_start,35.0,28.0,5,0.01,OLD,1.00,1,2.694851,828,0.037910,-0.000115,0.071647,0.179970,7.000000,5.250000,6.006944,0,FAIL
light,cold_start,35.0,28.0,5,0.01,NEW,1.00,1,2.635842,685,0.006755,-0.000305,0.014881,0.036316,7.000000,5.277778,6.009259,0,FAIL
light,cold_start,35.0,28.0,5,0.01,NEW,1.00,2,2.601198,777,0.002767,-0.000402,0.006327,0.016857,7.000000,5.250000,6.009259,0,FAIL
light,cold_start,35.0,28.0,5,0.01,NEW,0.70,1,2.639078,707,0.006805,-0.000488,0.015377,0.038811,7.000000,5.277778,6.000000,0,FAIL
light,cold_start,35.0,28.0,5,0.01,NEW,0.70,2,2.604384,708,0.002230,-0.000578,0.005398,0.015508,7.000000,5.250000,6.000000,0,FAIL
light,cold_start,35.0,28.0,5,0.01,NEW,0.50,1,2.640496,729,0.006709,-0.000434,0.014893,0.037086,7.000000,5.277778,5.990741,0,FAIL
light,cold_start,35.0,28.0,5,0.01,NEW,0.50,2,2.604316,730,0.001869,0.000514,0.003859,0.008936,7.000000,5.250000,5.986111,0,FAIL
light,cold_start,35.0,28.0,5,0.01,NEW,0.35,1,2.571952,818,0.006527,-0.000611,0.014609,0.033267,7.000000,5.222222,5.972222,0,FAIL
light,cold_start,35.0,28.0,5,0.01,NEW,0.35,2,2.601221,754,0.002584,-0.000054,0.006019,0.017058,7.000000,5.250000,5.981481,0,FAIL
light,cold_start,35.0,28.0,15,0.10,OLD,1.00,1,3.260640,-1,0.140412,0.042092,0.269790,0.485841,7.000000,5.263889,6.069444,0,FAIL
light,cold_start,35.0,28.0,15,0.10,NEW,1.00,1,3.301182,-1,0.134564,0.038526,0.264470,0.523402,7.000000,5.000000,6.037037,0,FAIL
light,cold_start,35.0,28.0,15,0.10,NEW,1.00,2,3.293121,-1,0.116125,0.018660,0.215018,0.395389,7.000000,5.472222,6.064815,0,FAIL
light,cold_start,35.0,28.0,15,0.10,NEW,0.70,1,3.222034,-1,0.122269,0.029617,0.235040,0.472200,7.000000,5.000000,6.018519,0,FAIL
light,cold_start,35.0,28.0,15,0.10,NEW,0.70,2,3.340240,-1,0.118418,0.019301,0.220293,0.397879,7.000000,5.444444,6.055556,0,FAIL
light,cold_start,35.0,28.0,15,0.10,NEW,0.50,1,3.220821,-1,0.122475,0.031688,0.237058,0.468978,7.000000,5.111111,6.009259,0,FAIL
light,cold_start,35.0,28.0,15,0.10,NEW,0.50,2,3.214438,-1,0.114973,0.016404,0.213178,0.392010,7.000000,5.472222,6.041667,0,FAIL
light,cold_start,35.0,28.0,15,0.10,NEW,0.35,1,3.303254,-1,0.141429,0.041320,0.263060,0.516766,7.000000,5.277778,6.009259,0,FAIL
light,cold_start,35.0,28.0,15,0.10,NEW,0.35,2,3.297244,-1,0.116867,0.019453,0.216297,0.400990,7.000000,5.444444,6.032407,0,FAIL
light,cold_start,35.0,28.0,15,0.01,OLD,1.00,1,3.389602,-1,0.138796,0.031850,0.261266,0.491371,7.000000,5.250000,6.067130,0,FAIL
light,cold_start,35.0,28.0,15,0.01,NEW,1.00,1,3.301126,-1,0.154792,0.039930,0.295028,0.561465,7.000000,5.500000,6.092593,0,FAIL
light,cold_start,35.0,28.0,15,0.01,NEW,1.00,2,3.260431,-1,0.130148,0.028128,0.234517,0.432749,7.000000,5.305556,6.050926,0,FAIL
light,cold_start,35.0,28.0,15,0.01,NEW,0.70,1,3.370021,-1,0.136819,0.020318,0.271320,0.521549,7.000000,5.500000,6.074074,0,FAIL
light,cold_start,35.0,28.0,15,0.01,NEW,0.70,2,3.337257,-1,0.134125,0.023591,0.238070,0.469073,7.000000,5.472222,6.060185,0,FAIL
light,cold_start,35.0,28.0,15,0.01,NEW,0.50,1,3.381157,-1,0.160041,0.032024,0.297371,0.545551,7.000000,5.444444,6.046296,0,FAIL
light,cold_start,35.0,28.0,15,0.01,NEW,0.50,2,3.342161,-1,0.129328,0.016771,0.233331,0.433271,7.000000,5.527778,6.060185,0,FAIL
light,cold_start,35.0,28.0,15,0.01,NEW,0.35,1,3.299410,-1,0.159228,0.033063,0.298463,0.545358,7.000000,5.333333,6.027778,0,FAIL
light,cold_start,35.0,28.0,15,0.01,NEW,0.35,2,3.297824,-1,0.127925,0.014477,0.231579,0.466691,7.000000,5.500000,6.050926,0,FAIL
light,cold_start,35.0,28.0,30,0.10,OLD,1.00,1,4.534985,-1,0.242224,0.129997,0.532280,0.818328,7.000000,5.500000,6.192130,0,FAIL
light,cold_start,35.0,28.0,30,0.10,NEW,1.00,1,4.500688,-1,0.245299,0.127796,0.539093,0.841470,7.000000,5.055556,6.175926,0,FAIL
light,cold_start,35.0,28.0,30,0.10,NEW,1.00,2,4.474222,-1,0.241496,0.124363,0.529344,0.813182,7.000000,5.694444,6.212963,0,FAIL
light,cold_start,35.0,28.0,30,0.10,NEW,0.70,1,4.428889,-1,0.248267,0.142791,0.538952,0.806129,7.000000,4.833333,6.138889,0,FAIL
light,cold_start,35.0,28.0,30,0.10,NEW,0.70,2,4.427563,-1,0.232363,0.115767,0.522819,0.824947,7.000000,5.666667,6.208333,0,FAIL
light,cold_start,35.0,28.0,30,0.10,NEW,0.50,1,4.500594,-1,0.247706,0.130420,0.551662,0.908799,7.000000,5.111111,6.148148,0,FAIL
light,cold_start,35.0,28.0,30,0.10,NEW,0.50,2,4.469717,-1,0.228703,0.116140,0.520299,0.793703,7.000000,5.638889,6.194444,0,FAIL
light,cold_start,35.0,28.0,30,0.10,NEW,0.35,1,4.425023,-1,0.270946,0.166418,0.593252,0.911888,7.000000,5.277778,6.157407,0,FAIL
light,cold_start,35.0,28.0,30,0.10,NEW,0.35,2,4.344318,-1,0.230223,0.116094,0.521667,0.793793,7.000000,5.611111,6.180556,0,FAIL
light,cold_start,35.0,28.0,30,0.01,OLD,1.00,1,4.516916,-1,0.316114,0.202612,0.705728,1.056536,7.000000,5.250000,6.231481,0,FAIL
light,cold_start,35.0,28.0,30,0.01,NEW,1.00,1,4.504035,-1,0.286193,0.162947,0.645315,0.964359,7.000000,5.833333,6.268519,0,FAIL
light,cold_start,35.0,28.0,30,0.01,NEW,1.00,2,4.465674,-1,0.263627,0.153395,0.594551,0.874195,7.000000,5.000000,6.162037,0,FAIL
light,cold_start,35.0,28.0,30,0.01,NEW,0.70,1,4.430646,-1,0.286323,0.150834,0.645162,0.962387,7.000000,5.611111,6.203704,0,FAIL
light,cold_start,35.0,28.0,30,0.01,NEW,0.70,2,4.426780,-1,0.266384,0.156567,0.595631,0.879358,7.000000,5.000000,6.152778,0,FAIL
light,cold_start,35.0,28.0,30,0.01,NEW,0.50,1,4.507362,-1,0.286023,0.151056,0.644369,0.966131,7.000000,5.611111,6.194444,0,FAIL
light,cold_start,35.0,28.0,30,0.01,NEW,0.50,2,4.508865,-1,0.274797,0.165733,0.597940,0.902074,7.000000,5.000000,6.152778,0,FAIL
light,cold_start,35.0,28.0,30,0.01,NEW,0.35,1,4.415115,-1,0.291687,0.158221,0.650337,0.986885,7.000000,5.777778,6.203704,0,FAIL
light,cold_start,35.0,28.0,30,0.01,NEW,0.35,2,4.384569,-1,0.274149,0.165324,0.602082,0.895202,7.000000,5.000000,6.138889,0,FAIL
light,cold_start,35.0,28.0,60,0.10,OLD,1.00,1,6.895925,-1,0.752833,0.638009,1.867039,2.458819,7.000000,6.125000,6.842593,0,FAIL
light,cold_start,35.0,28.0,60,0.10,NEW,1.00,1,6.732503,-1,0.703638,0.587945,1.658512,2.153144,7.000000,5.944444,6.824074,0,FAIL
light,cold_start,35.0,28.0,60,0.10,NEW,1.00,2,6.730955,-1,0.742566,0.636833,1.706161,2.318976,7.000000,5.722222,6.583333,0,FAIL
light,cold_start,35.0,28.0,60,0.10,NEW,0.70,1,6.799800,-1,0.703336,0.596632,1.658467,2.114223,7.000000,5.611111,6.574074,0,FAIL
light,cold_start,35.0,28.0,60,0.10,NEW,0.70,2,6.761320,-1,0.707438,0.613303,1.668483,2.108123,7.000000,5.250000,6.583333,0,FAIL
light,cold_start,35.0,28.0,60,0.10,NEW,0.50,1,6.792117,-1,0.689823,0.580569,1.639838,2.053639,7.000000,5.777778,6.694444,0,FAIL
light,cold_start,35.0,28.0,60,0.10,NEW,0.50,2,6.715557,-1,0.699934,0.589955,1.647242,2.079203,7.000000,5.777778,6.578704,0,FAIL
light,cold_start,35.0,28.0,60,0.10,NEW,0.35,1,6.803488,-1,0.764897,0.645965,1.781135,2.482309,7.000000,5.611111,6.722222,0,FAIL
light,cold_start,35.0,28.0,60,0.10,NEW,0.35,2,6.765342,-1,0.706853,0.606607,1.667209,2.069434,7.000000,5.222222,6.597222,0,FAIL
light,cold_start,35.0,28.0,60,0.01,OLD,1.00,1,6.895925,-1,0.775313,0.648896,1.992448,2.632345,7.000000,6.291667,6.886574,0,FAIL
light,cold_start,35.0,28.0,60,0.01,NEW,1.00,1,6.717605,-1,0.803871,0.682869,1.861284,2.312763,7.000000,6.166667,6.703704,0,FAIL
light,cold_start,35.0,28.0,60,0.01,NEW,1.00,2,6.691664,-1,0.759170,0.635139,1.872818,2.401598,7.000000,5.500000,6.750000,0,FAIL
light,cold_start,35.0,28.0,60,0.01,NEW,0.70,1,6.799447,-1,0.784302,0.663378,1.843417,2.320678,7.000000,6.111111,6.703704,0,FAIL
light,cold_start,35.0,28.0,60,0.01,NEW,0.70,2,6.789232,-1,0.847882,0.757498,1.963787,2.446185,7.000000,4.416667,6.611111,0,FAIL
light,cold_start,35.0,28.0,60,0.01,NEW,0.50,1,6.790969,-1,0.770880,0.650596,1.840846,2.319719,7.000000,6.111111,6.712963,0,FAIL
light,cold_start,35.0,28.0,60,0.01,NEW,0.50,2,6.717308,-1,0.854148,0.765699,1.964983,2.469203,7.000000,4.388889,6.592593,0,FAIL
light,cold_start,35.0,28.0,60,0.01,NEW,0.35,1,6.803530,-1,0.752942,0.631565,1.859708,2.306735,7.000000,6.166667,6.750000,0,FAIL
light,cold_start,35.0,28.0,60,0.01,NEW,0.35,2,6.762486,-1,0.843313,0.755662,1.922208,2.392265,7.000000,4.333333,6.583333,0,FAIL
light,cold_start,37.5,20.0,5,0.10,OLD,1.00,1,2.385950,1086,0.038507,-0.011358,0.078184,0.199268,17.500000,13.111111,14.819444,0,FAIL
light,cold_start,37.5,20.0,5,0.10,NEW,1.00,1,2.403749,1128,0.035777,-0.001594,0.067865,0.152515,17.500000,13.111111,14.824074,0,FAIL
light,cold_start,37.5,20.0,5,0.10,NEW,1.00,2,2.396312,1123,0.034841,-0.001170,0.063812,0.136175,17.500000,13.194444,14.833333,0,FAIL
light,cold_start,37.5,20.0,5,0.10,NEW,0.70,1,2.411177,1136,0.031123,-0.000921,0.061019,0.142142,17.500000,13.166667,14.824074,0,FAIL
light,cold_start,37.5,20.0,5,0.10,NEW,0.70,2,2.388310,1042,0.034905,-0.000611,0.065378,0.143339,17.500000,13.166667,14.824074,0,FAIL
light,cold_start,37.5,20.0,5,0.10,NEW,0.50,1,2.396701,1044,0.035955,0.001528,0.068422,0.150492,17.500000,13.055556,14.805556,0,FAIL
light,cold_start,37.5,20.0,5,0.10,NEW,0.50,2,2.384836,1047,0.035556,0.001283,0.064741,0.140958,17.500000,13.055556,14.805556,0,FAIL
light,cold_start,37.5,20.0,5,0.10,NEW,0.35,1,2.414163,1161,0.034992,-0.001387,0.067883,0.153604,17.500000,13.111111,14.796296,0,FAIL
light,cold_start,37.5,20.0,5,0.10,NEW,0.35,2,2.383505,1152,0.036494,0.001679,0.066980,0.143818,17.500000,13.111111,14.796296,0,FAIL
light,cold_start,37.5,20.0,5,0.01,OLD,1.00,1,2.374938,1105,0.019639,-0.000002,0.042211,0.112698,17.500000,13.125000,14.824074,0,FAIL
light,cold_start,37.5,20.0,5,0.01,NEW,1.00,1,2.317917,1011,0.003732,-0.000462,0.008832,0.026441,17.500000,13.111111,14.824074,0,FAIL
light,cold_start,37.5,20.0,5,0.01,NEW,1.00,2,2.394103,1018,0.003514,0.000284,0.007321,0.018779,17.500000,13.111111,14.828704,0,FAIL
light,cold_start,37.5,20.0,5,0.01,NEW,0.70,1,2.415918,1036,0.003314,-0.000932,0.008020,0.022040,17.500000,13.166667,14.824074,0,FAIL
light,cold_start,37.5,20.0,5,0.01,NEW,0.70,2,2.343570,1031,0.002917,0.000193,0.006173,0.015934,17.500000,13.111111,14.819444,0,FAIL
light,cold_start,37.5,20.0,5,0.01,NEW,0.50,1,2.396135,1138,0.003550,-0.000608,0.008550,0.023618,17.500000,13.111111,14.805556,0,FAIL
light,cold_start,37.5,20.0,5,0.01,NEW,0.50,2,2.372341,1041,0.002321,0.000134,0.005238,0.015289,17.500000,13.138889,14.810185,0,FAIL
light,cold_start,37.5,20.0,5,0.01,NEW,0.35,1,2.327306,1146,0.004024,-0.000552,0.009827,0.029494,17.500000,13.111111,14.796296,0,FAIL
light,cold_start,37.5,20.0,5,0.01,NEW,0.35,2,2.386988,1046,0.002324,0.001092,0.004706,0.014601,17.500000,13.138889,14.800926,0,FAIL
light,cold_start,37.5,20.0,15,0.10,OLD,1.00,1,3.017041,-1,0.322106,0.051769,0.593023,1.099131,17.500000,13.083333,14.930556,0,FAIL
light,cold_start,37.5,20.0,15,0.10,NEW,1.00,1,3.059240,-1,0.323920,0.054723,0.582227,1.117958,17.500000,13.722222,14.935185,0,FAIL
light,cold_start,37.5,20.0,15,0.10,NEW,1.00,2,3.011787,-1,0.324978,0.059536,0.589628,1.101627,17.500000,13.666667,14.925926,0,FAIL
light,cold_start,37.5,20.0,15,0.10,NEW,0.70,1,2.999826,-1,0.329524,0.074321,0.593414,1.154072,17.500000,13.277778,14.879630,0,FAIL
light,cold_start,37.5,20.0,15,0.10,NEW,0.70,2,3.037195,-1,0.320993,0.053930,0.579675,1.046138,17.500000,13.666667,14.916667,0,FAIL
light,cold_start,37.5,20.0,15,0.10,NEW,0.50,1,2.958224,-1,0.330452,0.064444,0.613155,1.140814,17.500000,13.722222,14.907407,0,FAIL
light,cold_start,37.5,20.0,15,0.10,NEW,0.50,2,3.052261,-1,0.324626,0.045754,0.587980,1.085580,17.500000,13.805556,14.921296,0,FAIL
light,cold_start,37.5,20.0,15,0.10,NEW,0.35,1,3.004745,-1,0.321178,0.064746,0.575425,1.053522,17.500000,13.388889,14.861111,0,FAIL
light,cold_start,37.5,20.0,15,0.10,NEW,0.35,2,2.985174,-1,0.321187,0.041955,0.580655,1.077749,17.500000,13.833333,14.912037,0,FAIL
light,cold_start,37.5,20.0,15,0.01,OLD,1.00,1,2.995547,-1,0.324671,0.062451,0.581885,1.081144,17.500000,12.805556,14.872685,0,FAIL
light,cold_start,37.5,20.0,15,0.01,NEW,1.00,1,3.053836,-1,0.343211,0.058747,0.630311,1.162206,17.500000,13.944444,14.962963,0,FAIL
light,cold_start,37.5,20.0,15,0.01,NEW,1.00,2,3.029111,-1,0.336518,0.066619,0.610139,1.121344,17.500000,13.694444,14.930556,0,FAIL
light,cold_start,37.5,20.0,15,0.01,NEW,0.70,1,3.034737,-1,0.326345,0.037867,0.600742,1.148658,17.500000,13.500000,14.916667,0,FAIL
light,cold_start,37.5,20.0,15,0.01,NEW,0.70,2,2.980524,-1,0.333967,0.061065,0.603509,1.100178,17.500000,13.750000,14.925926,0,FAIL
light,cold_start,37.5,20.0,15,0.01,NEW,0.50,1,2.949781,-1,0.324271,0.041505,0.595633,1.114470,17.500000,13.777778,14.925926,0,FAIL
light,cold_start,37.5,20.0,15,0.01,NEW,0.50,2,2.959669,-1,0.331254,0.048450,0.600586,1.112390,17.500000,13.833333,14.925926,0,FAIL
light,cold_start,37.5,20.0,15,0.01,NEW,0.35,1,3.005111,-1,0.328051,0.036692,0.598796,1.208445,17.500000,13.555556,14.898148,0,FAIL
light,cold_start,37.5,20.0,15,0.01,NEW,0.35,2,3.032342,-1,0.330157,0.045835,0.599459,1.109355,17.500000,13.805556,14.916667,0,FAIL
light,cold_start,37.5,20.0,30,0.10,OLD,1.00,1,4.080548,-1,0.637298,0.364485,1.411542,2.105514,17.500000,12.416667,15.078704,0,FAIL
light,cold_start,37.5,20.0,30,0.10,NEW,1.00,1,4.018626,-1,0.669891,0.392407,1.458952,2.128292,17.500000,13.777778,15.185185,0,FAIL
light,cold_start,37.5,20.0,30,0.10,NEW,1.00,2,4.001670,-1,0.659428,0.390917,1.433594,2.067651,17.500000,13.638889,15.171296,0,FAIL
light,cold_start,37.5,20.0,30,0.10,NEW,0.70,1,3.989134,-1,0.676366,0.412969,1.439983,2.117267,17.500000,13.222222,15.148148,0,FAIL
light,cold_start,37.5,20.0,30,0.10,NEW,0.70,2,4.010886,-1,0.637854,0.342622,1.415829,2.092031,17.500000,14.416667,15.222222,0,FAIL
light,cold_start,37.5,20.0,30,0.10,NEW,0.50,1,3.988703,-1,0.671706,0.402386,1.452089,2.101533,17.500000,13.611111,15.148148,0,FAIL
light,cold_start,37.5,20.0,30,0.10,NEW,0.50,2,4.013176,-1,0.657994,0.380538,1.433756,2.069349,17.500000,13.972222,15.171296,0,FAIL
light,cold_start,37.5,20.0,30,0.10,NEW,0.35,1,4.016868,-1,0.670084,0.392774,1.453731,2.122818,17.500000,13.944444,15.157407,0,FAIL
light,cold_start,37.5,20.0,30,0.10,NEW,0.35,2,4.054076,-1,0.651368,0.364434,1.429034,2.071300,17.500000,14.222222,15.166667,0,FAIL
light,cold_start,37.5,20.0,30,0.01,OLD,1.00,1,4.101559,-1,0.617003,0.318630,1.390949,2.045509,17.500000,14.277778,15.222222,0,FAIL
light,cold_start,37.5,20.0,30,0.01,NEW,1.00,1,3.983885,-1,0.644763,0.331515,1.473151,2.173509,17.500000,13.388889,15.138889,0,FAIL
light,cold_start,37.5,20.0,30,0.01,NEW,1.00,2,4.009976,-1,0.655881,0.367715,1.445426,2.116459,17.500000,14.250000,15.222222,0,FAIL
light,cold_start,37.5,20.0,30,0.01,NEW,0.70,1,3.989624,-1,0.647574,0.334755,1.477747,2.165454,17.500000,13.444444,15.129630,0,FAIL
light,cold_start,37.5,20.0,30,0.01,NEW,0.70,2,4.109844,-1,0.649837,0.352819,1.440619,2.110875,17.500000,14.416667,15.222222,0,FAIL
light,cold_start,37.5,20.0,30,0.01,NEW,0.50,1,3.987665,-1,0.648102,0.333261,1.477071,2.166109,17.500000,13.500000,15.120370,0,FAIL
light,cold_start,37.5,20.0,30,0.01,NEW,0.50,2,4.004364,-1,0.623810,0.309997,1.421784,2.101045,17.500000,14.638889,15.250000,0,FAIL
light,cold_start,37.5,20.0,30,0.01,NEW,0.35,1,4.097440,-1,0.653219,0.339993,1.489423,2.165856,17.500000,13.500000,15.101852,0,FAIL
light,cold_start,37.5,20.0,30,0.01,NEW,0.35,2,4.092775,-1,0.634032,0.325839,1.425740,2.094106,17.500000,14.611111,15.217593,0,FAIL
light,cold_start,37.5,20.0,60,0.10,OLD,1.00,1,6.267615,-1,1.844400,1.547072,4.649153,5.792710,17.500000,15.361111,16.497685,0,FAIL
light,cold_start,37.5,20.0,60,0.10,NEW,1.00,1,6.160270,-1,1.763693,1.457601,4.484481,5.746708,17.500000,15.666667,16.592593,0,FAIL
light,cold_start,37.5,20.0,60,0.10,NEW,1.00,2,6.160401,-1,1.818057,1.518988,4.473708,5.673405,17.500000,14.333333,16.421296,0,FAIL
light,cold_start,37.5,20.0,60,0.10,NEW,0.70,1,6.149099,-1,1.763032,1.463529,4.473186,5.755418,17.500000,15.500000,16.555556,0,FAIL
light,cold_start,37.5,20.0,60,0.10,NEW,0.70,2,6.141154,-1,1.923977,1.637004,4.595796,5.759632,17.500000,12.777778,16.208333,0,FAIL
light,cold_start,37.5,20.0,60,0.10,NEW,0.50,1,6.136453,-1,1.785353,1.485552,4.457709,5.728910,17.500000,15.166667,16.518519,0,FAIL
light,cold_start,37.5,20.0,60,0.10,NEW,0.50,2,6.253468,-1,2.031474,1.797722,4.708714,5.834723,17.500000,11.111111,15.972222,0,FAIL
light,cold_start,37.5,20.0,60,0.10,NEW,0.35,1,6.119469,-1,1.915559,1.631449,4.575900,5.693217,17.500000,12.833333,16.185185,0,FAIL
light,cold_start,37.5,20.0,60,0.10,NEW,0.35,2,6.228276,-1,2.010297,1.771503,4.661240,5.777213,17.500000,11.222222,15.967593,0,FAIL
light,cold_start,37.5,20.0,60,0.01,OLD,1.00,1,6.288541,-1,1.831758,1.529512,4.613771,5.899973,17.500000,15.527778,16.625000,0,FAIL
light,cold_start,37.5,20.0,60,0.01,NEW,1.00,1,6.169692,-1,1.857125,1.553352,4.514638,5.786185,17.500000,14.111111,16.407407,0,FAIL
light,cold_start,37.5,20.0,60,0.01,NEW,1.00,2,6.170265,-1,2.139001,1.933077,4.760946,5.894828,17.500000,11.888889,16.060185,0,FAIL
light,cold_start,37.5,20.0,60,0.01,NEW,0.70,1,6.181401,-1,1.959136,1.679150,4.659494,5.893772,17.500000,12.388889,16.157407,0,FAIL
light,cold_start,37.5,20.0,60,0.01,NEW,0.70,2,6.149798,-1,2.111146,1.905148,4.725724,5.887711,17.500000,11.416667,16.018519,0,FAIL
light,cold_start,37.5,20.0,60,0.01,NEW,0.50,1,6.139830,-1,2.011713,1.761606,4.695794,5.791931,17.500000,11.500000,16.037037,0,FAIL
light,cold_start,37.5,20.0,60,0.01,NEW,0.50,2,6.129208,-1,2.156147,1.948222,4.792537,5.932553,17.500000,11.611111,16.023148,0,FAIL
light,cold_start,37.5,20.0,60,0.01,NEW,0.35,1,6.125976,-1,2.026640,1.788497,4.671319,5.790254,17.500000,11.111111,15.972222,0,FAIL
light,cold_start,37.5,20.0,60,0.01,NEW,0.35,2,6.119113,-1,2.078374,1.868200,4.707072,5.801908,17.500000,10.722222,15.935185,0,FAIL
light,cold_start,37.5,25.0,5,0.10,OLD,1.00,1,2.439161,770,0.036286,0.007574,0.070817,0.180611,12.500000,9.388889,10.636574,0,FAIL
light,cold_start,37.5,25.0,5,0.10,NEW,1.00,1,2.500467,1039,0.037167,-0.001419,0.070649,0.161483,12.500000,9.444444,10.638889,0,FAIL
light,cold_start,37.5,25.0,5,0.10,NEW,1.00,2,2.461670,819,0.034735,-0.000054,0.064241,0.139368,12.500000,9.444444,10.643519,0,FAIL
light,cold_start,37.5,25.0,5,0.10,NEW,0.70,1,2.450707,839,0.034898,-0.000602,0.065905,0.151866,12.500000,9.333333,10.620370,0,FAIL
light,cold_start,37.5,25.0,5,0.10,NEW,0.70,2,2.471190,942,0.034347,0.000169,0.063165,0.135985,12.500000,9.388889,10.634259,0,FAIL
light,cold_start,37.5,25.0,5,0.10,NEW,0.50,1,2.444691,831,0.035093,0.000142,0.066377,0.154007,12.500000,9.333333,10.611111,0,FAIL
light,cold_start,37.5,25.0,5,0.10,NEW,0.50,2,2.441522,847,0.036725,-0.001775,0.067139,0.144313,12.500000,9.444444,10.620370,0,FAIL
light,cold_start,37.5,25.0,5,0.10,NEW,0.35,1,2.441399,842,0.037345,-0.001974,0.070149,0.161123,12.500000,9.444444,10.611111,0,FAIL
light,cold_start,37.5,25.0,5,0.10,NEW,0.35,2,2.438848,962,0.036131,0.002071,0.065475,0.140370,12.500000,9.361111,10.601852,0,FAIL
light,cold_start,37.5,25.0,5,0.01,OLD,1.00,1,2.480106,778,0.018949,-0.000756,0.040876,0.101625,12.500000,9.375000,10.634259,0,FAIL
light,cold_start,37.5,25.0,5,0.01,NEW,1.00,1,2.466133,821,0.003959,-0.000106,0.008948,0.019107,12.500000,9.333333,10.629630,0,FAIL
light,cold_start,37.5,25.0,5,0.01,NEW,1.00,2,2.460429,824,0.002321,-0.000034,0.005128,0.014810,12.500000,9.361111,10.634259,0,FAIL
light,cold_start,37.5,25.0,5,0.01,NEW,0.70,1,2.474498,846,0.003971,-0.000037,0.008907,0.019051,12.500000,9.388889,10.629630,0,FAIL
light,cold_start,37.5,25.0,5,0.01,NEW,0.70,2,2.433251,932,0.002277,-0.000072,0.005122,0.014850,12.500000,9.361111,10.625000,0,FAIL
light,cold_start,37.5,25.0,5,0.01,NEW,0.50,1,2.446642,841,0.004021,-0.000000,0.008984,0.021788,12.500000,9.388889,10.611111,0,FAIL
light,cold_start,37.5,25.0,5,0.01,NEW,0.50,2,2.440215,946,0.002320,0.000414,0.005023,0.014943,12.500000,9.361111,10.611111,0,FAIL
light,cold_start,37.5,25.0,5,0.01,NEW,0.35,1,2.445206,852,0.004117,-0.000007,0.009241,0.027158,12.500000,9.333333,10.601852,0,FAIL
light,cold_start,37.5,25.0,5,0.01,NEW,0.35,2,2.433108,956,0.002289,0.000017,0.005145,0.014808,12.500000,9.388889,10.606481,0,FAIL
light,cold_start,37.5,25.0,15,0.10,OLD,1.00,1,3.070203,-1,0.228590,0.053814,0.431935,0.786350,12.500000,9.388889,10.645833,0,FAIL
light,cold_start,37.5,25.0,15,0.10,NEW,1.00,1,3.156666,-1,0.225423,0.044755,0.408700,0.762805,12.500000,9.000000,10.657407,0,FAIL
light,cold_start,37.5,25.0,15,0.10,NEW,1.00,2,3.121188,-1,0.227496,0.055162,0.411473,0.768800,12.500000,9.055556,10.652778,0,FAIL
light,cold_start,37.5,25.0,15,0.10,NEW,0.70,1,3.077049,-1,0.224862,0.041983,0.409911,0.776987,12.500000,9.055556,10.657407,0,FAIL
light,cold_start,37.5,25.0,15,0.10,NEW,0.70,2,3.067675,-1,0.221001,0.054620,0.402645,0.731129,12.500000,9.111111,10.638889,0,FAIL
light,cold_start,37.5,25.0,15,0.10,NEW,0.50,1,3.230875,-1,0.232357,0.060125,0.421421,0.841657,12.500000,9.055556,10.629630,0,FAIL
light,cold_start,37.5,25.0,15,0.10,NEW,0.50,2,3.184977,-1,0.225558,0.052730,0.407803,0.751327,12.500000,9.500000,10.657407,0,FAIL
light,cold_start,37.5,25.0,15,0.10,NEW,0.35,1,3.073210,-1,0.227051,0.056287,0.423306,0.823404,12.500000,9.111111,10.620370,0,FAIL
light,cold_start,37.5,25.0,15,0.10,NEW,0.35,2,3.062364,-1,0.226671,0.057318,0.413320,0.767939,12.500000,9.305556,10.634259,0,FAIL
light,cold_start,37.5,25.0,15,0.01,OLD,1.00,1,3.070203,-1,0.243946,0.047590,0.455597,0.826491,12.500000,9.333333,10.715278,0,FAIL
light,cold_start,37.5,25.0,15,0.01,NEW,1.00,1,3.144310,-1,0.241832,0.047027,0.449189,0.857776,12.500000,9.000000,10.648148,0,FAIL
light,cold_start,37.5,25.0,15,0.01,NEW,1.00,2,3.124089,-1,0.237108,0.032475,0.430873,0.781644,12.500000,9.833333,10.726852,0,FAIL
light,cold_start,37.5,25.0,15,0.01,NEW,0.70,1,3.069035,-1,0.234217,0.036727,0.428749,0.840164,12.500000,9.111111,10.648148,0,FAIL
light,cold_start,37.5,25.0,15,0.01,NEW,0.70,2,3.097834,-1,0.235950,0.030191,0.430392,0.788249,12.500000,9.750000,10.708333,0,FAIL
light,cold_start,37.5,25.0,15,0.01,NEW,0.50,1,3.107070,-1,0.234652,0.039068,0.429622,0.893095,12.500000,9.111111,10.638889,0,FAIL
light,cold_start,37.5,25.0,15,0.01,NEW,0.50,2,3.184093,-1,0.237218,0.031704,0.432197,0.791293,12.500000,9.472222,10.675926,0,FAIL
light,cold_start,37.5,25.0,15,0.01,NEW,0.35,1,3.073478,-1,0.238300,0.044377,0.445338,0.863425,12.500000,9.055556,10.620370,0,FAIL
light,cold_start,37.5,25.0,15,0.01,NEW,0.35,2,3.189156,-1,0.235927,0.034580,0.429064,0.783568,12.500000,9.305556,10.652778,0,FAIL
light,cold_start,37.5,25.0,30,0.10,OLD,1.00,1,4.298701,-1,0.427564,0.220086,0.985352,1.468782,12.500000,10.152778,10.965278,0,FAIL
light,cold_start,37.5,25.0,30,0.10,NEW,1.00,1,4.261141,-1,0.476114,0.290782,1.014605,1.492270,12.500000,9.222222,10.861111,0,FAIL
light,cold_start,37.5,25.0,30,0.10,NEW,1.00,2,4.252877,-1,0.454829,0.276269,0.984042,1.424833,12.500000,8.694444,10.814815,0,FAIL
light,cold_start,37.5,25.0,30,0.10,NEW,0.70,1,4.209283,-1,0.469136,0.268199,1.014781,1.488345,12.500000,9.888889,10.879630,0,FAIL
light,cold_start,37.5,25.0,30,0.10,NEW,0.70,2,4.284452,-1,0.457306,0.280591,0.983672,1.434655,12.500000,9.000000,10.824074,0,FAIL
light,cold_start,37.5,25.0,30,0.10,NEW,0.50,1,4.307613,-1,0.476038,0.276072,1.026799,1.496540,12.500000,9.944444,10.888889,0,FAIL
light,cold_start,37.5,25.0,30,0.10,NEW,0.50,2,4.299363,-1,0.456476,0.276397,0.978616,1.424011,12.500000,9.388889,10.833333,0,FAIL
light,cold_start,37.5,25.0,30,0.10,NEW,0.35,1,4.151902,-1,0.470858,0.265979,1.019622,1.514544,12.500000,10.000000,10.870370,0,FAIL
light,cold_start,37.5,25.0,30,0.10,NEW,0.35,2,4.185371,-1,0.456622,0.279741,0.981860,1.424211,12.500000,9.277778,10.814815,0,FAIL
light,cold_start,37.5,25.0,30,0.01,OLD,1.00,1,4.298701,-1,0.492638,0.304626,1.055599,1.594694,12.500000,9.555556,10.893519,0,FAIL
light,cold_start,37.5,25.0,30,0.01,NEW,1.00,1,4.261438,-1,0.470768,0.269953,1.068891,1.558925,12.500000,9.000000,10.824074,0,FAIL
light,cold_start,37.5,25.0,30,0.01,NEW,1.00,2,4.248814,-1,0.442967,0.216222,1.023719,1.497489,12.500000,10.166667,10.949074,0,FAIL
light,cold_start,37.5,25.0,30,0.01,NEW,0.70,1,4.149856,-1,0.475561,0.279644,1.064649,1.558312,12.500000,8.944444,10.814815,0,FAIL
light,cold_start,37.5,25.0,30,0.01,NEW,0.70,2,4.174310,-1,0.444472,0.217794,1.024059,1.498648,12.500000,10.361111,10.953704,0,FAIL
light,cold_start,37.5,25.0,30,0.01,NEW,0.50,1,4.301230,-1,0.491843,0.297246,1.074701,1.585244,12.500000,8.888889,10.824074,0,FAIL
light,cold_start,37.5,25.0,30,0.01,NEW,0.50,2,4.270154,-1,0.443530,0.216587,1.023688,1.500004,12.500000,10.083333,10.916667,0,FAIL
light,cold_start,37.5,25.0,30,0.01,NEW,0.35,1,4.218255,-1,0.492876,0.298893,1.074926,1.572895,12.500000,8.888889,10.814815,0,FAIL
light,cold_start,37.5,25.0,30,0.01,NEW,0.35,2,4.177896,-1,0.448174,0.221240,1.030853,1.507227,12.500000,9.888889,10.879630,0,FAIL
light,cold_start,37.5,25.0,60,0.10,OLD,1.00,1,6.541239,-1,1.288318,1.077310,3.159425,4.083280,12.500000,10.861111,11.909722,0,FAIL
light,cold_start,37.5,25.0,60,0.10,NEW,1.00,1,6.375063,-1,1.236395,1.034181,3.007286,3.852955,12.500000,10.555556,11.842593,0,FAIL
light,cold_start,37.5,25.0,60,0.10,NEW,1.00,2,6.376676,-1,1.242944,1.030440,3.183025,4.135857,12.500000,11.027778,11.851852,0,FAIL
light,cold_start,37.5,25.0,60,0.10,NEW,0.70,1,6.407939,-1,1.469604,1.295945,3.463533,4.460391,12.500000,8.222222,11.500000,0,FAIL
light,cold_start,37.5,25.0,60,0.10,NEW,0.70,2,6.400178,-1,1.223860,1.013761,3.050153,3.919023,12.500000,10.833333,11.847222,0,FAIL
light,cold_start,37.5,25.0,60,0.10,NEW,0.50,1,6.397293,-1,1.465056,1.323281,3.314825,4.388663,12.500000,7.777778,11.472222,0,FAIL
light,cold_start,37.5,25.0,60,0.10,NEW,0.50,2,6.398485,-1,1.239136,1.028406,3.127402,4.053509,12.500000,10.888889,11.828704,0,FAIL
light,cold_start,37.5,25.0,60,0.10,NEW,0.35,1,6.465033,-1,1.267640,1.044029,3.310524,4.300557,12.500000,11.444444,11.888889,0,FAIL
light,cold_start,37.5,25.0,60,0.10,NEW,0.35,2,6.474648,-1,1.251270,1.038267,3.088601,3.984603,12.500000,10.861111,11.865741,0,FAIL
light,cold_start,37.5,25.0,60,0.01,OLD,1.00,1,6.541239,-1,1.473821,1.287642,3.404455,4.304140,12.500000,8.416667,11.627315,0,FAIL
light,cold_start,37.5,25.0,60,0.01,NEW,1.00,1,6.378776,-1,1.473480,1.243606,3.536643,4.411328,12.500000,11.555556,11.833333,0,FAIL
light,cold_start,37.5,25.0,60,0.01,NEW,1.00,2,6.379180,-1,1.502861,1.285866,3.388833,4.194562,12.500000,11.194444,11.680556,0,FAIL
light,cold_start,37.5,25.0,60,0.01,NEW,0.70,1,6.398437,-1,1.442723,1.218426,3.460681,4.286718,12.500000,11.388889,11.796296,0,FAIL
light,cold_start,37.5,25.0,60,0.01,NEW,0.70,2,6.513040,-1,1.499750,1.281801,3.391337,4.220074,12.500000,11.222222,11.671296,0,FAIL
light,cold_start,37.5,25.0,60,0.01,NEW,0.50,1,6.403941,-1,1.464293,1.237303,3.503154,4.389895,12.500000,11.500000,11.796296,0,FAIL
light,cold_start,37.5,25.0,60,0.01,NEW,0.50,2,6.426764,-1,1.540153,1.325992,3.443993,4.280708,12.500000,11.222222,11.648148,0,FAIL
light,cold_start,37.5,25.0,60,0.01,NEW,0.35,1,6.548693,-1,1.446913,1.215462,3.561030,4.495917,12.500000,11.611111,11.833333,0,FAIL
light,cold_start,37.5,25.0,60,0.01,NEW,0.35,2,6.471572,-1,1.520405,1.299476,3.426770,4.264608,12.500000,11.277778,11.652778,0,FAIL
light,cold_start,37.5,28.0,5,0.10,OLD,1.00,1,2.515104,1189,0.046237,0.003960,0.083617,0.188844,9.500000,7.111111,8.111111,0,FAIL
light,cold_start,37.5,28.0,5,0.10,NEW,1.00,1,2.550954,884,0.025767,-0.001896,0.051629,0.123263,9.500000,7.111111,8.111111,0,FAIL
light,cold_start,37.5,28.0,5,0.10,NEW,1.00,2,2.539438,782,0.034328,-0.000094,0.063700,0.137497,9.500000,7.166667,8.120370,0,FAIL
light,cold_start,37.5,28.0,5,0.10,NEW,0.70,1,2.550749,791,0.029571,-0.005091,0.063511,0.158751,9.500000,7.111111,8.101852,0,FAIL
light,cold_start,37.5,28.0,5,0.10,NEW,0.70,2,2.544399,790,0.039807,-0.001292,0.070811,0.151876,9.500000,7.083333,8.101852,0,FAIL
light,cold_start,37.5,28.0,5,0.10,NEW,0.50,1,2.541699,918,0.023777,0.003397,0.050358,0.129294,9.500000,7.166667,8.092593,0,FAIL
light,cold_start,37.5,28.0,5,0.10,NEW,0.50,2,2.532973,800,0.035602,0.002223,0.065376,0.138528,9.500000,7.083333,8.087963,0,FAIL
light,cold_start,37.5,28.0,5,0.10,NEW,0.35,1,2.510526,716,0.027749,-0.016814,0.049428,0.126017,9.500000,7.111111,8.074074,0,FAIL
light,cold_start,37.5,28.0,5,0.10,NEW,0.35,2,2.503950,817,0.036000,0.000122,0.065599,0.148781,9.500000,7.194444,8.087963,0,FAIL
light,cold_start,37.5,28.0,5,0.01,OLD,1.00,1,2.537196,628,0.018433,-0.000135,0.041113,0.104096,9.500000,7.152778,8.108796,0,FAIL
light,cold_start,37.5,28.0,5,0.01,NEW,1.00,1,2.546583,775,0.005702,-0.000228,0.013080,0.038105,9.500000,7.111111,8.111111,0,FAIL
light,cold_start,37.5,28.0,5,0.01,NEW,1.00,2,2.512588,771,0.003250,-0.000348,0.007495,0.021158,9.500000,7.138889,8.111111,0,FAIL
light,cold_start,37.5,28.0,5,0.01,NEW,0.70,1,2.553038,779,0.005367,-0.000276,0.012235,0.030167,9.500000,7.111111,8.101852,0,FAIL
light,cold_start,37.5,28.0,5,0.01,NEW,0.70,2,2.533675,792,0.004311,-0.000336,0.009069,0.024578,9.500000,7.138889,8.101852,0,FAIL
light,cold_start,37.5,28.0,5,0.01,NEW,0.50,1,2.539234,810,0.005358,-0.000685,0.012322,0.032219,9.500000,7.166667,8.092593,0,FAIL
light,cold_start,37.5,28.0,5,0.01,NEW,0.50,2,2.508580,804,0.003326,-0.000701,0.007941,0.020997,9.500000,7.111111,8.087963,0,FAIL
light,cold_start,37.5,28.0,5,0.01,NEW,0.35,1,2.526629,810,0.005462,-0.000238,0.012456,0.031970,9.500000,7.166667,8.083333,0,FAIL
light,cold_start,37.5,28.0,5,0.01,NEW,0.35,2,2.503932,815,0.004134,-0.000379,0.008866,0.024188,9.500000,7.111111,8.078704,0,FAIL
light,cold_start,37.5,28.0,15,0.10,OLD,1.00,1,3.304130,-1,0.164842,0.030616,0.308925,0.630352,9.500000,7.277778,8.157407,0,FAIL
light,cold_start,37.5,28.0,15,0.10,NEW,1.00,1,3.198592,-1,0.169723,0.024714,0.305868,0.624184,9.500000,7.500000,8.185185,0,FAIL
light,cold_start,37.5,28.0,15,0.10,NEW,1.00,2,3.161653,-1,0.161288,0.021584,0.289594,0.544553,9.500000,7.416667,8.175926,0,FAIL
light,cold_start,37.5,28.0,15,0.10,NEW,0.70,1,3.282001,-1,0.165852,0.021623,0.298533,0.638376,9.500000,7.444444,8.175926,0,FAIL
light,cold_start,37.5,28.0,15,0.10,NEW,0.70,2,3.144524,-1,0.162493,0.018374,0.297600,0.559016,9.500000,7.416667,8.171296,0,FAIL
light,cold_start,37.5,28.0,15,0.10,NEW,0.50,1,3.260823,-1,0.166690,0.028095,0.302652,0.620363,9.500000,6.888889,8.120370,0,FAIL
light,cold_start,37.5,28.0,15,0.10,NEW,0.50,2,3.231642,-1,0.164510,0.017132,0.301794,0.585048,9.500000,7.333333,8.152778,0,FAIL
light,cold_start,37.5,28.0,15,0.10,NEW,0.35,1,3.185936,-1,0.167376,0.022802,0.299178,0.611443,9.500000,7.055556,8.120370,0,FAIL
light,cold_start,37.5,28.0,15,0.10,NEW,0.35,2,3.190080,-1,0.158444,0.017529,0.292501,0.566392,9.500000,7.277778,8.143519,0,FAIL
light,cold_start,37.5,28.0,15,0.01,OLD,1.00,1,3.197097,-1,0.185141,0.040557,0.361505,0.714453,9.500000,7.000000,8.164352,0,FAIL
light,cold_start,37.5,28.0,15,0.01,NEW,1.00,1,3.198648,-1,0.177148,0.023112,0.322762,0.674107,9.500000,7.222222,8.166667,0,FAIL
light,cold_start,37.5,28.0,15,0.01,NEW,1.00,2,3.190858,-1,0.173052,0.019402,0.317691,0.572590,9.500000,7.250000,8.171296,0,FAIL
light,cold_start,37.5,28.0,15,0.01,NEW,0.70,1,3.275890,-1,0.186270,0.038562,0.361398,0.691218,9.500000,6.777778,8.120370,0,FAIL
light,cold_start,37.5,28.0,15,0.01,NEW,0.70,2,3.260964,-1,0.176210,0.026915,0.318071,0.576777,9.500000,6.972222,8.138889,0,FAIL
light,cold_start,37.5,28.0,15,0.01,NEW,0.50,1,3.260152,-1,0.180591,0.031738,0.323937,0.674540,9.500000,6.888889,8.120370,0,FAIL
light,cold_start,37.5,28.0,15,0.01,NEW,0.50,2,3.231906,-1,0.177717,0.031169,0.319483,0.588496,9.500000,6.861111,8.115741,0,FAIL
light,cold_start,37.5,28.0,15,0.01,NEW,0.35,1,3.186236,-1,0.186355,0.033462,0.343466,0.675483,9.500000,6.888889,8.111111,0,FAIL
light,cold_start,37.5,28.0,15,0.01,NEW,0.35,2,3.179172,-1,0.177227,0.030931,0.318952,0.584979,9.500000,6.861111,8.106481,0,FAIL
light,cold_start,37.5,28.0,30,0.10,OLD,1.00,1,4.350559,-1,0.358800,0.221327,0.780884,1.181107,9.500000,6.583333,8.270833,0,FAIL
light,cold_start,37.5,28.0,30,0.10,NEW,1.00,1,4.378284,-1,0.341911,0.187061,0.766881,1.138258,9.500000,6.888889,8.287037,0,FAIL
light,cold_start,37.5,28.0,30,0.10,NEW,1.00,2,4.346688,-1,0.342137,0.205396,0.735957,1.092283,9.500000,7.138889,8.291667,0,FAIL
light,cold_start,37.5,28.0,30,0.10,NEW,0.70,1,4.385372,-1,0.349645,0.188641,0.779716,1.248102,9.500000,7.111111,8.287037,0,FAIL
light,cold_start,37.5,28.0,30,0.10,NEW,0.70,2,4.373615,-1,0.343700,0.197701,0.740695,1.107354,9.500000,7.555556,8.314815,0,FAIL
light,cold_start,37.5,28.0,30,0.10,NEW,0.50,1,4.372522,-1,0.347076,0.198395,0.765157,1.172379,9.500000,6.777778,8.250000,0,FAIL
light,cold_start,37.5,28.0,30,0.10,NEW,0.50,2,4.370369,-1,0.344550,0.197126,0.744552,1.120028,9.500000,7.583333,8.305556,0,FAIL
light,cold_start,37.5,28.0,30,0.10,NEW,0.35,1,4.380489,-1,0.348211,0.200683,0.770266,1.161294,9.500000,6.833333,8.250000,0,FAIL
light,cold_start,37.5,28.0,30,0.10,NEW,0.35,2,4.368000,-1,0.341861,0.191949,0.741592,1.090157,9.500000,7.611111,8.296296,0,FAIL
light,cold_start,37.5,28.0,30,0.01,OLD,1.00,1,4.350559,-1,0.341796,0.178470,0.787236,1.289079,9.500000,7.652778,8.384259,0,FAIL
light,cold_start,37.5,28.0,30,0.01,NEW,1.00,1,4.366458,-1,0.371667,0.215106,0.846872,1.244965,9.500000,6.944444,8.287037,0,FAIL
light,cold_start,37.5,28.0,30,0.01,NEW,1.00,2,4.339990,-1,0.356315,0.212085,0.786451,1.139826,9.500000,6.694444,8.277778,0,FAIL
light,cold_start,37.5,28.0,30,0.01,NEW,0.70,1,4.291513,-1,0.376153,0.221216,0.849612,1.249330,9.500000,7.000000,8.277778,0,FAIL
light,cold_start,37.5,28.0,30,0.01,NEW,0.70,2,4.404435,-1,0.368916,0.224613,0.795561,1.151033,9.500000,6.666667,8.282407,0,FAIL
light,cold_start,37.5,28.0,30,0.01,NEW,0.50,1,4.373436,-1,0.380925,0.229265,0.848106,1.253559,9.500000,6.944444,8.277778,0,FAIL
light,cold_start,37.5,28.0,30,0.01,NEW,0.50,2,4.370268,-1,0.371516,0.227407,0.794131,1.147869,9.500000,6.722222,8.277778,0,FAIL
light,cold_start,37.5,28.0,30,0.01,NEW,0.35,1,4.372610,-1,0.371601,0.217329,0.844032,1.236794,9.500000,6.944444,8.259259,0,FAIL
light,cold_start,37.5,28.0,30,0.01,NEW,0.35,2,4.336608,-1,0.365600,0.222102,0.792989,1.147699,9.500000,6.666667,8.254630,0,FAIL
light,cold_start,37.5,28.0,60,0.10,OLD,1.00,1,6.640473,-1,1.141586,1.027921,2.571142,3.210836,9.500000,6.069444,8.849537,0,FAIL
light,cold_start,37.5,28.0,60,0.10,NEW,1.00,1,6.552492,-1,0.948960,0.799992,2.247715,2.930161,9.500000,7.833333,8.944444,0,FAIL
light,cold_start,37.5,28.0,60,0.10,NEW,1.00,2,6.551362,-1,1.095630,0.983206,2.494854,3.102702,9.500000,6.000000,8.810185,0,FAIL
light,cold_start,37.5,28.0,60,0.10,NEW,0.70,1,6.623795,-1,0.958926,0.807196,2.331962,3.018276,9.500000,7.944444,9.000000,0,FAIL
light,cold_start,37.5,28.0,60,0.10,NEW,0.70,2,6.606030,-1,1.074950,0.956362,2.451885,3.114201,9.500000,6.055556,8.800926,0,FAIL
light,cold_start,37.5,28.0,60,0.10,NEW,0.50,1,6.543865,-1,0.975892,0.824857,2.341708,2.966845,9.500000,8.000000,8.953704,0,FAIL
light,cold_start,37.5,28.0,60,0.10,NEW,0.50,2,6.570018,-1,1.032632,0.907128,2.388638,2.971199,9.500000,6.250000,8.810185,0,FAIL
light,cold_start,37.5,28.0,60,0.10,NEW,0.35,1,6.555932,-1,0.965166,0.812394,2.296281,3.235429,9.500000,7.944444,8.953704,0,FAIL
light,cold_start,37.5,28.0,60,0.10,NEW,0.35,2,6.582572,-1,1.081667,0.969746,2.462520,3.104148,9.500000,6.833333,8.777778,0,FAIL
light,cold_start,37.5,28.0,60,0.01,OLD,1.00,1,6.640473,-1,1.182561,1.010601,2.744896,3.481135,9.500000,8.805556,9.083333,0,FAIL
light,cold_start,37.5,28.0,60,0.01,NEW,1.00,1,6.488167,-1,0.976714,0.817206,2.379887,3.014526,9.500000,8.111111,9.111111,0,FAIL
light,cold_start,37.5,28.0,60,0.01,NEW,1.00,2,6.517709,-1,1.109073,0.960707,2.497893,3.100282,9.500000,8.083333,8.879630,0,FAIL
light,cold_start,37.5,28.0,60,0.01,NEW,0.70,1,6.669170,-1,0.996029,0.837300,2.413619,3.004306,9.500000,7.833333,9.074074,0,FAIL
light,cold_start,37.5,28.0,60,0.01,NEW,0.70,2,6.613150,-1,1.117683,0.952625,2.535679,3.128297,9.500000,8.416667,8.921296,0,FAIL
light,cold_start,37.5,28.0,60,0.01,NEW,0.50,1,6.544474,-1,1.034880,0.878845,2.423647,2.993991,9.500000,7.055556,8.953704,0,FAIL
light,cold_start,37.5,28.0,60,0.01,NEW,0.50,2,6.537915,-1,1.109029,0.943994,2.524322,3.170808,9.500000,8.416667,8.907407,0,FAIL
light,cold_start,37.5,28.0,60,0.01,NEW,0.35,1,6.554875,-1,1.048283,0.894101,2.438147,3.020637,9.500000,6.833333,8.916667,0,FAIL
light,cold_start,37.5,28.0,60,0.01,NEW,0.35,2,6.540958,-1,1.117962,0.953026,2.532284,3.182309,9.500000,8.416667,8.898148,0,FAIL
medium,cold_start,30.0,20.0,5,0.10,OLD,1.00,1,1.482999,1498,0.028505,0.000733,0.052978,0.113773,10.000000,11.138889,14.534722,0,FAIL
medium,cold_start,30.0,20.0,5,0.10,NEW,1.00,1,1.468701,1357,0.029721,-0.003401,0.054822,0.118256,10.000000,11.333333,14.546296,0,FAIL
medium,cold_start,30.0,20.0,5,0.10,NEW,1.00,2,1.470166,1344,0.028419,0.002254,0.054201,0.113158,10.000000,11.138889,14.550926,0,FAIL
medium,cold_start,30.0,20.0,5,0.10,NEW,0.70,1,1.466654,1357,0.029705,0.003085,0.054610,0.117562,10.000000,11.277778,14.546296,0,FAIL
medium,cold_start,30.0,20.0,5,0.10,NEW,0.70,2,1.462086,1365,0.027028,0.001278,0.053167,0.110417,10.000000,11.277778,14.523148,0,FAIL
medium,cold_start,30.0,20.0,5,0.10,NEW,0.50,1,1.478108,1378,0.028595,0.000360,0.053399,0.116818,10.000000,11.111111,14.509259,0,FAIL
medium,cold_start,30.0,20.0,5,0.10,NEW,0.50,2,1.470374,1378,0.026235,-0.003182,0.051669,0.107707,10.000000,11.388889,14.532407,0,FAIL
medium,cold_start,30.0,20.0,5,0.10,NEW,0.35,1,1.468112,1380,0.028865,0.000959,0.053615,0.115573,10.000000,11.166667,14.509259,0,FAIL
medium,cold_start,30.0,20.0,5,0.10,NEW,0.35,2,1.472317,1384,0.027728,0.000325,0.053130,0.110240,10.000000,11.305556,14.509259,0,FAIL
medium,cold_start,30.0,20.0,5,0.01,OLD,1.00,1,1.495629,1334,0.020590,0.000218,0.037334,0.080650,10.000000,11.166667,14.541667,0,FAIL
medium,cold_start,30.0,20.0,5,0.01,NEW,1.00,1,1.472770,1365,0.002556,-0.000032,0.005381,0.014205,10.000000,11.222222,14.546296,0,FAIL
medium,cold_start,30.0,20.0,5,0.01,NEW,1.00,2,1.472380,1362,0.002443,-0.000011,0.005148,0.012255,10.000000,11.250000,14.550926,0,FAIL
medium,cold_start,30.0,20.0,5,0.01,NEW,0.70,1,1.464839,1382,0.002079,0.000010,0.004649,0.012511,10.000000,11.277778,14.537037,0,FAIL
medium,cold_start,30.0,20.0,5,0.01,NEW,0.70,2,1.482472,1385,0.002855,0.000042,0.005882,0.013560,10.000000,11.250000,14.537037,0,FAIL
medium,cold_start,30.0,20.0,5,0.01,NEW,0.50,1,1.476585,1396,0.003006,-0.000110,0.006030,0.016181,10.000000,11.222222,14.518519,0,FAIL
medium,cold_start,30.0,20.0,5,0.01,NEW,0.50,2,1.476275,1392,0.002256,-0.002219,0.004497,0.006222,10.000000,11.250000,14.518519,0,FAIL
medium,cold_start,30.0,20.0,5,0.01,NEW,0.35,1,1.475692,1407,0.003304,-0.000666,0.006968,0.018063,10.000000,11.222222,14.509259,0,FAIL
medium,cold_start,30.0,20.0,5,0.01,NEW,0.35,2,1.472267,1406,0.002786,-0.000846,0.004838,0.011266,10.000000,11.250000,14.509259,0,FAIL
medium,cold_start,30.0,20.0,15,0.10,OLD,1.00,1,1.674158,-1,0.124903,0.003491,0.205863,0.400703,10.000000,10.736111,14.532407,0,FAIL
medium,cold_start,30.0,20.0,15,0.10,NEW,1.00,1,1.657700,-1,0.140013,0.024292,0.224946,0.434047,10.000000,11.222222,14.638889,0,FAIL
medium,cold_start,30.0,20.0,15,0.10,NEW,1.00,2,1.653016,-1,0.133378,0.021799,0.215715,0.414653,10.000000,10.916667,14.592593,0,FAIL
medium,cold_start,30.0,20.0,15,0.10,NEW,0.70,1,1.656450,-1,0.140161,0.023581,0.225049,0.433788,10.000000,11.277778,14.620370,0,FAIL
medium,cold_start,30.0,20.0,15,0.10,NEW,0.70,2,1.651162,-1,0.134464,0.023266,0.217429,0.415433,10.000000,11.138889,14.601852,0,FAIL
medium,cold_start,30.0,20.0,15,0.10,NEW,0.50,1,1.653293,-1,0.133983,0.021529,0.217104,0.423411,10.000000,11.333333,14.601852,0,FAIL
medium,cold_start,30.0,20.0,15,0.10,NEW,0.50,2,1.658503,-1,0.133753,0.022089,0.215616,0.415345,10.000000,10.944444,14.560185,0,FAIL
medium,cold_start,30.0,20.0,15,0.10,NEW,0.35,1,1.658590,-1,0.131944,0.017443,0.220235,0.426117,10.000000,11.666667,14.611111,0,FAIL
medium,cold_start,30.0,20.0,15,0.10,NEW,0.35,2,1.655441,-1,0.133623,0.022328,0.215440,0.415519,10.000000,11.138889,14.574074,0,FAIL
medium,cold_start,30.0,20.0,15,0.01,OLD,1.00,1,1.680234,-1,0.137085,-0.004714,0.222731,0.437548,10.000000,11.652778,14.571759,0,FAIL
medium,cold_start,30.0,20.0,15,0.01,NEW,1.00,1,1.662335,-1,0.137557,0.010491,0.232357,0.468200,10.000000,11.722222,14.638889,0,FAIL
medium,cold_start,30.0,20.0,15,0.01,NEW,1.00,2,1.658181,-1,0.137065,0.009547,0.231192,0.449513,10.000000,11.777778,14.643519,0,FAIL
medium,cold_start,30.0,20.0,15,0.01,NEW,0.70,1,1.651569,-1,0.136181,0.006708,0.228242,0.455945,10.000000,11.833333,14.620370,0,FAIL
medium,cold_start,30.0,20.0,15,0.01,NEW,0.70,2,1.652979,-1,0.137744,0.006542,0.232855,0.453462,10.000000,11.805556,14.611111,0,FAIL
medium,cold_start,30.0,20.0,15,0.01,NEW,0.50,1,1.653345,-1,0.138367,0.004101,0.231601,0.466819,10.000000,11.833333,14.583333,0,FAIL
medium,cold_start,30.0,20.0,15,0.01,NEW,0.50,2,1.654164,-1,0.138320,0.004307,0.231478,0.449048,10.000000,11.805556,14.578704,0,FAIL
medium,cold_start,30.0,20.0,15,0.01,NEW,0.35,1,1.652981,-1,0.138170,0.004042,0.232140,0.458366,10.000000,11.777778,14.564815,0,FAIL
medium,cold_start,30.0,20.0,15,0.01,NEW,0.35,2,1.666913,-1,0.139236,0.003044,0.231519,0.454013,10.000000,11.750000,14.555556,0,FAIL
medium,cold_start,30.0,20.0,30,0.10,OLD,1.00,1,1.986600,-1,0.177240,0.046038,0.338499,0.582748,10.000000,11.597222,14.657407,0,FAIL
medium,cold_start,30.0,20.0,30,0.10,NEW,1.00,1,1.962957,-1,0.188378,0.059601,0.353264,0.614339,10.000000,11.666667,14.611111,0,FAIL
medium,cold_start,30.0,20.0,30,0.10,NEW,1.00,2,1.977633,-1,0.188344,0.056904,0.356708,0.597677,10.000000,11.694444,14.615741,0,FAIL
medium,cold_start,30.0,20.0,30,0.10,NEW,0.70,1,1.960431,-1,0.188188,0.052669,0.351495,0.605343,10.000000,11.833333,14.620370,0,FAIL
medium,cold_start,30.0,20.0,30,0.10,NEW,0.70,2,1.968175,-1,0.188402,0.050678,0.353493,0.594104,10.000000,11.916667,14.638889,0,FAIL
medium,cold_start,30.0,20.0,30,0.10,NEW,0.50,1,1.983612,-1,0.187731,0.051193,0.347001,0.616351,10.000000,11.888889,14.620370,0,FAIL
medium,cold_start,30.0,20.0,30,0.10,NEW,0.50,2,1.970695,-1,0.187688,0.047400,0.353153,0.600072,10.000000,11.972222,14.643519,0,FAIL
medium,cold_start,30.0,20.0,30,0.10,NEW,0.35,1,1.969198,-1,0.188035,0.044761,0.359049,0.605332,10.000000,12.000000,14.638889,0,FAIL
medium,cold_start,30.0,20.0,30,0.10,NEW,0.35,2,1.964426,-1,0.186763,0.046052,0.351191,0.591708,10.000000,12.000000,14.634259,0,FAIL
medium,cold_start,30.0,20.0,30,0.01,OLD,1.00,1,1.986356,-1,0.200431,0.065070,0.383750,0.654900,10.000000,10.458333,14.587963,0,FAIL
medium,cold_start,30.0,20.0,30,0.01,NEW,1.00,1,1.969445,-1,0.197882,0.046298,0.383077,0.659466,10.000000,12.222222,14.731481,0,FAIL
medium,cold_start,30.0,20.0,30,0.01,NEW,1.00,2,1.977518,-1,0.190940,0.036149,0.390694,0.657646,10.000000,12.138889,14.777778,0,FAIL
medium,cold_start,30.0,20.0,30,0.01,NEW,0.70,1,1.981671,-1,0.193608,0.041753,0.382326,0.640902,10.000000,12.222222,14.740741,0,FAIL
medium,cold_start,30.0,20.0,30,0.01,NEW,0.70,2,1.967914,-1,0.190546,0.036864,0.385737,0.656341,10.000000,12.194444,14.763889,0,FAIL
medium,cold_start,30.0,20.0,30,0.01,NEW,0.50,1,1.978141,-1,0.188765,0.036637,0.377103,0.638277,10.000000,12.166667,14.740741,0,FAIL
medium,cold_start,30.0,20.0,30,0.01,NEW,0.50,2,1.969330,-1,0.187486,0.033712,0.386839,0.655404,10.000000,11.888889,14.731481,0,FAIL
medium,cold_start,30.0,20.0,30,0.01,NEW,0.35,1,1.981999,-1,0.188317,0.036270,0.379254,0.642737,10.000000,12.166667,14.731481,0,FAIL
medium,cold_start,30.0,20.0,30,0.01,NEW,0.35,2,1.969138,-1,0.188289,0.034287,0.389629,0.656688,10.000000,11.805556,14.712963,0,FAIL
medium,cold_start,30.0,20.0,60,0.10,OLD,1.00,1,2.659292,-1,0.401835,0.277542,0.859518,1.208604,10.000000,12.027778,14.893519,0,FAIL
medium,cold_start,30.0,20.0,60,0.10,NEW,1.00,1,2.631508,-1,0.391273,0.232431,0.864329,1.242308,10.000000,13.111111,15.027778,0,FAIL
medium,cold_start,30.0,20.0,60,0.10,NEW,1.00,2,2.626863,-1,0.355237,0.197933,0.851223,1.194216,10.000000,13.138889,15.101852,0,FAIL
medium,cold_start,30.0,20.0,60,0.10,NEW,0.70,1,2.623562,-1,0.360217,0.200228,0.858439,1.243105,10.000000,13.166667,15.092593,0,FAIL
medium,cold_start,30.0,20.0,60,0.10,NEW,0.70,2,2.635984,-1,0.353618,0.193791,0.849841,1.212078,10.000000,13.194444,15.106481,0,FAIL
medium,cold_start,30.0,20.0,60,0.10,NEW,0.50,1,2.639289,-1,0.366970,0.207983,0.858369,1.221802,10.000000,13.111111,15.046296,0,FAIL
medium,cold_start,30.0,20.0,60,0.10,NEW,0.50,2,2.635929,-1,0.344284,0.187197,0.839803,1.188425,10.000000,13.138889,15.097222,0,FAIL
medium,cold_start,30.0,20.0,60,0.10,NEW,0.35,1,2.621090,-1,0.376117,0.213339,0.878472,1.232387,10.000000,13.222222,15.037037,0,FAIL
medium,cold_start,30.0,20.0,60,0.10,NEW,0.35,2,2.625609,-1,0.357320,0.196604,0.857291,1.212035,10.000000,13.250000,15.074074,0,FAIL
medium,cold_start,30.0,20.0,60,0.01,OLD,1.00,1,2.659649,-1,0.358584,0.191887,0.906080,1.290324,10.000000,13.208333,15.194444,0,FAIL
medium,cold_start,30.0,20.0,60,0.01,NEW,1.00,1,2.632212,-1,0.359406,0.193356,0.881916,1.246419,10.000000,11.444444,14.981481,0,FAIL
medium,cold_start,30.0,20.0,60,0.01,NEW,1.00,2,2.629910,-1,0.380313,0.239897,0.897128,1.281062,10.000000,9.777778,14.787037,0,FAIL
medium,cold_start,30.0,20.0,60,0.01,NEW,0.70,1,2.637498,-1,0.362802,0.198841,0.883824,1.253961,10.000000,11.111111,14.925926,0,FAIL
medium,cold_start,30.0,20.0,60,0.01,NEW,0.70,2,2.630635,-1,0.386917,0.256025,0.893999,1.270315,10.000000,9.500000,14.754630,0,FAIL
medium,cold_start,30.0,20.0,60,0.01,NEW,0.50,1,2.642078,-1,0.369318,0.213992,0.884459,1.255803,10.000000,10.500000,14.833333,0,FAIL
medium,cold_start,30.0,20.0,60,0.01,NEW,0.50,2,2.639200,-1,0.396285,0.272155,0.904175,1.274278,10.000000,9.333333,14.726852,0,FAIL
medium,cold_start,30.0,20.0,60,0.01,NEW,0.35,1,2.618327,-1,0.367853,0.211087,0.882484,1.250851,10.000000,10.611111,14.833333,0,FAIL
medium,cold_start,30.0,20.0,60,0.01,NEW,0.35,2,2.639205,-1,0.401982,0.281216,0.912402,1.272671,10.000000,9.250000,14.717593,0,FAIL
medium,cold_start,30.0,25.0,5,0.10,OLD,1.00,1,1.588305,1150,0.024058,-0.002930,0.051250,0.109550,5.000000,5.652778,7.379630,0,FAIL
medium,cold_start,30.0,25.0,5,0.10,NEW,1.00,1,1.559777,1185,0.041785,-0.041785,0.048152,0.019379,5.000000,5.611111,7.370370,0,FAIL
medium,cold_start,30.0,25.0,5,0.10,NEW,1.00,2,1.569377,1234,0.027682,-0.000111,0.052784,0.110869,5.000000,5.611111,7.402778,0,FAIL
medium,cold_start,30.0,25.0,5,0.10,NEW,0.70,1,1.555665,1272,0.011587,0.009095,0.029083,0.045912,5.000000,5.555556,7.379630,0,FAIL
medium,cold_start,30.0,25.0,5,0.10,NEW,0.70,2,1.555932,1288,0.027951,-0.000467,0.053275,0.111706,5.000000,5.583333,7.384259,0,FAIL
medium,cold_start,30.0,25.0,5,0.10,NEW,0.50,1,1.576860,1299,0.024354,-0.003800,0.046511,0.105039,5.000000,5.555556,7.351852,0,FAIL
medium,cold_start,30.0,25.0,5,0.10,NEW,0.50,2,1.569886,1305,0.027193,0.000341,0.053620,0.112417,5.000000,5.527778,7.361111,0,FAIL
medium,cold_start,30.0,25.0,5,0.10,NEW,0.35,1,1.571833,1260,0.039331,-0.039331,0.043396,0.009783,5.000000,5.555556,7.314815,0,FAIL
medium,cold_start,30.0,25.0,5,0.10,NEW,0.35,2,1.568867,1302,0.027669,0.000267,0.054023,0.113197,5.000000,5.611111,7.351852,0,FAIL
medium,cold_start,30.0,25.0,5,0.01,OLD,1.00,1,1.575356,1144,0.005319,-0.000065,0.011217,0.029615,5.000000,5.652778,7.388889,0,FAIL
medium,cold_start,30.0,25.0,5,0.01,NEW,1.00,1,1.560938,1242,0.002245,0.000185,0.005177,0.013165,5.000000,5.666667,7.398148,0,FAIL
medium,cold_start,30.0,25.0,5,0.01,NEW,1.00,2,1.563090,1234,0.002761,0.000106,0.005525,0.013206,5.000000,5.611111,7.393519,0,FAIL
medium,cold_start,30.0,25.0,5,0.01,NEW,0.70,1,1.569190,1274,0.002401,0.000330,0.005379,0.013575,5.000000,5.611111,7.379630,0,FAIL
medium,cold_start,30.0,25.0,5,0.01,NEW,0.70,2,1.569948,1273,0.002483,-0.000615,0.005125,0.012892,5.000000,5.611111,7.379630,0,FAIL
medium,cold_start,30.0,25.0,5,0.01,NEW,0.50,1,1.571569,1298,0.002213,0.000313,0.004914,0.013123,5.000000,5.666667,7.370370,0,FAIL
medium,cold_start,30.0,25.0,5,0.01,NEW,0.50,2,1.568402,1300,0.002311,0.002261,0.004574,0.006925,5.000000,5.638889,7.365741,0,FAIL
medium,cold_start,30.0,25.0,5,0.01,NEW,0.35,1,1.561255,1292,0.002511,-0.000031,0.005712,0.015245,5.000000,5.611111,7.351852,0,FAIL
medium,cold_start,30.0,25.0,5,0.01,NEW,0.35,2,1.568742,1320,0.002868,0.000045,0.005711,0.013390,5.000000,5.638889,7.356481,0,FAIL
medium,cold_start,30.0,25.0,15,0.10,OLD,1.00,1,1.796285,1272,0.062691,0.008426,0.116798,0.222485,5.000000,5.680556,7.449074,0,FAIL
medium,cold_start,30.0,25.0,15,0.10,NEW,1.00,1,1.758079,1358,0.054067,0.009838,0.091832,0.186271,5.000000,5.777778,7.425926,0,FAIL
medium,cold_start,30.0,25.0,15,0.10,NEW,1.00,2,1.758284,1341,0.059762,0.013400,0.099979,0.190294,5.000000,5.472222,7.416667,0,FAIL
medium,cold_start,30.0,25.0,15,0.10,NEW,0.70,1,1.758679,1332,0.056919,0.004535,0.097161,0.212734,5.000000,5.388889,7.379630,0,FAIL
medium,cold_start,30.0,25.0,15,0.10,NEW,0.70,2,1.766661,1378,0.058718,0.008818,0.101295,0.193507,5.000000,5.250000,7.375000,0,FAIL
medium,cold_start,30.0,25.0,15,0.10,NEW,0.50,1,1.777100,1415,0.058285,0.011429,0.101637,0.207066,5.000000,5.388889,7.379630,0,FAIL
medium,cold_start,30.0,25.0,15,0.10,NEW,0.50,2,1.771146,1384,0.059240,0.013896,0.102141,0.196233,5.000000,5.472222,7.384259,0,FAIL
medium,cold_start,30.0,25.0,15,0.10,NEW,0.35,1,1.758938,1462,0.059706,0.009260,0.106820,0.211399,5.000000,5.333333,7.361111,0,FAIL
medium,cold_start,30.0,25.0,15,0.10,NEW,0.35,2,1.768300,1419,0.057685,0.012869,0.097947,0.188723,5.000000,5.638889,7.384259,0,FAIL
medium,cold_start,30.0,25.0,15,0.01,OLD,1.00,1,1.785015,1265,0.073935,0.013123,0.125655,0.253754,5.000000,5.777778,7.418981,0,FAIL
medium,cold_start,30.0,25.0,15,0.01,NEW,1.00,1,1.759462,1359,0.070566,0.008839,0.113372,0.225914,5.000000,5.444444,7.425926,0,FAIL
medium,cold_start,30.0,25.0,15,0.01,NEW,1.00,2,1.766286,1357,0.071216,0.008387,0.116035,0.236921,5.000000,5.666667,7.458333,0,FAIL
medium,cold_start,30.0,25.0,15,0.01,NEW,0.70,1,1.781486,1387,0.070283,0.008869,0.113098,0.223181,5.000000,5.666667,7.435185,0,FAIL
medium,cold_start,30.0,25.0,15,0.01,NEW,0.70,2,1.772749,1415,0.068798,0.005423,0.114648,0.229923,5.000000,5.861111,7.444444,0,FAIL
medium,cold_start,30.0,25.0,15,0.01,NEW,0.50,1,1.774717,1430,0.069230,0.007823,0.112255,0.223408,5.000000,5.722222,7.425926,0,FAIL
medium,cold_start,30.0,25.0,15,0.01,NEW,0.50,2,1.766530,1415,0.068591,0.005806,0.115604,0.231773,5.000000,5.861111,7.425926,0,FAIL
medium,cold_start,30.0,25.0,15,0.01,NEW,0.35,1,1.759654,1437,0.069244,0.007318,0.112945,0.226426,5.000000,5.777778,7.416667,0,FAIL
medium,cold_start,30.0,25.0,15,0.01,NEW,0.35,2,1.767061,1435,0.068152,0.003806,0.115379,0.227179,5.000000,5.888889,7.407407,0,FAIL
medium,cold_start,30.0,25.0,30,0.10,OLD,1.00,1,2.116336,-1,0.086379,0.024315,0.171778,0.293451,5.000000,5.611111,7.432870,0,FAIL
medium,cold_start,30.0,25.0,30,0.10,NEW,1.00,1,2.074251,-1,0.081955,0.020351,0.171078,0.296311,5.000000,5.888889,7.527778,0,FAIL
medium,cold_start,30.0,25.0,30,0.10,NEW,1.00,2,2.086916,-1,0.083126,0.022160,0.169312,0.278362,5.000000,5.583333,7.523148,0,FAIL
medium,cold_start,30.0,25.0,30,0.10,NEW,0.70,1,2.069036,-1,0.087969,0.025419,0.173019,0.289044,5.000000,5.777778,7.481481,0,FAIL
medium,cold_start,30.0,25.0,30,0.10,NEW,0.70,2,2.084828,-1,0.084623,0.023856,0.167085,0.279499,5.000000,5.444444,7.486111,0,FAIL
medium,cold_start,30.0,25.0,30,0.10,NEW,0.50,1,2.091253,-1,0.086727,0.023626,0.172043,0.287633,5.000000,5.777778,7.490741,0,FAIL
medium,cold_start,30.0,25.0,30,0.10,NEW,0.50,2,2.089516,-1,0.084120,0.023914,0.168654,0.277441,5.000000,5.444444,7.467593,0,FAIL
medium,cold_start,30.0,25.0,30,0.10,NEW,0.35,1,2.076746,-1,0.085677,0.030981,0.170893,0.290285,5.000000,5.722222,7.416667,0,FAIL
medium,cold_start,30.0,25.0,30,0.10,NEW,0.35,2,2.075377,-1,0.083721,0.023927,0.168392,0.280946,5.000000,5.638889,7.486111,0,FAIL
medium,cold_start,30.0,25.0,30,0.01,OLD,1.00,1,2.109835,-1,0.102226,0.029529,0.206442,0.354976,5.000000,5.875000,7.516204,0,FAIL
medium,cold_start,30.0,25.0,30,0.01,NEW,1.00,1,2.101208,-1,0.095342,0.018134,0.188901,0.340856,5.000000,6.111111,7.555556,0,FAIL
medium,cold_start,30.0,25.0,30,0.01,NEW,1.00,2,2.087193,-1,0.101430,0.027568,0.191885,0.322311,5.000000,6.083333,7.509259,0,FAIL
medium,cold_start,30.0,25.0,30,0.01,NEW,0.70,1,2.097384,-1,0.093598,0.016771,0.193759,0.356957,5.000000,6.000000,7.527778,0,FAIL
medium,cold_start,30.0,25.0,30,0.01,NEW,0.70,2,2.097874,-1,0.099774,0.023449,0.193638,0.329389,5.000000,6.111111,7.513889,0,FAIL
medium,cold_start,30.0,25.0,30,0.01,NEW,0.50,1,2.089750,-1,0.095937,0.019709,0.188792,0.344860,5.000000,5.555556,7.481481,0,FAIL
medium,cold_start,30.0,25.0,30,0.01,NEW,0.50,2,2.085725,-1,0.097147,0.021339,0.190781,0.321559,5.000000,6.111111,7.504630,0,FAIL
medium,cold_start,30.0,25.0,30,0.01,NEW,0.35,1,2.095370,-1,0.098168,0.019120,0.201961,0.352075,5.000000,5.777778,7.490741,0,FAIL
medium,cold_start,30.0,25.0,30,0.01,NEW,0.35,2,2.086133,-1,0.094441,0.018634,0.189356,0.323093,5.000000,6.083333,7.504630,0,FAIL
medium,cold_start,30.0,25.0,60,0.10,OLD,1.00,1,2.826198,-1,0.167809,0.095926,0.417894,0.606366,5.000000,6.180556,7.780093,0,FAIL
medium,cold_start,30.0,25.0,60,0.10,NEW,1.00,1,2.782971,-1,0.155712,0.077099,0.355803,0.528148,5.000000,6.166667,7.685185,0,FAIL
medium,cold_start,30.0,25.0,60,0.10,NEW,1.00,2,2.786958,-1,0.144693,0.071773,0.342056,0.495282,5.000000,6.138889,7.712963,0,FAIL
medium,cold_start,30.0,25.0,60,0.10,NEW,0.70,1,2.793765,-1,0.145479,0.069413,0.354573,0.534516,5.000000,6.055556,7.722222,0,FAIL
medium,cold_start,30.0,25.0,60,0.10,NEW,0.70,2,2.791129,-1,0.144653,0.073893,0.340008,0.487490,5.000000,6.083333,7.671296,0,FAIL
medium,cold_start,30.0,25.0,60,0.10,NEW,0.50,1,2.799444,-1,0.145511,0.069726,0.351206,0.528689,5.000000,6.055556,7.712963,0,FAIL
medium,cold_start,30.0,25.0,60,0.10,NEW,0.50,2,2.798191,-1,0.140008,0.068306,0.333095,0.488468,5.000000,6.083333,7.703704,0,FAIL
medium,cold_start,30.0,25.0,60,0.10,NEW,0.35,1,2.781195,-1,0.145536,0.068681,0.343554,0.535747,5.000000,6.055556,7.703704,0,FAIL
medium,cold_start,30.0,25.0,60,0.10,NEW,0.35,2,2.811457,-1,0.137049,0.066451,0.331973,0.484653,5.000000,6.138889,7.689815,0,FAIL
medium,cold_start,30.0,25.0,60,0.01,OLD,1.00,1,2.813166,-1,0.205750,0.121650,0.484019,0.688597,5.000000,6.833333,7.800926,0,FAIL
medium,cold_start,30.0,25.0,60,0.01,NEW,1.00,1,2.796768,-1,0.183478,0.096831,0.459719,0.657100,5.000000,6.111111,7.759259,0,FAIL
medium,cold_start,30.0,25.0,60,0.01,NEW,1.00,2,2.814714,-1,0.174786,0.090351,0.438570,0.626108,5.000000,6.666667,7.819444,0,FAIL
medium,cold_start,30.0,25.0,60,0.01,NEW,0.70,1,2.780081,-1,0.185501,0.099617,0.459139,0.655849,5.000000,5.833333,7.703704,0,FAIL
medium,cold_start,30.0,25.0,60,0.01,NEW,0.70,2,2.811460,-1,0.174298,0.090009,0.441421,0.625118,5.000000,6.361111,7.773148,0,FAIL
medium,cold_start,30.0,25.0,60,0.01,NEW,0.50,1,2.804910,-1,0.188708,0.107850,0.457638,0.655863,5.000000,5.388889,7.638889,0,FAIL
medium,cold_start,30.0,25.0,60,0.01,NEW,0.50,2,2.802654,-1,0.175743,0.091920,0.439178,0.621219,5.000000,6.083333,7.726852,0,FAIL
medium,cold_start,30.0,25.0,60,0.01,NEW,0.35,1,2.782974,-1,0.190596,0.113761,0.457555,0.651969,5.000000,5.166667,7.601852,0,FAIL
medium,cold_start,30.0,25.0,60,0.01,NEW,0.35,2,2.815281,-1,0.173788,0.089784,0.438236,0.624024,5.000000,6.194444,7.731481,0,FAIL
medium,cold_start,30.0,28.0,5,0.10,OLD,1.00,1,1.637093,1980,0.029854,0.000898,0.056025,0.120770,2.000000,2.263889,3.118056,0,FAIL
medium,cold_start,30.0,28.0,5,0.10,NEW,1.00,1,1.629914,2421,0.013310,0.010919,0.031769,0.053532,2.000000,2.166667,3.148148,0,FAIL
medium,cold_start,30.0,28.0,5,0.10,NEW,1.00,2,1.617312,2493,0.036080,-0.020528,0.048323,0.102830,2.000000,2.055556,3.134259,0,FAIL
medium,cold_start,30.0,28.0,5,0.10,NEW,0.70,1,1.627600,2375,0.021808,-0.001518,0.044723,0.107130,2.000000,2.111111,3.092593,0,FAIL
medium,cold_start,30.0,28.0,5,0.10,NEW,0.70,2,1.618483,2494,0.027736,0.000254,0.049585,0.107963,2.000000,2.083333,3.106481,0,FAIL
medium,cold_start,30.0,28.0,5,0.10,NEW,0.50,1,1.629429,2449,0.018633,0.018633,0.024705,0.018584,2.000000,2.277778,3.111111,0,FAIL
medium,cold_start,30.0,28.0,5,0.10,NEW,0.50,2,1.627890,2632,0.029591,0.003002,0.047256,0.101682,2.000000,2.166667,3.106481,0,FAIL
medium,cold_start,30.0,28.0,5,0.10,NEW,0.35,1,1.627155,2404,0.023893,0.005469,0.047457,0.106780,2.000000,2.333333,3.083333,0,FAIL
medium,cold_start,30.0,28.0,5,0.10,NEW,0.35,2,1.620174,2514,0.023345,-0.022469,0.046040,0.061800,2.000000,2.222222,3.087963,0,FAIL
medium,cold_start,30.0,28.0,5,0.01,OLD,1.00,1,1.630282,1974,0.011312,-0.000392,0.024554,0.060741,2.000000,2.277778,3.097222,0,FAIL
medium,cold_start,30.0,28.0,5,0.01,NEW,1.00,1,1.632428,2391,0.003821,0.000426,0.007372,0.017342,2.000000,2.277778,3.138889,0,FAIL
medium,cold_start,30.0,28.0,5,0.01,NEW,1.00,2,1.631029,2422,0.001897,-0.000355,0.004468,0.011113,2.000000,2.222222,3.138889,0,FAIL
medium,cold_start,30.0,28.0,5,0.01,NEW,0.70,1,1.628474,2550,0.003783,0.000466,0.007113,0.015690,2.000000,2.222222,3.120370,0,FAIL
medium,cold_start,30.0,28.0,5,0.01,NEW,0.70,2,1.624369,2537,0.002464,0.000992,0.004876,0.012261,2.000000,2.277778,3.129630,0,FAIL
medium,cold_start,30.0,28.0,5,0.01,NEW,0.50,1,1.628749,2582,0.003778,0.000353,0.007196,0.015881,2.000000,2.277778,3.111111,0,FAIL
medium,cold_start,30.0,28.0,5,0.01,NEW,0.50,2,1.617438,2596,0.002142,-0.000315,0.004722,0.011433,2.000000,2.250000,3.111111,0,FAIL
medium,cold_start,30.0,28.0,5,0.01,NEW,0.35,1,1.630030,2626,0.003828,0.000392,0.007322,0.017319,2.000000,2.277778,3.101852,0,FAIL
medium,cold_start,30.0,28.0,5,0.01,NEW,0.35,2,1.623881,2642,0.001892,-0.000273,0.004362,0.011284,2.000000,2.250000,3.101852,0,FAIL
medium,cold_start,30.0,28.0,15,0.10,OLD,1.00,1,1.853999,2188,0.037725,0.006129,0.078509,0.155682,2.000000,2.402778,3.173611,0,FAIL
medium,cold_start,30.0,28.0,15,0.10,NEW,1.00,1,1.809906,2650,0.021532,0.001715,0.045483,0.109107,2.000000,2.388889,3.194444,0,FAIL
medium,cold_start,30.0,28.0,15,0.10,NEW,1.00,2,1.807193,2748,0.027011,-0.000834,0.052935,0.116806,2.000000,2.250000,3.199074,0,FAIL
medium,cold_start,30.0,28.0,15,0.10,NEW,0.70,1,1.833880,2710,0.027599,0.010466,0.047275,0.105857,2.000000,2.222222,3.175926,0,FAIL
medium,cold_start,30.0,28.0,15,0.10,NEW,0.70,2,1.821151,2827,0.027607,-0.000562,0.052233,0.118797,2.000000,2.194444,3.171296,0,FAIL
medium,cold_start,30.0,28.0,15,0.10,NEW,0.50,1,1.832741,2722,0.024443,0.006204,0.048789,0.114303,2.000000,2.277778,3.129630,0,FAIL
medium,cold_start,30.0,28.0,15,0.10,NEW,0.50,2,1.821978,2834,0.028495,-0.000655,0.057460,0.120280,2.000000,2.500000,3.175926,0,FAIL
medium,cold_start,30.0,28.0,15,0.10,NEW,0.35,1,1.832040,2836,0.021155,-0.003727,0.041839,0.096884,2.000000,2.333333,3.157407,0,FAIL
medium,cold_start,30.0,28.0,15,0.10,NEW,0.35,2,1.819593,3003,0.027982,-0.001711,0.051460,0.112076,2.000000,2.333333,3.157407,0,FAIL
medium,cold_start,30.0,28.0,15,0.01,OLD,1.00,1,1.848259,2182,0.043438,0.012664,0.080699,0.157677,2.000000,2.166667,3.143519,0,FAIL
medium,cold_start,30.0,28.0,15,0.01,NEW,1.00,1,1.835112,2549,0.033727,0.005497,0.058475,0.121370,2.000000,2.222222,3.166667,0,FAIL
medium,cold_start,30.0,28.0,15,0.01,NEW,1.00,2,1.822862,2652,0.027162,0.000227,0.045765,0.101624,2.000000,2.361111,3.194444,0,FAIL
medium,cold_start,30.0,28.0,15,0.01,NEW,0.70,1,1.832587,2672,0.033876,0.006307,0.057811,0.121048,2.000000,2.222222,3.175926,0,FAIL
medium,cold_start,30.0,28.0,15,0.01,NEW,0.70,2,1.821572,2737,0.028271,0.000270,0.048366,0.100194,2.000000,2.222222,3.152778,0,FAIL
medium,cold_start,30.0,28.0,15,0.01,NEW,0.50,1,1.831431,2781,0.033196,0.005628,0.057231,0.121064,2.000000,2.333333,3.166667,0,FAIL
medium,cold_start,30.0,28.0,15,0.01,NEW,0.50,2,1.821695,2808,0.025940,0.000566,0.044615,0.096307,2.000000,2.166667,3.134259,0,FAIL
medium,cold_start,30.0,28.0,15,0.01,NEW,0.35,1,1.833152,2763,0.033072,0.005760,0.056681,0.120466,2.000000,2.277778,3.148148,0,FAIL
medium,cold_start,30.0,28.0,15,0.01,NEW,0.35,2,1.821389,2878,0.028827,0.004190,0.049202,0.101085,2.000000,2.138889,3.143519,0,FAIL
medium,cold_start,30.0,28.0,30,0.10,OLD,1.00,1,2.183307,2486,0.053778,0.022236,0.118043,0.203807,2.183307,2.208333,3.231481,0,FAIL
medium,cold_start,30.0,28.0,30,0.10,NEW,1.00,1,2.164090,2799,0.027183,-0.000100,0.057274,0.126031,2.164090,2.222222,3.231481,0,FAIL
medium,cold_start,30.0,28.0,30,0.10,NEW,1.00,2,2.162192,3044,0.034928,-0.000122,0.084516,0.150166,2.162192,2.472222,3.291667,0,FAIL
medium,cold_start,30.0,28.0,30,0.10,NEW,0.70,1,2.163279,3117,0.029660,0.005846,0.076796,0.162673,2.163279,2.222222,3.222222,0,FAIL
medium,cold_start,30.0,28.0,30,0.10,NEW,0.70,2,2.162920,3130,0.039835,0.008276,0.090687,0.154004,2.162920,2.444444,3.254630,0,FAIL
medium,cold_start,30.0,28.0,30,0.10,NEW,0.50,1,2.188949,3286,0.028194,-0.001458,0.056863,0.128298,2.188949,2.277778,3.240741,0,FAIL
medium,cold_start,30.0,28.0,30,0.10,NEW,0.50,2,2.189211,3313,0.035802,0.001227,0.090347,0.156994,2.189211,2.194444,3.231481,0,FAIL
medium,cold_start,30.0,28.0,30,0.10,NEW,0.35,1,2.161842,3328,0.029482,-0.005648,0.059253,0.137205,2.161842,2.277778,3.231481,0,FAIL
medium,cold_start,30.0,28.0,30,0.10,NEW,0.35,2,2.162908,3349,0.033492,0.006998,0.088010,0.151834,2.162908,2.138889,3.222222,0,FAIL
medium,cold_start,30.0,28.0,30,0.01,OLD,1.00,1,2.196307,2496,0.057857,0.028355,0.118409,0.205285,2.196307,2.430556,3.231481,0,FAIL
medium,cold_start,30.0,28.0,30,0.01,NEW,1.00,1,2.164702,2944,0.043888,0.018130,0.087167,0.167597,2.164702,2.333333,3.268519,0,FAIL
medium,cold_start,30.0,28.0,30,0.01,NEW,1.00,2,2.163187,3023,0.038879,0.007305,0.079825,0.145191,2.163187,2.277778,3.282407,0,FAIL
medium,cold_start,30.0,28.0,30,0.01,NEW,0.70,1,2.163324,3044,0.047484,0.014450,0.095060,0.171837,2.163324,2.222222,3.240741,0,FAIL
medium,cold_start,30.0,28.0,30,0.01,NEW,0.70,2,2.163442,3126,0.040153,0.013604,0.076444,0.137764,2.163442,2.027778,3.231481,0,FAIL
medium,cold_start,30.0,28.0,30,0.01,NEW,0.50,1,2.164988,3039,0.045846,0.012391,0.097300,0.175599,2.164988,2.222222,3.212963,0,FAIL
medium,cold_start,30.0,28.0,30,0.01,NEW,0.50,2,2.163067,3150,0.040915,0.015331,0.079319,0.140766,2.163067,2.000000,3.208333,0,FAIL
medium,cold_start,30.0,28.0,30,0.01,NEW,0.35,1,2.163441,3162,0.046120,0.019834,0.095153,0.171238,2.163441,2.055556,3.203704,0,FAIL
medium,cold_start,30.0,28.0,30,0.01,NEW,0.35,2,2.163066,3209,0.038972,0.014991,0.077053,0.138531,2.163066,2.138889,3.203704,0,FAIL
medium,cold_start,30.0,28.0,60,0.10,OLD,1.00,1,2.922590,-1,0.118958,0.095219,0.280933,0.387168,2.922590,2.166667,3.425926,0,FAIL
medium,cold_start,30.0,28.0,60,0.10,NEW,1.00,1,2.892325,-1,0.062508,0.025771,0.157000,0.246414,2.892325,2.722222,3.509259,0,FAIL
medium,cold_start,30.0,28.0,60,0.10,NEW,1.00,2,2.891697,-1,0.074608,0.051568,0.201692,0.277042,2.891697,1.916667,3.412037,0,FAIL
medium,cold_start,30.0,28.0,60,0.10,NEW,0.70,1,2.891738,-1,0.064828,0.029187,0.162966,0.237321,2.891738,2.777778,3.444444,0,FAIL
medium,cold_start,30.0,28.0,60,0.10,NEW,0.70,2,2.901963,-1,0.074767,0.047355,0.198237,0.273074,2.901963,2.166667,3.412037,0,FAIL
medium,cold_start,30.0,28.0,60,0.10,NEW,0.50,1,2.889954,8607,0.054475,0.015737,0.135438,0.210719,2.889954,2.444444,3.435185,0,FAIL
medium,cold_start,30.0,28.0,60,0.10,NEW,0.50,2,2.890846,-1,0.077657,0.053357,0.202552,0.277147,2.890846,2.361111,3.402778,0,FAIL
medium,cold_start,30.0,28.0,60,0.10,NEW,0.35,1,2.914014,-1,0.069502,0.033374,0.173668,0.254334,2.914014,2.500000,3.416667,0,FAIL
medium,cold_start,30.0,28.0,60,0.10,NEW,0.35,2,2.902144,-1,0.074451,0.050665,0.198971,0.274446,2.902144,2.333333,3.370370,0,FAIL
medium,cold_start,30.0,28.0,60,0.01,OLD,1.00,1,2.922366,-1,0.099264,0.060423,0.235771,0.348961,2.922366,3.069444,3.506944,0,FAIL
medium,cold_start,30.0,28.0,60,0.01,NEW,1.00,1,2.892152,-1,0.080748,0.043957,0.197711,0.293810,2.892152,2.777778,3.518519,0,FAIL
medium,cold_start,30.0,28.0,60,0.01,NEW,1.00,2,2.891532,-1,0.086949,0.054783,0.190542,0.278243,2.891532,2.722222,3.495370,0,FAIL
medium,cold_start,30.0,28.0,60,0.01,NEW,0.70,1,2.892114,-1,0.084897,0.047059,0.210848,0.313353,2.892114,2.722222,3.481481,0,FAIL
medium,cold_start,30.0,28.0,60,0.01,NEW,0.70,2,2.901179,-1,0.087578,0.054899,0.193604,0.272727,2.901179,2.694444,3.467593,0,FAIL
medium,cold_start,30.0,28.0,60,0.01,NEW,0.50,1,2.892468,-1,0.081481,0.049115,0.197873,0.298436,2.892468,2.111111,3.398148,0,FAIL
medium,cold_start,30.0,28.0,60,0.01,NEW,0.50,2,2.890420,-1,0.075370,0.040167,0.184843,0.269629,2.890420,2.750000,3.486111,0,FAIL
medium,cold_start,30.0,28.0,60,0.01,NEW,0.35,1,2.892241,-1,0.085712,0.057200,0.208157,0.312740,2.892241,2.000000,3.370370,0,FAIL
medium,cold_start,30.0,28.0,60,0.01,NEW,0.35,2,2.891153,-1,0.074377,0.039559,0.185871,0.278244,2.891153,2.694444,3.462963,0,FAIL
medium,cold_start,32.0,20.0,5,0.10,OLD,1.00,1,1.453603,1530,0.028462,-0.004071,0.053666,0.117527,12.000000,13.597222,17.400463,0,FAIL
medium,cold_start,32.0,20.0,5,0.10,NEW,1.00,1,1.428082,1762,0.027559,-0.000922,0.053220,0.115255,12.000000,13.444444,17.398148,0,FAIL
medium,cold_start,32.0,20.0,5,0.10,NEW,1.00,2,1.427744,1762,0.026522,0.002224,0.052196,0.109277,12.000000,13.416667,17.375000,0,FAIL
medium,cold_start,32.0,20.0,5,0.10,NEW,0.70,1,1.436867,1775,0.026711,0.003097,0.050683,0.109779,12.000000,13.611111,17.388889,0,FAIL
medium,cold_start,32.0,20.0,5,0.10,NEW,0.70,2,1.426492,1778,0.028046,0.001540,0.054333,0.112980,12.000000,13.416667,17.370370,0,FAIL
medium,cold_start,32.0,20.0,5,0.10,NEW,0.50,1,1.428932,1799,0.029548,-0.004689,0.055363,0.119131,12.000000,13.555556,17.351852,0,FAIL
medium,cold_start,32.0,20.0,5,0.10,NEW,0.50,2,1.424498,1789,0.025934,0.003429,0.051930,0.108139,12.000000,13.527778,17.351852,0,FAIL
medium,cold_start,32.0,20.0,5,0.10,NEW,0.35,1,1.423013,1796,0.026798,-0.001742,0.053356,0.114084,12.000000,13.500000,17.361111,0,FAIL
medium,cold_start,32.0,20.0,5,0.10,NEW,0.35,2,1.418876,1793,0.027001,0.002503,0.052012,0.109431,12.000000,13.361111,17.324074,0,FAIL
medium,cold_start,32.0,20.0,5,0.01,OLD,1.00,1,1.453942,1726,0.006331,-0.000134,0.012879,0.033652,12.000000,13.513889,17.393519,0,FAIL
medium,cold_start,32.0,20.0,5,0.01,NEW,1.00,1,1.442849,1770,0.002409,-0.000105,0.004971,0.012417,12.000000,13.500000,17.398148,0,FAIL
medium,cold_start,32.0,20.0,5,0.01,NEW,1.00,2,1.431323,1772,0.002693,-0.000907,0.004827,0.011157,12.000000,13.500000,17.393519,0,FAIL
medium,cold_start,32.0,20.0,5,0.01,NEW,0.70,1,1.434690,1794,0.002539,-0.000328,0.005569,0.015240,12.000000,13.500000,17.370370,0,FAIL
medium,cold_start,32.0,20.0,5,0.01,NEW,0.70,2,1.439529,1794,0.002499,-0.000042,0.005343,0.012618,12.000000,13.500000,17.370370,0,FAIL
medium,cold_start,32.0,20.0,5,0.01,NEW,0.50,1,1.432498,1799,0.002816,0.000443,0.005743,0.014915,12.000000,13.444444,17.351852,0,FAIL
medium,cold_start,32.0,20.0,5,0.01,NEW,0.50,2,1.429840,1804,0.002580,0.000488,0.005182,0.012434,12.000000,13.500000,17.356481,0,FAIL
medium,cold_start,32.0,20.0,5,0.01,NEW,0.35,1,1.430933,1799,0.002983,0.000062,0.006017,0.014937,12.000000,13.500000,17.342593,0,FAIL
medium,cold_start,32.0,20.0,5,0.01,NEW,0.35,2,1.432866,1810,0.002586,-0.000008,0.005355,0.012436,12.000000,13.527778,17.347222,0,FAIL
medium,cold_start,32.0,20.0,15,0.10,OLD,1.00,1,1.627733,-1,0.148136,0.004861,0.241682,0.481118,12.000000,12.902778,17.333333,0,FAIL
medium,cold_start,32.0,20.0,15,0.10,NEW,1.00,1,1.614022,-1,0.153583,0.002012,0.257437,0.505958,12.000000,14.111111,17.453704,0,FAIL
medium,cold_start,32.0,20.0,15,0.10,NEW,1.00,2,1.611260,-1,0.157312,-0.000224,0.261691,0.507155,12.000000,14.027778,17.435185,0,FAIL
medium,cold_start,32.0,20.0,15,0.10,NEW,0.70,1,1.607750,-1,0.158422,-0.002077,0.259146,0.510309,12.000000,14.000000,17.398148,0,FAIL
medium,cold_start,32.0,20.0,15,0.10,NEW,0.70,2,1.603637,-1,0.158245,-0.001859,0.260052,0.505119,12.000000,14.000000,17.393519,0,FAIL
medium,cold_start,32.0,20.0,15,0.10,NEW,0.50,1,1.610893,-1,0.159211,-0.001808,0.257815,0.509386,12.000000,14.000000,17.379630,0,FAIL
medium,cold_start,32.0,20.0,15,0.10,NEW,0.50,2,1.617576,-1,0.159161,-0.002649,0.259940,0.506914,12.000000,13.944444,17.365741,0,FAIL
medium,cold_start,32.0,20.0,15,0.10,NEW,0.35,1,1.615367,-1,0.160479,-0.003120,0.259086,0.510629,12.000000,13.944444,17.351852,0,FAIL
medium,cold_start,32.0,20.0,15,0.10,NEW,0.35,2,1.603508,-1,0.159710,-0.003486,0.259461,0.504258,12.000000,13.888889,17.342593,0,FAIL
medium,cold_start,32.0,20.0,15,0.01,OLD,1.00,1,1.627881,-1,0.164764,-0.005760,0.264120,0.529755,12.000000,13.583333,17.375000,0,FAIL
medium,cold_start,32.0,20.0,15,0.01,NEW,1.00,1,1.622090,-1,0.166501,0.014797,0.279064,0.540629,12.000000,14.055556,17.509259,0,FAIL
medium,cold_start,32.0,20.0,15,0.01,NEW,1.00,2,1.611017,-1,0.166258,0.014422,0.278816,0.537629,12.000000,14.055556,17.509259,0,FAIL
medium,cold_start,32.0,20.0,15,0.01,NEW,0.70,1,1.623680,-1,0.164746,0.009281,0.277479,0.540135,12.000000,14.166667,17.462963,0,FAIL
medium,cold_start,32.0,20.0,15,0.01,NEW,0.70,2,1.626159,-1,0.164528,0.008840,0.277798,0.538649,12.000000,14.138889,17.458333,0,FAIL
medium,cold_start,32.0,20.0,15,0.01,NEW,0.50,1,1.626932,-1,0.165266,0.007119,0.277240,0.539805,12.000000,14.166667,17.435185,0,FAIL
medium,cold_start,32.0,20.0,15,0.01,NEW,0.50,2,1.616068,-1,0.164851,0.007516,0.278458,0.538127,12.000000,14.138889,17.435185,0,FAIL
medium,cold_start,32.0,20.0,15,0.01,NEW,0.35,1,1.611290,-1,0.166033,0.006138,0.278023,0.542374,12.000000,14.166667,17.416667,0,FAIL
medium,cold_start,32.0,20.0,15,0.01,NEW,0.35,2,1.611567,-1,0.166245,0.006387,0.278951,0.541770,12.000000,14.166667,17.416667,0,FAIL
medium,cold_start,32.0,20.0,30,0.10,OLD,1.00,1,1.952342,-1,0.218658,0.056273,0.428174,0.749528,12.000000,14.027778,17.615741,0,FAIL
medium,cold_start,32.0,20.0,30,0.10,NEW,1.00,1,1.920590,-1,0.233443,0.087373,0.456560,0.765571,12.000000,13.666667,17.435185,0,FAIL
medium,cold_start,32.0,20.0,30,0.10,NEW,1.00,2,1.918527,-1,0.229642,0.085998,0.449587,0.746164,12.000000,13.611111,17.425926,0,FAIL
medium,cold_start,32.0,20.0,30,0.10,NEW,0.70,1,1.904838,-1,0.237997,0.085512,0.456940,0.767375,12.000000,13.944444,17.435185,0,FAIL
medium,cold_start,32.0,20.0,30,0.10,NEW,0.70,2,1.906154,-1,0.233757,0.083498,0.450185,0.748242,12.000000,13.861111,17.416667,0,FAIL
medium,cold_start,32.0,20.0,30,0.10,NEW,0.50,1,1.910362,-1,0.235741,0.082626,0.451878,0.765464,12.000000,14.111111,17.435185,0,FAIL
medium,cold_start,32.0,20.0,30,0.10,NEW,0.50,2,1.914528,-1,0.235308,0.080999,0.449737,0.749258,12.000000,14.083333,17.430556,0,FAIL
medium,cold_start,32.0,20.0,30,0.10,NEW,0.35,1,1.910391,-1,0.237593,0.081612,0.454761,0.763390,12.000000,14.111111,17.425926,0,FAIL
medium,cold_start,32.0,20.0,30,0.10,NEW,0.35,2,1.911372,-1,0.232358,0.080464,0.444511,0.746282,12.000000,14.027778,17.416667,0,FAIL
medium,cold_start,32.0,20.0,30,0.01,OLD,1.00,1,1.938473,-1,0.236592,0.078034,0.451699,0.794074,12.000000,12.555556,17.412037,0,FAIL
medium,cold_start,32.0,20.0,30,0.01,NEW,1.00,1,1.922683,-1,0.239551,0.059254,0.460467,0.764455,12.000000,14.611111,17.583333,0,FAIL
medium,cold_start,32.0,20.0,30,0.01,NEW,1.00,2,1.920281,-1,0.234860,0.050365,0.467150,0.785915,12.000000,14.750000,17.643519,0,FAIL
medium,cold_start,32.0,20.0,30,0.01,NEW,0.70,1,1.925128,-1,0.235068,0.052671,0.459328,0.769114,12.000000,14.666667,17.583333,0,FAIL
medium,cold_start,32.0,20.0,30,0.01,NEW,0.70,2,1.925762,-1,0.228874,0.043720,0.466696,0.786073,12.000000,14.583333,17.625000,0,FAIL
medium,cold_start,32.0,20.0,30,0.01,NEW,0.50,1,1.918095,-1,0.231520,0.048822,0.456630,0.765280,12.000000,14.666667,17.583333,0,FAIL
medium,cold_start,32.0,20.0,30,0.01,NEW,0.50,2,1.911482,-1,0.228060,0.042686,0.466753,0.783952,12.000000,14.527778,17.611111,0,FAIL
medium,cold_start,32.0,20.0,30,0.01,NEW,0.35,1,1.909733,-1,0.229173,0.047372,0.455015,0.770152,12.000000,14.666667,17.583333,0,FAIL
medium,cold_start,32.0,20.0,30,0.01,NEW,0.35,2,1.909783,-1,0.225822,0.040943,0.462947,0.787600,12.000000,14.416667,17.597222,0,FAIL
medium,cold_start,32.0,20.0,60,0.10,OLD,1.00,1,2.609733,-1,0.483719,0.292955,1.077804,1.493642,12.000000,15.888889,17.981481,0,FAIL
medium,cold_start,32.0,20.0,60,0.10,NEW,1.00,1,2.548898,-1,0.419594,0.223182,1.040729,1.491570,12.000000,16.055556,18.138889,0,FAIL
medium,cold_start,32.0,20.0,60,0.10,NEW,1.00,2,2.554484,-1,0.418780,0.224426,1.042828,1.475203,12.000000,16.055556,18.129630,0,FAIL
medium,cold_start,32.0,20.0,60,0.10,NEW,0.70,1,2.548542,-1,0.414173,0.217169,1.046313,1.517347,12.000000,15.722222,18.092593,0,FAIL
medium,cold_start,32.0,20.0,60,0.10,NEW,0.70,2,2.567560,-1,0.411783,0.217491,1.046972,1.484457,12.000000,15.666667,18.078704,0,FAIL
medium,cold_start,32.0,20.0,60,0.10,NEW,0.50,1,2.555574,-1,0.425786,0.228700,1.068593,1.506623,12.000000,16.111111,18.092593,0,FAIL
medium,cold_start,32.0,20.0,60,0.10,NEW,0.50,2,2.549559,-1,0.414780,0.219379,1.053926,1.500700,12.000000,15.694444,18.064815,0,FAIL
medium,cold_start,32.0,20.0,60,0.10,NEW,0.35,1,2.548262,-1,0.414187,0.219639,1.032091,1.474749,12.000000,16.055556,18.083333,0,FAIL
medium,cold_start,32.0,20.0,60,0.10,NEW,0.35,2,2.544631,-1,0.414886,0.220636,1.055581,1.489890,12.000000,15.472222,18.037037,0,FAIL
medium,cold_start,32.0,20.0,60,0.01,OLD,1.00,1,2.599495,-1,0.454062,0.256921,1.077333,1.516868,12.000000,15.972222,18.057870,0,FAIL
medium,cold_start,32.0,20.0,60,0.01,NEW,1.00,1,2.553986,-1,0.415748,0.214040,1.054716,1.493234,12.000000,15.666667,18.101852,0,FAIL
medium,cold_start,32.0,20.0,60,0.01,NEW,1.00,2,2.559046,-1,0.433866,0.234340,1.067203,1.515392,12.000000,13.638889,17.861111,0,FAIL
medium,cold_start,32.0,20.0,60,0.01,NEW,0.70,1,2.569812,-1,0.418860,0.216917,1.053722,1.491551,12.000000,14.777778,17.972222,0,FAIL
medium,cold_start,32.0,20.0,60,0.01,NEW,0.70,2,2.566514,-1,0.443803,0.256806,1.071541,1.518662,12.000000,12.611111,17.703704,0,FAIL
medium,cold_start,32.0,20.0,60,0.01,NEW,0.50,1,2.562796,-1,0.422083,0.219757,1.055425,1.496221,12.000000,14.444444,17.916667,0,FAIL
medium,cold_start,32.0,20.0,60,0.01,NEW,0.50,2,2.556067,-1,0.445570,0.259903,1.073934,1.523518,12.000000,12.527778,17.680556,0,FAIL
medium,cold_start,32.0,20.0,60,0.01,NEW,0.35,1,2.568779,-1,0.423361,0.221477,1.055047,1.495622,12.000000,14.388889,17.907407,0,FAIL
medium,cold_start,32.0,20.0,60,0.01,NEW,0.35,2,2.569730,-1,0.448876,0.271608,1.071509,1.516837,12.000000,12.166667,17.638889,0,FAIL
medium,cold_start,32.0,25.0,5,0.10,OLD,1.00,1,1.545909,1007,0.028108,-0.005233,0.053044,0.119241,7.000000,7.847222,10.259259,0,FAIL
medium,cold_start,32.0,25.0,5,0.10,NEW,1.00,1,1.533256,1048,0.025579,0.004596,0.051616,0.113041,7.000000,7.888889,10.259259,0,FAIL
medium,cold_start,32.0,25.0,5,0.10,NEW,1.00,2,1.521063,1042,0.026461,0.003813,0.051344,0.108570,7.000000,7.944444,10.268519,0,FAIL
medium,cold_start,32.0,25.0,5,0.10,NEW,0.70,1,1.532265,1046,0.028010,-0.000069,0.053522,0.115286,7.000000,7.944444,10.259259,0,FAIL
medium,cold_start,32.0,25.0,5,0.10,NEW,0.70,2,1.530691,1079,0.027623,-0.000358,0.052830,0.109485,7.000000,7.916667,10.254630,0,FAIL
medium,cold_start,32.0,25.0,5,0.10,NEW,0.50,1,1.527958,1067,0.024176,0.001390,0.047234,0.104997,7.000000,7.888889,10.231481,0,FAIL
medium,cold_start,32.0,25.0,5,0.10,NEW,0.50,2,1.526815,1078,0.026918,-0.000869,0.051970,0.110545,7.000000,8.083333,10.250000,0,FAIL
medium,cold_start,32.0,25.0,5,0.10,NEW,0.35,1,1.532265,1082,0.025621,0.003097,0.051950,0.115231,7.000000,7.722222,10.212963,0,FAIL
medium,cold_start,32.0,25.0,5,0.10,NEW,0.35,2,1.530691,1115,0.027552,0.000129,0.053204,0.112295,7.000000,7.861111,10.236111,0,FAIL
medium,cold_start,32.0,25.0,5,0.01,OLD,1.00,1,1.547193,1006,0.008289,0.000602,0.015926,0.036968,7.000000,7.833333,10.256944,0,FAIL
medium,cold_start,32.0,25.0,5,0.01,NEW,1.00,1,1.529891,1047,0.002864,-0.000211,0.006296,0.016578,7.000000,7.888889,10.259259,0,FAIL
medium,cold_start,32.0,25.0,5,0.01,NEW,1.00,2,1.530161,1047,0.002621,-0.000191,0.005095,0.012262,7.000000,7.861111,10.259259,0,FAIL
medium,cold_start,32.0,25.0,5,0.01,NEW,0.70,1,1.532921,1079,0.002284,0.000375,0.005099,0.013965,7.000000,7.888889,10.250000,0,FAIL
medium,cold_start,32.0,25.0,5,0.01,NEW,0.70,2,1.528897,1074,0.002644,-0.000195,0.005114,0.012225,7.000000,7.888889,10.250000,0,FAIL
medium,cold_start,32.0,25.0,5,0.01,NEW,0.50,1,1.533347,1101,0.002497,-0.000548,0.005559,0.014731,7.000000,7.888889,10.231481,0,FAIL
medium,cold_start,32.0,25.0,5,0.01,NEW,0.50,2,1.530505,1095,0.002321,-0.002285,0.004375,0.006495,7.000000,7.861111,10.231481,0,FAIL
medium,cold_start,32.0,25.0,5,0.01,NEW,0.35,1,1.532921,1115,0.002028,-0.000502,0.004863,0.012615,7.000000,7.888889,10.222222,0,FAIL
medium,cold_start,32.0,25.0,5,0.01,NEW,0.35,2,1.528894,1110,0.002793,-0.000705,0.005368,0.013227,7.000000,7.888889,10.222222,0,FAIL
medium,cold_start,32.0,25.0,15,0.10,OLD,1.00,1,1.745987,-1,0.087977,0.011363,0.145342,0.285733,7.000000,7.388889,10.243056,0,FAIL
medium,cold_start,32.0,25.0,15,0.10,NEW,1.00,1,1.721168,-1,0.088575,0.010322,0.144447,0.286218,7.000000,7.944444,10.250000,0,FAIL
medium,cold_start,32.0,25.0,15,0.10,NEW,1.00,2,1.715590,1132,0.088952,0.006302,0.144239,0.277512,7.000000,8.055556,10.324074,0,FAIL
medium,cold_start,32.0,25.0,15,0.10,NEW,0.70,1,1.723742,-1,0.089837,0.009775,0.143740,0.284848,7.000000,8.000000,10.250000,0,FAIL
medium,cold_start,32.0,25.0,15,0.10,NEW,0.70,2,1.720620,1154,0.088464,0.006595,0.144016,0.274755,7.000000,8.027778,10.310185,0,FAIL
medium,cold_start,32.0,25.0,15,0.10,NEW,0.50,1,1.705259,-1,0.087522,0.009521,0.141105,0.282075,7.000000,7.888889,10.212963,0,FAIL
medium,cold_start,32.0,25.0,15,0.10,NEW,0.50,2,1.730011,1207,0.089109,0.007591,0.144952,0.278790,7.000000,8.027778,10.300926,0,FAIL
medium,cold_start,32.0,25.0,15,0.10,NEW,0.35,1,1.723742,5213,0.090104,0.009702,0.142793,0.281420,7.000000,8.000000,10.231481,0,FAIL
medium,cold_start,32.0,25.0,15,0.10,NEW,0.35,2,1.720620,-1,0.089469,0.005809,0.146853,0.282704,7.000000,7.972222,10.291667,0,FAIL
medium,cold_start,32.0,25.0,15,0.01,OLD,1.00,1,1.757483,-1,0.094041,0.008521,0.157436,0.332437,7.000000,8.472222,10.340278,0,FAIL
medium,cold_start,32.0,25.0,15,0.01,NEW,1.00,1,1.722865,-1,0.101886,0.003639,0.167412,0.329108,7.000000,7.722222,10.231481,0,FAIL
medium,cold_start,32.0,25.0,15,0.01,NEW,1.00,2,1.719539,-1,0.099810,-0.000169,0.162506,0.318917,7.000000,7.916667,10.245370,0,FAIL
medium,cold_start,32.0,25.0,15,0.01,NEW,0.70,1,1.727144,-1,0.100490,0.004112,0.165641,0.329613,7.000000,7.666667,10.212963,0,FAIL
medium,cold_start,32.0,25.0,15,0.01,NEW,0.70,2,1.724192,-1,0.099192,0.000090,0.161604,0.316990,7.000000,7.805556,10.222222,0,FAIL
medium,cold_start,32.0,25.0,15,0.01,NEW,0.50,1,1.728336,-1,0.099759,0.006055,0.167579,0.329646,7.000000,7.611111,10.203704,0,FAIL
medium,cold_start,32.0,25.0,15,0.01,NEW,0.50,2,1.727374,-1,0.096829,0.002173,0.160998,0.315832,7.000000,7.666667,10.203704,0,FAIL
medium,cold_start,32.0,25.0,15,0.01,NEW,0.35,1,1.727144,-1,0.098981,0.007415,0.167033,0.327400,7.000000,7.555556,10.194444,0,FAIL
medium,cold_start,32.0,25.0,15,0.01,NEW,0.35,2,1.724192,-1,0.097079,0.002235,0.161599,0.318052,7.000000,7.666667,10.189815,0,FAIL
medium,cold_start,32.0,25.0,30,0.10,OLD,1.00,1,2.066454,-1,0.112833,0.016423,0.213787,0.390652,7.000000,8.069444,10.386574,0,FAIL
medium,cold_start,32.0,25.0,30,0.10,NEW,1.00,1,2.040065,-1,0.125949,0.029263,0.250719,0.423987,7.000000,8.388889,10.425926,0,FAIL
medium,cold_start,32.0,25.0,30,0.10,NEW,1.00,2,2.052359,-1,0.117212,0.018358,0.217210,0.377008,7.000000,7.305556,10.305556,0,FAIL
medium,cold_start,32.0,25.0,30,0.10,NEW,0.70,1,2.041479,-1,0.109596,0.010212,0.209937,0.387693,7.000000,8.111111,10.388889,0,FAIL
medium,cold_start,32.0,25.0,30,0.10,NEW,0.70,2,2.047650,-1,0.120218,0.021403,0.222669,0.414903,7.000000,7.611111,10.337963,0,FAIL
medium,cold_start,32.0,25.0,30,0.10,NEW,0.50,1,2.056979,-1,0.120065,0.020612,0.242300,0.421889,7.000000,8.111111,10.370370,0,FAIL
medium,cold_start,32.0,25.0,30,0.10,NEW,0.50,2,2.036923,-1,0.116686,0.016062,0.218424,0.379892,7.000000,7.416667,10.287037,0,FAIL
medium,cold_start,32.0,25.0,30,0.10,NEW,0.35,1,2.041479,-1,0.128489,0.033383,0.250684,0.442618,7.000000,7.555556,10.305556,0,FAIL
medium,cold_start,32.0,25.0,30,0.10,NEW,0.35,2,2.047650,-1,0.117133,0.017727,0.218556,0.391955,7.000000,7.472222,10.291667,0,FAIL
medium,cold_start,32.0,25.0,30,0.01,OLD,1.00,1,2.066454,-1,0.139331,0.053375,0.278522,0.475837,7.000000,7.638889,10.280093,0,FAIL
medium,cold_start,32.0,25.0,30,0.01,NEW,1.00,1,2.035533,-1,0.145103,0.052672,0.277883,0.475381,7.000000,7.055556,10.287037,0,FAIL
medium,cold_start,32.0,25.0,30,0.01,NEW,1.00,2,2.050990,-1,0.136897,0.032773,0.268244,0.446715,7.000000,7.361111,10.342593,0,FAIL
medium,cold_start,32.0,25.0,30,0.01,NEW,0.70,1,2.038138,-1,0.146020,0.051013,0.278713,0.472582,7.000000,7.055556,10.277778,0,FAIL
medium,cold_start,32.0,25.0,30,0.01,NEW,0.70,2,2.035102,-1,0.139006,0.036748,0.269431,0.448023,7.000000,7.250000,10.310185,0,FAIL
medium,cold_start,32.0,25.0,30,0.01,NEW,0.50,1,2.042948,-1,0.142711,0.057165,0.276946,0.480548,7.000000,7.333333,10.259259,0,FAIL
medium,cold_start,32.0,25.0,30,0.01,NEW,0.50,2,2.046704,-1,0.139812,0.042199,0.268820,0.447206,7.000000,7.111111,10.273148,0,FAIL
medium,cold_start,32.0,25.0,30,0.01,NEW,0.35,1,2.038138,-1,0.143413,0.058833,0.278102,0.474936,7.000000,7.333333,10.250000,0,FAIL
medium,cold_start,32.0,25.0,30,0.01,NEW,0.35,2,2.035102,-1,0.139832,0.047196,0.268699,0.446197,7.000000,7.111111,10.245370,0,FAIL
medium,cold_start,32.0,25.0,60,0.10,OLD,1.00,1,2.757388,-1,0.274813,0.176317,0.593893,0.830706,7.000000,8.847222,10.583333,0,FAIL
medium,cold_start,32.0,25.0,60,0.10,NEW,1.00,1,2.731330,-1,0.235907,0.126185,0.575255,0.842514,7.000000,9.111111,10.722222,0,FAIL
medium,cold_start,32.0,25.0,60,0.10,NEW,1.00,2,2.723654,-1,0.228098,0.121463,0.574412,0.823349,7.000000,9.055556,10.731481,0,FAIL
medium,cold_start,32.0,25.0,60,0.10,NEW,0.70,1,2.726267,-1,0.228884,0.121594,0.575042,0.828908,7.000000,8.888889,10.712963,0,FAIL
medium,cold_start,32.0,25.0,60,0.10,NEW,0.70,2,2.736407,-1,0.230220,0.122567,0.578858,0.823989,7.000000,8.694444,10.694444,0,FAIL
medium,cold_start,32.0,25.0,60,0.10,NEW,0.50,1,2.722827,-1,0.232325,0.124668,0.579949,0.827249,7.000000,8.666667,10.666667,0,FAIL
medium,cold_start,32.0,25.0,60,0.10,NEW,0.50,2,2.713795,-1,0.223843,0.117504,0.566125,0.805721,7.000000,8.638889,10.666667,0,FAIL
medium,cold_start,32.0,25.0,60,0.10,NEW,0.35,1,2.726267,-1,0.228484,0.121981,0.575119,0.839804,7.000000,8.611111,10.657407,0,FAIL
medium,cold_start,32.0,25.0,60,0.10,NEW,0.35,2,2.736407,-1,0.229407,0.123885,0.562841,0.799806,7.000000,8.194444,10.611111,0,FAIL
medium,cold_start,32.0,25.0,60,0.01,OLD,1.00,1,2.763549,-1,0.288309,0.205325,0.643898,0.917888,7.000000,6.361111,10.467593,0,FAIL
medium,cold_start,32.0,25.0,60,0.01,NEW,1.00,1,2.730619,-1,0.306935,0.227283,0.642040,0.894680,7.000000,7.222222,10.546296,0,FAIL
medium,cold_start,32.0,25.0,60,0.01,NEW,1.00,2,2.730088,-1,0.304303,0.214838,0.645682,0.915498,7.000000,8.527778,10.620370,0,FAIL
medium,cold_start,32.0,25.0,60,0.01,NEW,0.70,1,2.724207,-1,0.304522,0.223865,0.641522,0.892641,7.000000,7.722222,10.555556,0,FAIL
medium,cold_start,32.0,25.0,60,0.01,NEW,0.70,2,2.741871,-1,0.302542,0.216961,0.640742,0.910315,7.000000,8.194444,10.583333,0,FAIL
medium,cold_start,32.0,25.0,60,0.01,NEW,0.50,1,2.724493,-1,0.305117,0.225299,0.640269,0.890487,7.000000,7.555556,10.527778,0,FAIL
medium,cold_start,32.0,25.0,60,0.01,NEW,0.50,2,2.723817,-1,0.303863,0.207757,0.654258,0.911798,7.000000,8.861111,10.606481,0,FAIL
medium,cold_start,32.0,25.0,60,0.01,NEW,0.35,1,2.724207,-1,0.302407,0.215738,0.639783,0.894259,7.000000,8.333333,10.555556,0,FAIL
medium,cold_start,32.0,25.0,60,0.01,NEW,0.35,2,2.741871,-1,0.305892,0.208355,0.660299,0.920796,7.000000,8.944444,10.611111,0,FAIL
medium,cold_start,32.0,28.0,5,0.10,OLD,1.00,1,1.606690,1291,0.035277,-0.000004,0.063365,0.129999,4.000000,4.500000,5.939815,0,FAIL
medium,cold_start,32.0,28.0,5,0.10,NEW,1.00,1,1.576204,1439,0.021715,-0.008548,0.043415,0.087059,4.000000,4.555556,5.972222,0,FAIL
medium,cold_start,32.0,28.0,5,0.10,NEW,1.00,2,1.576257,1445,0.026403,0.004273,0.051147,0.107478,4.000000,4.388889,5.953704,0,FAIL
medium,cold_start,32.0,28.0,5,0.10,NEW,0.70,1,1.576521,1447,0.025903,0.018707,0.045720,0.083552,4.000000,4.611111,5.953704,0,FAIL
medium,cold_start,32.0,28.0,5,0.10,NEW,0.70,2,1.576380,1474,0.023500,-0.002269,0.045335,0.097900,4.000000,4.527778,5.962963,0,FAIL
medium,cold_start,32.0,28.0,5,0.10,NEW,0.50,1,1.576521,1483,0.016250,-0.015627,0.036279,0.049990,4.000000,4.555556,5.925926,0,FAIL
medium,cold_start,32.0,28.0,5,0.10,NEW,0.50,2,1.576380,1510,0.027749,-0.000349,0.053338,0.112771,4.000000,4.472222,5.939815,0,FAIL
medium,cold_start,32.0,28.0,5,0.10,NEW,0.35,1,1.579685,1496,0.034527,0.034527,0.044703,0.029420,4.000000,4.611111,5.935185,0,FAIL
medium,cold_start,32.0,28.0,5,0.10,NEW,0.35,2,1.586089,1501,0.027688,-0.000048,0.054668,0.114818,4.000000,4.361111,5.902778,0,FAIL
medium,cold_start,32.0,28.0,5,0.01,OLD,1.00,1,1.605659,1292,0.008825,-0.000005,0.016328,0.037186,4.000000,4.500000,5.956019,0,FAIL
medium,cold_start,32.0,28.0,5,0.01,NEW,1.00,1,1.578296,1441,0.002493,0.000371,0.005481,0.014289,4.000000,4.500000,5.962963,0,FAIL
medium,cold_start,32.0,28.0,5,0.01,NEW,1.00,2,1.577776,1421,0.002378,0.000244,0.004908,0.012167,4.000000,4.500000,5.962963,0,FAIL
medium,cold_start,32.0,28.0,5,0.01,NEW,0.70,1,1.578480,1487,0.002515,0.000410,0.005448,0.013865,4.000000,4.500000,5.944444,0,FAIL
medium,cold_start,32.0,28.0,5,0.01,NEW,0.70,2,1.581987,1476,0.002429,-0.000358,0.005342,0.013418,4.000000,4.500000,5.944444,0,FAIL
medium,cold_start,32.0,28.0,5,0.01,NEW,0.50,1,1.578480,1523,0.002536,0.000294,0.005638,0.014532,4.000000,4.555556,5.935185,0,FAIL
medium,cold_start,32.0,28.0,5,0.01,NEW,0.50,2,1.581987,1512,0.002216,-0.002184,0.004371,0.006598,4.000000,4.500000,5.930556,0,FAIL
medium,cold_start,32.0,28.0,5,0.01,NEW,0.35,1,1.578551,1531,0.002448,0.000358,0.005281,0.013096,4.000000,4.500000,5.916667,0,FAIL
medium,cold_start,32.0,28.0,5,0.01,NEW,0.35,2,1.578040,1514,0.002704,-0.002704,0.004366,0.004887,4.000000,4.500000,5.912037,0,FAIL
medium,cold_start,32.0,28.0,15,0.10,OLD,1.00,1,1.811548,1428,0.056462,0.012351,0.104543,0.190905,4.000000,4.513889,6.011574,0,FAIL
medium,cold_start,32.0,28.0,15,0.10,NEW,1.00,1,1.776362,1518,0.044905,0.006205,0.082057,0.169406,4.000000,4.777778,6.009259,0,FAIL
medium,cold_start,32.0,28.0,15,0.10,NEW,1.00,2,1.777047,1532,0.045635,0.001216,0.081984,0.161900,4.000000,4.750000,6.013889,0,FAIL
medium,cold_start,32.0,28.0,15,0.10,NEW,0.70,1,1.780051,1636,0.043504,0.001011,0.079298,0.165567,4.000000,4.444444,5.972222,0,FAIL
medium,cold_start,32.0,28.0,15,0.10,NEW,0.70,2,1.776798,1582,0.045016,0.003917,0.084120,0.163609,4.000000,4.277778,5.944444,0,FAIL
medium,cold_start,32.0,28.0,15,0.10,NEW,0.50,1,1.780051,1672,0.046321,0.000873,0.087318,0.177922,4.000000,4.444444,5.953704,0,FAIL
medium,cold_start,32.0,28.0,15,0.10,NEW,0.50,2,1.776782,1618,0.044265,0.002226,0.081037,0.159776,4.000000,4.333333,5.935185,0,FAIL
medium,cold_start,32.0,28.0,15,0.10,NEW,0.35,1,1.795060,1693,0.046754,0.002740,0.085902,0.175947,4.000000,4.333333,5.935185,0,FAIL
medium,cold_start,32.0,28.0,15,0.10,NEW,0.35,2,1.789945,1650,0.046178,0.008761,0.084150,0.163642,4.000000,4.222222,5.930556,0,FAIL
medium,cold_start,32.0,28.0,15,0.01,OLD,1.00,1,1.805199,1424,0.059815,-0.000042,0.104827,0.214546,4.000000,4.791667,6.013889,0,FAIL
medium,cold_start,32.0,28.0,15,0.01,NEW,1.00,1,1.778513,1536,0.054306,-0.000266,0.089816,0.187407,4.000000,4.444444,5.962963,0,FAIL
medium,cold_start,32.0,28.0,15,0.01,NEW,1.00,2,1.778572,1555,0.056105,0.000811,0.092727,0.187542,4.000000,4.388889,5.958333,0,FAIL
medium,cold_start,32.0,28.0,15,0.01,NEW,0.70,1,1.778677,1601,0.054010,0.001833,0.091371,0.197039,4.000000,4.388889,5.944444,0,FAIL
medium,cold_start,32.0,28.0,15,0.01,NEW,0.70,2,1.778768,1600,0.054843,0.002962,0.091933,0.185118,4.000000,4.333333,5.944444,0,FAIL
medium,cold_start,32.0,28.0,15,0.01,NEW,0.50,1,1.778677,1637,0.053033,0.002098,0.090424,0.189834,4.000000,4.333333,5.925926,0,FAIL
medium,cold_start,32.0,28.0,15,0.01,NEW,0.50,2,1.778768,1636,0.055839,0.005435,0.093504,0.188200,4.000000,4.305556,5.944444,0,FAIL
medium,cold_start,32.0,28.0,15,0.01,NEW,0.35,1,1.789463,1713,0.055467,0.005655,0.091726,0.202220,4.000000,4.333333,5.953704,0,FAIL
medium,cold_start,32.0,28.0,15,0.01,NEW,0.35,2,1.782141,1686,0.057644,0.007144,0.092802,0.187502,4.000000,4.388889,5.962963,0,FAIL
medium,cold_start,32.0,28.0,30,0.10,OLD,1.00,1,2.159287,-1,0.081045,0.031860,0.172277,0.288938,4.000000,4.666667,6.062500,0,FAIL
medium,cold_start,32.0,28.0,30,0.10,NEW,1.00,1,2.121915,-1,0.069734,0.022209,0.143727,0.245368,4.000000,4.777778,6.101852,0,FAIL
medium,cold_start,32.0,28.0,30,0.10,NEW,1.00,2,2.113971,7082,0.070593,0.025055,0.142642,0.230800,4.000000,4.222222,6.055556,0,FAIL
medium,cold_start,32.0,28.0,30,0.10,NEW,0.70,1,2.102691,-1,0.071123,0.025029,0.144580,0.247959,4.000000,4.722222,6.092593,0,FAIL
medium,cold_start,32.0,28.0,30,0.10,NEW,0.70,2,2.112055,1834,0.074248,0.031310,0.144609,0.234672,4.000000,4.111111,6.018519,0,FAIL
medium,cold_start,32.0,28.0,30,0.10,NEW,0.50,1,2.102691,-1,0.070841,0.024184,0.142587,0.241182,4.000000,4.388889,6.055556,0,FAIL
medium,cold_start,32.0,28.0,30,0.10,NEW,0.50,2,2.112055,4270,0.071639,0.033794,0.141518,0.233979,4.000000,4.166667,5.995370,0,FAIL
medium,cold_start,32.0,28.0,30,0.10,NEW,0.35,1,2.124203,-1,0.071478,0.026209,0.140675,0.246859,4.000000,4.277778,6.027778,0,FAIL
medium,cold_start,32.0,28.0,30,0.10,NEW,0.35,2,2.124555,1911,0.069670,0.032855,0.139041,0.229108,4.000000,4.222222,5.981481,0,FAIL
medium,cold_start,32.0,28.0,30,0.01,OLD,1.00,1,2.159027,-1,0.087319,0.037291,0.177707,0.311127,4.000000,4.458333,6.013889,0,FAIL
medium,cold_start,32.0,28.0,30,0.01,NEW,1.00,1,2.125643,-1,0.082088,0.029650,0.160731,0.292617,4.000000,4.055556,6.018519,0,FAIL
medium,cold_start,32.0,28.0,30,0.01,NEW,1.00,2,2.125515,-1,0.080234,0.026244,0.154570,0.269075,4.000000,4.027778,6.023148,0,FAIL
medium,cold_start,32.0,28.0,30,0.01,NEW,0.70,1,2.117900,-1,0.082428,0.032171,0.169057,0.292689,4.000000,4.166667,6.000000,0,FAIL
medium,cold_start,32.0,28.0,30,0.01,NEW,0.70,2,2.110616,-1,0.079512,0.030813,0.154700,0.266016,4.000000,4.166667,6.000000,0,FAIL
medium,cold_start,32.0,28.0,30,0.01,NEW,0.50,1,2.117900,-1,0.077921,0.029467,0.152411,0.267382,4.000000,4.388889,5.990741,0,FAIL
medium,cold_start,32.0,28.0,30,0.01,NEW,0.50,2,2.110616,-1,0.078530,0.030876,0.152838,0.267715,4.000000,4.361111,5.990741,0,FAIL
medium,cold_start,32.0,28.0,30,0.01,NEW,0.35,1,2.103272,-1,0.082137,0.032356,0.169000,0.292673,4.000000,4.444444,5.981481,0,FAIL
medium,cold_start,32.0,28.0,30,0.01,NEW,0.35,2,2.112130,-1,0.078859,0.031142,0.153315,0.258408,4.000000,4.416667,5.981481,0,FAIL
medium,cold_start,32.0,28.0,60,0.10,OLD,1.00,1,2.875079,-1,0.148178,0.106805,0.327783,0.477043,4.000000,3.986111,6.166667,0,FAIL
medium,cold_start,32.0,28.0,60,0.10,NEW,1.00,1,2.812640,-1,0.128670,0.077250,0.295694,0.426972,4.000000,4.388889,6.268519,0,FAIL
medium,cold_start,32.0,28.0,60,0.10,NEW,1.00,2,2.823978,-1,0.134640,0.089914,0.298594,0.416100,4.000000,4.000000,6.194444,0,FAIL
medium,cold_start,32.0,28.0,60,0.10,NEW,0.70,1,2.810800,-1,0.138725,0.095794,0.306673,0.434811,4.000000,3.944444,6.157407,0,FAIL
medium,cold_start,32.0,28.0,60,0.10,NEW,0.70,2,2.811172,-1,0.137431,0.092478,0.302088,0.422445,4.000000,3.972222,6.171296,0,FAIL
medium,cold_start,32.0,28.0,60,0.10,NEW,0.50,1,2.810800,-1,0.141123,0.103242,0.313176,0.445218,4.000000,4.166667,6.138889,0,FAIL
medium,cold_start,32.0,28.0,60,0.10,NEW,0.50,2,2.811172,-1,0.132380,0.092690,0.299289,0.411593,4.000000,4.111111,6.138889,0,FAIL
medium,cold_start,32.0,28.0,60,0.10,NEW,0.35,1,2.810904,-1,0.134911,0.092828,0.302166,0.440556,4.000000,4.166667,6.120370,0,FAIL
medium,cold_start,32.0,28.0,60,0.10,NEW,0.35,2,2.812153,-1,0.133785,0.091912,0.298413,0.415483,4.000000,4.583333,6.134259,0,FAIL
medium,cold_start,32.0,28.0,60,0.01,OLD,1.00,1,2.881516,-1,0.182043,0.135864,0.398484,0.566677,4.000000,3.666667,6.201389,0,FAIL
medium,cold_start,32.0,28.0,60,0.01,NEW,1.00,1,2.838506,-1,0.180716,0.133372,0.379476,0.532734,4.000000,4.500000,6.259259,0,FAIL
medium,cold_start,32.0,28.0,60,0.01,NEW,1.00,2,2.837811,-1,0.169511,0.124136,0.362732,0.506562,4.000000,3.694444,6.199074,0,FAIL
medium,cold_start,32.0,28.0,60,0.01,NEW,0.70,1,2.814280,-1,0.176303,0.116634,0.380441,0.538255,4.000000,5.222222,6.277778,0,FAIL
medium,cold_start,32.0,28.0,60,0.01,NEW,0.70,2,2.823158,-1,0.169916,0.125037,0.359991,0.504468,4.000000,3.916667,6.189815,0,FAIL
medium,cold_start,32.0,28.0,60,0.01,NEW,0.50,1,2.814280,-1,0.173177,0.108447,0.381351,0.536030,4.000000,5.388889,6.277778,0,FAIL
medium,cold_start,32.0,28.0,60,0.01,NEW,0.50,2,2.823158,-1,0.169548,0.124551,0.359697,0.501605,4.000000,4.250000,6.189815,0,FAIL
medium,cold_start,32.0,28.0,60,0.01,NEW,0.35,1,2.837797,-1,0.172965,0.108722,0.380553,0.533742,4.000000,5.388889,6.268519,0,FAIL
medium,cold_start,32.0,28.0,60,0.01,NEW,0.35,2,2.836752,-1,0.170067,0.120726,0.361611,0.501235,4.000000,4.750000,6.208333,0,FAIL
medium,cold_start,35.0,20.0,5,0.10,OLD,1.00,1,1.389457,2214,0.027258,-0.000167,0.053400,0.117294,15.000000,16.972222,21.629630,0,FAIL
medium,cold_start,35.0,20.0,5,0.10,NEW,1.00,1,1.373147,2022,0.027611,0.001122,0.052043,0.110676,15.000000,16.722222,21.611111,0,FAIL
medium,cold_start,35.0,20.0,5,0.10,NEW,1.00,2,1.375020,2234,0.027671,-0.000271,0.053646,0.112586,15.000000,16.888889,21.620370,0,FAIL
medium,cold_start,35.0,20.0,5,0.10,NEW,0.70,1,1.379718,2071,0.028615,0.001928,0.053942,0.114766,15.000000,16.833333,21.592593,0,FAIL
medium,cold_start,35.0,20.0,5,0.10,NEW,0.70,2,1.371661,2270,0.027752,0.000655,0.053123,0.111106,15.000000,16.861111,21.592593,0,FAIL
medium,cold_start,35.0,20.0,5,0.10,NEW,0.50,1,1.377902,2078,0.027544,-0.000018,0.053052,0.112176,15.000000,16.888889,21.564815,0,FAIL
medium,cold_start,35.0,20.0,5,0.10,NEW,0.50,2,1.375979,2281,0.027768,0.001083,0.052600,0.107748,15.000000,16.944444,21.574074,0,FAIL
medium,cold_start,35.0,20.0,5,0.10,NEW,0.35,1,1.376624,2075,0.026428,0.003721,0.051785,0.113447,15.000000,16.888889,21.555556,0,FAIL
medium,cold_start,35.0,20.0,5,0.10,NEW,0.35,2,1.382274,2287,0.027404,-0.001215,0.052255,0.109329,15.000000,16.694444,21.550926,0,FAIL
medium,cold_start,35.0,20.0,5,0.01,OLD,1.00,1,1.403088,2029,0.007822,0.000791,0.017796,0.047552,15.000000,16.875000,21.622685,0,FAIL
medium,cold_start,35.0,20.0,5,0.01,NEW,1.00,1,1.378889,2231,0.003997,-0.000588,0.007370,0.017845,15.000000,16.888889,21.629630,0,FAIL
medium,cold_start,35.0,20.0,5,0.01,NEW,1.00,2,1.375371,2042,0.002078,-0.000233,0.004614,0.011628,15.000000,16.861111,21.625000,0,FAIL
medium,cold_start,35.0,20.0,5,0.01,NEW,0.70,1,1.376967,2080,0.004585,-0.000118,0.009382,0.022741,15.000000,16.888889,21.583333,0,FAIL
medium,cold_start,35.0,20.0,5,0.01,NEW,0.70,2,1.385995,2083,0.001959,-0.000004,0.004499,0.011147,15.000000,16.861111,21.583333,0,FAIL
medium,cold_start,35.0,20.0,5,0.01,NEW,0.50,1,1.381485,2087,0.003844,-0.000226,0.007898,0.020498,15.000000,16.888889,21.574074,0,FAIL
medium,cold_start,35.0,20.0,5,0.01,NEW,0.50,2,1.375661,2086,0.004160,-0.000477,0.007823,0.018326,15.000000,16.888889,21.574074,0,FAIL
medium,cold_start,35.0,20.0,5,0.01,NEW,0.35,1,1.382455,2285,0.002016,-0.001751,0.004435,0.009059,15.000000,16.833333,21.555556,0,FAIL
medium,cold_start,35.0,20.0,5,0.01,NEW,0.35,2,1.384275,2096,0.003975,0.000032,0.008260,0.019678,15.000000,16.888889,21.564815,0,FAIL
medium,cold_start,35.0,20.0,15,0.10,OLD,1.00,1,1.573574,-1,0.199845,-0.005702,0.317019,0.634372,15.000000,17.194444,21.625000,0,FAIL
medium,cold_start,35.0,20.0,15,0.10,NEW,1.00,1,1.548129,-1,0.204577,0.006493,0.333509,0.651497,15.000000,17.555556,21.666667,0,FAIL
medium,cold_start,35.0,20.0,15,0.10,NEW,1.00,2,1.546798,-1,0.203197,0.010837,0.338073,0.650788,15.000000,17.583333,21.689815,0,FAIL
medium,cold_start,35.0,20.0,15,0.10,NEW,0.70,1,1.551773,-1,0.208043,0.004761,0.336700,0.649731,15.000000,17.222222,21.555556,0,FAIL
medium,cold_start,35.0,20.0,15,0.10,NEW,0.70,2,1.542554,-1,0.206910,0.003778,0.334669,0.649683,15.000000,17.305556,21.569444,0,FAIL
medium,cold_start,35.0,20.0,15,0.10,NEW,0.50,1,1.555551,-1,0.208584,0.006642,0.339719,0.655818,15.000000,17.222222,21.546296,0,FAIL
medium,cold_start,35.0,20.0,15,0.10,NEW,0.50,2,1.550435,-1,0.208470,0.005986,0.337861,0.655282,15.000000,17.305556,21.560185,0,FAIL
medium,cold_start,35.0,20.0,15,0.10,NEW,0.35,1,1.555716,-1,0.208759,0.004067,0.338058,0.664854,15.000000,17.166667,21.518519,0,FAIL
medium,cold_start,35.0,20.0,15,0.10,NEW,0.35,2,1.552408,-1,0.207776,0.004602,0.336288,0.650012,15.000000,17.166667,21.523148,0,FAIL
medium,cold_start,35.0,20.0,15,0.01,OLD,1.00,1,1.573993,-1,0.198426,0.015289,0.331024,0.668371,15.000000,15.805556,21.548611,0,FAIL
medium,cold_start,35.0,20.0,15,0.01,NEW,1.00,1,1.554239,-1,0.207004,0.009881,0.348848,0.686368,15.000000,17.722222,21.731481,0,FAIL
medium,cold_start,35.0,20.0,15,0.01,NEW,1.00,2,1.546935,-1,0.205204,0.010659,0.346125,0.668495,15.000000,17.694444,21.736111,0,FAIL
medium,cold_start,35.0,20.0,15,0.01,NEW,0.70,1,1.554633,-1,0.211687,0.002397,0.347766,0.679114,15.000000,17.555556,21.611111,0,FAIL
medium,cold_start,35.0,20.0,15,0.01,NEW,0.70,2,1.553075,-1,0.210889,0.002084,0.347523,0.669310,15.000000,17.555556,21.611111,0,FAIL
medium,cold_start,35.0,20.0,15,0.01,NEW,0.50,1,1.556312,-1,0.210583,0.001782,0.346453,0.675021,15.000000,17.611111,21.611111,0,FAIL
medium,cold_start,35.0,20.0,15,0.01,NEW,0.50,2,1.548439,-1,0.211145,0.002196,0.347465,0.669274,15.000000,17.555556,21.606481,0,FAIL
medium,cold_start,35.0,20.0,15,0.01,NEW,0.35,1,1.560184,-1,0.212326,0.000864,0.347541,0.671306,15.000000,17.500000,21.574074,0,FAIL
medium,cold_start,35.0,20.0,15,0.01,NEW,0.35,2,1.553185,-1,0.211546,0.000804,0.346186,0.668951,15.000000,17.472222,21.569444,0,FAIL
medium,cold_start,35.0,20.0,30,0.10,OLD,1.00,1,1.858437,-1,0.284199,0.094443,0.547590,0.931864,15.000000,15.861111,21.615741,0,FAIL
medium,cold_start,35.0,20.0,30,0.10,NEW,1.00,1,1.832186,-1,0.299058,0.096192,0.567732,0.954954,15.000000,17.777778,21.740741,0,FAIL
medium,cold_start,35.0,20.0,30,0.10,NEW,1.00,2,1.839985,-1,0.299133,0.089633,0.567639,0.951930,15.000000,17.972222,21.773148,0,FAIL
medium,cold_start,35.0,20.0,30,0.10,NEW,0.70,1,1.838001,-1,0.295954,0.077561,0.566621,0.957299,15.000000,18.166667,21.787037,0,FAIL
medium,cold_start,35.0,20.0,30,0.10,NEW,0.70,2,1.829120,-1,0.293466,0.075273,0.565590,0.937923,15.000000,18.166667,21.787037,0,FAIL
medium,cold_start,35.0,20.0,30,0.10,NEW,0.50,1,1.833899,-1,0.290392,0.071133,0.558029,0.944420,15.000000,18.111111,21.796296,0,FAIL
medium,cold_start,35.0,20.0,30,0.10,NEW,0.50,2,1.841505,-1,0.290306,0.070445,0.560925,0.937179,15.000000,18.166667,21.800926,0,FAIL
medium,cold_start,35.0,20.0,30,0.10,NEW,0.35,1,1.843547,-1,0.289670,0.070195,0.560649,0.961533,15.000000,18.166667,21.787037,0,FAIL
medium,cold_start,35.0,20.0,30,0.10,NEW,0.35,2,1.836207,-1,0.290484,0.070457,0.566669,0.941130,15.000000,18.194444,21.787037,0,FAIL
medium,cold_start,35.0,20.0,30,0.01,OLD,1.00,1,1.870434,-1,0.295382,0.110385,0.578872,0.968404,15.000000,15.763889,21.597222,0,FAIL
medium,cold_start,35.0,20.0,30,0.01,NEW,1.00,1,1.854195,-1,0.291244,0.060478,0.580712,0.974305,15.000000,18.388889,21.935185,0,FAIL
medium,cold_start,35.0,20.0,30,0.01,NEW,1.00,2,1.845336,-1,0.288467,0.057941,0.577909,0.978526,15.000000,18.361111,21.935185,0,FAIL
medium,cold_start,35.0,20.0,30,0.01,NEW,0.70,1,1.841839,-1,0.283283,0.052757,0.583553,0.975402,15.000000,17.777778,21.861111,0,FAIL
medium,cold_start,35.0,20.0,30,0.01,NEW,0.70,2,1.842532,-1,0.280301,0.050541,0.578736,0.968512,15.000000,17.777778,21.865741,0,FAIL
medium,cold_start,35.0,20.0,30,0.01,NEW,0.50,1,1.835152,-1,0.282972,0.052419,0.581368,0.975400,15.000000,17.888889,21.870370,0,FAIL
medium,cold_start,35.0,20.0,30,0.01,NEW,0.50,2,1.837712,-1,0.280937,0.051090,0.580185,0.979025,15.000000,17.777778,21.861111,0,FAIL
medium,cold_start,35.0,20.0,30,0.01,NEW,0.35,1,1.839551,-1,0.282620,0.052189,0.580307,0.983194,15.000000,17.722222,21.833333,0,FAIL
medium,cold_start,35.0,20.0,30,0.01,NEW,0.35,2,1.853793,-1,0.282295,0.051609,0.581002,0.974995,15.000000,17.388889,21.805556,0,FAIL
medium,cold_start,35.0,20.0,60,0.10,OLD,1.00,1,2.486962,-1,0.599119,0.361973,1.334569,1.885435,15.000000,19.833333,22.319444,0,FAIL
medium,cold_start,35.0,20.0,60,0.10,NEW,1.00,1,2.466159,-1,0.517732,0.268832,1.313960,1.894090,15.000000,18.888889,22.416667,0,FAIL
medium,cold_start,35.0,20.0,60,0.10,NEW,1.00,2,2.457936,-1,0.520881,0.273066,1.322582,1.890165,15.000000,19.055556,22.430556,0,FAIL
medium,cold_start,35.0,20.0,60,0.10,NEW,0.70,1,2.450556,-1,0.523728,0.278398,1.292023,1.845154,15.000000,17.555556,22.212963,0,FAIL
medium,cold_start,35.0,20.0,60,0.10,NEW,0.70,2,2.448777,-1,0.531680,0.283448,1.333077,1.887127,15.000000,18.055556,22.245370,0,FAIL
medium,cold_start,35.0,20.0,60,0.10,NEW,0.50,1,2.460476,-1,0.542263,0.295687,1.341347,1.905253,15.000000,17.222222,22.148148,0,FAIL
medium,cold_start,35.0,20.0,60,0.10,NEW,0.50,2,2.461946,-1,0.525635,0.279990,1.312049,1.853539,15.000000,17.888889,22.250000,0,FAIL
medium,cold_start,35.0,20.0,60,0.10,NEW,0.35,1,2.456415,-1,0.537810,0.294853,1.319010,1.864835,15.000000,17.000000,22.111111,0,FAIL
medium,cold_start,35.0,20.0,60,0.10,NEW,0.35,2,2.465699,-1,0.542986,0.303029,1.325037,1.891800,15.000000,16.555556,22.041667,0,FAIL
medium,cold_start,35.0,20.0,60,0.01,OLD,1.00,1,2.493211,-1,0.561049,0.317032,1.325593,1.844488,15.000000,19.875000,22.405093,0,FAIL
medium,cold_start,35.0,20.0,60,0.01,NEW,1.00,1,2.466676,-1,0.582142,0.383239,1.370070,1.937403,15.000000,14.388889,21.888889,0,FAIL
medium,cold_start,35.0,20.0,60,0.01,NEW,1.00,2,2.460873,-1,0.556095,0.324550,1.341983,1.912180,15.000000,15.666667,22.013889,0,FAIL
medium,cold_start,35.0,20.0,60,0.01,NEW,0.70,1,2.461357,-1,0.602520,0.417439,1.378364,1.955794,15.000000,14.000000,21.824074,0,FAIL
medium,cold_start,35.0,20.0,60,0.01,NEW,0.70,2,2.463649,-1,0.577525,0.374724,1.357918,1.932031,15.000000,14.472222,21.833333,0,FAIL
medium,cold_start,35.0,20.0,60,0.01,NEW,0.50,1,2.464932,-1,0.600262,0.416322,1.369997,1.936101,15.000000,14.000000,21.833333,0,FAIL
medium,cold_start,35.0,20.0,60,0.01,NEW,0.50,2,2.464129,-1,0.572935,0.368008,1.348679,1.912461,15.000000,14.555556,21.856481,0,FAIL
medium,cold_start,35.0,20.0,60,0.01,NEW,0.35,1,2.460919,-1,0.603197,0.418718,1.380291,1.959354,15.000000,14.055556,21.796296,0,FAIL
medium,cold_start,35.0,20.0,60,0.01,NEW,0.35,2,2.464403,-1,0.593827,0.405903,1.360825,1.933904,15.000000,14.083333,21.791667,0,FAIL
medium,cold_start,35.0,25.0,5,0.10,OLD,1.00,1,1.482999,1498,0.028505,0.000733,0.052978,0.113773,10.000000,11.138889,14.534722,0,FAIL
medium,cold_start,35.0,25.0,5,0.10,NEW,1.00,1,1.468701,1357,0.029208,0.003506,0.054501,0.116029,10.000000,11.166667,14.555556,0,FAIL
medium,cold_start,35.0,25.0,5,0.10,NEW,1.00,2,1.470166,1344,0.027131,0.002705,0.051748,0.108524,10.000000,11.083333,14.532407,0,FAIL
medium,cold_start,35.0,25.0,5,0.10,NEW,0.70,1,1.470109,1369,0.027899,0.000636,0.052588,0.113664,10.000000,11.222222,14.537037,0,FAIL
medium,cold_start,35.0,25.0,5,0.10,NEW,0.70,2,1.470278,1364,0.026096,0.002884,0.052910,0.111042,10.000000,11.250000,14.518519,0,FAIL
medium,cold_start,35.0,25.0,5,0.10,NEW,0.50,1,1.481818,1376,0.027663,0.001465,0.054066,0.114833,10.000000,11.333333,14.527778,0,FAIL
medium,cold_start,35.0,25.0,5,0.10,NEW,0.50,2,1.473052,1379,0.026456,-0.004651,0.051444,0.106757,10.000000,11.333333,14.518519,0,FAIL
medium,cold_start,35.0,25.0,5,0.10,NEW,0.35,1,1.465072,1386,0.029455,0.003991,0.055560,0.118174,10.000000,11.166667,14.500000,0,FAIL
medium,cold_start,35.0,25.0,5,0.10,NEW,0.35,2,1.472157,1395,0.025834,-0.004774,0.051630,0.107862,10.000000,11.222222,14.504630,0,FAIL
medium,cold_start,35.0,25.0,5,0.01,OLD,1.00,1,1.495629,1334,0.020590,0.000218,0.037334,0.080650,10.000000,11.166667,14.541667,0,FAIL
medium,cold_start,35.0,25.0,5,0.01,NEW,1.00,1,1.472770,1365,0.002513,-0.000121,0.005339,0.013873,10.000000,11.222222,14.546296,0,FAIL
medium,cold_start,35.0,25.0,5,0.01,NEW,1.00,2,1.472380,1362,0.002416,0.000276,0.004679,0.011266,10.000000,11.250000,14.550926,0,FAIL
medium,cold_start,35.0,25.0,5,0.01,NEW,0.70,1,1.467825,1384,0.002261,-0.000494,0.005065,0.013763,10.000000,11.222222,14.527778,0,FAIL
medium,cold_start,35.0,25.0,5,0.01,NEW,0.70,2,1.469924,1385,0.002738,0.000568,0.004960,0.011503,10.000000,11.250000,14.532407,0,FAIL
medium,cold_start,35.0,25.0,5,0.01,NEW,0.50,1,1.477903,1403,0.003334,-0.000164,0.006756,0.017059,10.000000,11.277778,14.518519,0,FAIL
medium,cold_start,35.0,25.0,5,0.01,NEW,0.50,2,1.472790,1404,0.002208,0.000203,0.004649,0.011232,10.000000,11.250000,14.513889,0,FAIL
medium,cold_start,35.0,25.0,5,0.01,NEW,0.35,1,1.469605,1603,0.002458,-0.000744,0.005333,0.013552,10.000000,11.222222,14.500000,0,FAIL
medium,cold_start,35.0,25.0,5,0.01,NEW,0.35,2,1.471919,1413,0.002282,0.000792,0.004607,0.011215,10.000000,11.250000,14.504630,0,FAIL
medium,cold_start,35.0,25.0,15,0.10,OLD,1.00,1,1.674158,-1,0.124903,0.003491,0.205863,0.400703,10.000000,10.736111,14.532407,0,FAIL
medium,cold_start,35.0,25.0,15,0.10,NEW,1.00,1,1.657700,-1,0.139688,0.023968,0.223832,0.433404,10.000000,11.166667,14.629630,0,FAIL
medium,cold_start,35.0,25.0,15,0.10,NEW,1.00,2,1.653016,-1,0.133477,0.021800,0.215376,0.413257,10.000000,10.944444,14.592593,0,FAIL
medium,cold_start,35.0,25.0,15,0.10,NEW,0.70,1,1.653275,-1,0.133375,0.020072,0.219662,0.426259,10.000000,11.500000,14.629630,0,FAIL
medium,cold_start,35.0,25.0,15,0.10,NEW,0.70,2,1.657302,-1,0.135841,0.022891,0.218634,0.419532,10.000000,10.916667,14.569444,0,FAIL
medium,cold_start,35.0,25.0,15,0.10,NEW,0.50,1,1.657507,-1,0.134784,0.023619,0.216879,0.425478,10.000000,11.166667,14.583333,0,FAIL
medium,cold_start,35.0,25.0,15,0.10,NEW,0.50,2,1.662557,-1,0.133785,0.021838,0.215806,0.414281,10.000000,11.194444,14.583333,0,FAIL
medium,cold_start,35.0,25.0,15,0.10,NEW,0.35,1,1.653407,-1,0.136398,0.021042,0.225119,0.431142,10.000000,11.611111,14.601852,0,FAIL
medium,cold_start,35.0,25.0,15,0.10,NEW,0.35,2,1.650672,-1,0.132500,0.021446,0.214301,0.411816,10.000000,11.305556,14.578704,0,FAIL
medium,cold_start,35.0,25.0,15,0.01,OLD,1.00,1,1.680234,-1,0.138055,-0.005335,0.224336,0.447534,10.000000,11.388889,14.550926,0,FAIL
medium,cold_start,35.0,25.0,15,0.01,NEW,1.00,1,1.662335,-1,0.137955,0.009414,0.232562,0.469698,10.000000,11.777778,14.648148,0,FAIL
medium,cold_start,35.0,25.0,15,0.01,NEW,1.00,2,1.658181,-1,0.137394,0.009968,0.232229,0.451435,10.000000,11.777778,14.643519,0,FAIL
medium,cold_start,35.0,25.0,15,0.01,NEW,0.70,1,1.654807,-1,0.137656,0.007082,0.232479,0.462934,10.000000,11.777778,14.601852,0,FAIL
medium,cold_start,35.0,25.0,15,0.01,NEW,0.70,2,1.655177,-1,0.138579,0.005935,0.233581,0.459725,10.000000,11.777778,14.592593,0,FAIL
medium,cold_start,35.0,25.0,15,0.01,NEW,0.50,1,1.654544,-1,0.138196,0.003067,0.228500,0.460691,10.000000,11.777778,14.564815,0,FAIL
medium,cold_start,35.0,25.0,15,0.01,NEW,0.50,2,1.651837,-1,0.139015,0.004137,0.232392,0.454885,10.000000,11.777778,14.569444,0,FAIL
medium,cold_start,35.0,25.0,15,0.01,NEW,0.35,1,1.658565,-1,0.138591,0.002045,0.228870,0.460715,10.000000,11.777778,14.546296,0,FAIL
medium,cold_start,35.0,25.0,15,0.01,NEW,0.35,2,1.653009,-1,0.139834,0.002022,0.231083,0.449667,10.000000,11.722222,14.537037,0,FAIL
medium,cold_start,35.0,25.0,30,0.10,OLD,1.00,1,1.986600,-1,0.177240,0.046038,0.338499,0.582748,10.000000,11.597222,14.657407,0,FAIL
medium,cold_start,35.0,25.0,30,0.10,NEW,1.00,1,1.962957,-1,0.189317,0.056216,0.352606,0.614029,10.000000,11.777778,14.629630,0,FAIL
medium,cold_start,35.0,25.0,30,0.10,NEW,1.00,2,1.977633,-1,0.189700,0.056066,0.356649,0.603519,10.000000,11.777778,14.629630,0,FAIL
medium,cold_start,35.0,25.0,30,0.10,NEW,0.70,1,1.973655,-1,0.190870,0.051899,0.354009,0.616285,10.000000,11.944444,14.629630,0,FAIL
medium,cold_start,35.0,25.0,30,0.10,NEW,0.70,2,1.976265,-1,0.190972,0.050836,0.359052,0.598073,10.000000,11.944444,14.638889,0,FAIL
medium,cold_start,35.0,25.0,30,0.10,NEW,0.50,1,1.962031,-1,0.190182,0.056084,0.352588,0.614448,10.000000,11.777778,14.592593,0,FAIL
medium,cold_start,35.0,25.0,30,0.10,NEW,0.50,2,1.965929,-1,0.187980,0.049114,0.352652,0.594710,10.000000,11.916667,14.620370,0,FAIL
medium,cold_start,35.0,25.0,30,0.10,NEW,0.35,1,1.955590,-1,0.192771,0.049744,0.361778,0.614718,10.000000,12.000000,14.620370,0,FAIL
medium,cold_start,35.0,25.0,30,0.10,NEW,0.35,2,1.964278,-1,0.187134,0.045590,0.353144,0.596539,10.000000,12.027778,14.634259,0,FAIL
medium,cold_start,35.0,25.0,30,0.01,OLD,1.00,1,1.986356,-1,0.200431,0.065070,0.383750,0.654900,10.000000,10.458333,14.587963,0,FAIL
medium,cold_start,35.0,25.0,30,0.01,NEW,1.00,1,1.969445,-1,0.197883,0.046353,0.382393,0.641370,10.000000,12.222222,14.731481,0,FAIL
medium,cold_start,35.0,25.0,30,0.01,NEW,1.00,2,1.977518,-1,0.189965,0.036173,0.386717,0.660816,10.000000,12.138889,14.777778,0,FAIL
medium,cold_start,35.0,25.0,30,0.01,NEW,0.70,1,1.974018,-1,0.190071,0.038370,0.376273,0.637246,10.000000,12.166667,14.740741,0,FAIL
medium,cold_start,35.0,25.0,30,0.01,NEW,0.70,2,1.977519,-1,0.188661,0.035380,0.387213,0.652799,10.000000,12.027778,14.750000,0,FAIL
medium,cold_start,35.0,25.0,30,0.01,NEW,0.50,1,1.961667,-1,0.190050,0.038225,0.377718,0.638406,10.000000,12.166667,14.722222,0,FAIL
medium,cold_start,35.0,25.0,30,0.01,NEW,0.50,2,1.967051,-1,0.187163,0.033891,0.385571,0.654629,10.000000,11.916667,14.726852,0,FAIL
medium,cold_start,35.0,25.0,30,0.01,NEW,0.35,1,1.968650,-1,0.188023,0.035179,0.379967,0.661503,10.000000,12.111111,14.722222,0,FAIL
medium,cold_start,35.0,25.0,30,0.01,NEW,0.35,2,1.980438,-1,0.189290,0.034387,0.390273,0.662839,10.000000,11.638889,14.689815,0,FAIL
medium,cold_start,35.0,25.0,60,0.10,OLD,1.00,1,2.659292,-1,0.402816,0.278524,0.861171,1.215142,10.000000,12.041667,14.895833,0,FAIL
medium,cold_start,35.0,25.0,60,0.10,NEW,1.00,1,2.631508,-1,0.379894,0.223516,0.851715,1.210857,10.000000,13.000000,15.027778,0,FAIL
medium,cold_start,35.0,25.0,60,0.10,NEW,1.00,2,2.626863,-1,0.362182,0.204834,0.857819,1.188788,10.000000,13.138889,15.087963,0,FAIL
medium,cold_start,35.0,25.0,60,0.10,NEW,0.70,1,2.641387,-1,0.363020,0.201452,0.871604,1.239842,10.000000,13.222222,15.092593,0,FAIL
medium,cold_start,35.0,25.0,60,0.10,NEW,0.70,2,2.634983,-1,0.358894,0.199725,0.857105,1.209591,10.000000,13.222222,15.083333,0,FAIL
medium,cold_start,35.0,25.0,60,0.10,NEW,0.50,1,2.645431,-1,0.359000,0.201261,0.854069,1.220326,10.000000,13.055556,15.046296,0,FAIL
medium,cold_start,35.0,25.0,60,0.10,NEW,0.50,2,2.637864,-1,0.341890,0.179962,0.850438,1.211801,10.000000,13.250000,15.129630,0,FAIL
medium,cold_start,35.0,25.0,60,0.10,NEW,0.35,1,2.614515,-1,0.366985,0.207970,0.858373,1.221802,10.000000,13.111111,15.027778,0,FAIL
medium,cold_start,35.0,25.0,60,0.10,NEW,0.35,2,2.626222,-1,0.344176,0.184668,0.844600,1.207189,10.000000,13.166667,15.092593,0,FAIL
medium,cold_start,35.0,25.0,60,0.01,OLD,1.00,1,2.659649,-1,0.359566,0.193072,0.908012,1.293389,10.000000,13.194444,15.192130,0,FAIL
medium,cold_start,35.0,25.0,60,0.01,NEW,1.00,1,2.632212,-1,0.359946,0.193586,0.883095,1.249619,10.000000,11.444444,14.981481,0,FAIL
medium,cold_start,35.0,25.0,60,0.01,NEW,1.00,2,2.629910,-1,0.381769,0.244991,0.893633,1.265967,10.000000,9.694444,14.782407,0,FAIL
medium,cold_start,35.0,25.0,60,0.01,NEW,0.70,1,2.636551,-1,0.368451,0.212252,0.883356,1.247075,10.000000,10.555556,14.851852,0,FAIL
medium,cold_start,35.0,25.0,60,0.01,NEW,0.70,2,2.633305,-1,0.387651,0.257623,0.894263,1.271108,10.000000,9.472222,14.740741,0,FAIL
medium,cold_start,35.0,25.0,60,0.01,NEW,0.50,1,2.622047,-1,0.367289,0.208081,0.884540,1.252629,10.000000,10.722222,14.851852,0,FAIL
medium,cold_start,35.0,25.0,60,0.01,NEW,0.50,2,2.626720,-1,0.398496,0.275497,0.907527,1.274280,10.000000,9.305556,14.722222,0,FAIL
medium,cold_start,35.0,25.0,60,0.01,NEW,0.35,1,2.636195,-1,0.368493,0.215869,0.874190,1.244252,10.000000,10.333333,14.805556,0,FAIL
medium,cold_start,35.0,25.0,60,0.01,NEW,0.35,2,2.626019,-1,0.400521,0.279420,0.908702,1.269408,10.000000,9.250000,14.712963,0,FAIL
medium,cold_start,35.0,28.0,5,0.10,OLD,1.00,1,1.545909,1007,0.028108,-0.005233,0.053044,0.119241,7.000000,7.847222,10.259259,0,FAIL
medium,cold_start,35.0,28.0,5,0.10,NEW,1.00,1,1.533256,1048,0.028519,0.001433,0.052524,0.113384,7.000000,7.722222,10.250000,0,FAIL
medium,cold_start,35.0,28.0,5,0.10,NEW,1.00,2,1.521063,1042,0.029027,0.002813,0.054194,0.113012,7.000000,7.833333,10.268519,0,FAIL
medium,cold_start,35.0,28.0,5,0.10,NEW,0.70,1,1.525817,1083,0.026674,0.001180,0.052563,0.115155,7.000000,7.888889,10.231481,0,FAIL
medium,cold_start,35.0,28.0,5,0.10,NEW,0.70,2,1.518597,1083,0.028050,-0.000039,0.053008,0.111033,7.000000,7.833333,10.240741,0,FAIL
medium,cold_start,35.0,28.0,5,0.10,NEW,0.50,1,1.509580,1084,0.015514,-0.015514,0.028362,0.031406,7.000000,7.944444,10.222222,0,FAIL
medium,cold_start,35.0,28.0,5,0.10,NEW,0.50,2,1.515414,1089,0.026735,-0.001911,0.052964,0.110657,7.000000,7.833333,10.240741,0,FAIL
medium,cold_start,35.0,28.0,5,0.10,NEW,0.35,1,1.527237,1111,0.025244,-0.000259,0.050845,0.110871,7.000000,8.055556,10.231481,0,FAIL
medium,cold_start,35.0,28.0,5,0.10,NEW,0.35,2,1.528564,1111,0.029037,0.003166,0.054578,0.113014,7.000000,7.944444,10.231481,0,FAIL
medium,cold_start,35.0,28.0,5,0.01,OLD,1.00,1,1.547193,1006,0.008202,0.000267,0.015695,0.037655,7.000000,7.888889,10.259259,0,FAIL
medium,cold_start,35.0,28.0,5,0.01,NEW,1.00,1,1.531035,1047,0.002341,-0.000005,0.005356,0.013742,7.000000,7.833333,10.259259,0,FAIL
medium,cold_start,35.0,28.0,5,0.01,NEW,1.00,2,1.530161,1047,0.002846,-0.000117,0.005368,0.012623,7.000000,7.888889,10.263889,0,FAIL
medium,cold_start,35.0,28.0,5,0.01,NEW,0.70,1,1.531699,1083,0.002814,-0.000415,0.006099,0.015543,7.000000,7.888889,10.250000,0,FAIL
medium,cold_start,35.0,28.0,5,0.01,NEW,0.70,2,1.531514,1077,0.002327,-0.002327,0.003753,0.004478,7.000000,7.888889,10.245370,0,FAIL
medium,cold_start,35.0,28.0,5,0.01,NEW,0.50,1,1.524497,1084,0.002323,-0.000268,0.005261,0.013817,7.000000,7.888889,10.231481,0,FAIL
medium,cold_start,35.0,28.0,5,0.01,NEW,0.50,2,1.532035,1099,0.001841,-0.000752,0.003695,0.008388,7.000000,7.861111,10.226852,0,FAIL
medium,cold_start,35.0,28.0,5,0.01,NEW,0.35,1,1.530740,1111,0.002152,-0.000594,0.005118,0.013137,7.000000,7.888889,10.212963,0,FAIL
medium,cold_start,35.0,28.0,5,0.01,NEW,0.35,2,1.530478,1117,0.002688,-0.000096,0.005174,0.012844,7.000000,7.888889,10.217593,0,FAIL
medium,cold_start,35.0,28.0,15,0.10,OLD,1.00,1,1.745987,-1,0.087977,0.011363,0.145342,0.285733,7.000000,7.388889,10.243056,0,FAIL
medium,cold_start,35.0,28.0,15,0.10,NEW,1.00,1,1.721168,-1,0.088568,0.008073,0.144197,0.291167,7.000000,7.888889,10.240741,0,FAIL
medium,cold_start,35.0,28.0,15,0.10,NEW,1.00,2,1.715590,1132,0.088854,0.006950,0.144637,0.277197,7.000000,8.055556,10.319444,0,FAIL
medium,cold_start,35.0,28.0,15,0.10,NEW,0.70,1,1.714498,4775,0.088285,0.008503,0.140547,0.275210,7.000000,7.944444,10.268519,0,FAIL
medium,cold_start,35.0,28.0,15,0.10,NEW,0.70,2,1.712639,1147,0.088939,0.009447,0.142306,0.273475,7.000000,7.972222,10.259259,0,FAIL
medium,cold_start,35.0,28.0,15,0.10,NEW,0.50,1,1.704807,-1,0.090344,0.007204,0.145080,0.291316,7.000000,8.000000,10.268519,0,FAIL
medium,cold_start,35.0,28.0,15,0.10,NEW,0.50,2,1.722889,2091,0.087901,0.005604,0.142594,0.277820,7.000000,7.944444,10.305556,0,FAIL
medium,cold_start,35.0,28.0,15,0.10,NEW,0.35,1,1.723532,-1,0.085504,0.008415,0.138022,0.286218,7.000000,7.888889,10.222222,0,FAIL
medium,cold_start,35.0,28.0,15,0.10,NEW,0.35,2,1.723507,-1,0.089568,0.005704,0.146525,0.282063,7.000000,7.972222,10.291667,0,FAIL
medium,cold_start,35.0,28.0,15,0.01,OLD,1.00,1,1.757483,-1,0.094041,0.008521,0.157436,0.332437,7.000000,8.472222,10.340278,0,FAIL
medium,cold_start,35.0,28.0,15,0.01,NEW,1.00,1,1.722865,-1,0.101939,0.003572,0.167501,0.328668,7.000000,7.722222,10.231481,0,FAIL
medium,cold_start,35.0,28.0,15,0.01,NEW,1.00,2,1.719539,-1,0.099590,-0.000301,0.161748,0.317232,7.000000,7.916667,10.245370,0,FAIL
medium,cold_start,35.0,28.0,15,0.01,NEW,0.70,1,1.721030,-1,0.100627,0.004711,0.167302,0.327871,7.000000,7.666667,10.212963,0,FAIL
medium,cold_start,35.0,28.0,15,0.01,NEW,0.70,2,1.713627,-1,0.099209,0.000438,0.161939,0.314735,7.000000,7.805556,10.217593,0,FAIL
medium,cold_start,35.0,28.0,15,0.01,NEW,0.50,1,1.723675,-1,0.098765,0.007098,0.165923,0.327419,7.000000,7.555556,10.203704,0,FAIL
medium,cold_start,35.0,28.0,15,0.01,NEW,0.50,2,1.714815,-1,0.097219,0.001756,0.160613,0.316898,7.000000,7.694444,10.199074,0,FAIL
medium,cold_start,35.0,28.0,15,0.01,NEW,0.35,1,1.726939,-1,0.099032,0.008615,0.167061,0.327409,7.000000,7.555556,10.203704,0,FAIL
medium,cold_start,35.0,28.0,15,0.01,NEW,0.35,2,1.726278,-1,0.096089,0.003719,0.161217,0.318905,7.000000,7.583333,10.189815,0,FAIL
medium,cold_start,35.0,28.0,30,0.10,OLD,1.00,1,2.066454,-1,0.124460,0.033670,0.254105,0.436747,7.000000,8.041667,10.409722,0,FAIL
medium,cold_start,35.0,28.0,30,0.10,NEW,1.00,1,2.040065,-1,0.112675,0.014038,0.213588,0.421231,7.000000,8.333333,10.425926,0,FAIL
medium,cold_start,35.0,28.0,30,0.10,NEW,1.00,2,2.052359,-1,0.118442,0.020808,0.221546,0.383831,7.000000,7.333333,10.310185,0,FAIL
medium,cold_start,35.0,28.0,30,0.10,NEW,0.70,1,2.031087,-1,0.108300,0.008911,0.206461,0.370199,7.000000,8.388889,10.398148,0,FAIL
medium,cold_start,35.0,28.0,30,0.10,NEW,0.70,2,2.030915,-1,0.119012,0.020301,0.228610,0.389965,7.000000,7.500000,10.324074,0,FAIL
medium,cold_start,35.0,28.0,30,0.10,NEW,0.50,1,2.031403,-1,0.123083,0.025628,0.243263,0.419549,7.000000,7.555556,10.314815,0,FAIL
medium,cold_start,35.0,28.0,30,0.10,NEW,0.50,2,2.048538,-1,0.121186,0.023092,0.230878,0.414843,7.000000,7.555556,10.314815,0,FAIL
medium,cold_start,35.0,28.0,30,0.10,NEW,0.35,1,2.038868,-1,0.124517,0.026755,0.251630,0.424886,7.000000,7.888889,10.342593,0,FAIL
medium,cold_start,35.0,28.0,30,0.10,NEW,0.35,2,2.037348,-1,0.122119,0.028025,0.228999,0.393885,7.000000,7.250000,10.259259,0,FAIL
medium,cold_start,35.0,28.0,30,0.01,OLD,1.00,1,2.066454,-1,0.139331,0.053375,0.278522,0.475837,7.000000,7.638889,10.280093,0,FAIL
medium,cold_start,35.0,28.0,30,0.01,NEW,1.00,1,2.035533,-1,0.146173,0.056122,0.279341,0.470444,7.000000,7.055556,10.287037,0,FAIL
medium,cold_start,35.0,28.0,30,0.01,NEW,1.00,2,2.050990,-1,0.137516,0.033167,0.269212,0.447993,7.000000,7.388889,10.347222,0,FAIL
medium,cold_start,35.0,28.0,30,0.01,NEW,0.70,1,2.056701,-1,0.143752,0.060314,0.277827,0.473697,7.000000,7.388889,10.277778,0,FAIL
medium,cold_start,35.0,28.0,30,0.01,NEW,0.70,2,2.051189,-1,0.139505,0.046574,0.269196,0.448729,7.000000,7.111111,10.273148,0,FAIL
medium,cold_start,35.0,28.0,30,0.01,NEW,0.50,1,2.039079,-1,0.144463,0.060702,0.279825,0.474714,7.000000,7.444444,10.259259,0,FAIL
medium,cold_start,35.0,28.0,30,0.01,NEW,0.50,2,2.036906,-1,0.141265,0.043986,0.271502,0.467100,7.000000,7.083333,10.263889,0,FAIL
medium,cold_start,35.0,28.0,30,0.01,NEW,0.35,1,2.041038,-1,0.138993,0.054955,0.272864,0.476313,7.000000,7.611111,10.250000,0,FAIL
medium,cold_start,35.0,28.0,30,0.01,NEW,0.35,2,2.038918,-1,0.140926,0.045679,0.270368,0.454477,7.000000,7.111111,10.250000,0,FAIL
medium,cold_start,35.0,28.0,60,0.10,OLD,1.00,1,2.757388,-1,0.274813,0.176317,0.593893,0.830706,7.000000,8.847222,10.583333,0,FAIL
medium,cold_start,35.0,28.0,60,0.10,NEW,1.00,1,2.731330,-1,0.234538,0.127541,0.570982,0.819633,7.000000,9.000000,10.703704,0,FAIL
medium,cold_start,35.0,28.0,60,0.10,NEW,1.00,2,2.723654,-1,0.225788,0.118890,0.568457,0.807430,7.000000,9.055556,10.736111,0,FAIL
medium,cold_start,35.0,28.0,60,0.10,NEW,0.70,1,2.722146,-1,0.229817,0.119951,0.574100,0.839494,7.000000,9.055556,10.722222,0,FAIL
medium,cold_start,35.0,28.0,60,0.10,NEW,0.70,2,2.720595,-1,0.228128,0.121036,0.576712,0.824578,7.000000,8.583333,10.671296,0,FAIL
medium,cold_start,35.0,28.0,60,0.10,NEW,0.50,1,2.713640,-1,0.228028,0.121330,0.574953,0.840721,7.000000,8.666667,10.666667,0,FAIL
medium,cold_start,35.0,28.0,60,0.10,NEW,0.50,2,2.708622,-1,0.224964,0.119734,0.566371,0.807086,7.000000,8.694444,10.666667,0,FAIL
medium,cold_start,35.0,28.0,60,0.10,NEW,0.35,1,2.719183,-1,0.227783,0.122365,0.570134,0.822172,7.000000,8.611111,10.657407,0,FAIL
medium,cold_start,35.0,28.0,60,0.10,NEW,0.35,2,2.721260,-1,0.228178,0.122783,0.560777,0.801574,7.000000,8.277778,10.611111,0,FAIL
medium,cold_start,35.0,28.0,60,0.01,OLD,1.00,1,2.763549,-1,0.281759,0.193536,0.641159,0.907113,7.000000,6.472222,10.465278,0,FAIL
medium,cold_start,35.0,28.0,60,0.01,NEW,1.00,1,2.730619,-1,0.306963,0.227348,0.641897,0.890522,7.000000,7.222222,10.546296,0,FAIL
medium,cold_start,35.0,28.0,60,0.01,NEW,1.00,2,2.730088,-1,0.306226,0.217198,0.654163,0.914754,7.000000,8.472222,10.620370,0,FAIL
medium,cold_start,35.0,28.0,60,0.01,NEW,0.70,1,2.737652,-1,0.305045,0.224814,0.641248,0.892269,7.000000,7.611111,10.546296,0,FAIL
medium,cold_start,35.0,28.0,60,0.01,NEW,0.70,2,2.736117,-1,0.304179,0.220440,0.643044,0.907303,7.000000,8.111111,10.574074,0,FAIL
medium,cold_start,35.0,28.0,60,0.01,NEW,0.50,1,2.727154,-1,0.305102,0.224588,0.642556,0.892600,7.000000,7.666667,10.527778,0,FAIL
medium,cold_start,35.0,28.0,60,0.01,NEW,0.50,2,2.725710,-1,0.294928,0.209462,0.628813,0.872680,7.000000,8.222222,10.541667,0,FAIL
medium,cold_start,35.0,28.0,60,0.01,NEW,0.35,1,2.728243,-1,0.303186,0.221722,0.638939,0.886673,7.000000,7.888889,10.527778,0,FAIL
medium,cold_start,35.0,28.0,60,0.01,NEW,0.35,2,2.726563,-1,0.295429,0.190275,0.639908,0.906705,7.000000,9.194444,10.611111,0,FAIL
medium,cold_start,37.5,20.0,5,0.10,OLD,1.00,1,1.340840,2286,0.029541,0.008605,0.055280,0.120612,17.500000,19.805556,25.143519,0,FAIL
medium,cold_start,37.5,20.0,5,0.10,NEW,1.00,1,1.329505,2511,0.027110,0.000228,0.053961,0.112977,17.500000,19.555556,25.111111,0,FAIL
medium,cold_start,37.5,20.0,5,0.10,NEW,1.00,2,1.327773,2508,0.028181,0.000426,0.052581,0.109196,17.500000,19.833333,25.134259,0,FAIL
medium,cold_start,37.5,20.0,5,0.10,NEW,0.70,1,1.325086,2555,0.027298,0.000720,0.052784,0.112100,17.500000,19.722222,25.064815,0,FAIL
medium,cold_start,37.5,20.0,5,0.10,NEW,0.70,2,1.329147,2562,0.028110,-0.000693,0.052768,0.109099,17.500000,19.583333,25.064815,0,FAIL
medium,cold_start,37.5,20.0,5,0.10,NEW,0.50,1,1.329432,2574,0.027032,-0.001018,0.053095,0.111848,17.500000,19.666667,25.055556,0,FAIL
medium,cold_start,37.5,20.0,5,0.10,NEW,0.50,2,1.330108,2575,0.027487,-0.000730,0.053858,0.111493,17.500000,19.722222,25.041667,0,FAIL
medium,cold_start,37.5,20.0,5,0.10,NEW,0.35,1,1.330264,2580,0.027706,0.000613,0.053175,0.112867,17.500000,19.666667,25.027778,0,FAIL
medium,cold_start,37.5,20.0,5,0.10,NEW,0.35,2,1.319555,2577,0.026491,-0.001717,0.052355,0.108853,17.500000,19.666667,25.046296,0,FAIL
medium,cold_start,37.5,20.0,5,0.01,OLD,1.00,1,1.355994,2489,0.008162,-0.000970,0.016869,0.039344,17.500000,19.638889,25.118056,0,FAIL
medium,cold_start,37.5,20.0,5,0.01,NEW,1.00,1,1.334045,2514,0.002374,-0.000494,0.005178,0.013734,17.500000,19.666667,25.120370,0,FAIL
medium,cold_start,37.5,20.0,5,0.01,NEW,1.00,2,1.329778,2508,0.002544,-0.000826,0.004866,0.011291,17.500000,19.694444,25.125000,0,FAIL
medium,cold_start,37.5,20.0,5,0.01,NEW,0.70,1,1.335017,2367,0.002801,0.000061,0.005925,0.015574,17.500000,19.722222,25.074074,0,FAIL
medium,cold_start,37.5,20.0,5,0.01,NEW,0.70,2,1.336526,2560,0.002565,0.000701,0.004688,0.010605,17.500000,19.694444,25.069444,0,FAIL
medium,cold_start,37.5,20.0,5,0.01,NEW,0.50,1,1.337440,2579,0.002962,0.000042,0.006463,0.017381,17.500000,19.666667,25.046296,0,FAIL
medium,cold_start,37.5,20.0,5,0.01,NEW,0.50,2,1.335568,2565,0.002387,0.000765,0.004847,0.011311,17.500000,19.666667,25.041667,0,FAIL
medium,cold_start,37.5,20.0,5,0.01,NEW,0.35,1,1.330268,2565,0.004381,0.000449,0.008368,0.020300,17.500000,19.722222,25.037037,0,FAIL
medium,cold_start,37.5,20.0,5,0.01,NEW,0.35,2,1.326506,2570,0.002261,-0.000110,0.004639,0.010974,17.500000,19.694444,25.032407,0,FAIL
medium,cold_start,37.5,20.0,15,0.10,OLD,1.00,1,1.523469,-1,0.238759,0.028687,0.378655,0.753283,17.500000,19.250000,25.182870,0,FAIL
medium,cold_start,37.5,20.0,15,0.10,NEW,1.00,1,1.500202,-1,0.233272,0.004879,0.389926,0.766162,17.500000,20.722222,25.222222,0,FAIL
medium,cold_start,37.5,20.0,15,0.10,NEW,1.00,2,1.498922,-1,0.233736,0.007689,0.392201,0.773445,17.500000,20.722222,25.236111,0,FAIL
medium,cold_start,37.5,20.0,15,0.10,NEW,0.70,1,1.497283,-1,0.240933,-0.001905,0.389469,0.779127,17.500000,20.500000,25.101852,0,FAIL
medium,cold_start,37.5,20.0,15,0.10,NEW,0.70,2,1.497606,-1,0.240855,-0.000764,0.394749,0.766742,17.500000,20.444444,25.092593,0,FAIL
medium,cold_start,37.5,20.0,15,0.10,NEW,0.50,1,1.509316,-1,0.243011,-0.003996,0.392834,0.773934,17.500000,20.444444,25.064815,0,FAIL
medium,cold_start,37.5,20.0,15,0.10,NEW,0.50,2,1.490468,-1,0.242705,-0.000738,0.397761,0.769629,17.500000,20.472222,25.064815,0,FAIL
medium,cold_start,37.5,20.0,15,0.10,NEW,0.35,1,1.493650,-1,0.245461,-0.001935,0.396169,0.779184,17.500000,20.222222,25.009259,0,FAIL
medium,cold_start,37.5,20.0,15,0.10,NEW,0.35,2,1.494779,-1,0.243240,-0.003399,0.395243,0.764198,17.500000,20.277778,25.018519,0,FAIL
medium,cold_start,37.5,20.0,15,0.01,OLD,1.00,1,1.517683,-1,0.242569,0.034688,0.384262,0.757053,17.500000,19.166667,25.171296,0,FAIL
medium,cold_start,37.5,20.0,15,0.01,NEW,1.00,1,1.503218,-1,0.249662,0.001020,0.406326,0.803521,17.500000,20.333333,25.120370,0,FAIL
medium,cold_start,37.5,20.0,15,0.01,NEW,1.00,2,1.498241,-1,0.248341,0.000640,0.406175,0.792299,17.500000,20.333333,25.125000,0,FAIL
medium,cold_start,37.5,20.0,15,0.01,NEW,0.70,1,1.499597,-1,0.249445,-0.001952,0.403738,0.792734,17.500000,19.777778,24.990741,0,FAIL
medium,cold_start,37.5,20.0,15,0.01,NEW,0.70,2,1.512426,-1,0.249534,-0.000666,0.405867,0.787655,17.500000,19.777778,24.995370,0,FAIL
medium,cold_start,37.5,20.0,15,0.01,NEW,0.50,1,1.499723,-1,0.247680,0.000386,0.404332,0.788078,17.500000,19.500000,24.944444,0,FAIL
medium,cold_start,37.5,20.0,15,0.01,NEW,0.50,2,1.504209,-1,0.249536,0.000238,0.406644,0.786403,17.500000,19.638889,24.953704,0,FAIL
medium,cold_start,37.5,20.0,15,0.01,NEW,0.35,1,1.506754,-1,0.247057,0.001906,0.405614,0.798383,17.500000,19.333333,24.916667,0,FAIL
medium,cold_start,37.5,20.0,15,0.01,NEW,0.35,2,1.503967,-1,0.247856,0.000998,0.405430,0.782218,17.500000,19.500000,24.930556,0,FAIL
medium,cold_start,37.5,20.0,30,0.10,OLD,1.00,1,1.814460,-1,0.329135,0.119940,0.647167,1.095975,17.500000,19.222222,25.092593,0,FAIL
medium,cold_start,37.5,20.0,30,0.10,NEW,1.00,1,1.768061,-1,0.332053,0.069961,0.655890,1.116153,17.500000,21.333333,25.444444,0,FAIL
medium,cold_start,37.5,20.0,30,0.10,NEW,1.00,2,1.788918,-1,0.331217,0.068493,0.656131,1.103800,17.500000,21.305556,25.439815,0,FAIL
medium,cold_start,37.5,20.0,30,0.10,NEW,0.70,1,1.771255,-1,0.322407,0.060314,0.655954,1.105153,17.500000,21.000000,25.416667,0,FAIL
medium,cold_start,37.5,20.0,30,0.10,NEW,0.70,2,1.782964,-1,0.320095,0.058223,0.657158,1.102604,17.500000,20.805556,25.402778,0,FAIL
medium,cold_start,37.5,20.0,30,0.10,NEW,0.50,1,1.778229,-1,0.319799,0.057578,0.655260,1.115854,17.500000,20.611111,25.361111,0,FAIL
medium,cold_start,37.5,20.0,30,0.10,NEW,0.50,2,1.783779,-1,0.318312,0.056730,0.653739,1.096412,17.500000,20.555556,25.356481,0,FAIL
medium,cold_start,37.5,20.0,30,0.10,NEW,0.35,1,1.764533,-1,0.323191,0.059357,0.661314,1.119836,17.500000,20.333333,25.314815,0,FAIL
medium,cold_start,37.5,20.0,30,0.10,NEW,0.35,2,1.769984,-1,0.318951,0.057615,0.654794,1.105576,17.500000,20.472222,25.328704,0,FAIL
medium,cold_start,37.5,20.0,30,0.01,OLD,1.00,1,1.818204,-1,0.344728,0.117360,0.661042,1.122941,17.500000,20.333333,25.185185,0,FAIL
medium,cold_start,37.5,20.0,30,0.01,NEW,1.00,1,1.775224,-1,0.330433,0.060727,0.682435,1.161276,17.500000,20.444444,25.416667,0,FAIL
medium,cold_start,37.5,20.0,30,0.01,NEW,1.00,2,1.786034,-1,0.328629,0.059110,0.678405,1.146497,17.500000,20.722222,25.449074,0,FAIL
medium,cold_start,37.5,20.0,30,0.01,NEW,0.70,1,1.786113,-1,0.338282,0.068487,0.678293,1.143215,17.500000,19.388889,25.268519,0,FAIL
medium,cold_start,37.5,20.0,30,0.01,NEW,0.70,2,1.788968,-1,0.335896,0.066409,0.678405,1.139972,17.500000,19.583333,25.291667,0,FAIL
medium,cold_start,37.5,20.0,30,0.01,NEW,0.50,1,1.770644,-1,0.343716,0.077800,0.676469,1.142060,17.500000,18.833333,25.185185,0,FAIL
medium,cold_start,37.5,20.0,30,0.01,NEW,0.50,2,1.788206,-1,0.340444,0.073922,0.671257,1.135803,17.500000,19.027778,25.208333,0,FAIL
medium,cold_start,37.5,20.0,30,0.01,NEW,0.35,1,1.779448,-1,0.346178,0.081210,0.682776,1.142614,17.500000,18.722222,25.148148,0,FAIL
medium,cold_start,37.5,20.0,30,0.01,NEW,0.35,2,1.777916,-1,0.343508,0.078268,0.674795,1.136281,17.500000,18.750000,25.162037,0,FAIL
medium,cold_start,37.5,20.0,60,0.10,OLD,1.00,1,2.420079,-1,0.687230,0.403866,1.563987,2.183690,17.500000,23.250000,25.949074,0,FAIL
medium,cold_start,37.5,20.0,60,0.10,NEW,1.00,1,2.387371,-1,0.619792,0.327357,1.549514,2.234054,17.500000,21.000000,25.898148,0,FAIL
medium,cold_start,37.5,20.0,60,0.10,NEW,1.00,2,2.377864,-1,0.624633,0.332880,1.555230,2.211869,17.500000,20.638889,25.842593,0,FAIL
medium,cold_start,37.5,20.0,60,0.10,NEW,0.70,1,2.381801,-1,0.646412,0.385399,1.542056,2.197837,17.500000,17.944444,25.490741,0,FAIL
medium,cold_start,37.5,20.0,60,0.10,NEW,0.70,2,2.377592,-1,0.637355,0.367501,1.541340,2.193813,17.500000,18.583333,25.546296,0,FAIL
medium,cold_start,37.5,20.0,60,0.10,NEW,0.50,1,2.379215,-1,0.656274,0.405488,1.557177,2.241852,17.500000,17.500000,25.398148,0,FAIL
medium,cold_start,37.5,20.0,60,0.10,NEW,0.50,2,2.376911,-1,0.646387,0.390409,1.539791,2.193671,17.500000,17.805556,25.430556,0,FAIL
medium,cold_start,37.5,20.0,60,0.10,NEW,0.35,1,2.368888,-1,0.656511,0.401543,1.573012,2.233869,17.500000,17.722222,25.379630,0,FAIL
medium,cold_start,37.5,20.0,60,0.10,NEW,0.35,2,2.369076,-1,0.653858,0.406154,1.549934,2.189048,17.500000,17.472222,25.356481,0,FAIL
medium,cold_start,37.5,20.0,60,0.01,OLD,1.00,1,2.426322,-1,0.627484,0.335010,1.544025,2.213882,17.500000,23.500000,26.150463,0,FAIL
medium,cold_start,37.5,20.0,60,0.01,NEW,1.00,1,2.381206,-1,0.663673,0.415077,1.576412,2.241861,17.500000,17.277778,25.453704,0,FAIL
medium,cold_start,37.5,20.0,60,0.01,NEW,1.00,2,2.378810,-1,0.651407,0.383412,1.571360,2.224978,17.500000,18.194444,25.541667,0,FAIL
medium,cold_start,37.5,20.0,60,0.01,NEW,0.70,1,2.386564,-1,0.687944,0.466029,1.577821,2.253556,17.500000,16.444444,25.351852,0,FAIL
medium,cold_start,37.5,20.0,60,0.01,NEW,0.70,2,2.381641,-1,0.671189,0.433553,1.576521,2.251877,17.500000,16.944444,25.370370,0,FAIL
medium,cold_start,37.5,20.0,60,0.01,NEW,0.50,1,2.381009,-1,0.695353,0.478817,1.588543,2.241871,17.500000,16.277778,25.305556,0,FAIL
medium,cold_start,37.5,20.0,60,0.01,NEW,0.50,2,2.377815,-1,0.685463,0.462824,1.572737,2.236085,17.500000,16.472222,25.310185,0,FAIL
medium,cold_start,37.5,20.0,60,0.01,NEW,0.35,1,2.372782,-1,0.714697,0.506657,1.616637,2.254887,17.500000,16.166667,25.296296,0,FAIL
medium,cold_start,37.5,20.0,60,0.01,NEW,0.35,2,2.378028,-1,0.692101,0.475554,1.580056,2.223523,17.500000,16.305556,25.277778,0,FAIL
medium,cold_start,37.5,25.0,5,0.10,OLD,1.00,1,1.440254,1744,0.027662,0.001563,0.053969,0.117119,12.500000,14.277778,18.118056,0,FAIL
medium,cold_start,37.5,25.0,5,0.10,NEW,1.00,1,1.422329,1773,0.027084,-0.001227,0.053107,0.115967,12.500000,14.111111,18.120370,0,FAIL
medium,cold_start,37.5,25.0,5,0.10,NEW,1.00,2,1.418385,1769,0.025864,-0.003453,0.052118,0.108671,12.500000,14.027778,18.106481,0,FAIL
medium,cold_start,37.5,25.0,5,0.10,NEW,0.70,1,1.428372,1788,0.029724,-0.003528,0.054950,0.117507,12.500000,14.055556,18.064815,0,FAIL
medium,cold_start,37.5,25.0,5,0.10,NEW,0.70,2,1.432437,1800,0.028890,-0.002455,0.054151,0.112197,12.500000,14.055556,18.060185,0,FAIL
medium,cold_start,37.5,25.0,5,0.10,NEW,0.50,1,1.426417,1814,0.027051,-0.000721,0.053914,0.115894,12.500000,14.000000,18.046296,0,FAIL
medium,cold_start,37.5,25.0,5,0.10,NEW,0.50,2,1.421878,1805,0.028009,0.001252,0.053244,0.111175,12.500000,14.027778,18.060185,0,FAIL
medium,cold_start,37.5,25.0,5,0.10,NEW,0.35,1,1.424161,1820,0.029179,0.003776,0.056628,0.119579,12.500000,14.000000,18.027778,0,FAIL
medium,cold_start,37.5,25.0,5,0.10,NEW,0.35,2,1.428927,1817,0.026941,0.000569,0.052811,0.110068,12.500000,14.027778,18.023148,0,FAIL
medium,cold_start,37.5,25.0,5,0.01,OLD,1.00,1,1.447580,1551,0.008763,-0.000772,0.018663,0.048616,12.500000,14.097222,18.099537,0,FAIL
medium,cold_start,37.5,25.0,5,0.01,NEW,1.00,1,1.424953,1785,0.004516,0.000109,0.008600,0.020628,12.500000,14.055556,18.101852,0,FAIL
medium,cold_start,37.5,25.0,5,0.01,NEW,1.00,2,1.419296,1786,0.002601,-0.002181,0.004386,0.008844,12.500000,14.055556,18.101852,0,FAIL
medium,cold_start,37.5,25.0,5,0.01,NEW,0.70,1,1.430967,1821,0.002618,0.000319,0.005478,0.014390,12.500000,14.055556,18.074074,0,FAIL
medium,cold_start,37.5,25.0,5,0.01,NEW,0.70,2,1.428329,1812,0.002636,-0.000053,0.005028,0.011823,12.500000,14.055556,18.074074,0,FAIL
medium,cold_start,37.5,25.0,5,0.01,NEW,0.50,1,1.428909,1822,0.002028,-0.000650,0.004625,0.012630,12.500000,14.055556,18.055556,0,FAIL
medium,cold_start,37.5,25.0,5,0.01,NEW,0.50,2,1.423790,1828,0.002758,-0.000513,0.005140,0.011870,12.500000,14.055556,18.055556,0,FAIL
medium,cold_start,37.5,25.0,5,0.01,NEW,0.35,1,1.426891,1831,0.002202,-0.000672,0.004749,0.012600,12.500000,14.055556,18.037037,0,FAIL
medium,cold_start,37.5,25.0,5,0.01,NEW,0.35,2,1.426125,1832,0.002413,-0.000409,0.004692,0.010648,12.500000,14.055556,18.041667,0,FAIL
medium,cold_start,37.5,25.0,15,0.10,OLD,1.00,1,1.619909,-1,0.161469,-0.005389,0.265283,0.527594,12.500000,13.736111,18.043981,0,FAIL
medium,cold_start,37.5,25.0,15,0.10,NEW,1.00,1,1.615795,-1,0.163758,0.004614,0.273329,0.535675,12.500000,14.722222,18.194444,0,FAIL
medium,cold_start,37.5,25.0,15,0.10,NEW,1.00,2,1.607959,-1,0.166381,-0.004384,0.270825,0.528465,12.500000,14.527778,18.120370,0,FAIL
medium,cold_start,37.5,25.0,15,0.10,NEW,0.70,1,1.602895,-1,0.166699,-0.000693,0.276558,0.538377,12.500000,14.777778,18.129630,0,FAIL
medium,cold_start,37.5,25.0,15,0.10,NEW,0.70,2,1.599159,-1,0.170856,-0.006078,0.274687,0.538443,12.500000,14.416667,18.050926,0,FAIL
medium,cold_start,37.5,25.0,15,0.10,NEW,0.50,1,1.597568,-1,0.167548,-0.003723,0.272366,0.537021,12.500000,14.500000,18.064815,0,FAIL
medium,cold_start,37.5,25.0,15,0.10,NEW,0.50,2,1.604042,-1,0.169416,-0.006323,0.272221,0.538697,12.500000,14.388889,18.032407,0,FAIL
medium,cold_start,37.5,25.0,15,0.10,NEW,0.35,1,1.609038,-1,0.170836,-0.005749,0.273578,0.548123,12.500000,14.333333,18.009259,0,FAIL
medium,cold_start,37.5,25.0,15,0.10,NEW,0.35,2,1.601216,-1,0.168379,-0.006448,0.272009,0.531535,12.500000,14.194444,17.990741,0,FAIL
medium,cold_start,37.5,25.0,15,0.01,OLD,1.00,1,1.617512,-1,0.173231,-0.005229,0.279378,0.546424,12.500000,14.416667,18.104167,0,FAIL
medium,cold_start,37.5,25.0,15,0.01,NEW,1.00,1,1.619392,-1,0.171368,0.013325,0.288831,0.567897,12.500000,14.666667,18.222222,0,FAIL
medium,cold_start,37.5,25.0,15,0.01,NEW,1.00,2,1.611117,-1,0.172335,0.012156,0.291230,0.561644,12.500000,14.694444,18.208333,0,FAIL
medium,cold_start,37.5,25.0,15,0.01,NEW,0.70,1,1.604933,-1,0.171984,0.007671,0.289856,0.571617,12.500000,14.777778,18.157407,0,FAIL
medium,cold_start,37.5,25.0,15,0.01,NEW,0.70,2,1.600274,-1,0.172801,0.007682,0.290712,0.560766,12.500000,14.722222,18.148148,0,FAIL
medium,cold_start,37.5,25.0,15,0.01,NEW,0.50,1,1.598805,-1,0.173049,0.006944,0.290309,0.576735,12.500000,14.722222,18.129630,0,FAIL
medium,cold_start,37.5,25.0,15,0.01,NEW,0.50,2,1.615694,-1,0.174371,0.005413,0.292210,0.563215,12.500000,14.722222,18.115741,0,FAIL
medium,cold_start,37.5,25.0,15,0.01,NEW,0.35,1,1.599840,-1,0.174590,0.005037,0.290226,0.574470,12.500000,14.666667,18.092593,0,FAIL
medium,cold_start,37.5,25.0,15,0.01,NEW,0.35,2,1.599710,-1,0.175034,0.004154,0.291289,0.563153,12.500000,14.694444,18.092593,0,FAIL
medium,cold_start,37.5,25.0,30,0.10,OLD,1.00,1,1.930552,-1,0.228077,0.055444,0.455369,0.781906,12.500000,14.555556,18.365741,0,FAIL
medium,cold_start,37.5,25.0,30,0.10,NEW,1.00,1,1.913012,-1,0.242684,0.089438,0.469422,0.784983,12.500000,14.333333,18.148148,0,FAIL
medium,cold_start,37.5,25.0,30,0.10,NEW,1.00,2,1.899739,-1,0.240998,0.086923,0.466276,0.784444,12.500000,14.388889,18.152778,0,FAIL
medium,cold_start,37.5,25.0,30,0.10,NEW,0.70,1,1.900972,-1,0.244942,0.085426,0.472385,0.800737,12.500000,14.555556,18.129630,0,FAIL
medium,cold_start,37.5,25.0,30,0.10,NEW,0.70,2,1.887865,-1,0.242632,0.083403,0.467735,0.774792,12.500000,14.555556,18.134259,0,FAIL
medium,cold_start,37.5,25.0,30,0.10,NEW,0.50,1,1.901346,-1,0.244222,0.082963,0.470057,0.786608,12.500000,14.611111,18.129630,0,FAIL
medium,cold_start,37.5,25.0,30,0.10,NEW,0.50,2,1.908242,-1,0.244840,0.082792,0.469696,0.776655,12.500000,14.583333,18.120370,0,FAIL
medium,cold_start,37.5,25.0,30,0.10,NEW,0.35,1,1.901101,-1,0.245155,0.072098,0.466354,0.779397,12.500000,14.944444,18.175926,0,FAIL
medium,cold_start,37.5,25.0,30,0.10,NEW,0.35,2,1.906114,-1,0.247005,0.075369,0.468771,0.777070,12.500000,14.861111,18.152778,0,FAIL
medium,cold_start,37.5,25.0,30,0.01,OLD,1.00,1,1.937085,-1,0.243201,0.064792,0.460391,0.795126,12.500000,13.333333,18.210648,0,FAIL
medium,cold_start,37.5,25.0,30,0.01,NEW,1.00,1,1.905185,-1,0.249907,0.059262,0.486820,0.810499,12.500000,15.333333,18.324074,0,FAIL
medium,cold_start,37.5,25.0,30,0.01,NEW,1.00,2,1.902846,-1,0.247477,0.056272,0.484244,0.808707,12.500000,15.305556,18.328704,0,FAIL
medium,cold_start,37.5,25.0,30,0.01,NEW,0.70,1,1.901025,-1,0.239738,0.048687,0.479504,0.810076,12.500000,15.277778,18.333333,0,FAIL
medium,cold_start,37.5,25.0,30,0.01,NEW,0.70,2,1.906014,-1,0.239412,0.048114,0.480518,0.804208,12.500000,15.277778,18.333333,0,FAIL
medium,cold_start,37.5,25.0,30,0.01,NEW,0.50,1,1.916361,-1,0.237095,0.045553,0.480727,0.809828,12.500000,15.166667,18.324074,0,FAIL
medium,cold_start,37.5,25.0,30,0.01,NEW,0.50,2,1.903256,-1,0.235215,0.044069,0.479284,0.808740,12.500000,15.111111,18.319444,0,FAIL
medium,cold_start,37.5,25.0,30,0.01,NEW,0.35,1,1.900581,-1,0.235847,0.044758,0.479183,0.806745,12.500000,15.111111,18.305556,0,FAIL
medium,cold_start,37.5,25.0,30,0.01,NEW,0.35,2,1.909077,-1,0.235448,0.043665,0.482375,0.811548,12.500000,15.027778,18.300926,0,FAIL
medium,cold_start,37.5,25.0,60,0.10,OLD,1.00,1,2.580939,-1,0.526983,0.356468,1.129864,1.566416,12.500000,15.791667,18.587963,0,FAIL
medium,cold_start,37.5,25.0,60,0.10,NEW,1.00,1,2.532357,-1,0.452359,0.248280,1.088590,1.578187,12.500000,16.666667,18.805556,0,FAIL
medium,cold_start,37.5,25.0,60,0.10,NEW,1.00,2,2.532439,-1,0.443671,0.239636,1.084487,1.546933,12.500000,16.722222,18.837963,0,FAIL
medium,cold_start,37.5,25.0,60,0.10,NEW,0.70,1,2.554603,-1,0.431466,0.224621,1.092167,1.589984,12.500000,16.222222,18.805556,0,FAIL
medium,cold_start,37.5,25.0,60,0.10,NEW,0.70,2,2.533024,-1,0.426553,0.223362,1.076884,1.531769,12.500000,16.500000,18.819444,0,FAIL
medium,cold_start,37.5,25.0,60,0.10,NEW,0.50,1,2.550405,-1,0.435006,0.230624,1.101003,1.570861,12.500000,15.444444,18.694444,0,FAIL
medium,cold_start,37.5,25.0,60,0.10,NEW,0.50,2,2.533291,-1,0.440555,0.234585,1.091584,1.546657,12.500000,16.666667,18.800926,0,FAIL
medium,cold_start,37.5,25.0,60,0.10,NEW,0.35,1,2.550056,-1,0.436233,0.229735,1.100794,1.576384,12.500000,15.666667,18.712963,0,FAIL
medium,cold_start,37.5,25.0,60,0.10,NEW,0.35,2,2.549141,-1,0.430257,0.225062,1.088166,1.565442,12.500000,15.694444,18.708333,0,FAIL
medium,cold_start,37.5,25.0,60,0.01,OLD,1.00,1,2.587525,-1,0.459999,0.251640,1.116834,1.590003,12.500000,16.805556,18.849537,0,FAIL
medium,cold_start,37.5,25.0,60,0.01,NEW,1.00,1,2.537358,-1,0.432966,0.222754,1.094451,1.552645,12.500000,16.500000,18.851852,0,FAIL
medium,cold_start,37.5,25.0,60,0.01,NEW,1.00,2,2.541465,-1,0.454060,0.247483,1.114484,1.580660,12.500000,14.000000,18.560185,0,FAIL
medium,cold_start,37.5,25.0,60,0.01,NEW,0.70,1,2.545570,-1,0.436426,0.225969,1.098257,1.566629,12.500000,15.388889,18.694444,0,FAIL
medium,cold_start,37.5,25.0,60,0.01,NEW,0.70,2,2.558284,-1,0.461740,0.269083,1.112869,1.577381,12.500000,13.083333,18.412037,0,FAIL
medium,cold_start,37.5,25.0,60,0.01,NEW,0.50,1,2.549006,-1,0.439955,0.229046,1.100396,1.563721,12.500000,15.055556,18.638889,0,FAIL
medium,cold_start,37.5,25.0,60,0.01,NEW,0.50,2,2.546621,-1,0.463835,0.274242,1.113047,1.579395,12.500000,12.888889,18.375000,0,FAIL
medium,cold_start,37.5,25.0,60,0.01,NEW,0.35,1,2.555305,-1,0.442170,0.232190,1.099127,1.558378,12.500000,14.722222,18.583333,0,FAIL
medium,cold_start,37.5,25.0,60,0.01,NEW,0.35,2,2.554951,-1,0.467999,0.284590,1.115460,1.585524,12.500000,12.611111,18.328704,0,FAIL
medium,cold_start,37.5,28.0,5,0.10,OLD,1.00,1,1.493301,1118,0.028714,-0.009069,0.051455,0.112405,9.500000,10.694444,13.821759,0,FAIL
medium,cold_start,37.5,28.0,5,0.10,NEW,1.00,1,1.481459,1365,0.025584,0.001553,0.047734,0.104109,9.500000,10.666667,13.842593,0,FAIL
medium,cold_start,37.5,28.0,5,0.10,NEW,1.00,2,1.477212,1159,0.027417,-0.000289,0.053208,0.110611,9.500000,10.694444,13.856481,0,FAIL
medium,cold_start,37.5,28.0,5,0.10,NEW,0.70,1,1.483310,1367,0.028625,0.000556,0.053365,0.114757,9.500000,10.777778,13.824074,0,FAIL
medium,cold_start,37.5,28.0,5,0.10,NEW,0.70,2,1.479170,1175,0.027808,0.000993,0.053478,0.113187,9.500000,10.694444,13.819444,0,FAIL
medium,cold_start,37.5,28.0,5,0.10,NEW,0.50,1,1.482544,1384,0.025951,-0.004131,0.051716,0.112871,9.500000,10.777778,13.814815,0,FAIL
medium,cold_start,37.5,28.0,5,0.10,NEW,0.50,2,1.484347,1181,0.029652,-0.003552,0.055131,0.113559,9.500000,10.666667,13.791667,0,FAIL
medium,cold_start,37.5,28.0,5,0.10,NEW,0.35,1,1.475950,1204,0.026815,-0.002105,0.053058,0.114918,9.500000,10.722222,13.805556,0,FAIL
medium,cold_start,37.5,28.0,5,0.10,NEW,0.35,2,1.470729,1193,0.028526,0.001497,0.053848,0.112505,9.500000,10.638889,13.800926,0,FAIL
medium,cold_start,37.5,28.0,5,0.01,OLD,1.00,1,1.499321,1323,0.008381,0.000559,0.016706,0.040896,9.500000,10.666667,13.835648,0,FAIL
medium,cold_start,37.5,28.0,5,0.01,NEW,1.00,1,1.492464,1366,0.002368,-0.001001,0.005092,0.012922,9.500000,10.722222,13.842593,0,FAIL
medium,cold_start,37.5,28.0,5,0.01,NEW,1.00,2,1.492055,1365,0.003098,-0.000516,0.005772,0.012987,9.500000,10.694444,13.837963,0,FAIL
medium,cold_start,37.5,28.0,5,0.01,NEW,0.70,1,1.489261,1387,0.002618,0.000231,0.005562,0.014342,9.500000,10.666667,13.814815,0,FAIL
medium,cold_start,37.5,28.0,5,0.01,NEW,0.70,2,1.483104,1385,0.002817,0.000291,0.005353,0.012214,9.500000,10.666667,13.814815,0,FAIL
medium,cold_start,37.5,28.0,5,0.01,NEW,0.50,1,1.485978,1403,0.002026,-0.000793,0.004701,0.012106,9.500000,10.666667,13.796296,0,FAIL
medium,cold_start,37.5,28.0,5,0.01,NEW,0.50,2,1.485094,1403,0.002649,-0.001159,0.004913,0.011277,9.500000,10.694444,13.800926,0,FAIL
medium,cold_start,37.5,28.0,5,0.01,NEW,0.35,1,1.477772,1408,0.002506,-0.000141,0.005360,0.013831,9.500000,10.666667,13.787037,0,FAIL
medium,cold_start,37.5,28.0,5,0.01,NEW,0.35,2,1.474649,1411,0.002714,-0.000293,0.005281,0.012299,9.500000,10.722222,13.791667,0,FAIL
medium,cold_start,37.5,28.0,15,0.10,OLD,1.00,1,1.678304,-1,0.113865,-0.004127,0.192119,0.377323,9.500000,11.027778,13.895833,0,FAIL
medium,cold_start,37.5,28.0,15,0.10,NEW,1.00,1,1.661113,-1,0.119027,0.007746,0.204123,0.398405,9.500000,10.166667,13.796296,0,FAIL
medium,cold_start,37.5,28.0,15,0.10,NEW,1.00,2,1.676738,-1,0.121419,0.004939,0.204561,0.393925,9.500000,10.222222,13.796296,0,FAIL
medium,cold_start,37.5,28.0,15,0.10,NEW,0.70,1,1.662838,-1,0.127868,0.019269,0.212085,0.410650,9.500000,10.055556,13.805556,0,FAIL
medium,cold_start,37.5,28.0,15,0.10,NEW,0.70,2,1.674858,-1,0.121895,0.010780,0.206554,0.397888,9.500000,10.083333,13.777778,0,FAIL
medium,cold_start,37.5,28.0,15,0.10,NEW,0.50,1,1.664911,-1,0.126600,0.020145,0.208413,0.403237,9.500000,10.222222,13.814815,0,FAIL
medium,cold_start,37.5,28.0,15,0.10,NEW,0.50,2,1.682397,-1,0.122799,0.012899,0.207065,0.398229,9.500000,10.027778,13.768519,0,FAIL
medium,cold_start,37.5,28.0,15,0.10,NEW,0.35,1,1.668784,-1,0.120352,0.014074,0.202839,0.398778,9.500000,10.055556,13.759259,0,FAIL
medium,cold_start,37.5,28.0,15,0.10,NEW,0.35,2,1.664481,-1,0.123142,0.018541,0.205383,0.395960,9.500000,10.111111,13.782407,0,FAIL
medium,cold_start,37.5,28.0,15,0.01,OLD,1.00,1,1.698231,-1,0.127000,0.010270,0.209649,0.423129,9.500000,11.416667,13.930556,0,FAIL
medium,cold_start,37.5,28.0,15,0.01,NEW,1.00,1,1.668336,-1,0.132728,0.008068,0.224128,0.435771,9.500000,11.222222,13.916667,0,FAIL
medium,cold_start,37.5,28.0,15,0.01,NEW,1.00,2,1.679828,-1,0.131664,0.006223,0.223145,0.431824,9.500000,11.194444,13.907407,0,FAIL
medium,cold_start,37.5,28.0,15,0.01,NEW,0.70,1,1.664231,-1,0.134649,0.004326,0.222430,0.434985,9.500000,11.166667,13.861111,0,FAIL
medium,cold_start,37.5,28.0,15,0.01,NEW,0.70,2,1.662147,-1,0.133589,0.004208,0.223034,0.430810,9.500000,11.194444,13.865741,0,FAIL
medium,cold_start,37.5,28.0,15,0.01,NEW,0.50,1,1.668781,-1,0.135596,0.003185,0.222790,0.435716,9.500000,11.166667,13.833333,0,FAIL
medium,cold_start,37.5,28.0,15,0.01,NEW,0.50,2,1.676486,-1,0.135314,0.002330,0.222729,0.430957,9.500000,11.111111,13.824074,0,FAIL
medium,cold_start,37.5,28.0,15,0.01,NEW,0.35,1,1.672608,-1,0.136440,0.002485,0.222991,0.433002,9.500000,11.055556,13.805556,0,FAIL
medium,cold_start,37.5,28.0,15,0.01,NEW,0.35,2,1.664487,-1,0.135426,0.001538,0.222025,0.430747,9.500000,11.083333,13.805556,0,FAIL
medium,cold_start,37.5,28.0,30,0.10,OLD,1.00,1,2.009337,-1,0.173714,0.049478,0.336943,0.562694,9.500000,10.986111,13.939815,0,FAIL
medium,cold_start,37.5,28.0,30,0.10,NEW,1.00,1,1.978277,-1,0.177868,0.066013,0.346172,0.585359,9.500000,10.722222,13.870370,0,FAIL
medium,cold_start,37.5,28.0,30,0.10,NEW,1.00,2,1.973922,-1,0.179854,0.057067,0.341384,0.576135,9.500000,11.138889,13.912037,0,FAIL
medium,cold_start,37.5,28.0,30,0.10,NEW,0.70,1,1.975796,-1,0.180836,0.057654,0.342351,0.587269,9.500000,11.166667,13.888889,0,FAIL
medium,cold_start,37.5,28.0,30,0.10,NEW,0.70,2,1.977205,-1,0.179005,0.057229,0.337119,0.568926,9.500000,11.138889,13.888889,0,FAIL
medium,cold_start,37.5,28.0,30,0.10,NEW,0.50,1,1.976988,-1,0.179676,0.056182,0.339414,0.581690,9.500000,11.222222,13.879630,0,FAIL
medium,cold_start,37.5,28.0,30,0.10,NEW,0.50,2,1.975770,-1,0.180476,0.047992,0.340966,0.571144,9.500000,11.472222,13.935185,0,FAIL
medium,cold_start,37.5,28.0,30,0.10,NEW,0.35,1,1.966945,-1,0.182046,0.056340,0.343892,0.584311,9.500000,11.222222,13.870370,0,FAIL
medium,cold_start,37.5,28.0,30,0.10,NEW,0.35,2,1.967603,-1,0.176873,0.044215,0.338863,0.576379,9.500000,11.388889,13.930556,0,FAIL
medium,cold_start,37.5,28.0,30,0.01,OLD,1.00,1,2.018502,-1,0.191636,0.059845,0.366117,0.629707,9.500000,9.958333,13.888889,0,FAIL
medium,cold_start,37.5,28.0,30,0.01,NEW,1.00,1,1.977154,-1,0.178691,0.031375,0.364562,0.638148,9.500000,11.277778,14.046296,0,FAIL
medium,cold_start,37.5,28.0,30,0.01,NEW,1.00,2,1.977136,-1,0.182275,0.036451,0.365132,0.618574,9.500000,11.611111,14.055556,0,FAIL
medium,cold_start,37.5,28.0,30,0.01,NEW,0.70,1,1.980277,-1,0.182128,0.033715,0.375809,0.633782,9.500000,11.055556,14.000000,0,FAIL
medium,cold_start,37.5,28.0,30,0.01,NEW,0.70,2,1.977835,-1,0.177708,0.032168,0.364014,0.618514,9.500000,11.305556,14.023148,0,FAIL
medium,cold_start,37.5,28.0,30,0.01,NEW,0.50,1,1.977080,-1,0.180954,0.033988,0.366130,0.638176,9.500000,10.722222,13.944444,0,FAIL
medium,cold_start,37.5,28.0,30,0.01,NEW,0.50,2,1.977473,-1,0.178587,0.033085,0.366919,0.616610,9.500000,11.083333,13.986111,0,FAIL
medium,cold_start,37.5,28.0,30,0.01,NEW,0.35,1,1.972820,-1,0.188185,0.041467,0.380151,0.649332,9.500000,10.333333,13.888889,0,FAIL
medium,cold_start,37.5,28.0,30,0.01,NEW,0.35,2,1.973368,-1,0.178825,0.033442,0.367243,0.614608,9.500000,10.972222,13.967593,0,FAIL
medium,cold_start,37.5,28.0,60,0.10,OLD,1.00,1,2.678034,-1,0.379196,0.259489,0.810716,1.130943,9.500000,11.555556,14.175926,0,FAIL
medium,cold_start,37.5,28.0,60,0.10,NEW,1.00,1,2.633497,-1,0.341663,0.188997,0.822574,1.198218,9.500000,12.666667,14.416667,0,FAIL
medium,cold_start,37.5,28.0,60,0.10,NEW,1.00,2,2.635502,-1,0.323655,0.173285,0.818810,1.154199,9.500000,12.500000,14.444444,0,FAIL
medium,cold_start,37.5,28.0,60,0.10,NEW,0.70,1,2.646368,-1,0.325841,0.176614,0.806076,1.178136,9.500000,12.500000,14.398148,0,FAIL
medium,cold_start,37.5,28.0,60,0.10,NEW,0.70,2,2.644045,-1,0.321659,0.170754,0.813287,1.153689,9.500000,12.333333,14.407407,0,FAIL
medium,cold_start,37.5,28.0,60,0.10,NEW,0.50,1,2.645291,-1,0.326451,0.174232,0.817974,1.186220,9.500000,12.500000,14.407407,0,FAIL
medium,cold_start,37.5,28.0,60,0.10,NEW,0.50,2,2.643678,-1,0.324015,0.172979,0.819379,1.153615,9.500000,11.916667,14.347222,0,FAIL
medium,cold_start,37.5,28.0,60,0.10,NEW,0.35,1,2.638096,-1,0.321771,0.170937,0.812801,1.170278,9.500000,12.222222,14.379630,0,FAIL
medium,cold_start,37.5,28.0,60,0.10,NEW,0.35,2,2.638721,-1,0.323563,0.172307,0.817861,1.155621,9.500000,11.972222,14.342593,0,FAIL
medium,cold_start,37.5,28.0,60,0.01,OLD,1.00,1,2.687269,-1,0.343302,0.184979,0.861874,1.238835,9.500000,11.597222,14.354167,0,FAIL
medium,cold_start,37.5,28.0,60,0.01,NEW,1.00,1,2.659758,-1,0.343103,0.186927,0.834426,1.189678,9.500000,10.555556,14.222222,0,FAIL
medium,cold_start,37.5,28.0,60,0.01,NEW,1.00,2,2.638517,-1,0.374502,0.253809,0.859482,1.220641,9.500000,8.916667,14.046296,0,FAIL
medium,cold_start,37.5,28.0,60,0.01,NEW,0.70,1,2.645189,-1,0.357630,0.219074,0.841639,1.192414,9.500000,9.500000,14.074074,0,FAIL
medium,cold_start,37.5,28.0,60,0.01,NEW,0.70,2,2.651967,-1,0.386634,0.273151,0.874617,1.218328,9.500000,8.777778,14.032407,0,FAIL
medium,cold_start,37.5,28.0,60,0.01,NEW,0.50,1,2.638627,-1,0.355503,0.213970,0.841528,1.193489,9.500000,9.611111,14.064815,0,FAIL
medium,cold_start,37.5,28.0,60,0.01,NEW,0.50,2,2.640110,-1,0.388144,0.275648,0.873825,1.212960,9.500000,8.750000,14.013889,0,FAIL
medium,cold_start,37.5,28.0,60,0.01,NEW,0.35,1,2.643509,-1,0.360027,0.224787,0.842872,1.194951,9.500000,9.333333,14.027778,0,FAIL
medium,cold_start,37.5,28.0,60,0.01,NEW,0.35,2,2.640326,-1,0.395952,0.285657,0.877373,1.217887,9.500000,8.722222,14.018519,0,FAIL
heavy,cold_start,30.0,20.0,5,0.10,OLD,1.00,1,0.869383,2641,0.026827,0.002291,0.049585,0.105780,10.000000,18.666667,27.125000,0,FAIL
heavy,cold_start,30.0,20.0,5,0.10,NEW,1.00,1,0.853560,2654,0.026688,0.006506,0.050631,0.105395,10.000000,18.444444,27.092593,0,FAIL
heavy,cold_start,30.0,20.0,5,0.10,NEW,1.00,2,0.853670,2653,0.025225,0.000837,0.049163,0.103227,10.000000,18.861111,27.129630,0,FAIL
heavy,cold_start,30.0,20.0,5,0.10,NEW,0.70,1,0.851655,2697,0.025271,0.001075,0.048727,0.103411,10.000000,18.777778,27.018519,0,FAIL
heavy,cold_start,30.0,20.0,5,0.10,NEW,0.70,2,0.853613,2698,0.026202,0.003770,0.051157,0.105483,10.000000,18.277778,27.009259,0,FAIL
heavy,cold_start,30.0,20.0,5,0.10,NEW,0.50,1,0.855927,2708,0.027298,0.007354,0.050353,0.105018,10.000000,18.944444,27.055556,0,FAIL
heavy,cold_start,30.0,20.0,5,0.10,NEW,0.50,2,0.857595,2710,0.023583,-0.001690,0.049306,0.104147,10.000000,19.000000,27.037037,0,FAIL
heavy,cold_start,30.0,20.0,5,0.10,NEW,0.35,1,0.853977,2727,0.023985,-0.000747,0.048922,0.103237,10.000000,18.888889,27.018519,0,FAIL
heavy,cold_start,30.0,20.0,5,0.10,NEW,0.35,2,0.854316,2721,0.024746,0.001412,0.048944,0.103453,10.000000,18.805556,26.962963,0,FAIL
heavy,cold_start,30.0,20.0,5,0.01,OLD,1.00,1,0.872215,2650,0.016459,0.001701,0.029730,0.065972,10.000000,18.986111,27.120370,0,FAIL
heavy,cold_start,30.0,20.0,5,0.01,NEW,1.00,1,0.858839,2698,0.015004,0.001700,0.025732,0.054221,10.000000,18.888889,27.101852,0,FAIL
heavy,cold_start,30.0,20.0,5,0.01,NEW,1.00,2,0.856878,2697,0.014929,0.001828,0.025451,0.053386,10.000000,18.916667,27.101852,0,FAIL
heavy,cold_start,30.0,20.0,5,0.01,NEW,0.70,1,0.857564,2732,0.015708,0.001011,0.027316,0.059736,10.000000,19.000000,27.055556,0,FAIL
heavy,cold_start,30.0,20.0,5,0.01,NEW,0.70,2,0.856524,2736,0.015196,0.000987,0.027029,0.058395,10.000000,18.972222,27.055556,0,FAIL
heavy,cold_start,30.0,20.0,5,0.01,NEW,0.50,1,0.855427,2750,0.015507,0.000526,0.026364,0.057813,10.000000,19.000000,27.037037,0,FAIL
heavy,cold_start,30.0,20.0,5,0.01,NEW,0.50,2,0.855939,3053,0.016010,0.000552,0.027629,0.059567,10.000000,19.027778,27.037037,0,FAIL
heavy,cold_start,30.0,20.0,5,0.01,NEW,0.35,1,0.857951,2758,0.016363,0.000503,0.028148,0.060454,10.000000,19.000000,27.018519,0,FAIL
heavy,cold_start,30.0,20.0,5,0.01,NEW,0.35,2,0.855319,2758,0.015467,0.000021,0.027002,0.057732,10.000000,19.000000,27.018519,0,FAIL
heavy,cold_start,30.0,20.0,15,0.10,OLD,1.00,1,0.931867,-1,0.126066,-0.005144,0.195551,0.389764,10.000000,17.361111,27.062500,0,FAIL
heavy,cold_start,30.0,20.0,15,0.10,NEW,1.00,1,0.914261,-1,0.130852,0.025688,0.210882,0.413553,10.000000,19.500000,27.120370,0,FAIL
heavy,cold_start,30.0,20.0,15,0.10,NEW,1.00,2,0.916363,-1,0.129321,0.026282,0.208793,0.410719,10.000000,19.305556,27.101852,0,FAIL
heavy,cold_start,30.0,20.0,15,0.10,NEW,0.70,1,0.914257,-1,0.131305,0.021503,0.208478,0.411778,10.000000,19.944444,27.111111,0,FAIL
heavy,cold_start,30.0,20.0,15,0.10,NEW,0.70,2,0.913187,-1,0.131722,0.021478,0.209384,0.410467,10.000000,20.027778,27.120370,0,FAIL
heavy,cold_start,30.0,20.0,15,0.10,NEW,0.50,1,0.912185,-1,0.132884,0.018751,0.210311,0.414127,10.000000,20.277778,27.120370,0,FAIL
heavy,cold_start,30.0,20.0,15,0.10,NEW,0.50,2,0.914815,-1,0.132054,0.020031,0.208468,0.412058,10.000000,20.138889,27.101852,0,FAIL
heavy,cold_start,30.0,20.0,15,0.10,NEW,0.35,1,0.913656,-1,0.132083,0.023036,0.209778,0.414262,10.000000,19.777778,27.046296,0,FAIL
heavy,cold_start,30.0,20.0,15,0.10,NEW,0.35,2,0.915562,-1,0.133602,0.017252,0.210750,0.414087,10.000000,20.444444,27.120370,0,FAIL
heavy,cold_start,30.0,20.0,15,0.01,OLD,1.00,1,0.936047,-1,0.130565,0.027175,0.212918,0.423823,10.000000,17.972222,26.981481,0,FAIL
heavy,cold_start,30.0,20.0,15,0.01,NEW,1.00,1,0.917551,-1,0.140307,0.006320,0.220790,0.436551,10.000000,21.000000,27.287037,0,FAIL
heavy,cold_start,30.0,20.0,15,0.01,NEW,1.00,2,0.917894,-1,0.140166,0.006301,0.220604,0.435555,10.000000,21.027778,27.291667,0,FAIL
heavy,cold_start,30.0,20.0,15,0.01,NEW,0.70,1,0.920426,-1,0.140029,-0.003049,0.219565,0.438600,10.000000,21.166667,27.268519,0,FAIL
heavy,cold_start,30.0,20.0,15,0.01,NEW,0.70,2,0.919657,-1,0.139936,-0.003048,0.219535,0.435987,10.000000,21.111111,27.263889,0,FAIL
heavy,cold_start,30.0,20.0,15,0.01,NEW,0.50,1,0.921222,-1,0.139690,-0.006583,0.218735,0.438080,10.000000,21.111111,27.240741,0,FAIL
heavy,cold_start,30.0,20.0,15,0.01,NEW,0.50,2,0.918117,-1,0.139696,-0.006136,0.218698,0.436010,10.000000,21.083333,27.236111,0,FAIL
heavy,cold_start,30.0,20.0,15,0.01,NEW,0.35,1,0.920358,-1,0.139122,-0.008931,0.217975,0.436034,10.000000,21.000000,27.222222,0,FAIL
heavy,cold_start,30.0,20.0,15,0.01,NEW,0.35,2,0.919280,-1,0.139131,-0.008416,0.217817,0.435310,10.000000,21.000000,27.217593,0,FAIL
heavy,cold_start,30.0,20.0,30,0.10,OLD,1.00,1,1.032319,-1,0.148757,-0.007859,0.269781,0.499174,10.000000,20.208333,27.307870,0,FAIL
heavy,cold_start,30.0,20.0,30,0.10,NEW,1.00,1,1.016823,-1,0.157856,0.033613,0.286413,0.513041,10.000000,16.000000,26.953704,0,FAIL
heavy,cold_start,30.0,20.0,30,0.10,NEW,1.00,2,1.016741,-1,0.157826,0.034603,0.285424,0.511785,10.000000,16.000000,26.953704,0,FAIL
heavy,cold_start,30.0,20.0,30,0.10,NEW,0.70,1,1.016829,-1,0.161420,0.042760,0.286806,0.514592,10.000000,16.333333,26.935185,0,FAIL
heavy,cold_start,30.0,20.0,30,0.10,NEW,0.70,2,1.015950,-1,0.160274,0.040301,0.284597,0.513011,10.000000,16.166667,26.916667,0,FAIL
heavy,cold_start,30.0,20.0,30,0.10,NEW,0.50,1,1.013490,-1,0.162026,0.046658,0.286652,0.515197,10.000000,16.500000,26.925926,0,FAIL
heavy,cold_start,30.0,20.0,30,0.10,NEW,0.50,2,1.015097,-1,0.161434,0.044282,0.286851,0.513626,10.000000,16.361111,26.912037,0,FAIL
heavy,cold_start,30.0,20.0,30,0.10,NEW,0.35,1,1.016082,-1,0.162308,0.047739,0.284865,0.514457,10.000000,16.611111,26.916667,0,FAIL
heavy,cold_start,30.0,20.0,30,0.10,NEW,0.35,2,1.014943,-1,0.161424,0.046779,0.285766,0.512654,10.000000,16.527778,26.907407,0,FAIL
heavy,cold_start,30.0,20.0,30,0.01,OLD,1.00,1,1.036525,-1,0.161207,0.012603,0.291989,0.535789,10.000000,16.638889,26.979167,0,FAIL
heavy,cold_start,30.0,20.0,30,0.01,NEW,1.00,1,1.020196,-1,0.173559,0.055912,0.301838,0.541923,10.000000,16.944444,27.074074,0,FAIL
heavy,cold_start,30.0,20.0,30,0.01,NEW,1.00,2,1.020407,-1,0.174213,0.056698,0.302531,0.542849,10.000000,16.972222,27.078704,0,FAIL
heavy,cold_start,30.0,20.0,30,0.01,NEW,0.70,1,1.023093,-1,0.175228,0.058209,0.300547,0.538652,10.000000,17.722222,27.083333,0,FAIL
heavy,cold_start,30.0,20.0,30,0.01,NEW,0.70,2,1.020490,-1,0.176491,0.059170,0.302436,0.540658,10.000000,17.694444,27.087963,0,FAIL
heavy,cold_start,30.0,20.0,30,0.01,NEW,0.50,1,1.020161,-1,0.175501,0.058471,0.300708,0.538926,10.000000,18.000000,27.074074,0,FAIL
heavy,cold_start,30.0,20.0,30,0.01,NEW,0.50,2,1.020968,-1,0.176653,0.059315,0.302278,0.541460,10.000000,18.166667,27.092593,0,FAIL
heavy,cold_start,30.0,20.0,30,0.01,NEW,0.35,1,1.019567,-1,0.176698,0.059253,0.302073,0.544478,10.000000,18.166667,27.074074,0,FAIL
heavy,cold_start,30.0,20.0,30,0.01,NEW,0.35,2,1.020118,-1,0.176250,0.058952,0.302218,0.541452,10.000000,18.388889,27.092593,0,FAIL
heavy,cold_start,30.0,20.0,60,0.10,OLD,1.00,1,1.250272,-1,0.240363,0.090730,0.512221,0.794479,10.000000,18.625000,27.050926,0,FAIL
heavy,cold_start,30.0,20.0,60,0.10,NEW,1.00,1,1.233363,-1,0.251391,0.110128,0.531936,0.819310,10.000000,18.611111,27.361111,0,FAIL
heavy,cold_start,30.0,20.0,60,0.10,NEW,1.00,2,1.233882,-1,0.247870,0.107842,0.525893,0.810852,10.000000,18.583333,27.333333,0,FAIL
heavy,cold_start,30.0,20.0,60,0.10,NEW,0.70,1,1.232066,-1,0.248267,0.108295,0.524388,0.806666,10.000000,18.611111,27.351852,0,FAIL
heavy,cold_start,30.0,20.0,60,0.10,NEW,0.70,2,1.235362,-1,0.246458,0.107067,0.520753,0.803957,10.000000,18.527778,27.328704,0,FAIL
heavy,cold_start,30.0,20.0,60,0.10,NEW,0.50,1,1.234007,-1,0.253534,0.112041,0.532390,0.821214,10.000000,18.611111,27.379630,0,FAIL
heavy,cold_start,30.0,20.0,60,0.10,NEW,0.50,2,1.233105,-1,0.247408,0.108027,0.521710,0.806372,10.000000,18.583333,27.324074,0,FAIL
heavy,cold_start,30.0,20.0,60,0.10,NEW,0.35,1,1.233734,-1,0.250828,0.110660,0.526861,0.814253,10.000000,18.611111,27.324074,0,FAIL
heavy,cold_start,30.0,20.0,60,0.10,NEW,0.35,2,1.231689,-1,0.248747,0.109177,0.523590,0.805851,10.000000,18.583333,27.319444,0,FAIL
heavy,cold_start,30.0,20.0,60,0.01,OLD,1.00,1,1.258129,-1,0.250916,0.106141,0.535089,0.831122,10.000000,18.527778,27.280093,0,FAIL
heavy,cold_start,30.0,20.0,60,0.01,NEW,1.00,1,1.238296,-1,0.255299,0.106535,0.535109,0.832066,10.000000,18.777778,27.537037,0,FAIL
heavy,cold_start,30.0,20.0,60,0.01,NEW,1.00,2,1.240271,-1,0.256261,0.106947,0.538526,0.839486,10.000000,18.861111,27.583333,0,FAIL
heavy,cold_start,30.0,20.0,60,0.01,NEW,0.70,1,1.242555,-1,0.256875,0.107278,0.539386,0.846091,10.000000,18.888889,27.601852,0,FAIL
heavy,cold_start,30.0,20.0,60,0.01,NEW,0.70,2,1.240857,-1,0.257630,0.107905,0.541965,0.839900,10.000000,18.888889,27.597222,0,FAIL
heavy,cold_start,30.0,20.0,60,0.01,NEW,0.50,1,1.238470,-1,0.257191,0.107841,0.539942,0.838854,10.000000,18.888889,27.583333,0,FAIL
heavy,cold_start,30.0,20.0,60,0.01,NEW,0.50,2,1.239009,-1,0.256784,0.107439,0.539418,0.838668,10.000000,18.888889,27.601852,0,FAIL
heavy,cold_start,30.0,20.0,60,0.01,NEW,0.35,1,1.237314,-1,0.256265,0.107724,0.536472,0.830689,10.000000,18.777778,27.564815,0,FAIL
heavy,cold_start,30.0,20.0,60,0.01,NEW,0.35,2,1.238141,-1,0.257164,0.107933,0.541223,0.836785,10.000000,18.861111,27.597222,0,FAIL
heavy,cold_start,30.0,25.0,5,0.10,OLD,1.00,1,0.964696,1515,0.023405,0.010435,0.048749,0.104966,5.000000,9.222222,13.812500,0,FAIL
heavy,cold_start,30.0,25.0,5,0.10,NEW,1.00,1,0.956035,1565,0.026330,0.004406,0.049241,0.104564,5.000000,9.277778,13.879630,0,FAIL
heavy,cold_start,30.0,25.0,5,0.10,NEW,1.00,2,0.952491,1546,0.027649,0.003593,0.048889,0.102373,5.000000,9.583333,13.865741,0,FAIL
heavy,cold_start,30.0,25.0,5,0.10,NEW,0.70,1,0.950060,1577,0.028133,0.000483,0.048841,0.102923,5.000000,9.611111,13.870370,0,FAIL
heavy,cold_start,30.0,25.0,5,0.10,NEW,0.70,2,0.952342,1567,0.028537,-0.006527,0.050184,0.103849,5.000000,9.333333,13.796296,0,FAIL
heavy,cold_start,30.0,25.0,5,0.10,NEW,0.50,1,0.952887,1604,0.023958,0.008115,0.048690,0.102696,5.000000,9.611111,13.805556,0,FAIL
heavy,cold_start,30.0,25.0,5,0.10,NEW,0.50,2,0.952166,1604,0.025719,-0.002098,0.049106,0.103160,5.000000,9.305556,13.787037,0,FAIL
heavy,cold_start,30.0,25.0,5,0.10,NEW,0.35,1,0.956024,1633,0.025464,-0.004659,0.049398,0.105076,5.000000,9.055556,13.740741,0,FAIL
heavy,cold_start,30.0,25.0,5,0.10,NEW,0.35,2,0.954575,1629,0.024028,0.005719,0.048861,0.102214,5.000000,9.555556,13.777778,0,FAIL
heavy,cold_start,30.0,25.0,5,0.01,OLD,1.00,1,0.969059,1519,0.008742,0.001873,0.016282,0.035797,5.000000,9.388889,13.863426,0,FAIL
heavy,cold_start,30.0,25.0,5,0.01,NEW,1.00,1,0.957586,1556,0.006896,0.001297,0.012366,0.026870,5.000000,9.388889,13.861111,0,FAIL
heavy,cold_start,30.0,25.0,5,0.01,NEW,1.00,2,0.956826,1555,0.007264,0.001404,0.012643,0.026484,5.000000,9.361111,13.856481,0,FAIL
heavy,cold_start,30.0,25.0,5,0.01,NEW,0.70,1,0.956294,1587,0.006823,0.001178,0.012330,0.026550,5.000000,9.444444,13.833333,0,FAIL
heavy,cold_start,30.0,25.0,5,0.01,NEW,0.70,2,0.955898,1582,0.008122,0.001355,0.013822,0.028669,5.000000,9.444444,13.837963,0,FAIL
heavy,cold_start,30.0,25.0,5,0.01,NEW,0.50,1,0.957554,1613,0.008192,0.001132,0.014138,0.030606,5.000000,9.444444,13.814815,0,FAIL
heavy,cold_start,30.0,25.0,5,0.01,NEW,0.50,2,0.958128,1613,0.007098,0.001268,0.012984,0.026204,5.000000,9.416667,13.810185,0,FAIL
heavy,cold_start,30.0,25.0,5,0.01,NEW,0.35,1,0.955487,1624,0.008201,0.000968,0.014021,0.030260,5.000000,9.444444,13.796296,0,FAIL
heavy,cold_start,30.0,25.0,5,0.01,NEW,0.35,2,0.954415,1629,0.007414,0.001009,0.013199,0.027002,5.000000,9.472222,13.796296,0,FAIL
heavy,cold_start,30.0,25.0,15,0.10,OLD,1.00,1,1.034733,1595,0.058648,0.001297,0.093926,0.191188,5.000000,9.361111,13.962963,0,FAIL
heavy,cold_start,30.0,25.0,15,0.10,NEW,1.00,1,1.021351,1627,0.057555,-0.004725,0.095608,0.193515,5.000000,9.277778,13.925926,0,FAIL
heavy,cold_start,30.0,25.0,15,0.10,NEW,1.00,2,1.020689,1622,0.057815,-0.005510,0.097609,0.194598,5.000000,9.416667,13.935185,0,FAIL
heavy,cold_start,30.0,25.0,15,0.10,NEW,0.70,1,1.020594,1658,0.059376,-0.004584,0.098266,0.196632,5.000000,9.111111,13.879630,0,FAIL
heavy,cold_start,30.0,25.0,15,0.10,NEW,0.70,2,1.021227,1662,0.059267,-0.004378,0.098290,0.194373,5.000000,9.083333,13.879630,0,FAIL
heavy,cold_start,30.0,25.0,15,0.10,NEW,0.50,1,1.021639,1674,0.058934,-0.005049,0.097070,0.199161,5.000000,9.166667,13.861111,0,FAIL
heavy,cold_start,30.0,25.0,15,0.10,NEW,0.50,2,1.021628,1689,0.059922,-0.002393,0.096643,0.190644,5.000000,8.888889,13.833333,0,FAIL
heavy,cold_start,30.0,25.0,15,0.10,NEW,0.35,1,1.022077,1695,0.057633,-0.004062,0.095423,0.190319,5.000000,9.111111,13.842593,0,FAIL
heavy,cold_start,30.0,25.0,15,0.10,NEW,0.35,2,1.021892,1695,0.058873,-0.002554,0.096372,0.191022,5.000000,8.972222,13.828704,0,FAIL
heavy,cold_start,30.0,25.0,15,0.01,OLD,1.00,1,1.041350,1601,0.063705,-0.008219,0.106015,0.213278,5.000000,9.402778,13.932870,0,FAIL
heavy,cold_start,30.0,25.0,15,0.01,NEW,1.00,1,1.025785,1635,0.070175,0.006392,0.109981,0.221592,5.000000,10.388889,13.953704,0,FAIL
heavy,cold_start,30.0,25.0,15,0.01,NEW,1.00,2,1.028004,1635,0.069655,0.006640,0.109679,0.217159,5.000000,10.361111,13.949074,0,FAIL
heavy,cold_start,30.0,25.0,15,0.01,NEW,0.70,1,1.024641,1667,0.069753,0.002589,0.109469,0.220196,5.000000,10.555556,13.944444,0,FAIL
heavy,cold_start,30.0,25.0,15,0.01,NEW,0.70,2,1.025726,1667,0.069868,0.003595,0.109813,0.217584,5.000000,10.472222,13.935185,0,FAIL
heavy,cold_start,30.0,25.0,15,0.01,NEW,0.50,1,1.027993,1693,0.069617,-0.000857,0.108499,0.220598,5.000000,10.555556,13.925926,0,FAIL
heavy,cold_start,30.0,25.0,15,0.01,NEW,0.50,2,1.027817,1698,0.069961,0.000385,0.109672,0.219834,5.000000,10.555556,13.925926,0,FAIL
heavy,cold_start,30.0,25.0,15,0.01,NEW,0.35,1,1.025201,1714,0.069898,-0.002358,0.109557,0.222121,5.000000,10.555556,13.916667,0,FAIL
heavy,cold_start,30.0,25.0,15,0.01,NEW,0.35,2,1.023933,1714,0.069498,-0.001906,0.109235,0.217006,5.000000,10.555556,13.912037,0,FAIL
heavy,cold_start,30.0,25.0,30,0.10,OLD,1.00,1,1.152074,1723,0.075335,0.005975,0.137091,0.250212,5.000000,10.347222,14.034722,0,FAIL
heavy,cold_start,30.0,25.0,30,0.10,NEW,1.00,1,1.132523,1755,0.078229,0.023238,0.140157,0.251214,5.000000,10.444444,14.046296,0,FAIL
heavy,cold_start,30.0,25.0,30,0.10,NEW,1.00,2,1.133326,1745,0.081616,0.031471,0.140617,0.246097,5.000000,9.777778,14.004630,0,FAIL
heavy,cold_start,30.0,25.0,30,0.10,NEW,0.70,1,1.130802,1786,0.078297,0.022974,0.141223,0.250259,5.000000,10.555556,14.027778,0,FAIL
heavy,cold_start,30.0,25.0,30,0.10,NEW,0.70,2,1.132496,1790,0.078724,0.024319,0.141467,0.246913,5.000000,10.472222,14.023148,0,FAIL
heavy,cold_start,30.0,25.0,30,0.10,NEW,0.50,1,1.136511,1820,0.080453,0.028166,0.141746,0.252025,5.000000,10.166667,13.990741,0,FAIL
heavy,cold_start,30.0,25.0,30,0.10,NEW,0.50,2,1.135750,1801,0.077658,0.024454,0.138359,0.245015,5.000000,10.388889,13.990741,0,FAIL
heavy,cold_start,30.0,25.0,30,0.10,NEW,0.35,1,1.131593,1814,0.080155,0.027469,0.141852,0.248707,5.000000,10.277778,13.972222,0,FAIL
heavy,cold_start,30.0,25.0,30,0.10,NEW,0.35,2,1.132432,1823,0.077887,0.020702,0.141187,0.248108,5.000000,10.611111,13.981481,0,FAIL
heavy,cold_start,30.0,25.0,30,0.01,OLD,1.00,1,1.155293,-1,0.079487,-0.002563,0.146971,0.272209,5.000000,9.930556,13.981481,0,FAIL
heavy,cold_start,30.0,25.0,30,0.01,NEW,1.00,1,1.139208,-1,0.089207,0.029710,0.154733,0.280343,5.000000,8.555556,13.888889,0,FAIL
heavy,cold_start,30.0,25.0,30,0.01,NEW,1.00,2,1.140489,-1,0.087093,0.028819,0.150896,0.270516,5.000000,8.527778,13.879630,0,FAIL
heavy,cold_start,30.0,25.0,30,0.01,NEW,0.70,1,1.138871,-1,0.087143,0.029072,0.149001,0.270021,5.000000,8.888889,13.879630,0,FAIL
heavy,cold_start,30.0,25.0,30,0.01,NEW,0.70,2,1.137890,-1,0.088320,0.029943,0.151243,0.270937,5.000000,8.805556,13.875000,0,FAIL
heavy,cold_start,30.0,25.0,30,0.01,NEW,0.50,1,1.138290,-1,0.087398,0.029216,0.149984,0.270400,5.000000,9.055556,13.870370,0,FAIL
heavy,cold_start,30.0,25.0,30,0.01,NEW,0.50,2,1.138796,-1,0.087876,0.029600,0.150856,0.270499,5.000000,9.250000,13.888889,0,FAIL
heavy,cold_start,30.0,25.0,30,0.01,NEW,0.35,1,1.140568,-1,0.087680,0.029266,0.151535,0.275441,5.000000,9.333333,13.870370,0,FAIL
heavy,cold_start,30.0,25.0,30,0.01,NEW,0.35,2,1.139339,-1,0.087465,0.029140,0.150654,0.271186,5.000000,9.388889,13.879630,0,FAIL
heavy,cold_start,30.0,25.0,60,0.10,OLD,1.00,1,1.397542,-1,0.113311,0.034017,0.236476,0.377274,5.000000,9.402778,13.895833,0,FAIL
heavy,cold_start,30.0,25.0,60,0.10,NEW,1.00,1,1.382572,-1,0.112570,0.044036,0.232084,0.364229,5.000000,9.111111,14.037037,0,FAIL
heavy,cold_start,30.0,25.0,60,0.10,NEW,1.00,2,1.381129,-1,0.110057,0.042168,0.228570,0.358538,5.000000,9.111111,14.041667,0,FAIL
heavy,cold_start,30.0,25.0,60,0.10,NEW,0.70,1,1.379717,-1,0.109022,0.041099,0.228045,0.359946,5.000000,9.111111,13.990741,0,FAIL
heavy,cold_start,30.0,25.0,60,0.10,NEW,0.70,2,1.378546,-1,0.110553,0.042513,0.228701,0.360549,5.000000,9.166667,14.023148,0,FAIL
heavy,cold_start,30.0,25.0,60,0.10,NEW,0.50,1,1.377691,-1,0.112442,0.042389,0.232519,0.365918,5.000000,9.222222,14.009259,0,FAIL
heavy,cold_start,30.0,25.0,60,0.10,NEW,0.50,2,1.378218,-1,0.112880,0.043220,0.230116,0.362043,5.000000,9.166667,14.050926,0,FAIL
heavy,cold_start,30.0,25.0,60,0.10,NEW,0.35,1,1.376172,-1,0.110497,0.043122,0.229092,0.360804,5.000000,9.166667,13.990741,0,FAIL
heavy,cold_start,30.0,25.0,60,0.10,NEW,0.35,2,1.377273,-1,0.111630,0.043304,0.229582,0.359890,5.000000,9.138889,13.995370,0,FAIL
heavy,cold_start,30.0,25.0,60,0.01,OLD,1.00,1,1.397120,-1,0.126044,0.055470,0.267445,0.416206,5.000000,9.180556,14.039352,0,FAIL
heavy,cold_start,30.0,25.0,60,0.01,NEW,1.00,1,1.384390,-1,0.129041,0.054251,0.270043,0.421645,5.000000,9.388889,14.259259,0,FAIL
heavy,cold_start,30.0,25.0,60,0.01,NEW,1.00,2,1.385264,-1,0.128179,0.053311,0.268687,0.418958,5.000000,9.444444,14.273148,0,FAIL
heavy,cold_start,30.0,25.0,60,0.01,NEW,0.70,1,1.380383,-1,0.128889,0.054302,0.269387,0.420151,5.000000,9.500000,14.250000,0,FAIL
heavy,cold_start,30.0,25.0,60,0.01,NEW,0.70,2,1.386153,-1,0.127748,0.053202,0.267864,0.418479,5.000000,9.472222,14.254630,0,FAIL
heavy,cold_start,30.0,25.0,60,0.01,NEW,0.50,1,1.380859,-1,0.128308,0.053655,0.269976,0.422816,5.000000,9.500000,14.222222,0,FAIL
heavy,cold_start,30.0,25.0,60,0.01,NEW,0.50,2,1.383391,-1,0.127776,0.053642,0.267880,0.417892,5.000000,9.472222,14.226852,0,FAIL
heavy,cold_start,30.0,25.0,60,0.01,NEW,0.35,1,1.385780,-1,0.127966,0.053566,0.270281,0.423933,5.000000,9.500000,14.175926,0,FAIL
heavy,cold_start,30.0,25.0,60,0.01,NEW,0.35,2,1.384799,-1,0.128062,0.053365,0.269638,0.418835,5.000000,9.527778,14.180556,0,FAIL
heavy,cold_start,30.0,28.0,5,0.10,OLD,1.00,1,1.021003,2231,0.025903,-0.001497,0.049880,0.104060,2.000000,3.500000,5.761574,0,FAIL
heavy,cold_start,30.0,28.0,5,0.10,NEW,1.00,1,1.011141,2345,0.036562,0.036562,0.044959,0.021921,2.000000,3.888889,5.814815,0,FAIL
heavy,cold_start,30.0,28.0,5,0.10,NEW,1.00,2,1.010969,2380,0.024092,-0.002594,0.049040,0.103997,2.000000,3.861111,5.777778,0,FAIL
heavy,cold_start,30.0,28.0,5,0.10,NEW,0.70,1,1.011718,2521,0.035192,0.035192,0.047694,0.033474,2.000000,3.777778,5.768519,0,FAIL
heavy,cold_start,30.0,28.0,5,0.10,NEW,0.70,2,1.007930,2453,0.024419,0.003330,0.048733,0.102867,2.000000,3.666667,5.694444,0,FAIL
heavy,cold_start,30.0,28.0,5,0.10,NEW,0.50,1,1.012287,2521,0.023333,0.023333,0.027989,0.012320,2.000000,3.722222,5.759259,0,FAIL
heavy,cold_start,30.0,28.0,5,0.10,NEW,0.50,2,1.012685,2553,0.024845,0.002815,0.048654,0.103648,2.000000,3.722222,5.717593,0,FAIL
heavy,cold_start,30.0,28.0,5,0.10,NEW,0.35,1,1.011827,2599,0.027662,0.027641,0.047968,0.052442,2.000000,4.055556,5.740741,0,FAIL
heavy,cold_start,30.0,28.0,5,0.10,NEW,0.35,2,1.010848,2596,0.014272,-0.010222,0.033502,0.050167,2.000000,4.027778,5.708333,0,FAIL
heavy,cold_start,30.0,28.0,5,0.01,OLD,1.00,1,1.028217,2244,0.005734,0.000477,0.010692,0.024625,2.000000,3.666667,5.754630,0,FAIL
heavy,cold_start,30.0,28.0,5,0.01,NEW,1.00,1,1.015208,2402,0.004159,-0.000701,0.008175,0.019569,2.000000,3.722222,5.777778,0,FAIL
heavy,cold_start,30.0,28.0,5,0.01,NEW,1.00,2,1.015794,2391,0.003569,-0.000765,0.007017,0.015468,2.000000,3.750000,5.777778,0,FAIL
heavy,cold_start,30.0,28.0,5,0.01,NEW,0.70,1,1.012875,2501,0.003799,-0.000519,0.007221,0.016782,2.000000,3.722222,5.740741,0,FAIL
heavy,cold_start,30.0,28.0,5,0.01,NEW,0.70,2,1.015892,2510,0.004229,-0.000137,0.007890,0.017714,2.000000,3.694444,5.740741,0,FAIL
heavy,cold_start,30.0,28.0,5,0.01,NEW,0.50,1,1.013547,2588,0.004534,0.000076,0.008559,0.020176,2.000000,3.722222,5.722222,0,FAIL
heavy,cold_start,30.0,28.0,5,0.01,NEW,0.50,2,1.015825,2586,0.004632,0.000190,0.008285,0.018214,2.000000,3.694444,5.717593,0,FAIL
heavy,cold_start,30.0,28.0,5,0.01,NEW,0.35,1,1.018299,2598,0.003620,0.000423,0.007411,0.017689,2.000000,3.666667,5.694444,0,FAIL
heavy,cold_start,30.0,28.0,5,0.01,NEW,0.35,2,1.015995,2628,0.004583,0.000101,0.008041,0.017684,2.000000,3.694444,5.699074,0,FAIL
heavy,cold_start,30.0,28.0,15,0.10,OLD,1.00,1,1.095143,2378,0.033544,0.002698,0.061594,0.125926,2.000000,4.319444,5.835648,0,FAIL
heavy,cold_start,30.0,28.0,15,0.10,NEW,1.00,1,1.088452,2545,0.029464,0.000257,0.056722,0.117331,2.000000,3.722222,5.833333,0,FAIL
heavy,cold_start,30.0,28.0,15,0.10,NEW,1.00,2,1.084215,2521,0.030268,0.001154,0.057024,0.115826,2.000000,3.666667,5.791667,0,FAIL
heavy,cold_start,30.0,28.0,15,0.10,NEW,0.70,1,1.087761,2665,0.029874,0.002387,0.057050,0.119255,2.000000,3.888889,5.759259,0,FAIL
heavy,cold_start,30.0,28.0,15,0.10,NEW,0.70,2,1.087887,2603,0.029823,0.000906,0.056761,0.115608,2.000000,3.750000,5.782407,0,FAIL
heavy,cold_start,30.0,28.0,15,0.10,NEW,0.50,1,1.087289,2678,0.029854,0.000991,0.057041,0.119221,2.000000,3.722222,5.722222,0,FAIL
heavy,cold_start,30.0,28.0,15,0.10,NEW,0.50,2,1.082794,2612,0.029788,0.001916,0.057088,0.116514,2.000000,3.638889,5.708333,0,FAIL
heavy,cold_start,30.0,28.0,15,0.10,NEW,0.35,1,1.087798,2783,0.030485,0.001452,0.057128,0.118909,2.000000,3.833333,5.722222,0,FAIL
heavy,cold_start,30.0,28.0,15,0.10,NEW,0.35,2,1.087814,2721,0.029877,0.000927,0.057019,0.116170,2.000000,3.750000,5.722222,0,FAIL
heavy,cold_start,30.0,28.0,15,0.01,OLD,1.00,1,1.102680,2391,0.029908,-0.001062,0.053292,0.113479,2.000000,3.930556,5.842593,0,FAIL
heavy,cold_start,30.0,28.0,15,0.01,NEW,1.00,1,1.087795,2567,0.029178,0.000418,0.046576,0.095272,2.000000,3.333333,5.777778,0,FAIL
heavy,cold_start,30.0,28.0,15,0.01,NEW,1.00,2,1.091699,2585,0.027720,0.005710,0.044251,0.089422,2.000000,3.472222,5.782407,0,FAIL
heavy,cold_start,30.0,28.0,15,0.01,NEW,0.70,1,1.089220,2685,0.027372,0.005839,0.044932,0.095281,2.000000,3.555556,5.750000,0,FAIL
heavy,cold_start,30.0,28.0,15,0.01,NEW,0.70,2,1.091435,2683,0.027874,0.005951,0.044471,0.089795,2.000000,3.833333,5.777778,0,FAIL
heavy,cold_start,30.0,28.0,15,0.01,NEW,0.50,1,1.087763,2735,0.027653,0.006243,0.046033,0.095656,2.000000,3.666667,5.731481,0,FAIL
heavy,cold_start,30.0,28.0,15,0.01,NEW,0.50,2,1.090665,2733,0.027857,0.005059,0.044165,0.088430,2.000000,4.027778,5.768519,0,FAIL
heavy,cold_start,30.0,28.0,15,0.01,NEW,0.35,1,1.089181,2803,0.027468,0.003855,0.044417,0.091307,2.000000,4.111111,5.759259,0,FAIL
heavy,cold_start,30.0,28.0,15,0.01,NEW,0.35,2,1.091772,2801,0.027934,0.001499,0.044155,0.088978,2.000000,4.222222,5.773148,0,FAIL
heavy,cold_start,30.0,28.0,30,0.10,OLD,1.00,1,1.220004,2614,0.043698,0.019653,0.085197,0.153135,2.000000,3.652778,5.844907,0,FAIL
heavy,cold_start,30.0,28.0,30,0.10,NEW,1.00,1,1.202300,2699,0.036256,0.006228,0.074791,0.139857,2.000000,3.777778,5.879630,0,FAIL
heavy,cold_start,30.0,28.0,30,0.10,NEW,1.00,2,1.205861,2706,0.035544,0.006397,0.074436,0.136374,2.000000,3.722222,5.837963,0,FAIL
heavy,cold_start,30.0,28.0,30,0.10,NEW,0.70,1,1.201446,2854,0.036990,0.006525,0.076956,0.142052,2.000000,3.777778,5.768519,0,FAIL
heavy,cold_start,30.0,28.0,30,0.10,NEW,0.70,2,1.202766,2963,0.035914,0.006441,0.075285,0.137579,2.000000,3.805556,5.805556,0,FAIL
heavy,cold_start,30.0,28.0,30,0.10,NEW,0.50,1,1.201953,2927,0.036145,0.005327,0.073682,0.141533,2.000000,3.777778,5.750000,0,FAIL
heavy,cold_start,30.0,28.0,30,0.10,NEW,0.50,2,1.201488,2906,0.036631,0.006405,0.076657,0.138629,2.000000,3.777778,5.745370,0,FAIL
heavy,cold_start,30.0,28.0,30,0.10,NEW,0.35,1,1.210058,2970,0.038247,0.006966,0.079445,0.145747,2.000000,3.722222,5.731481,0,FAIL
heavy,cold_start,30.0,28.0,30,0.10,NEW,0.35,2,1.206226,3008,0.036564,0.006316,0.075874,0.137129,2.000000,3.805556,5.777778,0,FAIL
heavy,cold_start,30.0,28.0,30,0.01,OLD,1.00,1,1.220863,2614,0.040517,0.015442,0.077736,0.141550,2.000000,3.208333,5.807870,0,FAIL
heavy,cold_start,30.0,28.0,30,0.01,NEW,1.00,1,1.211055,2796,0.033669,0.005654,0.061072,0.115266,2.000000,3.222222,5.814815,0,FAIL
heavy,cold_start,30.0,28.0,30,0.01,NEW,1.00,2,1.209508,2818,0.032433,0.000175,0.058209,0.111201,2.000000,3.500000,5.833333,0,FAIL
heavy,cold_start,30.0,28.0,30,0.01,NEW,0.70,1,1.209544,2894,0.035358,0.011252,0.063109,0.119376,2.000000,3.222222,5.796296,0,FAIL
heavy,cold_start,30.0,28.0,30,0.01,NEW,0.70,2,1.209388,2939,0.033714,0.008506,0.061639,0.111335,2.000000,3.166667,5.791667,0,FAIL
heavy,cold_start,30.0,28.0,30,0.01,NEW,0.50,1,1.211026,2997,0.036453,0.012985,0.061957,0.118595,2.000000,3.500000,5.805556,0,FAIL
heavy,cold_start,30.0,28.0,30,0.01,NEW,0.50,2,1.209400,3009,0.034343,0.010713,0.061819,0.111653,2.000000,3.277778,5.782407,0,FAIL
heavy,cold_start,30.0,28.0,30,0.01,NEW,0.35,1,1.209594,3037,0.037416,0.013638,0.063130,0.119353,2.000000,3.666667,5.796296,0,FAIL
heavy,cold_start,30.0,28.0,30,0.01,NEW,0.35,2,1.209258,3047,0.034372,0.011273,0.059644,0.111189,2.000000,3.416667,5.773148,0,FAIL
heavy,cold_start,30.0,28.0,60,0.10,OLD,1.00,1,1.480420,-1,0.067726,0.037007,0.155071,0.243656,2.000000,3.958333,6.136574,0,FAIL
heavy,cold_start,30.0,28.0,60,0.10,NEW,1.00,1,1.463884,3228,0.048732,0.013396,0.131675,0.205508,2.000000,3.888889,6.055556,0,FAIL
heavy,cold_start,30.0,28.0,60,0.10,NEW,1.00,2,1.463940,3190,0.048146,0.012402,0.133998,0.206918,2.000000,4.361111,6.092593,0,FAIL
heavy,cold_start,30.0,28.0,60,0.10,NEW,0.70,1,1.462197,3319,0.048625,0.013829,0.133401,0.208150,2.000000,4.333333,6.074074,0,FAIL
heavy,cold_start,30.0,28.0,60,0.10,NEW,0.70,2,1.462127,3487,0.052561,0.021237,0.126348,0.200865,2.000000,3.111111,5.953704,0,FAIL
heavy,cold_start,30.0,28.0,60,0.10,NEW,0.50,1,1.461728,3399,0.053087,0.018648,0.137367,0.215225,2.000000,3.444444,5.935185,0,FAIL
heavy,cold_start,30.0,28.0,60,0.10,NEW,0.50,2,1.461422,3384,0.050946,0.016544,0.131226,0.205433,2.000000,3.527778,5.944444,0,FAIL
heavy,cold_start,30.0,28.0,60,0.10,NEW,0.35,1,1.463475,3500,0.053427,0.026770,0.134001,0.209856,2.000000,2.888889,5.861111,0,FAIL
heavy,cold_start,30.0,28.0,60,0.10,NEW,0.35,2,1.466359,3534,0.056161,0.032168,0.136560,0.205513,2.000000,2.722222,5.870370,0,FAIL
heavy,cold_start,30.0,28.0,60,0.01,OLD,1.00,1,1.482759,3085,0.059765,0.029532,0.129478,0.203961,2.000000,3.805556,5.930556,0,FAIL
heavy,cold_start,30.0,28.0,60,0.01,NEW,1.00,1,1.471697,3322,0.053357,0.022856,0.112937,0.181359,2.000000,3.777778,6.000000,0,FAIL
heavy,cold_start,30.0,28.0,60,0.01,NEW,1.00,2,1.470826,3325,0.050777,0.021295,0.106029,0.171921,2.000000,3.750000,5.986111,0,FAIL
heavy,cold_start,30.0,28.0,60,0.01,NEW,0.70,1,1.468834,3403,0.053414,0.023158,0.112835,0.178676,2.000000,3.777778,5.990741,0,FAIL
heavy,cold_start,30.0,28.0,60,0.01,NEW,0.70,2,1.470077,3404,0.052648,0.022789,0.110790,0.172580,2.000000,3.777778,5.986111,0,FAIL
heavy,cold_start,30.0,28.0,60,0.01,NEW,0.50,1,1.470296,3485,0.053649,0.023167,0.112960,0.181357,2.000000,3.777778,6.009259,0,FAIL
heavy,cold_start,30.0,28.0,60,0.01,NEW,0.50,2,1.470534,3495,0.052666,0.022834,0.110602,0.172575,2.000000,3.777778,6.000000,0,FAIL
heavy,cold_start,30.0,28.0,60,0.01,NEW,0.35,1,1.463884,3505,0.051686,0.022121,0.107519,0.176044,2.000000,3.722222,5.981481,0,FAIL
heavy,cold_start,30.0,28.0,60,0.01,NEW,0.35,2,1.471062,3531,0.051520,0.022054,0.106081,0.171082,2.000000,3.750000,5.981481,0,FAIL
heavy,cold_start,32.0,20.0,5,0.10,OLD,1.00,1,0.827944,3491,0.027442,0.000749,0.051255,0.107167,12.000000,22.555556,32.293981,0,FAIL
heavy,cold_start,32.0,20.0,5,0.10,NEW,1.00,1,0.809485,3529,0.028461,0.008156,0.050585,0.105406,12.000000,22.500000,32.277778,0,FAIL
heavy,cold_start,32.0,20.0,5,0.10,NEW,1.00,2,0.809953,3528,0.024149,-0.002210,0.049085,0.103299,12.000000,22.583333,32.263889,0,FAIL
heavy,cold_start,32.0,20.0,5,0.10,NEW,0.70,1,0.810761,3583,0.027052,-0.002499,0.051020,0.105487,12.000000,22.000000,32.120370,0,FAIL
heavy,cold_start,32.0,20.0,5,0.10,NEW,0.70,2,0.813873,3925,0.027569,-0.002077,0.051686,0.106371,12.000000,21.972222,32.125000,0,FAIL
heavy,cold_start,32.0,20.0,5,0.10,NEW,0.50,1,0.813426,3593,0.026370,0.006832,0.051692,0.107020,12.000000,22.222222,32.120370,0,FAIL
heavy,cold_start,32.0,20.0,5,0.10,NEW,0.50,2,0.811860,3596,0.025097,-0.001393,0.049822,0.105687,12.000000,22.055556,32.097222,0,FAIL
heavy,cold_start,32.0,20.0,5,0.10,NEW,0.35,1,0.810408,3609,0.026726,0.005469,0.051749,0.106670,12.000000,22.111111,32.083333,0,FAIL
heavy,cold_start,32.0,20.0,5,0.10,NEW,0.35,2,0.811218,3945,0.026748,0.003492,0.049159,0.104417,12.000000,22.611111,32.162037,0,FAIL
heavy,cold_start,32.0,20.0,5,0.01,OLD,1.00,1,0.833219,3528,0.012043,-0.000962,0.024553,0.047997,12.000000,22.638889,32.266204,0,FAIL
heavy,cold_start,32.0,20.0,5,0.01,NEW,1.00,1,0.817042,3563,0.019340,-0.002842,0.033940,0.071656,12.000000,22.777778,32.277778,0,FAIL
heavy,cold_start,32.0,20.0,5,0.01,NEW,1.00,2,0.817009,3559,0.019216,-0.002676,0.033600,0.070896,12.000000,22.750000,32.277778,0,FAIL
heavy,cold_start,32.0,20.0,5,0.01,NEW,0.70,1,0.817627,3617,0.019160,-0.003555,0.034121,0.071815,12.000000,22.611111,32.175926,0,FAIL
heavy,cold_start,32.0,20.0,5,0.01,NEW,0.70,2,0.816482,3618,0.019243,-0.003769,0.034184,0.071887,12.000000,22.583333,32.175926,0,FAIL
heavy,cold_start,32.0,20.0,5,0.01,NEW,0.50,1,0.817494,3628,0.019013,-0.003780,0.033905,0.071423,12.000000,22.555556,32.148148,0,FAIL
heavy,cold_start,32.0,20.0,5,0.01,NEW,0.50,2,0.817386,3630,0.019193,-0.003465,0.033706,0.070675,12.000000,22.611111,32.157407,0,FAIL
heavy,cold_start,32.0,20.0,5,0.01,NEW,0.35,1,0.817431,3640,0.019006,-0.003533,0.033337,0.069903,12.000000,22.555556,32.129630,0,FAIL
heavy,cold_start,32.0,20.0,5,0.01,NEW,0.35,2,0.818075,3639,0.019219,-0.003585,0.034047,0.070887,12.000000,22.555556,32.129630,0,FAIL
heavy,cold_start,32.0,20.0,15,0.10,OLD,1.00,1,0.889262,-1,0.156314,-0.015199,0.241874,0.487308,12.000000,20.888889,32.162037,0,FAIL
heavy,cold_start,32.0,20.0,15,0.10,NEW,1.00,1,0.870520,-1,0.161861,-0.019412,0.251382,0.505802,12.000000,20.444444,32.101852,0,FAIL
heavy,cold_start,32.0,20.0,15,0.10,NEW,1.00,2,0.873339,-1,0.160645,-0.012108,0.251272,0.505125,12.000000,20.083333,32.069444,0,FAIL
heavy,cold_start,32.0,20.0,15,0.10,NEW,0.70,1,0.874501,-1,0.162794,-0.003689,0.254501,0.508754,12.000000,19.722222,31.944444,0,FAIL
heavy,cold_start,32.0,20.0,15,0.10,NEW,0.70,2,0.871938,-1,0.160555,0.003995,0.253569,0.501582,12.000000,19.722222,31.939815,0,FAIL
heavy,cold_start,32.0,20.0,15,0.10,NEW,0.50,1,0.869203,-1,0.162291,-0.000417,0.254974,0.506534,12.000000,19.722222,31.916667,0,FAIL
heavy,cold_start,32.0,20.0,15,0.10,NEW,0.50,2,0.870918,-1,0.161595,0.004486,0.254509,0.503937,12.000000,19.694444,31.912037,0,FAIL
heavy,cold_start,32.0,20.0,15,0.10,NEW,0.35,1,0.871240,-1,0.161078,0.008871,0.255027,0.504998,12.000000,19.722222,31.888889,0,FAIL
heavy,cold_start,32.0,20.0,15,0.10,NEW,0.35,2,0.871444,-1,0.160921,0.011038,0.254630,0.503751,12.000000,19.777778,31.898148,0,FAIL
heavy,cold_start,32.0,20.0,15,0.01,OLD,1.00,1,0.896365,-1,0.162668,-0.000854,0.251914,0.505941,12.000000,25.152778,32.497685,0,FAIL
heavy,cold_start,32.0,20.0,15,0.01,NEW,1.00,1,0.876242,-1,0.162055,-0.026561,0.260931,0.523779,12.000000,23.666667,32.416667,0,FAIL
heavy,cold_start,32.0,20.0,15,0.01,NEW,1.00,2,0.875563,-1,0.162081,-0.026725,0.261709,0.522606,12.000000,23.666667,32.416667,0,FAIL
heavy,cold_start,32.0,20.0,15,0.01,NEW,0.70,1,0.878798,-1,0.162414,-0.026093,0.261563,0.523200,12.000000,22.222222,32.203704,0,FAIL
heavy,cold_start,32.0,20.0,15,0.01,NEW,0.70,2,0.878124,-1,0.162163,-0.026203,0.261273,0.522251,12.000000,22.222222,32.203704,0,FAIL
heavy,cold_start,32.0,20.0,15,0.01,NEW,0.50,1,0.876906,-1,0.163589,-0.024800,0.263300,0.525931,12.000000,21.944444,32.157407,0,FAIL
heavy,cold_start,32.0,20.0,15,0.01,NEW,0.50,2,0.876691,-1,0.163228,-0.025211,0.261953,0.524056,12.000000,21.916667,32.152778,0,FAIL
heavy,cold_start,32.0,20.0,15,0.01,NEW,0.35,1,0.877531,-1,0.163876,-0.023837,0.261538,0.524115,12.000000,21.666667,32.111111,0,FAIL
heavy,cold_start,32.0,20.0,15,0.01,NEW,0.35,2,0.875997,-1,0.163640,-0.023920,0.261465,0.522355,12.000000,21.666667,32.111111,0,FAIL
heavy,cold_start,32.0,20.0,30,0.10,OLD,1.00,1,0.987142,-1,0.190512,0.055824,0.331400,0.601483,12.000000,19.625000,32.120370,0,FAIL
heavy,cold_start,32.0,20.0,30,0.10,NEW,1.00,1,0.969217,-1,0.203389,0.070770,0.352248,0.632000,12.000000,20.888889,32.240741,0,FAIL
heavy,cold_start,32.0,20.0,30,0.10,NEW,1.00,2,0.969412,-1,0.204193,0.071761,0.351682,0.631573,12.000000,21.388889,32.287037,0,FAIL
heavy,cold_start,32.0,20.0,30,0.10,NEW,0.70,1,0.968184,-1,0.201996,0.067657,0.353949,0.632163,12.000000,23.055556,32.296296,0,FAIL
heavy,cold_start,32.0,20.0,30,0.10,NEW,0.70,2,0.965424,-1,0.201575,0.067796,0.351229,0.631595,12.000000,23.055556,32.310185,0,FAIL
heavy,cold_start,32.0,20.0,30,0.10,NEW,0.50,1,0.963118,-1,0.201886,0.067964,0.353449,0.632013,12.000000,23.000000,32.277778,0,FAIL
heavy,cold_start,32.0,20.0,30,0.10,NEW,0.50,2,0.968393,-1,0.202052,0.066758,0.351947,0.632889,12.000000,23.277778,32.300926,0,FAIL
heavy,cold_start,32.0,20.0,30,0.10,NEW,0.35,1,0.970627,-1,0.201365,0.065756,0.354054,0.636124,12.000000,23.333333,32.287037,0,FAIL
heavy,cold_start,32.0,20.0,30,0.10,NEW,0.35,2,0.970083,-1,0.200023,0.062956,0.350979,0.631335,12.000000,23.805556,32.328704,0,FAIL
heavy,cold_start,32.0,20.0,30,0.01,OLD,1.00,1,0.992374,-1,0.202546,0.068062,0.351895,0.633812,12.000000,20.777778,32.229167,0,FAIL
heavy,cold_start,32.0,20.0,30,0.01,NEW,1.00,1,0.974746,-1,0.205566,0.057274,0.362671,0.650557,12.000000,24.444444,32.537037,0,FAIL
heavy,cold_start,32.0,20.0,30,0.01,NEW,1.00,2,0.975649,-1,0.205654,0.057823,0.363407,0.650130,12.000000,24.361111,32.532407,0,FAIL
heavy,cold_start,32.0,20.0,30,0.01,NEW,0.70,1,0.973317,-1,0.201807,0.038009,0.362131,0.649964,12.000000,25.722222,32.537037,0,FAIL
heavy,cold_start,32.0,20.0,30,0.01,NEW,0.70,2,0.975220,-1,0.201445,0.037639,0.361573,0.649218,12.000000,25.750000,32.541667,0,FAIL
heavy,cold_start,32.0,20.0,30,0.01,NEW,0.50,1,0.974419,-1,0.201001,0.033933,0.360737,0.650415,12.000000,25.888889,32.527778,0,FAIL
heavy,cold_start,32.0,20.0,30,0.01,NEW,0.50,2,0.973924,-1,0.201130,0.033930,0.361144,0.649976,12.000000,25.888889,32.527778,0,FAIL
heavy,cold_start,32.0,20.0,30,0.01,NEW,0.35,1,0.971872,-1,0.200726,0.031057,0.360168,0.650722,12.000000,25.944444,32.509259,0,FAIL
heavy,cold_start,32.0,20.0,30,0.01,NEW,0.35,2,0.973956,-1,0.200871,0.030835,0.360252,0.650937,12.000000,25.972222,32.513889,0,FAIL
heavy,cold_start,32.0,20.0,60,0.10,OLD,1.00,1,1.192612,-1,0.275558,0.112705,0.592732,0.926650,12.000000,21.680556,32.358796,0,FAIL
heavy,cold_start,32.0,20.0,60,0.10,NEW,1.00,1,1.177964,-1,0.297470,0.123931,0.615381,0.964526,12.000000,22.388889,32.842593,0,FAIL
heavy,cold_start,32.0,20.0,60,0.10,NEW,1.00,2,1.175645,-1,0.295565,0.123446,0.610265,0.952866,12.000000,22.277778,32.805556,0,FAIL
heavy,cold_start,32.0,20.0,60,0.10,NEW,0.70,1,1.177108,-1,0.297987,0.124202,0.617694,0.963910,12.000000,22.444444,32.879630,0,FAIL
heavy,cold_start,32.0,20.0,60,0.10,NEW,0.70,2,1.177771,-1,0.299048,0.124993,0.616837,0.958510,12.000000,22.361111,32.847222,0,FAIL
heavy,cold_start,32.0,20.0,60,0.10,NEW,0.50,1,1.179380,-1,0.300134,0.126100,0.617092,0.962337,12.000000,22.333333,32.842593,0,FAIL
heavy,cold_start,32.0,20.0,60,0.10,NEW,0.50,2,1.178291,-1,0.297616,0.125053,0.614227,0.957087,12.000000,22.416667,32.856481,0,FAIL
heavy,cold_start,32.0,20.0,60,0.10,NEW,0.35,1,1.177843,-1,0.296706,0.123092,0.613209,0.961800,12.000000,22.555556,32.870370,0,FAIL
heavy,cold_start,32.0,20.0,60,0.10,NEW,0.35,2,1.179641,-1,0.298515,0.125166,0.614894,0.956285,12.000000,22.416667,32.837963,0,FAIL
heavy,cold_start,32.0,20.0,60,0.01,OLD,1.00,1,1.204661,-1,0.305317,0.131937,0.635070,0.988328,12.000000,22.250000,32.726852,0,FAIL
heavy,cold_start,32.0,20.0,60,0.01,NEW,1.00,1,1.185669,-1,0.308521,0.128868,0.647894,1.006321,12.000000,22.666667,33.074074,0,FAIL
heavy,cold_start,32.0,20.0,60,0.01,NEW,1.00,2,1.182838,-1,0.308500,0.128973,0.648291,1.005366,12.000000,22.666667,33.078704,0,FAIL
heavy,cold_start,32.0,20.0,60,0.01,NEW,0.70,1,1.183031,-1,0.307194,0.128207,0.646468,1.005251,12.000000,22.888889,32.944444,0,FAIL
heavy,cold_start,32.0,20.0,60,0.01,NEW,0.70,2,1.182167,-1,0.307588,0.128241,0.648278,1.005036,12.000000,22.805556,32.930556,0,FAIL
heavy,cold_start,32.0,20.0,60,0.01,NEW,0.50,1,1.182595,-1,0.306902,0.127890,0.646319,1.004539,12.000000,22.833333,32.888889,0,FAIL
heavy,cold_start,32.0,20.0,60,0.01,NEW,0.50,2,1.184354,-1,0.306949,0.127770,0.646450,1.002069,12.000000,22.861111,32.888889,0,FAIL
heavy,cold_start,32.0,20.0,60,0.01,NEW,0.35,1,1.181506,-1,0.307187,0.127974,0.646609,1.003645,12.000000,22.833333,32.851852,0,FAIL
heavy,cold_start,32.0,20.0,60,0.01,NEW,0.35,2,1.185074,-1,0.307085,0.127660,0.647611,1.004003,12.000000,22.861111,32.865741,0,FAIL
heavy,cold_start,32.0,25.0,5,0.10,OLD,1.00,1,0.922812,1511,0.027794,-0.000276,0.052906,0.110269,7.000000,13.291667,19.247685,0,FAIL
heavy,cold_start,32.0,25.0,5,0.10,NEW,1.00,1,0.912921,1530,0.027746,0.009674,0.051059,0.106270,7.000000,13.111111,19.212963,0,FAIL
heavy,cold_start,32.0,25.0,5,0.10,NEW,1.00,2,0.912481,1522,0.025459,-0.000857,0.049126,0.103266,7.000000,13.194444,19.194444,0,FAIL
heavy,cold_start,32.0,25.0,5,0.10,NEW,0.70,1,0.915645,1555,0.026670,0.001873,0.049050,0.104019,7.000000,13.055556,19.203704,0,FAIL
heavy,cold_start,32.0,25.0,5,0.10,NEW,0.70,2,0.913894,1552,0.026756,-0.002529,0.049932,0.103216,7.000000,13.194444,19.138889,0,FAIL
heavy,cold_start,32.0,25.0,5,0.10,NEW,0.50,1,0.910137,1576,0.023427,-0.000817,0.049364,0.104678,7.000000,13.333333,19.166667,0,FAIL
heavy,cold_start,32.0,25.0,5,0.10,NEW,0.50,2,0.912765,1569,0.023790,0.001938,0.049089,0.102954,7.000000,13.333333,19.175926,0,FAIL
heavy,cold_start,32.0,25.0,5,0.10,NEW,0.35,1,0.915645,1591,0.025243,0.000586,0.048885,0.102638,7.000000,13.111111,19.092593,0,FAIL
heavy,cold_start,32.0,25.0,5,0.10,NEW,0.35,2,0.913893,1588,0.023509,0.000056,0.049118,0.103320,7.000000,12.972222,19.115741,0,FAIL
heavy,cold_start,32.0,25.0,5,0.01,OLD,1.00,1,0.932520,1518,0.009249,0.000903,0.017610,0.040591,7.000000,13.000000,19.206019,0,FAIL
heavy,cold_start,32.0,25.0,5,0.01,NEW,1.00,1,0.918247,1537,0.010989,0.002079,0.019094,0.040593,7.000000,13.000000,19.194444,0,FAIL
heavy,cold_start,32.0,25.0,5,0.01,NEW,1.00,2,0.915489,1533,0.010726,0.002242,0.018944,0.039639,7.000000,13.055556,19.199074,0,FAIL
heavy,cold_start,32.0,25.0,5,0.01,NEW,0.70,1,0.915167,1555,0.010427,0.002142,0.018163,0.038546,7.000000,13.111111,19.175926,0,FAIL
heavy,cold_start,32.0,25.0,5,0.01,NEW,0.70,2,0.917172,1561,0.010396,0.002278,0.018109,0.038536,7.000000,13.083333,19.171296,0,FAIL
heavy,cold_start,32.0,25.0,5,0.01,NEW,0.50,1,0.914760,1576,0.010418,0.001880,0.018163,0.038272,7.000000,13.166667,19.148148,0,FAIL
heavy,cold_start,32.0,25.0,5,0.01,NEW,0.50,2,0.914855,1580,0.010151,0.001919,0.017590,0.036998,7.000000,13.138889,19.148148,0,FAIL
heavy,cold_start,32.0,25.0,5,0.01,NEW,0.35,1,0.915167,1591,0.010357,0.001966,0.018102,0.038812,7.000000,13.111111,19.129630,0,FAIL
heavy,cold_start,32.0,25.0,5,0.01,NEW,0.35,2,0.917171,1597,0.010429,0.001735,0.018040,0.038058,7.000000,13.166667,19.134259,0,FAIL
heavy,cold_start,32.0,25.0,15,0.10,OLD,1.00,1,0.995713,1574,0.087593,-0.004416,0.134290,0.271653,7.000000,14.527778,19.344907,0,FAIL
heavy,cold_start,32.0,25.0,15,0.10,NEW,1.00,1,0.979643,6897,0.095617,0.019407,0.144530,0.287032,7.000000,13.555556,19.324074,0,FAIL
heavy,cold_start,32.0,25.0,15,0.10,NEW,1.00,2,0.979850,1589,0.095209,0.020548,0.144102,0.283860,7.000000,13.444444,19.314815,0,FAIL
heavy,cold_start,32.0,25.0,15,0.10,NEW,0.70,1,0.981238,6908,0.095364,0.019614,0.143415,0.286344,7.000000,13.388889,19.277778,0,FAIL
heavy,cold_start,32.0,25.0,15,0.10,NEW,0.70,2,0.984140,1618,0.092662,0.015760,0.145087,0.286787,7.000000,14.027778,19.319444,0,FAIL
heavy,cold_start,32.0,25.0,15,0.10,NEW,0.50,1,0.978119,1625,0.092582,0.015894,0.145460,0.286311,7.000000,14.055556,19.296296,0,FAIL
heavy,cold_start,32.0,25.0,15,0.10,NEW,0.50,2,0.977063,1629,0.091909,0.015505,0.144504,0.284341,7.000000,14.055556,19.291667,0,FAIL
heavy,cold_start,32.0,25.0,15,0.10,NEW,0.35,1,0.981238,-1,0.091183,0.012395,0.142837,0.291183,7.000000,14.166667,19.277778,0,FAIL
heavy,cold_start,32.0,25.0,15,0.10,NEW,0.35,2,0.984140,1654,0.091653,0.012379,0.145384,0.287027,7.000000,14.250000,19.282407,0,FAIL
heavy,cold_start,32.0,25.0,15,0.01,OLD,1.00,1,0.998202,-1,0.095714,-0.004498,0.148602,0.297325,7.000000,12.000000,19.171296,0,FAIL
heavy,cold_start,32.0,25.0,15,0.01,NEW,1.00,1,0.985267,-1,0.096785,0.020056,0.155829,0.308576,7.000000,13.444444,19.222222,0,FAIL
heavy,cold_start,32.0,25.0,15,0.01,NEW,1.00,2,0.982369,-1,0.095398,0.019784,0.154407,0.305237,7.000000,13.333333,19.208333,0,FAIL
heavy,cold_start,32.0,25.0,15,0.01,NEW,0.70,1,0.981940,-1,0.097357,0.018142,0.155580,0.307780,7.000000,13.833333,19.222222,0,FAIL
heavy,cold_start,32.0,25.0,15,0.01,NEW,0.70,2,0.984303,-1,0.096841,0.018091,0.155212,0.306372,7.000000,13.750000,19.212963,0,FAIL
heavy,cold_start,32.0,25.0,15,0.01,NEW,0.50,1,0.983895,-1,0.097770,0.015831,0.155444,0.308067,7.000000,14.111111,19.222222,0,FAIL
heavy,cold_start,32.0,25.0,15,0.01,NEW,0.50,2,0.982960,-1,0.097020,0.016189,0.154612,0.304900,7.000000,13.972222,19.208333,0,FAIL
heavy,cold_start,32.0,25.0,15,0.01,NEW,0.35,1,0.981940,-1,0.098335,0.014031,0.155948,0.308938,7.000000,14.277778,19.222222,0,FAIL
heavy,cold_start,32.0,25.0,15,0.01,NEW,0.35,2,0.984303,-1,0.097551,0.014004,0.154417,0.305712,7.000000,14.222222,19.217593,0,FAIL
heavy,cold_start,32.0,25.0,30,0.10,OLD,1.00,1,1.100984,-1,0.103163,-0.008442,0.179496,0.336616,7.000000,12.166667,19.152778,0,FAIL
heavy,cold_start,32.0,25.0,30,0.10,NEW,1.00,1,1.085166,-1,0.106910,0.010660,0.194512,0.357764,7.000000,11.500000,19.111111,0,FAIL
heavy,cold_start,32.0,25.0,30,0.10,NEW,1.00,2,1.085991,-1,0.106693,0.007977,0.194704,0.355321,7.000000,11.583333,19.115741,0,FAIL
heavy,cold_start,32.0,25.0,30,0.10,NEW,0.70,1,1.086192,-1,0.108977,0.018701,0.197682,0.361112,7.000000,11.277778,19.083333,0,FAIL
heavy,cold_start,32.0,25.0,30,0.10,NEW,0.70,2,1.086774,-1,0.108233,0.007534,0.196646,0.358107,7.000000,11.638889,19.092593,0,FAIL
heavy,cold_start,32.0,25.0,30,0.10,NEW,0.50,1,1.085423,-1,0.108373,0.020606,0.195147,0.357752,7.000000,11.222222,19.055556,0,FAIL
heavy,cold_start,32.0,25.0,30,0.10,NEW,0.50,2,1.086078,-1,0.108052,0.019526,0.196223,0.358651,7.000000,11.250000,19.060185,0,FAIL
heavy,cold_start,32.0,25.0,30,0.10,NEW,0.35,1,1.086192,-1,0.109661,0.024444,0.198479,0.357861,7.000000,11.222222,19.046296,0,FAIL
heavy,cold_start,32.0,25.0,30,0.10,NEW,0.35,2,1.086810,-1,0.108869,0.014361,0.196689,0.357615,7.000000,11.305556,19.032407,0,FAIL
heavy,cold_start,32.0,25.0,30,0.01,OLD,1.00,1,1.106582,-1,0.111969,-0.003199,0.203953,0.370478,7.000000,14.319444,19.381944,0,FAIL
heavy,cold_start,32.0,25.0,30,0.01,NEW,1.00,1,1.091691,-1,0.115766,0.025462,0.210607,0.386738,7.000000,11.166667,19.120370,0,FAIL
heavy,cold_start,32.0,25.0,30,0.01,NEW,1.00,2,1.094425,-1,0.116508,0.027811,0.210978,0.378315,7.000000,11.166667,19.125000,0,FAIL
heavy,cold_start,32.0,25.0,30,0.01,NEW,0.70,1,1.091863,-1,0.116747,0.029746,0.210433,0.384850,7.000000,11.222222,19.101852,0,FAIL
heavy,cold_start,32.0,25.0,30,0.01,NEW,0.70,2,1.090903,-1,0.117959,0.031857,0.211862,0.379276,7.000000,11.250000,19.111111,0,FAIL
heavy,cold_start,32.0,25.0,30,0.01,NEW,0.50,1,1.089275,-1,0.118054,0.034100,0.210305,0.378842,7.000000,11.333333,19.092593,0,FAIL
heavy,cold_start,32.0,25.0,30,0.01,NEW,0.50,2,1.089940,-1,0.119254,0.034987,0.211100,0.379602,7.000000,11.416667,19.101852,0,FAIL
heavy,cold_start,32.0,25.0,30,0.01,NEW,0.35,1,1.091863,-1,0.119070,0.035487,0.210041,0.381682,7.000000,11.500000,19.092593,0,FAIL
heavy,cold_start,32.0,25.0,30,0.01,NEW,0.35,2,1.090908,-1,0.120446,0.036988,0.212224,0.379891,7.000000,11.527778,19.101852,0,FAIL
heavy,cold_start,32.0,25.0,60,0.10,OLD,1.00,1,1.340344,-1,0.168626,0.064243,0.359734,0.550795,7.000000,14.291667,19.430556,0,FAIL
heavy,cold_start,32.0,25.0,60,0.10,NEW,1.00,1,1.322494,-1,0.167643,0.072170,0.363837,0.564384,7.000000,12.944444,19.277778,0,FAIL
heavy,cold_start,32.0,25.0,60,0.10,NEW,1.00,2,1.321684,-1,0.166730,0.072304,0.362226,0.559110,7.000000,12.944444,19.282407,0,FAIL
heavy,cold_start,32.0,25.0,60,0.10,NEW,0.70,1,1.321960,-1,0.168286,0.073317,0.364563,0.560789,7.000000,12.888889,19.259259,0,FAIL
heavy,cold_start,32.0,25.0,60,0.10,NEW,0.70,2,1.322667,-1,0.166960,0.072815,0.361300,0.560009,7.000000,12.944444,19.273148,0,FAIL
heavy,cold_start,32.0,25.0,60,0.10,NEW,0.50,1,1.319101,-1,0.170261,0.075663,0.365921,0.564858,7.000000,12.944444,19.296296,0,FAIL
heavy,cold_start,32.0,25.0,60,0.10,NEW,0.50,2,1.322361,-1,0.167468,0.073572,0.362352,0.559263,7.000000,12.916667,19.259259,0,FAIL
heavy,cold_start,32.0,25.0,60,0.10,NEW,0.35,1,1.321956,-1,0.169661,0.075210,0.364300,0.564132,7.000000,12.888889,19.268519,0,FAIL
heavy,cold_start,32.0,25.0,60,0.10,NEW,0.35,2,1.322666,-1,0.167732,0.073927,0.360880,0.553533,7.000000,12.916667,19.273148,0,FAIL
heavy,cold_start,32.0,25.0,60,0.01,OLD,1.00,1,1.344450,-1,0.171472,0.069599,0.368564,0.574889,7.000000,12.902778,19.243056,0,FAIL
heavy,cold_start,32.0,25.0,60,0.01,NEW,1.00,1,1.329147,-1,0.180122,0.075360,0.378784,0.590416,7.000000,13.222222,19.518519,0,FAIL
heavy,cold_start,32.0,25.0,60,0.01,NEW,1.00,2,1.326241,-1,0.179506,0.075072,0.377369,0.586596,7.000000,13.222222,19.523148,0,FAIL
heavy,cold_start,32.0,25.0,60,0.01,NEW,0.70,1,1.323818,-1,0.180146,0.075370,0.378425,0.590910,7.000000,13.222222,19.518519,0,FAIL
heavy,cold_start,32.0,25.0,60,0.01,NEW,0.70,2,1.325365,-1,0.179472,0.075052,0.377454,0.585441,7.000000,13.222222,19.504630,0,FAIL
heavy,cold_start,32.0,25.0,60,0.01,NEW,0.50,1,1.326404,-1,0.179419,0.075032,0.376310,0.590354,7.000000,13.222222,19.518519,0,FAIL
heavy,cold_start,32.0,25.0,60,0.01,NEW,0.50,2,1.327210,-1,0.179554,0.075123,0.376828,0.585210,7.000000,13.222222,19.518519,0,FAIL
heavy,cold_start,32.0,25.0,60,0.01,NEW,0.35,1,1.324684,-1,0.179396,0.074939,0.376112,0.592473,7.000000,13.222222,19.537037,0,FAIL
heavy,cold_start,32.0,25.0,60,0.01,NEW,0.35,2,1.325365,-1,0.179013,0.074818,0.375206,0.583604,7.000000,13.166667,19.504630,0,FAIL
heavy,cold_start,32.0,28.0,5,0.10,OLD,1.00,1,0.981780,1595,0.017584,0.017584,0.020422,0.006997,4.000000,7.500000,11.208333,0,FAIL
heavy,cold_start,32.0,28.0,5,0.10,NEW,1.00,1,0.968825,1631,0.025287,-0.013760,0.047363,0.092608,4.000000,7.222222,11.157407,0,FAIL
heavy,cold_start,32.0,28.0,5,0.10,NEW,1.00,2,0.968524,1631,0.026343,-0.004263,0.049118,0.103412,4.000000,7.305556,11.120370,0,FAIL
heavy,cold_start,32.0,28.0,5,0.10,NEW,0.70,1,0.971793,1699,0.023601,-0.006200,0.048509,0.103487,4.000000,7.388889,11.157407,0,FAIL
heavy,cold_start,32.0,28.0,5,0.10,NEW,0.70,2,0.969955,1683,0.023963,-0.000578,0.049206,0.103694,4.000000,7.611111,11.148148,0,FAIL
heavy,cold_start,32.0,28.0,5,0.10,NEW,0.50,1,0.971793,1735,0.024042,-0.003536,0.048273,0.102915,4.000000,7.611111,11.157407,0,FAIL
heavy,cold_start,32.0,28.0,5,0.10,NEW,0.50,2,0.969955,1719,0.028572,0.007658,0.050421,0.104141,4.000000,7.555556,11.138889,0,FAIL
heavy,cold_start,32.0,28.0,5,0.10,NEW,0.35,1,0.973477,1761,0.032035,-0.031971,0.048109,0.053920,4.000000,7.222222,11.055556,0,FAIL
heavy,cold_start,32.0,28.0,5,0.10,NEW,0.35,2,0.972027,1750,0.024266,-0.000381,0.049015,0.103070,4.000000,7.583333,11.101852,0,FAIL
heavy,cold_start,32.0,28.0,5,0.01,OLD,1.00,1,0.986355,1600,0.007873,0.000815,0.009366,0.018955,4.000000,7.402778,11.157407,0,FAIL
heavy,cold_start,32.0,28.0,5,0.01,NEW,1.00,1,0.976417,1653,0.005434,0.000096,0.009638,0.021670,4.000000,7.555556,11.166667,0,FAIL
heavy,cold_start,32.0,28.0,5,0.01,NEW,1.00,2,0.975963,1653,0.006175,0.000121,0.010867,0.023071,4.000000,7.583333,11.171296,0,FAIL
heavy,cold_start,32.0,28.0,5,0.01,NEW,0.70,1,0.976401,1699,0.006756,-0.000341,0.011783,0.025906,4.000000,7.555556,11.138889,0,FAIL
heavy,cold_start,32.0,28.0,5,0.01,NEW,0.70,2,0.976330,1699,0.006343,-0.000497,0.011114,0.023598,4.000000,7.555556,11.138889,0,FAIL
heavy,cold_start,32.0,28.0,5,0.01,NEW,0.50,1,0.976401,1735,0.007211,-0.000787,0.013057,0.028191,4.000000,7.611111,11.120370,0,FAIL
heavy,cold_start,32.0,28.0,5,0.01,NEW,0.50,2,0.976330,1735,0.006755,-0.000651,0.011618,0.023893,4.000000,7.611111,11.120370,0,FAIL
heavy,cold_start,32.0,28.0,5,0.01,NEW,0.35,1,0.976310,1762,0.005957,-0.000575,0.010652,0.023721,4.000000,7.555556,11.101852,0,FAIL
heavy,cold_start,32.0,28.0,5,0.01,NEW,0.35,2,0.975464,1762,0.006789,-0.001118,0.012161,0.025092,4.000000,7.555556,11.097222,0,FAIL
heavy,cold_start,32.0,28.0,15,0.10,OLD,1.00,1,1.058438,1694,0.049480,0.002173,0.082833,0.163038,4.000000,7.777778,11.173611,0,FAIL
heavy,cold_start,32.0,28.0,15,0.10,NEW,1.00,1,1.040008,1737,0.047058,-0.001451,0.080768,0.164770,4.000000,7.888889,11.259259,0,FAIL
heavy,cold_start,32.0,28.0,15,0.10,NEW,1.00,2,1.039809,1736,0.047108,-0.001750,0.081420,0.160526,4.000000,7.861111,11.263889,0,FAIL
heavy,cold_start,32.0,28.0,15,0.10,NEW,0.70,1,1.039752,1805,0.046069,-0.003087,0.080337,0.164396,4.000000,7.500000,11.212963,0,FAIL
heavy,cold_start,32.0,28.0,15,0.10,NEW,0.70,2,1.041412,1804,0.045492,-0.002532,0.079172,0.158431,4.000000,7.527778,11.217593,0,FAIL
heavy,cold_start,32.0,28.0,15,0.10,NEW,0.50,1,1.039752,1841,0.046751,-0.001321,0.079429,0.164143,4.000000,7.277778,11.166667,0,FAIL
heavy,cold_start,32.0,28.0,15,0.10,NEW,0.50,2,1.041413,1840,0.045977,-0.002203,0.078653,0.157579,4.000000,7.333333,11.175926,0,FAIL
heavy,cold_start,32.0,28.0,15,0.10,NEW,0.35,1,1.046398,1834,0.050262,-0.000193,0.082734,0.165508,4.000000,7.000000,11.101852,0,FAIL
heavy,cold_start,32.0,28.0,15,0.10,NEW,0.35,2,1.043683,1843,0.045870,-0.001387,0.079157,0.157977,4.000000,7.277778,11.148148,0,FAIL
heavy,cold_start,32.0,28.0,15,0.01,OLD,1.00,1,1.059782,1691,0.052149,-0.004867,0.085057,0.173521,4.000000,7.902778,11.263889,0,FAIL
heavy,cold_start,32.0,28.0,15,0.01,NEW,1.00,1,1.048291,1746,0.054575,-0.007424,0.086474,0.176798,4.000000,8.166667,11.259259,0,FAIL
heavy,cold_start,32.0,28.0,15,0.01,NEW,1.00,2,1.048276,1752,0.054559,-0.007690,0.086609,0.174911,4.000000,8.166667,11.254630,0,FAIL
heavy,cold_start,32.0,28.0,15,0.01,NEW,0.70,1,1.047249,1782,0.053674,-0.008400,0.086172,0.175850,4.000000,8.055556,11.212963,0,FAIL
heavy,cold_start,32.0,28.0,15,0.01,NEW,0.70,2,1.045448,1787,0.053309,-0.009246,0.086041,0.172316,4.000000,7.861111,11.199074,0,FAIL
heavy,cold_start,32.0,28.0,15,0.01,NEW,0.50,1,1.047249,1818,0.053353,-0.009239,0.086437,0.177279,4.000000,7.666667,11.157407,0,FAIL
heavy,cold_start,32.0,28.0,15,0.01,NEW,0.50,2,1.045336,1823,0.053181,-0.009345,0.086170,0.172388,4.000000,7.555556,11.148148,0,FAIL
heavy,cold_start,32.0,28.0,15,0.01,NEW,0.35,1,1.046449,1856,0.053464,-0.008925,0.086256,0.176562,4.000000,7.444444,11.120370,0,FAIL
heavy,cold_start,32.0,28.0,15,0.01,NEW,0.35,2,1.044801,1856,0.053884,-0.008863,0.086078,0.173707,4.000000,7.333333,11.111111,0,FAIL
heavy,cold_start,32.0,28.0,30,0.10,OLD,1.00,1,1.167219,1828,0.066732,0.022821,0.120072,0.209570,4.000000,6.638889,11.159722,0,FAIL
heavy,cold_start,32.0,28.0,30,0.10,NEW,1.00,1,1.157593,1872,0.063810,0.024838,0.116340,0.206428,4.000000,6.611111,11.175926,0,FAIL
heavy,cold_start,32.0,28.0,30,0.10,NEW,1.00,2,1.156142,1902,0.064635,0.026012,0.115892,0.203445,4.000000,6.805556,11.199074,0,FAIL
heavy,cold_start,32.0,28.0,30,0.10,NEW,0.70,1,1.155785,1908,0.065048,0.026845,0.114843,0.208347,4.000000,7.000000,11.175926,0,FAIL
heavy,cold_start,32.0,28.0,30,0.10,NEW,0.70,2,1.157251,1919,0.063939,0.026745,0.114331,0.200023,4.000000,7.000000,11.175926,0,FAIL
heavy,cold_start,32.0,28.0,30,0.10,NEW,0.50,1,1.155785,1944,0.065638,0.027576,0.117250,0.207572,4.000000,7.444444,11.185185,0,FAIL
heavy,cold_start,32.0,28.0,30,0.10,NEW,0.50,2,1.157251,1955,0.063809,0.027149,0.113820,0.198922,4.000000,7.277778,11.166667,0,FAIL
heavy,cold_start,32.0,28.0,30,0.10,NEW,0.35,1,1.160873,2015,0.064328,0.026905,0.114783,0.203644,4.000000,7.444444,11.166667,0,FAIL
heavy,cold_start,32.0,28.0,30,0.10,NEW,0.35,2,1.159177,2012,0.065009,0.026601,0.116094,0.203826,4.000000,7.722222,11.185185,0,FAIL
heavy,cold_start,32.0,28.0,30,0.01,OLD,1.00,1,1.178760,1840,0.063163,-0.001753,0.119540,0.220416,4.000000,7.680556,11.268519,0,FAIL
heavy,cold_start,32.0,28.0,30,0.01,NEW,1.00,1,1.160818,1885,0.068428,0.012144,0.123021,0.225002,4.000000,8.666667,11.342593,0,FAIL
heavy,cold_start,32.0,28.0,30,0.01,NEW,1.00,2,1.162258,1896,0.067265,0.017086,0.119345,0.215319,4.000000,8.250000,11.305556,0,FAIL
heavy,cold_start,32.0,28.0,30,0.01,NEW,0.70,1,1.162652,1953,0.067676,0.005515,0.122064,0.223525,4.000000,8.722222,11.305556,0,FAIL
heavy,cold_start,32.0,28.0,30,0.01,NEW,0.70,2,1.163733,1947,0.065932,0.008801,0.117852,0.213759,4.000000,8.666667,11.305556,0,FAIL
heavy,cold_start,32.0,28.0,30,0.01,NEW,0.50,1,1.162652,1989,0.067765,0.001901,0.121826,0.223853,4.000000,8.611111,11.268519,0,FAIL
heavy,cold_start,32.0,28.0,30,0.01,NEW,0.50,2,1.163733,1983,0.065516,0.004714,0.117725,0.213740,4.000000,8.694444,11.277778,0,FAIL
heavy,cold_start,32.0,28.0,30,0.01,NEW,0.35,1,1.167019,2018,0.067865,-0.000221,0.121908,0.223967,4.000000,8.388889,11.222222,0,FAIL
heavy,cold_start,32.0,28.0,30,0.01,NEW,0.35,2,1.165023,2011,0.065839,0.002426,0.119222,0.217173,4.000000,8.638889,11.250000,0,FAIL
heavy,cold_start,32.0,28.0,60,0.10,OLD,1.00,1,1.422118,-1,0.091831,0.039086,0.205400,0.322749,4.000000,7.069444,11.238426,0,FAIL
heavy,cold_start,32.0,28.0,60,0.10,NEW,1.00,1,1.403167,-1,0.095797,0.047465,0.197212,0.301715,4.000000,7.222222,11.425926,0,FAIL
heavy,cold_start,32.0,28.0,60,0.10,NEW,1.00,2,1.405767,-1,0.096759,0.045354,0.202215,0.309744,4.000000,7.388889,11.490741,0,FAIL
heavy,cold_start,32.0,28.0,60,0.10,NEW,0.70,1,1.401697,-1,0.096766,0.045415,0.203421,0.313332,4.000000,7.666667,11.490741,0,FAIL
heavy,cold_start,32.0,28.0,60,0.10,NEW,0.70,2,1.402333,-1,0.096376,0.044598,0.199699,0.308454,4.000000,7.583333,11.481481,0,FAIL
heavy,cold_start,32.0,28.0,60,0.10,NEW,0.50,1,1.401697,-1,0.096185,0.043346,0.203901,0.315409,4.000000,7.777778,11.462963,0,FAIL
heavy,cold_start,32.0,28.0,60,0.10,NEW,0.50,2,1.402333,-1,0.094624,0.043162,0.201462,0.308929,4.000000,7.777778,11.462963,0,FAIL
heavy,cold_start,32.0,28.0,60,0.10,NEW,0.35,1,1.403623,-1,0.095901,0.042664,0.203909,0.315698,4.000000,7.888889,11.425926,0,FAIL
heavy,cold_start,32.0,28.0,60,0.10,NEW,0.35,2,1.405796,-1,0.093425,0.041393,0.201085,0.310518,4.000000,7.944444,11.425926,0,FAIL
heavy,cold_start,32.0,28.0,60,0.01,OLD,1.00,1,1.431336,-1,0.106712,0.050385,0.221539,0.344736,4.000000,7.319444,11.497685,0,FAIL
heavy,cold_start,32.0,28.0,60,0.01,NEW,1.00,1,1.411700,-1,0.104003,0.044222,0.220206,0.343182,4.000000,7.611111,11.361111,0,FAIL
heavy,cold_start,32.0,28.0,60,0.01,NEW,1.00,2,1.411654,-1,0.101553,0.041420,0.214991,0.334691,4.000000,7.694444,11.384259,0,FAIL
heavy,cold_start,32.0,28.0,60,0.01,NEW,0.70,1,1.417792,-1,0.104685,0.043520,0.219914,0.346849,4.000000,7.611111,11.268519,0,FAIL
heavy,cold_start,32.0,28.0,60,0.01,NEW,0.70,2,1.413952,-1,0.101872,0.042055,0.214805,0.337071,4.000000,7.638889,11.287037,0,FAIL
heavy,cold_start,32.0,28.0,60,0.01,NEW,0.50,1,1.417792,-1,0.102463,0.042115,0.213166,0.346446,4.000000,7.611111,11.203704,0,FAIL
heavy,cold_start,32.0,28.0,60,0.01,NEW,0.50,2,1.413952,-1,0.102213,0.041817,0.215288,0.335207,4.000000,7.611111,11.222222,0,FAIL
heavy,cold_start,32.0,28.0,60,0.01,NEW,0.35,1,1.411836,-1,0.104662,0.044356,0.222024,0.345865,4.000000,7.611111,11.166667,0,FAIL
heavy,cold_start,32.0,28.0,60,0.01,NEW,0.35,2,1.412967,-1,0.101919,0.040620,0.214062,0.335517,4.000000,7.611111,11.180556,0,FAIL
heavy,cold_start,35.0,20.0,5,0.10,OLD,1.00,1,0.765509,5229,0.025747,0.010185,0.052956,0.115211,15.000000,27.791667,39.831019,0,FAIL
heavy,cold_start,35.0,20.0,5,0.10,NEW,1.00,1,0.755338,4884,0.026547,-0.004414,0.052478,0.108761,15.000000,28.000000,39.851852,0,FAIL
heavy,cold_start,35.0,20.0,5,0.10,NEW,1.00,2,0.753134,4887,0.027916,-0.007132,0.051828,0.108287,15.000000,27.833333,39.819444,0,FAIL
heavy,cold_start,35.0,20.0,5,0.10,NEW,0.70,1,0.751005,4994,0.027974,-0.002479,0.054024,0.114037,15.000000,27.888889,39.648148,0,FAIL
heavy,cold_start,35.0,20.0,5,0.10,NEW,0.70,2,0.750693,4995,0.029569,-0.001880,0.053184,0.110765,15.000000,27.833333,39.620370,0,FAIL
heavy,cold_start,35.0,20.0,5,0.10,NEW,0.50,1,0.754345,4993,0.029729,-0.000880,0.052835,0.110323,15.000000,27.833333,39.601852,0,FAIL
heavy,cold_start,35.0,20.0,5,0.10,NEW,0.50,2,0.755236,5002,0.028422,-0.001599,0.054232,0.111943,15.000000,28.027778,39.648148,0,FAIL
heavy,cold_start,35.0,20.0,5,0.10,NEW,0.35,1,0.755266,5005,0.028516,-0.003271,0.054122,0.112961,15.000000,27.833333,39.601852,0,FAIL
heavy,cold_start,35.0,20.0,5,0.10,NEW,0.35,2,0.754946,5005,0.029572,-0.001416,0.053225,0.110535,15.000000,27.833333,39.583333,0,FAIL
heavy,cold_start,35.0,20.0,5,0.01,OLD,1.00,1,0.766421,4562,0.024505,0.000781,0.042736,0.092173,15.000000,27.722222,39.805556,0,FAIL
heavy,cold_start,35.0,20.0,5,0.01,NEW,1.00,1,0.758653,4908,0.026449,0.002722,0.046930,0.098606,15.000000,27.722222,39.805556,0,FAIL
heavy,cold_start,35.0,20.0,5,0.01,NEW,1.00,2,0.758547,4908,0.026722,0.002480,0.046667,0.097835,15.000000,27.694444,39.800926,0,FAIL
heavy,cold_start,35.0,20.0,5,0.01,NEW,0.70,1,0.759502,5016,0.026340,0.005386,0.046542,0.097637,15.000000,28.000000,39.620370,0,FAIL
heavy,cold_start,35.0,20.0,5,0.01,NEW,0.70,2,0.756509,5015,0.026121,0.005253,0.046316,0.096803,15.000000,28.000000,39.615741,0,FAIL
heavy,cold_start,35.0,20.0,5,0.01,NEW,0.50,1,0.756810,5009,0.025495,0.005064,0.045192,0.094860,15.000000,28.055556,39.611111,0,FAIL
heavy,cold_start,35.0,20.0,5,0.01,NEW,0.50,2,0.758857,5015,0.025945,0.005281,0.046001,0.096251,15.000000,28.027778,39.611111,0,FAIL
heavy,cold_start,35.0,20.0,5,0.01,NEW,0.35,1,0.756759,5029,0.025212,0.004924,0.044674,0.094196,15.000000,28.055556,39.583333,0,FAIL
heavy,cold_start,35.0,20.0,5,0.01,NEW,0.35,2,0.756541,5027,0.026050,0.005380,0.046144,0.096175,15.000000,28.055556,39.587963,0,FAIL
heavy,cold_start,35.0,20.0,15,0.10,OLD,1.00,1,0.824574,-1,0.196578,-0.010332,0.304282,0.617670,15.000000,25.722222,39.712963,0,FAIL
heavy,cold_start,35.0,20.0,15,0.10,NEW,1.00,1,0.806153,-1,0.201622,0.037527,0.320613,0.631730,15.000000,25.555556,39.592593,0,FAIL
heavy,cold_start,35.0,20.0,15,0.10,NEW,1.00,2,0.806047,-1,0.201750,0.036905,0.320880,0.631946,15.000000,25.527778,39.597222,0,FAIL
heavy,cold_start,35.0,20.0,15,0.10,NEW,0.70,1,0.803785,-1,0.198996,0.044161,0.320370,0.632177,15.000000,28.500000,39.620370,0,FAIL
heavy,cold_start,35.0,20.0,15,0.10,NEW,0.70,2,0.804698,-1,0.199505,0.043683,0.321062,0.633273,15.000000,28.583333,39.625000,0,FAIL
heavy,cold_start,35.0,20.0,15,0.10,NEW,0.50,1,0.810665,-1,0.198955,0.043154,0.319805,0.632002,15.000000,28.555556,39.620370,0,FAIL
heavy,cold_start,35.0,20.0,15,0.10,NEW,0.50,2,0.809358,-1,0.199533,0.043663,0.321260,0.632031,15.000000,28.555556,39.620370,0,FAIL
heavy,cold_start,35.0,20.0,15,0.10,NEW,0.35,1,0.807196,-1,0.199811,0.043584,0.321149,0.630728,15.000000,28.777778,39.601852,0,FAIL
heavy,cold_start,35.0,20.0,15,0.10,NEW,0.35,2,0.803905,-1,0.199396,0.042443,0.320617,0.631648,15.000000,28.805556,39.606481,0,FAIL
heavy,cold_start,35.0,20.0,15,0.01,OLD,1.00,1,0.827220,-1,0.206464,0.010650,0.320966,0.643551,15.000000,24.791667,39.583333,0,FAIL
heavy,cold_start,35.0,20.0,15,0.01,NEW,1.00,1,0.813228,-1,0.205783,0.037757,0.329411,0.650142,15.000000,25.722222,39.601852,0,FAIL
heavy,cold_start,35.0,20.0,15,0.01,NEW,1.00,2,0.814541,-1,0.206912,0.038703,0.331047,0.653375,15.000000,25.722222,39.601852,0,FAIL
heavy,cold_start,35.0,20.0,15,0.01,NEW,0.70,1,0.812585,-1,0.205168,0.041905,0.330393,0.651914,15.000000,28.777778,39.638889,0,FAIL
heavy,cold_start,35.0,20.0,15,0.01,NEW,0.70,2,0.814026,-1,0.205177,0.041840,0.330348,0.652850,15.000000,28.805556,39.638889,0,FAIL
heavy,cold_start,35.0,20.0,15,0.01,NEW,0.50,1,0.815188,-1,0.205502,0.042056,0.331117,0.654604,15.000000,28.833333,39.638889,0,FAIL
heavy,cold_start,35.0,20.0,15,0.01,NEW,0.50,2,0.812673,-1,0.205683,0.042011,0.330914,0.653661,15.000000,28.833333,39.638889,0,FAIL
heavy,cold_start,35.0,20.0,15,0.01,NEW,0.35,1,0.814448,-1,0.206097,0.039816,0.330218,0.655317,15.000000,29.166667,39.638889,0,FAIL
heavy,cold_start,35.0,20.0,15,0.01,NEW,0.35,2,0.814355,-1,0.206238,0.040152,0.331128,0.653718,15.000000,29.194444,39.638889,0,FAIL
heavy,cold_start,35.0,20.0,30,0.10,OLD,1.00,1,0.917699,-1,0.235895,-0.002689,0.421654,0.767291,15.000000,31.694444,40.208333,0,FAIL
heavy,cold_start,35.0,20.0,30,0.10,NEW,1.00,1,0.897052,-1,0.238843,-0.000549,0.431471,0.786790,15.000000,26.222222,39.648148,0,FAIL
heavy,cold_start,35.0,20.0,30,0.10,NEW,1.00,2,0.892178,-1,0.238662,-0.003302,0.428855,0.780534,15.000000,26.472222,39.671296,0,FAIL
heavy,cold_start,35.0,20.0,30,0.10,NEW,0.70,1,0.896318,-1,0.239595,0.037524,0.431699,0.785312,15.000000,24.166667,39.370370,0,FAIL
heavy,cold_start,35.0,20.0,30,0.10,NEW,0.70,2,0.895582,-1,0.238513,0.037586,0.429412,0.782757,15.000000,24.166667,39.370370,0,FAIL
heavy,cold_start,35.0,20.0,30,0.10,NEW,0.50,1,0.897515,-1,0.237889,0.034700,0.429649,0.783715,15.000000,24.277778,39.379630,0,FAIL
heavy,cold_start,35.0,20.0,30,0.10,NEW,0.50,2,0.896836,-1,0.237777,0.034579,0.429081,0.780383,15.000000,24.250000,39.375000,0,FAIL
heavy,cold_start,35.0,20.0,30,0.10,NEW,0.35,1,0.896556,-1,0.241079,0.044649,0.434245,0.786068,15.000000,24.111111,39.342593,0,FAIL
heavy,cold_start,35.0,20.0,30,0.10,NEW,0.35,2,0.898893,-1,0.239445,0.045961,0.431490,0.779778,15.000000,24.083333,39.347222,0,FAIL
heavy,cold_start,35.0,20.0,30,0.01,OLD,1.00,1,0.920047,-1,0.241081,-0.001325,0.430801,0.787428,15.000000,31.902778,40.238426,0,FAIL
heavy,cold_start,35.0,20.0,30,0.01,NEW,1.00,1,0.901427,-1,0.249813,-0.008071,0.451362,0.816578,15.000000,27.833333,39.814815,0,FAIL
heavy,cold_start,35.0,20.0,30,0.01,NEW,1.00,2,0.902009,-1,0.249595,-0.009063,0.449954,0.816008,15.000000,28.027778,39.833333,0,FAIL
heavy,cold_start,35.0,20.0,30,0.01,NEW,0.70,1,0.901201,-1,0.244852,0.022717,0.450347,0.815430,15.000000,24.777778,39.379630,0,FAIL
heavy,cold_start,35.0,20.0,30,0.01,NEW,0.70,2,0.900479,-1,0.244701,0.020426,0.450480,0.817567,15.000000,24.944444,39.388889,0,FAIL
heavy,cold_start,35.0,20.0,30,0.01,NEW,0.50,1,0.903446,-1,0.245061,0.021924,0.451177,0.817630,15.000000,24.888889,39.388889,0,FAIL
heavy,cold_start,35.0,20.0,30,0.01,NEW,0.50,2,0.904548,-1,0.244364,0.018706,0.449422,0.812388,15.000000,25.027778,39.398148,0,FAIL
heavy,cold_start,35.0,20.0,30,0.01,NEW,0.35,1,0.904707,-1,0.245314,0.028247,0.451593,0.819653,15.000000,24.555556,39.333333,0,FAIL
heavy,cold_start,35.0,20.0,30,0.01,NEW,0.35,2,0.903498,-1,0.244550,0.026162,0.449450,0.813386,15.000000,24.611111,39.337963,0,FAIL
heavy,cold_start,35.0,20.0,60,0.10,OLD,1.00,1,1.108069,-1,0.369520,0.160286,0.760881,1.191054,15.000000,29.000000,40.796296,0,FAIL
heavy,cold_start,35.0,20.0,60,0.10,NEW,1.00,1,1.091994,-1,0.370743,0.147877,0.785479,1.224543,15.000000,29.222222,40.296296,0,FAIL
heavy,cold_start,35.0,20.0,60,0.10,NEW,1.00,2,1.087240,-1,0.370847,0.149545,0.787927,1.224694,15.000000,29.138889,40.314815,0,FAIL
heavy,cold_start,35.0,20.0,60,0.10,NEW,0.70,1,1.086628,-1,0.373957,0.145669,0.784987,1.224630,15.000000,28.722222,39.583333,0,FAIL
heavy,cold_start,35.0,20.0,60,0.10,NEW,0.70,2,1.088066,-1,0.373396,0.142592,0.783000,1.217466,15.000000,28.805556,39.606481,0,FAIL
heavy,cold_start,35.0,20.0,60,0.10,NEW,0.50,1,1.087614,-1,0.374934,0.144618,0.786093,1.222658,15.000000,28.833333,39.638889,0,FAIL
heavy,cold_start,35.0,20.0,60,0.10,NEW,0.50,2,1.091313,-1,0.372212,0.141853,0.780403,1.214376,15.000000,28.916667,39.675926,0,FAIL
heavy,cold_start,35.0,20.0,60,0.10,NEW,0.35,1,1.085617,-1,0.375240,0.147609,0.788410,1.225871,15.000000,28.666667,39.509259,0,FAIL
heavy,cold_start,35.0,20.0,60,0.10,NEW,0.35,2,1.082712,-1,0.375291,0.145965,0.788326,1.223464,15.000000,28.694444,39.509259,0,FAIL
heavy,cold_start,35.0,20.0,60,0.01,OLD,1.00,1,1.119509,-1,0.367149,0.150414,0.786036,1.225751,15.000000,29.500000,40.550926,0,FAIL
heavy,cold_start,35.0,20.0,60,0.01,NEW,1.00,1,1.095984,-1,0.383499,0.155515,0.808609,1.254842,15.000000,28.666667,39.907407,0,FAIL
heavy,cold_start,35.0,20.0,60,0.01,NEW,1.00,2,1.100384,-1,0.382712,0.154283,0.807284,1.250896,15.000000,28.611111,39.879630,0,FAIL
heavy,cold_start,35.0,20.0,60,0.01,NEW,0.70,1,1.094370,-1,0.381413,0.153554,0.804530,1.247676,15.000000,28.388889,39.462963,0,FAIL
heavy,cold_start,35.0,20.0,60,0.01,NEW,0.70,2,1.095886,-1,0.383849,0.156882,0.809373,1.253720,15.000000,28.416667,39.467593,0,FAIL
heavy,cold_start,35.0,20.0,60,0.01,NEW,0.50,1,1.098487,-1,0.384377,0.156826,0.810626,1.257178,15.000000,28.444444,39.490741,0,FAIL
heavy,cold_start,35.0,20.0,60,0.01,NEW,0.50,2,1.096185,-1,0.384292,0.157948,0.810320,1.259276,15.000000,28.416667,39.486111,0,FAIL
heavy,cold_start,35.0,20.0,60,0.01,NEW,0.35,1,1.096788,-1,0.383363,0.157161,0.807584,1.255471,15.000000,28.388889,39.425926,0,FAIL
heavy,cold_start,35.0,20.0,60,0.01,NEW,0.35,2,1.096088,-1,0.383578,0.157669,0.808163,1.252186,15.000000,28.388889,39.430556,0,FAIL
heavy,cold_start,35.0,25.0,5,0.10,OLD,1.00,1,0.869383,2641,0.026827,0.002291,0.049585,0.105780,10.000000,18.666667,27.125000,0,FAIL
heavy,cold_start,35.0,25.0,5,0.10,NEW,1.00,1,0.853560,2654,0.026674,0.006427,0.050645,0.105386,10.000000,18.444444,27.092593,0,FAIL
heavy,cold_start,35.0,25.0,5,0.10,NEW,1.00,2,0.853670,2653,0.026088,0.003189,0.049028,0.102784,10.000000,18.888889,27.138889,0,FAIL
heavy,cold_start,35.0,25.0,5,0.10,NEW,0.70,1,0.853609,2699,0.024562,-0.002068,0.049065,0.104138,10.000000,18.722222,27.064815,0,FAIL
heavy,cold_start,35.0,25.0,5,0.10,NEW,0.70,2,0.853884,2701,0.025519,0.002092,0.048842,0.102631,10.000000,18.805556,27.032407,0,FAIL
heavy,cold_start,35.0,25.0,5,0.10,NEW,0.50,1,0.852104,2715,0.025919,-0.005206,0.051218,0.105640,10.000000,19.111111,27.027778,0,FAIL
heavy,cold_start,35.0,25.0,5,0.10,NEW,0.50,2,0.853971,2720,0.023513,0.000249,0.049253,0.104184,10.000000,19.000000,27.037037,0,FAIL
heavy,cold_start,35.0,25.0,5,0.10,NEW,0.35,1,0.852632,3070,0.022474,0.005412,0.045845,0.094042,10.000000,18.777778,26.953704,0,FAIL
heavy,cold_start,35.0,25.0,5,0.10,NEW,0.35,2,0.851578,2731,0.028146,0.008049,0.050683,0.105163,10.000000,18.861111,27.013889,0,FAIL
heavy,cold_start,35.0,25.0,5,0.01,OLD,1.00,1,0.872215,2650,0.016459,0.001701,0.029730,0.065972,10.000000,18.986111,27.120370,0,FAIL
heavy,cold_start,35.0,25.0,5,0.01,NEW,1.00,1,0.858839,2698,0.016103,0.001726,0.026846,0.057824,10.000000,19.000000,27.111111,0,FAIL
heavy,cold_start,35.0,25.0,5,0.01,NEW,1.00,2,0.856878,2697,0.015337,0.001868,0.025793,0.053921,10.000000,18.944444,27.106481,0,FAIL
heavy,cold_start,35.0,25.0,5,0.01,NEW,0.70,1,0.855945,2740,0.015516,0.001163,0.026478,0.057746,10.000000,18.944444,27.046296,0,FAIL
heavy,cold_start,35.0,25.0,5,0.01,NEW,0.70,2,0.856369,2738,0.015275,0.000590,0.026338,0.057200,10.000000,19.000000,27.050926,0,FAIL
heavy,cold_start,35.0,25.0,5,0.01,NEW,0.50,1,0.858523,3057,0.016417,0.000202,0.028479,0.062140,10.000000,19.055556,27.027778,0,FAIL
heavy,cold_start,35.0,25.0,5,0.01,NEW,0.50,2,0.857468,2753,0.015708,0.000474,0.027634,0.059001,10.000000,19.000000,27.023148,0,FAIL
heavy,cold_start,35.0,25.0,5,0.01,NEW,0.35,1,0.857072,2767,0.015160,0.000022,0.026746,0.057809,10.000000,19.000000,27.000000,0,FAIL
heavy,cold_start,35.0,25.0,5,0.01,NEW,0.35,2,0.857554,2766,0.015674,0.000338,0.027496,0.058346,10.000000,19.000000,27.004630,0,FAIL
heavy,cold_start,35.0,25.0,15,0.10,OLD,1.00,1,0.931867,-1,0.126066,-0.005144,0.195551,0.389764,10.000000,17.361111,27.062500,0,FAIL
heavy,cold_start,35.0,25.0,15,0.10,NEW,1.00,1,0.914261,-1,0.130844,0.025666,0.210805,0.413548,10.000000,19.500000,27.120370,0,FAIL
heavy,cold_start,35.0,25.0,15,0.10,NEW,1.00,2,0.916363,-1,0.130539,0.026992,0.210615,0.414260,10.000000,19.305556,27.106481,0,FAIL
heavy,cold_start,35.0,25.0,15,0.10,NEW,0.70,1,0.914650,-1,0.131679,0.020462,0.208371,0.412509,10.000000,20.111111,27.120370,0,FAIL
heavy,cold_start,35.0,25.0,15,0.10,NEW,0.70,2,0.913420,-1,0.132219,0.021229,0.209748,0.411774,10.000000,20.083333,27.115741,0,FAIL
heavy,cold_start,35.0,25.0,15,0.10,NEW,0.50,1,0.917095,-1,0.131124,0.022428,0.208513,0.413462,10.000000,19.944444,27.074074,0,FAIL
heavy,cold_start,35.0,25.0,15,0.10,NEW,0.50,2,0.916022,-1,0.131831,0.020284,0.209242,0.410895,10.000000,20.138889,27.097222,0,FAIL
heavy,cold_start,35.0,25.0,15,0.10,NEW,0.35,1,0.912015,-1,0.132763,0.016446,0.209585,0.411930,10.000000,20.444444,27.111111,0,FAIL
heavy,cold_start,35.0,25.0,15,0.10,NEW,0.35,2,0.913962,-1,0.132940,0.015337,0.209285,0.411622,10.000000,20.500000,27.115741,0,FAIL
heavy,cold_start,35.0,25.0,15,0.01,OLD,1.00,1,0.936047,-1,0.130565,0.027175,0.212918,0.423823,10.000000,17.972222,26.981481,0,FAIL
heavy,cold_start,35.0,25.0,15,0.01,NEW,1.00,1,0.917551,-1,0.140206,0.005669,0.220776,0.437647,10.000000,21.055556,27.296296,0,FAIL
heavy,cold_start,35.0,25.0,15,0.01,NEW,1.00,2,0.917894,-1,0.140241,0.006348,0.220690,0.435726,10.000000,21.027778,27.291667,0,FAIL
heavy,cold_start,35.0,25.0,15,0.01,NEW,0.70,1,0.921929,-1,0.139848,-0.004320,0.219231,0.437777,10.000000,21.111111,27.250000,0,FAIL
heavy,cold_start,35.0,25.0,15,0.01,NEW,0.70,2,0.917829,-1,0.139838,-0.003869,0.219522,0.435773,10.000000,21.111111,27.254630,0,FAIL
heavy,cold_start,35.0,25.0,15,0.01,NEW,0.50,1,0.917593,-1,0.139239,-0.008114,0.217695,0.436856,10.000000,21.055556,27.231481,0,FAIL
heavy,cold_start,35.0,25.0,15,0.01,NEW,0.50,2,0.917817,-1,0.139416,-0.007646,0.218054,0.435643,10.000000,21.055556,27.226852,0,FAIL
heavy,cold_start,35.0,25.0,15,0.01,NEW,0.35,1,0.918256,-1,0.139087,-0.010585,0.218768,0.438244,10.000000,20.944444,27.203704,0,FAIL
heavy,cold_start,35.0,25.0,15,0.01,NEW,0.35,2,0.920493,-1,0.138982,-0.010466,0.218301,0.435422,10.000000,20.944444,27.203704,0,FAIL
heavy,cold_start,35.0,25.0,30,0.10,OLD,1.00,1,1.032319,-1,0.148757,-0.007859,0.269781,0.499174,10.000000,20.208333,27.307870,0,FAIL
heavy,cold_start,35.0,25.0,30,0.10,NEW,1.00,1,1.016823,-1,0.158274,0.032365,0.285668,0.513548,10.000000,16.000000,26.953704,0,FAIL
heavy,cold_start,35.0,25.0,30,0.10,NEW,1.00,2,1.016739,-1,0.157685,0.033803,0.284231,0.507951,10.000000,16.000000,26.949074,0,FAIL
heavy,cold_start,35.0,25.0,30,0.10,NEW,0.70,1,1.018038,-1,0.161517,0.042879,0.286708,0.516394,10.000000,16.222222,26.916667,0,FAIL
heavy,cold_start,35.0,25.0,30,0.10,NEW,0.70,2,1.019199,-1,0.160681,0.043864,0.284668,0.511630,10.000000,16.333333,26.921296,0,FAIL
heavy,cold_start,35.0,25.0,30,0.10,NEW,0.50,1,1.015927,-1,0.161900,0.045155,0.286755,0.515232,10.000000,16.388889,26.907407,0,FAIL
heavy,cold_start,35.0,25.0,30,0.10,NEW,0.50,2,1.015591,-1,0.161152,0.046189,0.285220,0.509886,10.000000,16.500000,26.916667,0,FAIL
heavy,cold_start,35.0,25.0,30,0.10,NEW,0.35,1,1.012769,-1,0.161234,0.045118,0.285512,0.512030,10.000000,16.388889,26.879630,0,FAIL
heavy,cold_start,35.0,25.0,30,0.10,NEW,0.35,2,1.016797,-1,0.162906,0.048543,0.286056,0.511940,10.000000,16.694444,26.907407,0,FAIL
heavy,cold_start,35.0,25.0,30,0.01,OLD,1.00,1,1.036525,-1,0.160961,0.012095,0.291073,0.532105,10.000000,16.666667,26.983796,0,FAIL
heavy,cold_start,35.0,25.0,30,0.01,NEW,1.00,1,1.020196,-1,0.173213,0.055840,0.301354,0.540132,10.000000,16.944444,27.074074,0,FAIL
heavy,cold_start,35.0,25.0,30,0.01,NEW,1.00,2,1.020407,-1,0.174768,0.057097,0.303723,0.544375,10.000000,16.972222,27.078704,0,FAIL
heavy,cold_start,35.0,25.0,30,0.01,NEW,0.70,1,1.024292,-1,0.175831,0.058582,0.301352,0.540432,10.000000,17.944444,27.092593,0,FAIL
heavy,cold_start,35.0,25.0,30,0.01,NEW,0.70,2,1.020980,-1,0.177194,0.059741,0.303448,0.544149,10.000000,17.916667,27.092593,0,FAIL
heavy,cold_start,35.0,25.0,30,0.01,NEW,0.50,1,1.022119,-1,0.175361,0.058421,0.300954,0.538725,10.000000,18.111111,27.074074,0,FAIL
heavy,cold_start,35.0,25.0,30,0.01,NEW,0.50,2,1.021608,-1,0.176655,0.059210,0.302606,0.543676,10.000000,18.250000,27.087963,0,FAIL
heavy,cold_start,35.0,25.0,30,0.01,NEW,0.35,1,1.018693,-1,0.175391,0.058078,0.301459,0.540653,10.000000,18.444444,27.083333,0,FAIL
heavy,cold_start,35.0,25.0,30,0.01,NEW,0.35,2,1.019502,-1,0.176416,0.058921,0.303405,0.543143,10.000000,18.555556,27.092593,0,FAIL
heavy,cold_start,35.0,25.0,60,0.10,OLD,1.00,1,1.250272,-1,0.240284,0.090278,0.512206,0.793551,10.000000,18.611111,27.048611,0,FAIL
heavy,cold_start,35.0,25.0,60,0.10,NEW,1.00,1,1.233363,-1,0.247337,0.107350,0.525051,0.809830,10.000000,18.611111,27.342593,0,FAIL
heavy,cold_start,35.0,25.0,60,0.10,NEW,1.00,2,1.233881,-1,0.246742,0.106604,0.524957,0.809257,10.000000,18.611111,27.314815,0,FAIL
heavy,cold_start,35.0,25.0,60,0.10,NEW,0.70,1,1.234836,-1,0.252642,0.111407,0.531867,0.819308,10.000000,18.611111,27.351852,0,FAIL
heavy,cold_start,35.0,25.0,60,0.10,NEW,0.70,2,1.235209,-1,0.248978,0.108683,0.524212,0.812984,10.000000,18.527778,27.333333,0,FAIL
heavy,cold_start,35.0,25.0,60,0.10,NEW,0.50,1,1.229923,-1,0.249487,0.110287,0.523105,0.810608,10.000000,18.555556,27.351852,0,FAIL
heavy,cold_start,35.0,25.0,60,0.10,NEW,0.50,2,1.228594,-1,0.250597,0.109601,0.528027,0.813313,10.000000,18.583333,27.319444,0,FAIL
heavy,cold_start,35.0,25.0,60,0.10,NEW,0.35,1,1.237961,-1,0.252101,0.111277,0.528329,0.817151,10.000000,18.611111,27.370370,0,FAIL
heavy,cold_start,35.0,25.0,60,0.10,NEW,0.35,2,1.236722,-1,0.250451,0.110164,0.525707,0.810838,10.000000,18.555556,27.328704,0,FAIL
heavy,cold_start,35.0,25.0,60,0.01,OLD,1.00,1,1.258129,-1,0.250916,0.106141,0.535089,0.831122,10.000000,18.527778,27.280093,0,FAIL
heavy,cold_start,35.0,25.0,60,0.01,NEW,1.00,1,1.238296,-1,0.255196,0.106481,0.534950,0.832059,10.000000,18.777778,27.537037,0,FAIL
heavy,cold_start,35.0,25.0,60,0.01,NEW,1.00,2,1.240271,-1,0.256335,0.106958,0.538870,0.840057,10.000000,18.861111,27.583333,0,FAIL
heavy,cold_start,35.0,25.0,60,0.01,NEW,0.70,1,1.238098,-1,0.257116,0.107716,0.540244,0.841307,10.000000,18.888889,27.583333,0,FAIL
heavy,cold_start,35.0,25.0,60,0.01,NEW,0.70,2,1.241815,-1,0.256849,0.107612,0.538361,0.839622,10.000000,18.861111,27.606481,0,FAIL
heavy,cold_start,35.0,25.0,60,0.01,NEW,0.50,1,1.241305,-1,0.257118,0.107471,0.542907,0.844371,10.000000,18.888889,27.620370,0,FAIL
heavy,cold_start,35.0,25.0,60,0.01,NEW,0.50,2,1.238110,-1,0.257575,0.107975,0.541887,0.839014,10.000000,18.861111,27.592593,0,FAIL
heavy,cold_start,35.0,25.0,60,0.01,NEW,0.35,1,1.241638,-1,0.256749,0.107229,0.538696,0.846468,10.000000,18.888889,27.601852,0,FAIL
heavy,cold_start,35.0,25.0,60,0.01,NEW,0.35,2,1.242882,-1,0.257137,0.107771,0.541467,0.838340,10.000000,18.861111,27.592593,0,FAIL
heavy,cold_start,35.0,28.0,5,0.10,OLD,1.00,1,0.922812,1511,0.027775,-0.001129,0.049707,0.104331,7.000000,13.277778,19.201389,0,FAIL
heavy,cold_start,35.0,28.0,5,0.10,NEW,1.00,1,0.912921,1530,0.023981,0.001741,0.048955,0.103811,7.000000,12.944444,19.203704,0,FAIL
heavy,cold_start,35.0,28.0,5,0.10,NEW,1.00,2,0.912481,1522,0.026313,0.004018,0.049116,0.103253,7.000000,13.277778,19.245370,0,FAIL
heavy,cold_start,35.0,28.0,5,0.10,NEW,0.70,1,0.909888,1559,0.027401,-0.006302,0.050511,0.105214,7.000000,13.333333,19.166667,0,FAIL
heavy,cold_start,35.0,28.0,5,0.10,NEW,0.70,2,0.907545,1548,0.025290,0.000520,0.048962,0.102106,7.000000,13.111111,19.138889,0,FAIL
heavy,cold_start,35.0,28.0,5,0.10,NEW,0.50,1,0.911505,1582,0.026657,-0.000755,0.048634,0.102860,7.000000,13.055556,19.129630,0,FAIL
heavy,cold_start,35.0,28.0,5,0.10,NEW,0.50,2,0.912282,1574,0.024594,0.000238,0.048952,0.103076,7.000000,13.194444,19.152778,0,FAIL
heavy,cold_start,35.0,28.0,5,0.10,NEW,0.35,1,0.912171,1591,0.025091,0.001133,0.048662,0.103726,7.000000,13.111111,19.129630,0,FAIL
heavy,cold_start,35.0,28.0,5,0.10,NEW,0.35,2,0.915058,1597,0.027801,-0.004895,0.050059,0.102951,7.000000,13.111111,19.087963,0,FAIL
heavy,cold_start,35.0,28.0,5,0.01,OLD,1.00,1,0.932520,1518,0.009536,0.000880,0.018267,0.041844,7.000000,12.986111,19.203704,0,FAIL
heavy,cold_start,35.0,28.0,5,0.01,NEW,1.00,1,0.918247,1537,0.010077,0.001837,0.017033,0.036673,7.000000,13.111111,19.203704,0,FAIL
heavy,cold_start,35.0,28.0,5,0.01,NEW,1.00,2,0.915489,1533,0.010356,0.001975,0.018224,0.038538,7.000000,13.055556,19.199074,0,FAIL
heavy,cold_start,35.0,28.0,5,0.01,NEW,0.70,1,0.920620,1565,0.010299,0.001837,0.018164,0.038542,7.000000,13.166667,19.175926,0,FAIL
heavy,cold_start,35.0,28.0,5,0.01,NEW,0.70,2,0.916248,1562,0.010489,0.002294,0.018507,0.038570,7.000000,13.111111,19.166667,0,FAIL
heavy,cold_start,35.0,28.0,5,0.01,NEW,0.50,1,0.914776,1581,0.010680,0.002191,0.018819,0.040069,7.000000,13.166667,19.148148,0,FAIL
heavy,cold_start,35.0,28.0,5,0.01,NEW,0.50,2,0.914801,1585,0.010462,0.002146,0.018398,0.038565,7.000000,13.166667,19.143519,0,FAIL
heavy,cold_start,35.0,28.0,5,0.01,NEW,0.35,1,0.916005,1598,0.010953,0.002215,0.018945,0.040091,7.000000,13.166667,19.120370,0,FAIL
heavy,cold_start,35.0,28.0,5,0.01,NEW,0.35,2,0.918853,1601,0.010401,0.001954,0.017928,0.037534,7.000000,13.166667,19.125000,0,FAIL
heavy,cold_start,35.0,28.0,15,0.10,OLD,1.00,1,0.995713,1574,0.087593,-0.004416,0.134290,0.271653,7.000000,14.527778,19.344907,0,FAIL
heavy,cold_start,35.0,28.0,15,0.10,NEW,1.00,1,0.979643,2297,0.095171,0.019334,0.143595,0.288445,7.000000,13.444444,19.314815,0,FAIL
heavy,cold_start,35.0,28.0,15,0.10,NEW,1.00,2,0.979850,1589,0.095373,0.019691,0.144239,0.284629,7.000000,13.500000,19.319444,0,FAIL
heavy,cold_start,35.0,28.0,15,0.10,NEW,0.70,1,0.976049,-1,0.092345,0.015257,0.143963,0.291699,7.000000,13.944444,19.305556,0,FAIL
heavy,cold_start,35.0,28.0,15,0.10,NEW,0.70,2,0.978210,1622,0.091893,0.015028,0.144110,0.284275,7.000000,14.027778,19.310185,0,FAIL
heavy,cold_start,35.0,28.0,15,0.10,NEW,0.50,1,0.978018,1638,0.092499,0.017666,0.144166,0.287734,7.000000,13.888889,19.277778,0,FAIL
heavy,cold_start,35.0,28.0,15,0.10,NEW,0.50,2,0.974727,1635,0.092117,0.016645,0.143844,0.282866,7.000000,13.916667,19.277778,0,FAIL
heavy,cold_start,35.0,28.0,15,0.10,NEW,0.35,1,0.977775,1654,0.090962,0.011460,0.143296,0.286857,7.000000,14.222222,19.268519,0,FAIL
heavy,cold_start,35.0,28.0,15,0.10,NEW,0.35,2,0.983751,1653,0.090604,0.009116,0.144421,0.285931,7.000000,14.388889,19.273148,0,FAIL
heavy,cold_start,35.0,28.0,15,0.01,OLD,1.00,1,0.998202,-1,0.095714,-0.004498,0.148602,0.297325,7.000000,12.000000,19.171296,0,FAIL
heavy,cold_start,35.0,28.0,15,0.01,NEW,1.00,1,0.985267,-1,0.096576,0.020223,0.155424,0.307874,7.000000,13.444444,19.222222,0,FAIL
heavy,cold_start,35.0,28.0,15,0.01,NEW,1.00,2,0.982369,-1,0.095463,0.019920,0.154478,0.305024,7.000000,13.333333,19.208333,0,FAIL
heavy,cold_start,35.0,28.0,15,0.01,NEW,0.70,1,0.983576,-1,0.097529,0.017791,0.155634,0.308111,7.000000,13.888889,19.222222,0,FAIL
heavy,cold_start,35.0,28.0,15,0.01,NEW,0.70,2,0.983312,-1,0.096449,0.017418,0.154062,0.304731,7.000000,13.805556,19.212963,0,FAIL
heavy,cold_start,35.0,28.0,15,0.01,NEW,0.50,1,0.985621,-1,0.096603,0.014521,0.153610,0.304145,7.000000,14.111111,19.212963,0,FAIL
heavy,cold_start,35.0,28.0,15,0.01,NEW,0.50,2,0.983744,-1,0.097086,0.015145,0.154389,0.305049,7.000000,14.083333,19.212963,0,FAIL
heavy,cold_start,35.0,28.0,15,0.01,NEW,0.35,1,0.982905,-1,0.098453,0.012910,0.155421,0.308716,7.000000,14.333333,19.222222,0,FAIL
heavy,cold_start,35.0,28.0,15,0.01,NEW,0.35,2,0.981972,-1,0.097413,0.013046,0.154398,0.304830,7.000000,14.277778,19.212963,0,FAIL
heavy,cold_start,35.0,28.0,30,0.10,OLD,1.00,1,1.100984,-1,0.103163,-0.008442,0.179496,0.336616,7.000000,12.166667,19.152778,0,FAIL
heavy,cold_start,35.0,28.0,30,0.10,NEW,1.00,1,1.085166,-1,0.106345,0.008310,0.192820,0.356300,7.000000,11.500000,19.111111,0,FAIL
heavy,cold_start,35.0,28.0,30,0.10,NEW,1.00,2,1.085991,-1,0.106853,0.009731,0.195207,0.355571,7.000000,11.500000,19.111111,0,FAIL
heavy,cold_start,35.0,28.0,30,0.10,NEW,0.70,1,1.086503,-1,0.108145,0.013260,0.198133,0.362831,7.000000,11.388889,19.074074,0,FAIL
heavy,cold_start,35.0,28.0,30,0.10,NEW,0.70,2,1.085074,-1,0.108580,0.011721,0.197939,0.358385,7.000000,11.444444,19.078704,0,FAIL
heavy,cold_start,35.0,28.0,30,0.10,NEW,0.50,1,1.083801,-1,0.109584,0.016827,0.197915,0.358950,7.000000,11.277778,19.046296,0,FAIL
heavy,cold_start,35.0,28.0,30,0.10,NEW,0.50,2,1.085196,-1,0.109996,0.020645,0.199409,0.359189,7.000000,11.194444,19.046296,0,FAIL
heavy,cold_start,35.0,28.0,30,0.10,NEW,0.35,1,1.088610,-1,0.108625,0.012878,0.195259,0.355209,7.000000,11.333333,19.027778,0,FAIL
heavy,cold_start,35.0,28.0,30,0.10,NEW,0.35,2,1.087287,-1,0.108217,0.022665,0.194389,0.352934,7.000000,11.277778,19.041667,0,FAIL
heavy,cold_start,35.0,28.0,30,0.01,OLD,1.00,1,1.106582,-1,0.112222,-0.002954,0.205555,0.370492,7.000000,14.305556,19.379630,0,FAIL
heavy,cold_start,35.0,28.0,30,0.01,NEW,1.00,1,1.091691,-1,0.116289,0.026491,0.211275,0.385033,7.000000,11.166667,19.120370,0,FAIL
heavy,cold_start,35.0,28.0,30,0.01,NEW,1.00,2,1.094425,-1,0.116580,0.027969,0.211475,0.378068,7.000000,11.166667,19.125000,0,FAIL
heavy,cold_start,35.0,28.0,30,0.01,NEW,0.70,1,1.091082,-1,0.117034,0.031725,0.210395,0.380922,7.000000,11.222222,19.101852,0,FAIL
heavy,cold_start,35.0,28.0,30,0.01,NEW,0.70,2,1.091694,-1,0.118329,0.032799,0.211647,0.380621,7.000000,11.277778,19.106481,0,FAIL
heavy,cold_start,35.0,28.0,30,0.01,NEW,0.50,1,1.092031,-1,0.118757,0.034393,0.210525,0.382809,7.000000,11.388889,19.092593,0,FAIL
heavy,cold_start,35.0,28.0,30,0.01,NEW,0.50,2,1.092940,-1,0.119757,0.036149,0.210937,0.378324,7.000000,11.500000,19.106481,0,FAIL
heavy,cold_start,35.0,28.0,30,0.01,NEW,0.35,1,1.092977,-1,0.120375,0.037246,0.212827,0.386537,7.000000,11.611111,19.101852,0,FAIL
heavy,cold_start,35.0,28.0,30,0.01,NEW,0.35,2,1.090155,-1,0.120540,0.037707,0.211273,0.377876,7.000000,11.638889,19.101852,0,FAIL
heavy,cold_start,35.0,28.0,60,0.10,OLD,1.00,1,1.340344,-1,0.168626,0.064243,0.359734,0.550795,7.000000,14.291667,19.430556,0,FAIL
heavy,cold_start,35.0,28.0,60,0.10,NEW,1.00,1,1.322494,-1,0.170091,0.074806,0.367389,0.566154,7.000000,13.000000,19.296296,0,FAIL
heavy,cold_start,35.0,28.0,60,0.10,NEW,1.00,2,1.321684,-1,0.165281,0.071044,0.359435,0.553279,7.000000,12.944444,19.277778,0,FAIL
heavy,cold_start,35.0,28.0,60,0.10,NEW,0.70,1,1.321978,-1,0.169141,0.074312,0.366376,0.562245,7.000000,12.888889,19.250000,0,FAIL
heavy,cold_start,35.0,28.0,60,0.10,NEW,0.70,2,1.319020,-1,0.167608,0.073642,0.361803,0.556420,7.000000,12.916667,19.287037,0,FAIL
heavy,cold_start,35.0,28.0,60,0.10,NEW,0.50,1,1.316742,-1,0.169961,0.075266,0.365621,0.564875,7.000000,12.944444,19.277778,0,FAIL
heavy,cold_start,35.0,28.0,60,0.10,NEW,0.50,2,1.317919,-1,0.167413,0.074115,0.361888,0.554630,7.000000,12.916667,19.254630,0,FAIL
heavy,cold_start,35.0,28.0,60,0.10,NEW,0.35,1,1.318189,-1,0.169758,0.076292,0.364304,0.557932,7.000000,12.888889,19.277778,0,FAIL
heavy,cold_start,35.0,28.0,60,0.10,NEW,0.35,2,1.320093,-1,0.167558,0.074076,0.359969,0.555085,7.000000,12.888889,19.273148,0,FAIL
heavy,cold_start,35.0,28.0,60,0.01,OLD,1.00,1,1.344450,-1,0.171234,0.069126,0.368507,0.576854,7.000000,12.861111,19.233796,0,FAIL
heavy,cold_start,35.0,28.0,60,0.01,NEW,1.00,1,1.329147,-1,0.178788,0.074710,0.375697,0.585898,7.000000,13.166667,19.527778,0,FAIL
heavy,cold_start,35.0,28.0,60,0.01,NEW,1.00,2,1.326241,-1,0.179258,0.074719,0.377596,0.590021,7.000000,13.222222,19.523148,0,FAIL
heavy,cold_start,35.0,28.0,60,0.01,NEW,0.70,1,1.326515,-1,0.179914,0.075075,0.378584,0.589245,7.000000,13.166667,19.518519,0,FAIL
heavy,cold_start,35.0,28.0,60,0.01,NEW,0.70,2,1.326566,-1,0.178592,0.074682,0.374754,0.581460,7.000000,13.166667,19.513889,0,FAIL
heavy,cold_start,35.0,28.0,60,0.01,NEW,0.50,1,1.324282,-1,0.180248,0.075432,0.378685,0.591222,7.000000,13.222222,19.509259,0,FAIL
heavy,cold_start,35.0,28.0,60,0.01,NEW,0.50,2,1.325123,-1,0.179771,0.075195,0.377786,0.588079,7.000000,13.222222,19.509259,0,FAIL
heavy,cold_start,35.0,28.0,60,0.01,NEW,0.35,1,1.325494,-1,0.179411,0.074967,0.377692,0.594279,7.000000,13.222222,19.527778,0,FAIL
heavy,cold_start,35.0,28.0,60,0.01,NEW,0.35,2,1.325016,-1,0.179568,0.075204,0.376499,0.586756,7.000000,13.194444,19.523148,0,FAIL
heavy,cold_start,37.5,20.0,5,0.10,OLD,1.00,1,0.720467,5895,0.031454,0.001726,0.059674,0.127416,17.500000,33.319444,46.034722,0,FAIL
heavy,cold_start,37.5,20.0,5,0.10,NEW,1.00,1,0.700424,5901,0.029463,-0.000558,0.058316,0.121964,17.500000,33.222222,46.009259,0,FAIL
heavy,cold_start,37.5,20.0,5,0.10,NEW,1.00,2,0.703024,5902,0.030831,0.001778,0.059081,0.123577,17.500000,33.305556,46.027778,0,FAIL
heavy,cold_start,37.5,20.0,5,0.10,NEW,0.70,1,0.700128,6037,0.032634,-0.005680,0.060068,0.126581,17.500000,33.111111,45.694444,0,FAIL
heavy,cold_start,37.5,20.0,5,0.10,NEW,0.70,2,0.700885,6039,0.032605,-0.005856,0.060540,0.126662,17.500000,33.138889,45.703704,0,FAIL
heavy,cold_start,37.5,20.0,5,0.10,NEW,0.50,1,0.699499,6060,0.032686,-0.004494,0.059738,0.125089,17.500000,32.888889,45.601852,0,FAIL
heavy,cold_start,37.5,20.0,5,0.10,NEW,0.50,2,0.700443,6063,0.033417,-0.006842,0.061071,0.127686,17.500000,33.027778,45.629630,0,FAIL
heavy,cold_start,37.5,20.0,5,0.10,NEW,0.35,1,0.701410,5728,0.033196,-0.006269,0.059976,0.126908,17.500000,32.888889,45.592593,0,FAIL
heavy,cold_start,37.5,20.0,5,0.10,NEW,0.35,2,0.698879,6070,0.033428,-0.006650,0.060949,0.127419,17.500000,33.000000,45.606481,0,FAIL
heavy,cold_start,37.5,20.0,5,0.01,OLD,1.00,1,0.722934,5562,0.032784,0.000371,0.056640,0.122708,17.500000,33.319444,46.011574,0,FAIL
heavy,cold_start,37.5,20.0,5,0.01,NEW,1.00,1,0.707000,5595,0.033616,-0.002043,0.058749,0.122916,17.500000,33.388889,46.018519,0,FAIL
heavy,cold_start,37.5,20.0,5,0.01,NEW,1.00,2,0.707951,5591,0.033363,-0.001922,0.058185,0.122089,17.500000,33.388889,46.018519,0,FAIL
heavy,cold_start,37.5,20.0,5,0.01,NEW,0.70,1,0.709496,5728,0.032738,-0.006720,0.058255,0.121676,17.500000,32.944444,45.722222,0,FAIL
heavy,cold_start,37.5,20.0,5,0.01,NEW,0.70,2,0.707876,5731,0.033489,-0.007056,0.059327,0.123654,17.500000,32.944444,45.722222,0,FAIL
heavy,cold_start,37.5,20.0,5,0.01,NEW,0.50,1,0.709473,5756,0.033260,-0.006969,0.058900,0.122547,17.500000,32.777778,45.638889,0,FAIL
heavy,cold_start,37.5,20.0,5,0.01,NEW,0.50,2,0.708592,5755,0.032961,-0.006744,0.058448,0.121646,17.500000,32.833333,45.643519,0,FAIL
heavy,cold_start,37.5,20.0,5,0.01,NEW,0.35,1,0.709129,5759,0.034136,-0.007083,0.060251,0.125621,17.500000,32.777778,45.629630,0,FAIL
heavy,cold_start,37.5,20.0,5,0.01,NEW,0.35,2,0.707504,5757,0.033716,-0.007026,0.059734,0.123784,17.500000,32.777778,45.629630,0,FAIL
heavy,cold_start,37.5,20.0,15,0.10,OLD,1.00,1,0.769812,-1,0.234988,-0.000514,0.365174,0.729840,17.500000,36.625000,46.305556,0,FAIL
heavy,cold_start,37.5,20.0,15,0.10,NEW,1.00,1,0.753730,-1,0.241301,0.009530,0.378701,0.748661,17.500000,36.611111,46.287037,0,FAIL
heavy,cold_start,37.5,20.0,15,0.10,NEW,1.00,2,0.756241,-1,0.240841,0.007280,0.379078,0.750935,17.500000,36.694444,46.300926,0,FAIL
heavy,cold_start,37.5,20.0,15,0.10,NEW,0.70,1,0.753111,-1,0.231623,-0.033908,0.373500,0.748163,17.500000,35.166667,46.000000,0,FAIL
heavy,cold_start,37.5,20.0,15,0.10,NEW,0.70,2,0.755827,-1,0.230346,-0.034707,0.372882,0.744746,17.500000,34.972222,45.986111,0,FAIL
heavy,cold_start,37.5,20.0,15,0.10,NEW,0.50,1,0.754200,-1,0.228977,-0.037342,0.374176,0.749652,17.500000,34.000000,45.851852,0,FAIL
heavy,cold_start,37.5,20.0,15,0.10,NEW,0.50,2,0.753096,-1,0.228079,-0.037475,0.373159,0.745810,17.500000,34.138889,45.851852,0,FAIL
heavy,cold_start,37.5,20.0,15,0.10,NEW,0.35,1,0.753239,-1,0.228559,-0.037335,0.373480,0.747647,17.500000,34.055556,45.833333,0,FAIL
heavy,cold_start,37.5,20.0,15,0.10,NEW,0.35,2,0.754557,-1,0.228377,-0.037871,0.373732,0.750778,17.500000,33.777778,45.805556,0,FAIL
heavy,cold_start,37.5,20.0,15,0.01,OLD,1.00,1,0.778013,-1,0.239023,0.006421,0.373317,0.747838,17.500000,36.722222,46.310185,0,FAIL
heavy,cold_start,37.5,20.0,15,0.01,NEW,1.00,1,0.758717,-1,0.243004,-0.020495,0.382678,0.763644,17.500000,36.555556,46.342593,0,FAIL
heavy,cold_start,37.5,20.0,15,0.01,NEW,1.00,2,0.759193,-1,0.242216,-0.021013,0.380536,0.760542,17.500000,36.527778,46.342593,0,FAIL
heavy,cold_start,37.5,20.0,15,0.01,NEW,0.70,1,0.763867,-1,0.236643,-0.038076,0.381664,0.762789,17.500000,32.388889,45.759259,0,FAIL
heavy,cold_start,37.5,20.0,15,0.01,NEW,0.70,2,0.758828,-1,0.236394,-0.038333,0.381993,0.761678,17.500000,32.500000,45.768519,0,FAIL
heavy,cold_start,37.5,20.0,15,0.01,NEW,0.50,1,0.759489,-1,0.238578,-0.034523,0.381794,0.762406,17.500000,31.555556,45.611111,0,FAIL
heavy,cold_start,37.5,20.0,15,0.01,NEW,0.50,2,0.759329,-1,0.238749,-0.034333,0.381430,0.762490,17.500000,31.555556,45.615741,0,FAIL
heavy,cold_start,37.5,20.0,15,0.01,NEW,0.35,1,0.759678,-1,0.239007,-0.033012,0.380769,0.761562,17.500000,31.333333,45.583333,0,FAIL
heavy,cold_start,37.5,20.0,15,0.01,NEW,0.35,2,0.760730,-1,0.239119,-0.032943,0.381704,0.761422,17.500000,31.305556,45.578704,0,FAIL
heavy,cold_start,37.5,20.0,30,0.10,OLD,1.00,1,0.851308,-1,0.277106,0.035807,0.498544,0.914970,17.500000,28.416667,45.706019,0,FAIL
heavy,cold_start,37.5,20.0,30,0.10,NEW,1.00,1,0.840525,-1,0.293456,0.090404,0.517859,0.926777,17.500000,28.777778,45.814815,0,FAIL
heavy,cold_start,37.5,20.0,30,0.10,NEW,1.00,2,0.835466,-1,0.295300,0.093563,0.519700,0.929098,17.500000,28.972222,45.837963,0,FAIL
heavy,cold_start,37.5,20.0,30,0.10,NEW,0.70,1,0.843157,-1,0.298335,0.095100,0.519304,0.936691,17.500000,34.166667,45.981481,0,FAIL
heavy,cold_start,37.5,20.0,30,0.10,NEW,0.70,2,0.837663,-1,0.298290,0.097882,0.520119,0.927938,17.500000,33.750000,45.949074,0,FAIL
heavy,cold_start,37.5,20.0,30,0.10,NEW,0.50,1,0.838996,-1,0.294608,0.087612,0.517068,0.926803,17.500000,35.055556,45.962963,0,FAIL
heavy,cold_start,37.5,20.0,30,0.10,NEW,0.50,2,0.840650,-1,0.295447,0.091013,0.518637,0.925549,17.500000,34.694444,45.939815,0,FAIL
heavy,cold_start,37.5,20.0,30,0.10,NEW,0.35,1,0.834125,-1,0.295342,0.086701,0.519293,0.930005,17.500000,35.277778,45.953704,0,FAIL
heavy,cold_start,37.5,20.0,30,0.10,NEW,0.35,2,0.834137,-1,0.294771,0.086943,0.517995,0.927335,17.500000,35.083333,45.939815,0,FAIL
heavy,cold_start,37.5,20.0,30,0.01,OLD,1.00,1,0.860945,-1,0.288663,0.069162,0.516326,0.931462,17.500000,27.875000,45.699074,0,FAIL
heavy,cold_start,37.5,20.0,30,0.01,NEW,1.00,1,0.842987,-1,0.308303,0.102383,0.531391,0.951342,17.500000,30.277778,45.972222,0,FAIL
heavy,cold_start,37.5,20.0,30,0.01,NEW,1.00,2,0.844184,-1,0.306904,0.101917,0.529212,0.946081,17.500000,30.194444,45.958333,0,FAIL
heavy,cold_start,37.5,20.0,30,0.01,NEW,0.70,1,0.844026,-1,0.299922,0.081564,0.532747,0.955854,17.500000,35.777778,46.120370,0,FAIL
heavy,cold_start,37.5,20.0,30,0.01,NEW,0.70,2,0.844387,-1,0.299892,0.083159,0.530708,0.949886,17.500000,35.638889,46.106481,0,FAIL
heavy,cold_start,37.5,20.0,30,0.01,NEW,0.50,1,0.843759,-1,0.297947,0.071679,0.533282,0.954684,17.500000,36.666667,46.111111,0,FAIL
heavy,cold_start,37.5,20.0,30,0.01,NEW,0.50,2,0.846358,-1,0.296756,0.071074,0.529685,0.947807,17.500000,36.638889,46.106481,0,FAIL
heavy,cold_start,37.5,20.0,30,0.01,NEW,0.35,1,0.843770,-1,0.297024,0.066556,0.533714,0.954011,17.500000,37.000000,46.120370,0,FAIL
heavy,cold_start,37.5,20.0,30,0.01,NEW,0.35,2,0.843585,-1,0.296431,0.068254,0.530365,0.948171,17.500000,36.861111,46.101852,0,FAIL
heavy,cold_start,37.5,20.0,60,0.10,OLD,1.00,1,1.033915,-1,0.432996,0.162605,0.911902,1.418659,17.500000,33.208333,45.819444,0,FAIL
heavy,cold_start,37.5,20.0,60,0.10,NEW,1.00,1,1.019766,-1,0.439251,0.181683,0.934856,1.444037,17.500000,32.888889,45.925926,0,FAIL
heavy,cold_start,37.5,20.0,60,0.10,NEW,1.00,2,1.015363,-1,0.436270,0.180934,0.927922,1.438587,17.500000,32.805556,45.953704,0,FAIL
heavy,cold_start,37.5,20.0,60,0.10,NEW,0.70,1,1.013613,-1,0.441481,0.186549,0.933478,1.446843,17.500000,32.666667,46.074074,0,FAIL
heavy,cold_start,37.5,20.0,60,0.10,NEW,0.70,2,1.016594,-1,0.438437,0.184795,0.926689,1.438268,17.500000,32.666667,46.092593,0,FAIL
heavy,cold_start,37.5,20.0,60,0.10,NEW,0.50,1,1.019650,-1,0.443520,0.188911,0.933055,1.444245,17.500000,32.666667,46.111111,0,FAIL
heavy,cold_start,37.5,20.0,60,0.10,NEW,0.50,2,1.018204,-1,0.442171,0.188125,0.932412,1.439355,17.500000,32.750000,46.125000,0,FAIL
heavy,cold_start,37.5,20.0,60,0.10,NEW,0.35,1,1.017246,-1,0.444666,0.189427,0.935583,1.450596,17.500000,32.777778,46.111111,0,FAIL
heavy,cold_start,37.5,20.0,60,0.10,NEW,0.35,2,1.016495,-1,0.441483,0.187792,0.930734,1.440407,17.500000,32.805556,46.101852,0,FAIL
heavy,cold_start,37.5,20.0,60,0.01,OLD,1.00,1,1.045050,-1,0.435129,0.170733,0.921618,1.432964,17.500000,32.722222,45.824074,0,FAIL
heavy,cold_start,37.5,20.0,60,0.01,NEW,1.00,1,1.026541,-1,0.448417,0.186332,0.947522,1.473461,17.500000,33.055556,46.175926,0,FAIL
heavy,cold_start,37.5,20.0,60,0.01,NEW,1.00,2,1.023552,-1,0.447424,0.185445,0.946738,1.466587,17.500000,33.027778,46.175926,0,FAIL
heavy,cold_start,37.5,20.0,60,0.01,NEW,0.70,1,1.030343,-1,0.447436,0.186601,0.940282,1.458430,17.500000,33.000000,46.342593,0,FAIL
heavy,cold_start,37.5,20.0,60,0.01,NEW,0.70,2,1.024469,-1,0.447711,0.186737,0.942472,1.461063,17.500000,33.027778,46.314815,0,FAIL
heavy,cold_start,37.5,20.0,60,0.01,NEW,0.50,1,1.026499,-1,0.449445,0.187422,0.945983,1.472874,17.500000,33.111111,46.333333,0,FAIL
heavy,cold_start,37.5,20.0,60,0.01,NEW,0.50,2,1.025287,-1,0.449075,0.187366,0.945343,1.466068,17.500000,33.055556,46.342593,0,FAIL
heavy,cold_start,37.5,20.0,60,0.01,NEW,0.35,1,1.027399,-1,0.447865,0.186977,0.940901,1.460065,17.500000,33.000000,46.296296,0,FAIL
heavy,cold_start,37.5,20.0,60,0.01,NEW,0.35,2,1.024082,-1,0.449028,0.187329,0.944995,1.465260,17.500000,33.000000,46.305556,0,FAIL
heavy,cold_start,37.5,25.0,5,0.10,OLD,1.00,1,0.818187,3895,0.025534,-0.001637,0.048992,0.104700,12.500000,23.416667,33.525463,0,FAIL
heavy,cold_start,37.5,25.0,5,0.10,NEW,1.00,1,0.800533,3918,0.023856,0.003460,0.049136,0.104678,12.500000,23.166667,33.518519,0,FAIL
heavy,cold_start,37.5,25.0,5,0.10,NEW,1.00,2,0.801637,3920,0.025138,0.001546,0.050115,0.105023,12.500000,22.916667,33.495370,0,FAIL
heavy,cold_start,37.5,25.0,5,0.10,NEW,0.70,1,0.800774,3992,0.027802,0.004774,0.050027,0.104136,12.500000,23.500000,33.462963,0,FAIL
heavy,cold_start,37.5,25.0,5,0.10,NEW,0.70,2,0.798698,3991,0.026204,-0.003845,0.051099,0.105300,12.500000,23.000000,33.379630,0,FAIL
heavy,cold_start,37.5,25.0,5,0.10,NEW,0.50,1,0.799271,4000,0.025944,0.003483,0.051380,0.107004,12.500000,23.000000,33.361111,0,FAIL
heavy,cold_start,37.5,25.0,5,0.10,NEW,0.50,2,0.798834,4003,0.027242,-0.005613,0.051478,0.106478,12.500000,23.111111,33.375000,0,FAIL
heavy,cold_start,37.5,25.0,5,0.10,NEW,0.35,1,0.801653,4017,0.026589,-0.005245,0.050824,0.106142,12.500000,23.111111,33.333333,0,FAIL
heavy,cold_start,37.5,25.0,5,0.10,NEW,0.35,2,0.801410,4016,0.026695,-0.002552,0.051274,0.105468,12.500000,22.972222,33.328704,0,FAIL
heavy,cold_start,37.5,25.0,5,0.01,OLD,1.00,1,0.818690,3926,0.018769,-0.003695,0.032282,0.070801,12.500000,23.569444,33.543981,0,FAIL
heavy,cold_start,37.5,25.0,5,0.01,NEW,1.00,1,0.808677,3942,0.019738,-0.003391,0.034649,0.073675,12.500000,23.555556,33.546296,0,FAIL
heavy,cold_start,37.5,25.0,5,0.01,NEW,1.00,2,0.808892,3941,0.019992,-0.003380,0.035189,0.074004,12.500000,23.611111,33.550926,0,FAIL
heavy,cold_start,37.5,25.0,5,0.01,NEW,0.70,1,0.808248,4010,0.020264,-0.003738,0.035819,0.075161,12.500000,23.444444,33.435185,0,FAIL
heavy,cold_start,37.5,25.0,5,0.01,NEW,0.70,2,0.806509,4004,0.019617,-0.003603,0.034829,0.073396,12.500000,23.416667,33.430556,0,FAIL
heavy,cold_start,37.5,25.0,5,0.01,NEW,0.50,1,0.808476,4021,0.019506,-0.003425,0.034260,0.072451,12.500000,23.388889,33.398148,0,FAIL
heavy,cold_start,37.5,25.0,5,0.01,NEW,0.50,2,0.807398,4018,0.019916,-0.003522,0.035008,0.073720,12.500000,23.361111,33.393519,0,FAIL
heavy,cold_start,37.5,25.0,5,0.01,NEW,0.35,1,0.807302,4032,0.020044,-0.003369,0.035119,0.074063,12.500000,23.333333,33.370370,0,FAIL
heavy,cold_start,37.5,25.0,5,0.01,NEW,0.35,2,0.809195,4033,0.020029,-0.003364,0.035042,0.073689,12.500000,23.333333,33.370370,0,FAIL
heavy,cold_start,37.5,25.0,15,0.10,OLD,1.00,1,0.881893,-1,0.160988,-0.021947,0.247104,0.501191,12.500000,21.777778,33.428241,0,FAIL
heavy,cold_start,37.5,25.0,15,0.10,NEW,1.00,1,0.860787,-1,0.166547,-0.020630,0.264544,0.530777,12.500000,25.611111,33.777778,0,FAIL
heavy,cold_start,37.5,25.0,15,0.10,NEW,1.00,2,0.861607,-1,0.163774,-0.025125,0.263475,0.529044,12.500000,25.111111,33.740741,0,FAIL
heavy,cold_start,37.5,25.0,15,0.10,NEW,0.70,1,0.864177,-1,0.161779,-0.027438,0.263275,0.529456,12.500000,23.277778,33.481481,0,FAIL
heavy,cold_start,37.5,25.0,15,0.10,NEW,0.70,2,0.862979,-1,0.161658,-0.027518,0.262144,0.525813,12.500000,23.222222,33.472222,0,FAIL
heavy,cold_start,37.5,25.0,15,0.10,NEW,0.50,1,0.861539,-1,0.162428,-0.026312,0.263103,0.527926,12.500000,22.944444,33.425926,0,FAIL
heavy,cold_start,37.5,25.0,15,0.10,NEW,0.50,2,0.858413,-1,0.162262,-0.026658,0.262782,0.527573,12.500000,23.027778,33.430556,0,FAIL
heavy,cold_start,37.5,25.0,15,0.10,NEW,0.35,1,0.859861,-1,0.164612,-0.024165,0.265275,0.531723,12.500000,22.666667,33.379630,0,FAIL
heavy,cold_start,37.5,25.0,15,0.10,NEW,0.35,2,0.859047,-1,0.162167,-0.026955,0.263707,0.528514,12.500000,23.250000,33.430556,0,FAIL
heavy,cold_start,37.5,25.0,15,0.01,OLD,1.00,1,0.879706,-1,0.168902,-0.011128,0.263351,0.526613,12.500000,26.055556,33.798611,0,FAIL
heavy,cold_start,37.5,25.0,15,0.01,NEW,1.00,1,0.867256,-1,0.168293,-0.028180,0.272519,0.545699,12.500000,23.500000,33.601852,0,FAIL
heavy,cold_start,37.5,25.0,15,0.01,NEW,1.00,2,0.867661,-1,0.168193,-0.028244,0.272180,0.544603,12.500000,23.472222,33.601852,0,FAIL
heavy,cold_start,37.5,25.0,15,0.01,NEW,0.70,1,0.868692,-1,0.172209,-0.018667,0.273037,0.545069,12.500000,21.777778,33.342593,0,FAIL
heavy,cold_start,37.5,25.0,15,0.01,NEW,0.70,2,0.867652,-1,0.172464,-0.018762,0.273295,0.544997,12.500000,21.750000,33.337963,0,FAIL
heavy,cold_start,37.5,25.0,15,0.01,NEW,0.50,1,0.866953,-1,0.173117,-0.015820,0.272261,0.547838,12.500000,21.444444,33.277778,0,FAIL
heavy,cold_start,37.5,25.0,15,0.01,NEW,0.50,2,0.868093,-1,0.172963,-0.015540,0.272708,0.544375,12.500000,21.416667,33.277778,0,FAIL
heavy,cold_start,37.5,25.0,15,0.01,NEW,0.35,1,0.865291,-1,0.173127,-0.013498,0.271911,0.545187,12.500000,21.277778,33.240741,0,FAIL
heavy,cold_start,37.5,25.0,15,0.01,NEW,0.35,2,0.867599,-1,0.173207,-0.013341,0.272260,0.544033,12.500000,21.277778,33.240741,0,FAIL
heavy,cold_start,37.5,25.0,30,0.10,OLD,1.00,1,0.969061,-1,0.201834,0.056435,0.358733,0.642289,12.500000,20.236111,33.368056,0,FAIL
heavy,cold_start,37.5,25.0,30,0.10,NEW,1.00,1,0.953540,-1,0.211423,0.073588,0.369002,0.659788,12.500000,22.333333,33.546296,0,FAIL
heavy,cold_start,37.5,25.0,30,0.10,NEW,1.00,2,0.954171,-1,0.210939,0.072827,0.366846,0.655779,12.500000,22.444444,33.560185,0,FAIL
heavy,cold_start,37.5,25.0,30,0.10,NEW,0.70,1,0.951573,-1,0.209242,0.066516,0.368742,0.657468,12.500000,24.555556,33.601852,0,FAIL
heavy,cold_start,37.5,25.0,30,0.10,NEW,0.70,2,0.951217,-1,0.209403,0.065589,0.369047,0.659274,12.500000,24.638889,33.606481,0,FAIL
heavy,cold_start,37.5,25.0,30,0.10,NEW,0.50,1,0.955192,-1,0.207841,0.063442,0.366622,0.656016,12.500000,24.888889,33.601852,0,FAIL
heavy,cold_start,37.5,25.0,30,0.10,NEW,0.50,2,0.953965,-1,0.207330,0.061556,0.365882,0.657498,12.500000,25.055556,33.611111,0,FAIL
heavy,cold_start,37.5,25.0,30,0.10,NEW,0.35,1,0.951697,-1,0.208247,0.060998,0.368160,0.659946,12.500000,25.111111,33.583333,0,FAIL
heavy,cold_start,37.5,25.0,30,0.10,NEW,0.35,2,0.951767,-1,0.207895,0.059678,0.367776,0.657801,12.500000,25.250000,33.601852,0,FAIL
heavy,cold_start,37.5,25.0,30,0.01,OLD,1.00,1,0.981059,-1,0.212453,0.072060,0.366205,0.660990,12.500000,22.777778,33.590278,0,FAIL
heavy,cold_start,37.5,25.0,30,0.01,NEW,1.00,1,0.960124,-1,0.211349,0.045869,0.378470,0.677416,12.500000,26.500000,33.907407,0,FAIL
heavy,cold_start,37.5,25.0,30,0.01,NEW,1.00,2,0.960850,-1,0.210768,0.044973,0.377893,0.677090,12.500000,26.527778,33.907407,0,FAIL
heavy,cold_start,37.5,25.0,30,0.01,NEW,0.70,1,0.963300,-1,0.207852,0.020137,0.373051,0.677666,12.500000,27.222222,33.833333,0,FAIL
heavy,cold_start,37.5,25.0,30,0.01,NEW,0.70,2,0.960864,-1,0.207570,0.019851,0.374258,0.677226,12.500000,27.222222,33.828704,0,FAIL
heavy,cold_start,37.5,25.0,30,0.01,NEW,0.50,1,0.961900,-1,0.207510,0.015626,0.374007,0.677529,12.500000,27.222222,33.796296,0,FAIL
heavy,cold_start,37.5,25.0,30,0.01,NEW,0.50,2,0.963013,-1,0.207356,0.014690,0.374059,0.677160,12.500000,27.194444,33.791667,0,FAIL
heavy,cold_start,37.5,25.0,30,0.01,NEW,0.35,1,0.962952,-1,0.206958,0.011742,0.373670,0.676691,12.500000,27.111111,33.759259,0,FAIL
heavy,cold_start,37.5,25.0,30,0.01,NEW,0.35,2,0.962654,-1,0.207289,0.012755,0.374972,0.680040,12.500000,27.138889,33.759259,0,FAIL
heavy,cold_start,37.5,25.0,60,0.10,OLD,1.00,1,1.181135,-1,0.287594,0.114434,0.606329,0.955270,12.500000,22.583333,33.699074,0,FAIL
heavy,cold_start,37.5,25.0,60,0.10,NEW,1.00,1,1.158890,-1,0.308150,0.124793,0.636915,0.994100,12.500000,23.277778,34.185185,0,FAIL
heavy,cold_start,37.5,25.0,60,0.10,NEW,1.00,2,1.160277,-1,0.307737,0.124786,0.637585,0.989444,12.500000,23.277778,34.208333,0,FAIL
heavy,cold_start,37.5,25.0,60,0.10,NEW,0.70,1,1.158174,-1,0.305584,0.123333,0.634019,0.993469,12.500000,23.722222,34.203704,0,FAIL
heavy,cold_start,37.5,25.0,60,0.10,NEW,0.70,2,1.158640,-1,0.305574,0.123103,0.630937,0.991136,12.500000,23.750000,34.208333,0,FAIL
heavy,cold_start,37.5,25.0,60,0.10,NEW,0.50,1,1.160334,-1,0.306361,0.123723,0.634221,0.995134,12.500000,23.777778,34.185185,0,FAIL
heavy,cold_start,37.5,25.0,60,0.10,NEW,0.50,2,1.157895,-1,0.304906,0.122374,0.631798,0.991017,12.500000,23.833333,34.180556,0,FAIL
heavy,cold_start,37.5,25.0,60,0.10,NEW,0.35,1,1.161347,-1,0.305801,0.121701,0.631402,0.993882,12.500000,23.888889,34.157407,0,FAIL
heavy,cold_start,37.5,25.0,60,0.10,NEW,0.35,2,1.162178,-1,0.305121,0.121279,0.633830,0.992812,12.500000,23.861111,34.143519,0,FAIL
heavy,cold_start,37.5,25.0,60,0.01,OLD,1.00,1,1.183643,-1,0.319453,0.139418,0.659734,1.026305,12.500000,23.152778,34.136574,0,FAIL
heavy,cold_start,37.5,25.0,60,0.01,NEW,1.00,1,1.167635,-1,0.321699,0.134265,0.677826,1.054003,12.500000,23.722222,34.398148,0,FAIL
heavy,cold_start,37.5,25.0,60,0.01,NEW,1.00,2,1.167389,-1,0.320281,0.133948,0.673336,1.043737,12.500000,23.750000,34.388889,0,FAIL
heavy,cold_start,37.5,25.0,60,0.01,NEW,0.70,1,1.170684,-1,0.320608,0.133210,0.676037,1.053062,12.500000,23.777778,34.120370,0,FAIL
heavy,cold_start,37.5,25.0,60,0.01,NEW,0.70,2,1.168092,-1,0.319314,0.132796,0.674397,1.044820,12.500000,23.833333,34.078704,0,FAIL
heavy,cold_start,37.5,25.0,60,0.01,NEW,0.50,1,1.171004,-1,0.317664,0.131468,0.669614,1.041226,12.500000,23.888889,34.074074,0,FAIL
heavy,cold_start,37.5,25.0,60,0.01,NEW,0.50,2,1.168550,-1,0.319844,0.132948,0.675793,1.049877,12.500000,23.805556,34.000000,0,FAIL
heavy,cold_start,37.5,25.0,60,0.01,NEW,0.35,1,1.168171,-1,0.316661,0.130682,0.669533,1.040156,12.500000,24.000000,34.037037,0,FAIL
heavy,cold_start,37.5,25.0,60,0.01,NEW,0.35,2,1.172073,-1,0.318331,0.131867,0.674493,1.048570,12.500000,23.888889,33.949074,0,FAIL
heavy,cold_start,37.5,28.0,5,0.10,OLD,1.00,1,0.872419,2256,0.027978,-0.000715,0.053590,0.112672,9.500000,17.750000,25.833333,0,FAIL
heavy,cold_start,37.5,28.0,5,0.10,NEW,1.00,1,0.863151,2617,0.025216,-0.004174,0.049288,0.104359,9.500000,18.055556,25.796296,0,FAIL
heavy,cold_start,37.5,28.0,5,0.10,NEW,1.00,2,0.861714,2618,0.023463,-0.000079,0.049304,0.103778,9.500000,18.111111,25.819444,0,FAIL
heavy,cold_start,37.5,28.0,5,0.10,NEW,0.70,1,0.862999,2665,0.025563,-0.000663,0.048956,0.103520,9.500000,17.833333,25.722222,0,FAIL
heavy,cold_start,37.5,28.0,5,0.10,NEW,0.70,2,0.863480,2665,0.026387,-0.002176,0.049474,0.102593,9.500000,17.888889,25.703704,0,FAIL
heavy,cold_start,37.5,28.0,5,0.10,NEW,0.50,1,0.864447,2673,0.027247,-0.004077,0.050110,0.103355,9.500000,17.888889,25.675926,0,FAIL
heavy,cold_start,37.5,28.0,5,0.10,NEW,0.50,2,0.861801,2682,0.028869,-0.008874,0.050480,0.103931,9.500000,17.833333,25.685185,0,FAIL
heavy,cold_start,37.5,28.0,5,0.10,NEW,0.35,1,0.861727,2696,0.027440,-0.009414,0.050612,0.104409,9.500000,18.000000,25.685185,0,FAIL
heavy,cold_start,37.5,28.0,5,0.10,NEW,0.35,2,0.862232,2696,0.027596,-0.005552,0.050328,0.104068,9.500000,17.972222,25.666667,0,FAIL
heavy,cold_start,37.5,28.0,5,0.01,OLD,1.00,1,0.878307,2286,0.015680,0.001904,0.025594,0.054850,9.500000,17.791667,25.782407,0,FAIL
heavy,cold_start,37.5,28.0,5,0.01,NEW,1.00,1,0.866557,2651,0.013831,0.002113,0.024233,0.051134,9.500000,17.888889,25.796296,0,FAIL
heavy,cold_start,37.5,28.0,5,0.01,NEW,1.00,2,0.865766,2647,0.014231,0.002188,0.024741,0.051944,9.500000,17.888889,25.796296,0,FAIL
heavy,cold_start,37.5,28.0,5,0.01,NEW,0.70,1,0.866780,2691,0.014673,0.001934,0.025292,0.053663,9.500000,17.944444,25.740741,0,FAIL
heavy,cold_start,37.5,28.0,5,0.01,NEW,0.70,2,0.867436,2687,0.014574,0.001749,0.024986,0.052597,9.500000,17.972222,25.745370,0,FAIL
heavy,cold_start,37.5,28.0,5,0.01,NEW,0.50,1,0.865768,2705,0.015011,0.001085,0.025365,0.054256,9.500000,18.000000,25.712963,0,FAIL
heavy,cold_start,37.5,28.0,5,0.01,NEW,0.50,2,0.865092,2705,0.014524,0.001219,0.024682,0.052557,9.500000,18.000000,25.717593,0,FAIL
heavy,cold_start,37.5,28.0,5,0.01,NEW,0.35,1,0.866142,2723,0.014176,0.001122,0.024411,0.053566,9.500000,18.000000,25.694444,0,FAIL
heavy,cold_start,37.5,28.0,5,0.01,NEW,0.35,2,0.865680,2715,0.014612,0.001219,0.025099,0.053654,9.500000,18.027778,25.699074,0,FAIL
heavy,cold_start,37.5,28.0,15,0.10,OLD,1.00,1,0.939092,-1,0.114678,-0.012049,0.190410,0.378278,9.500000,18.527778,25.974537,0,FAIL
heavy,cold_start,37.5,28.0,15,0.10,NEW,1.00,1,0.925584,-1,0.121677,0.021411,0.195928,0.387188,9.500000,16.388889,25.638889,0,FAIL
heavy,cold_start,37.5,28.0,15,0.10,NEW,1.00,2,0.926137,-1,0.122529,0.021523,0.197394,0.388950,9.500000,16.333333,25.643519,0,FAIL
heavy,cold_start,37.5,28.0,15,0.10,NEW,0.70,1,0.924767,-1,0.120379,0.024416,0.197638,0.391274,9.500000,16.833333,25.611111,0,FAIL
heavy,cold_start,37.5,28.0,15,0.10,NEW,0.70,2,0.925127,-1,0.119676,0.024572,0.196769,0.387109,9.500000,16.861111,25.611111,0,FAIL
heavy,cold_start,37.5,28.0,15,0.10,NEW,0.50,1,0.924950,-1,0.120133,0.025874,0.198347,0.393540,9.500000,17.388889,25.620370,0,FAIL
heavy,cold_start,37.5,28.0,15,0.10,NEW,0.50,2,0.923672,-1,0.119115,0.024961,0.196682,0.387442,9.500000,17.055556,25.592593,0,FAIL
heavy,cold_start,37.5,28.0,15,0.10,NEW,0.35,1,0.921953,-1,0.119348,0.025944,0.198600,0.391299,9.500000,17.555556,25.611111,0,FAIL
heavy,cold_start,37.5,28.0,15,0.10,NEW,0.35,2,0.921146,-1,0.119284,0.025930,0.197769,0.390357,9.500000,17.472222,25.601852,0,FAIL
heavy,cold_start,37.5,28.0,15,0.01,OLD,1.00,1,0.942994,-1,0.123640,0.023080,0.198664,0.397038,9.500000,16.666667,25.655093,0,FAIL
heavy,cold_start,37.5,28.0,15,0.01,NEW,1.00,1,0.929172,-1,0.133805,0.012522,0.210449,0.416732,9.500000,19.777778,25.953704,0,FAIL
heavy,cold_start,37.5,28.0,15,0.01,NEW,1.00,2,0.930618,-1,0.132815,0.013237,0.209514,0.413294,9.500000,19.666667,25.939815,0,FAIL
heavy,cold_start,37.5,28.0,15,0.01,NEW,0.70,1,0.928537,-1,0.133760,0.003501,0.210281,0.416659,9.500000,20.055556,25.935185,0,FAIL
heavy,cold_start,37.5,28.0,15,0.01,NEW,0.70,2,0.928160,-1,0.133397,0.004786,0.209951,0.414647,9.500000,20.000000,25.925926,0,FAIL
heavy,cold_start,37.5,28.0,15,0.01,NEW,0.50,1,0.930606,-1,0.133822,-0.000355,0.210339,0.417328,9.500000,20.055556,25.907407,0,FAIL
heavy,cold_start,37.5,28.0,15,0.01,NEW,0.50,2,0.929527,-1,0.133159,0.000205,0.209338,0.414637,9.500000,20.055556,25.907407,0,FAIL
heavy,cold_start,37.5,28.0,15,0.01,NEW,0.35,1,0.930658,-1,0.133324,-0.003038,0.208957,0.415551,9.500000,20.055556,25.898148,0,FAIL
heavy,cold_start,37.5,28.0,15,0.01,NEW,0.35,2,0.930487,-1,0.132916,-0.002717,0.208839,0.415389,9.500000,20.055556,25.893519,0,FAIL
heavy,cold_start,37.5,28.0,30,0.10,OLD,1.00,1,1.043816,-1,0.144278,0.000230,0.262443,0.475473,9.500000,19.916667,26.062500,0,FAIL
heavy,cold_start,37.5,28.0,30,0.10,NEW,1.00,1,1.025879,-1,0.147370,0.013076,0.269205,0.490238,9.500000,15.722222,25.666667,0,FAIL
heavy,cold_start,37.5,28.0,30,0.10,NEW,1.00,2,1.026284,-1,0.148151,0.009976,0.270306,0.491283,9.500000,15.888889,25.680556,0,FAIL
heavy,cold_start,37.5,28.0,30,0.10,NEW,0.70,1,1.027912,-1,0.150628,0.022078,0.273120,0.492873,9.500000,15.333333,25.592593,0,FAIL
heavy,cold_start,37.5,28.0,30,0.10,NEW,0.70,2,1.029292,-1,0.148501,0.022238,0.269459,0.485376,9.500000,15.277778,25.592593,0,FAIL
heavy,cold_start,37.5,28.0,30,0.10,NEW,0.50,1,1.026101,-1,0.150035,0.028098,0.273360,0.489323,9.500000,15.222222,25.564815,0,FAIL
heavy,cold_start,37.5,28.0,30,0.10,NEW,0.50,2,1.027794,-1,0.149727,0.028840,0.272860,0.486172,9.500000,15.166667,25.560185,0,FAIL
heavy,cold_start,37.5,28.0,30,0.10,NEW,0.35,1,1.023322,-1,0.151372,0.029943,0.275269,0.493276,9.500000,15.166667,25.546296,0,FAIL
heavy,cold_start,37.5,28.0,30,0.10,NEW,0.35,2,1.024769,-1,0.150147,0.030553,0.272321,0.486799,9.500000,15.194444,25.546296,0,FAIL
heavy,cold_start,37.5,28.0,30,0.01,OLD,1.00,1,1.050441,-1,0.152131,0.002479,0.276443,0.508316,9.500000,16.597222,25.747685,0,FAIL
heavy,cold_start,37.5,28.0,30,0.01,NEW,1.00,1,1.030738,-1,0.161598,0.047956,0.285851,0.512973,9.500000,15.555556,25.722222,0,FAIL
heavy,cold_start,37.5,28.0,30,0.01,NEW,1.00,2,1.030847,-1,0.162624,0.049395,0.287722,0.515578,9.500000,15.583333,25.726852,0,FAIL
heavy,cold_start,37.5,28.0,30,0.01,NEW,0.70,1,1.031283,-1,0.165227,0.053616,0.286702,0.514437,9.500000,16.222222,25.722222,0,FAIL
heavy,cold_start,37.5,28.0,30,0.01,NEW,0.70,2,1.032536,-1,0.166221,0.054703,0.287279,0.515101,9.500000,16.333333,25.736111,0,FAIL
heavy,cold_start,37.5,28.0,30,0.01,NEW,0.50,1,1.035519,-1,0.166083,0.054791,0.286112,0.513265,9.500000,16.555556,25.722222,0,FAIL
heavy,cold_start,37.5,28.0,30,0.01,NEW,0.50,2,1.032233,-1,0.167077,0.055861,0.287236,0.514033,9.500000,16.666667,25.736111,0,FAIL
heavy,cold_start,37.5,28.0,30,0.01,NEW,0.35,1,1.033005,-1,0.166066,0.054971,0.285906,0.512304,9.500000,16.611111,25.703704,0,FAIL
heavy,cold_start,37.5,28.0,30,0.01,NEW,0.35,2,1.031670,-1,0.167470,0.056143,0.286818,0.513483,9.500000,16.972222,25.740741,0,FAIL
heavy,cold_start,37.5,28.0,60,0.10,OLD,1.00,1,1.263725,-1,0.222070,0.075861,0.459024,0.749748,9.500000,17.833333,25.738426,0,FAIL
heavy,cold_start,37.5,28.0,60,0.10,NEW,1.00,1,1.248111,-1,0.227642,0.094289,0.486221,0.753042,9.500000,17.555556,25.935185,0,FAIL
heavy,cold_start,37.5,28.0,60,0.10,NEW,1.00,2,1.246551,-1,0.227131,0.093144,0.484587,0.752438,9.500000,17.611111,25.925926,0,FAIL
heavy,cold_start,37.5,28.0,60,0.10,NEW,0.70,1,1.245247,-1,0.228832,0.094876,0.483741,0.750768,9.500000,17.555556,25.925926,0,FAIL
heavy,cold_start,37.5,28.0,60,0.10,NEW,0.70,2,1.246990,-1,0.230654,0.096228,0.485963,0.765339,9.500000,17.583333,25.935185,0,FAIL
heavy,cold_start,37.5,28.0,60,0.10,NEW,0.50,1,1.247570,-1,0.227251,0.093382,0.478488,0.746607,9.500000,17.555556,25.925926,0,FAIL
heavy,cold_start,37.5,28.0,60,0.10,NEW,0.50,2,1.247810,-1,0.229949,0.095691,0.482848,0.755226,9.500000,17.583333,25.953704,0,FAIL
heavy,cold_start,37.5,28.0,60,0.10,NEW,0.35,1,1.249789,-1,0.233301,0.099033,0.490273,0.758807,9.500000,17.611111,25.953704,0,FAIL
heavy,cold_start,37.5,28.0,60,0.10,NEW,0.35,2,1.245838,-1,0.230204,0.096177,0.483133,0.753070,9.500000,17.555556,25.967593,0,FAIL
heavy,cold_start,37.5,28.0,60,0.01,OLD,1.00,1,1.270659,-1,0.234079,0.097480,0.502093,0.785799,9.500000,17.555556,25.900463,0,FAIL
heavy,cold_start,37.5,28.0,60,0.01,NEW,1.00,1,1.254650,-1,0.244259,0.101733,0.514395,0.801894,9.500000,17.944444,26.203704,0,FAIL
heavy,cold_start,37.5,28.0,60,0.01,NEW,1.00,2,1.256171,-1,0.243584,0.101648,0.512290,0.794714,9.500000,17.944444,26.236111,0,FAIL
heavy,cold_start,37.5,28.0,60,0.01,NEW,0.70,1,1.255903,-1,0.243527,0.102029,0.509879,0.793864,9.500000,17.888889,26.194444,0,FAIL
heavy,cold_start,37.5,28.0,60,0.01,NEW,0.70,2,1.254124,-1,0.243670,0.101836,0.512087,0.795672,9.500000,17.944444,26.245370,0,FAIL
heavy,cold_start,37.5,28.0,60,0.01,NEW,0.50,1,1.258321,-1,0.243435,0.102184,0.509028,0.792094,9.500000,17.888889,26.259259,0,FAIL
heavy,cold_start,37.5,28.0,60,0.01,NEW,0.50,2,1.255315,-1,0.243848,0.102272,0.511469,0.793869,9.500000,17.944444,26.240741,0,FAIL
heavy,cold_start,37.5,28.0,60,0.01,NEW,0.35,1,1.254444,-1,0.243503,0.102285,0.508231,0.792190,9.500000,17.833333,26.194444,0,FAIL
heavy,cold_start,37.5,28.0,60,0.01,NEW,0.35,2,1.256176,-1,0.244500,0.102066,0.513895,0.797977,9.500000,17.916667,26.236111,0,FAIL
light,vent,37.5,25.0,15,0.10,OLD,1.00,1,3.070203,-1,0.226906,0.045870,0.421183,0.776656,12.500000,9.361111,11.564815,0,FAIL
light,vent,37.5,25.0,15,0.10,NEW,1.00,1,3.156666,-1,0.224532,0.047410,0.403938,0.746731,12.500000,9.555556,11.555556,0,FAIL
light,vent,37.5,25.0,15,0.10,NEW,1.00,2,3.121188,-1,0.226315,0.037331,0.411896,0.756618,12.500000,9.805556,11.592593,0,FAIL
light,vent,37.5,25.0,15,0.10,NEW,0.70,1,3.077049,-1,0.222853,0.042039,0.404416,0.779398,12.500000,9.666667,11.555556,0,FAIL
light,vent,37.5,25.0,15,0.10,NEW,0.70,2,3.067675,-1,0.227543,0.037004,0.414447,0.757834,12.500000,9.833333,11.583333,0,FAIL
light,vent,37.5,25.0,15,0.10,NEW,0.50,1,3.230875,-1,0.225906,0.044947,0.405930,0.794018,12.500000,9.611111,11.537037,0,FAIL
light,vent,37.5,25.0,15,0.10,NEW,0.50,2,3.184977,-1,0.226749,0.044762,0.410413,0.773215,12.500000,9.000000,11.504630,0,FAIL
light,vent,37.5,25.0,15,0.10,NEW,0.35,1,3.073210,-1,0.221539,0.053324,0.406875,0.764330,12.500000,9.277778,11.500000,0,FAIL
light,vent,37.5,25.0,15,0.10,NEW,0.35,2,3.062364,-1,0.223956,0.055551,0.409521,0.741094,12.500000,9.138889,11.490741,0,FAIL
light,door,37.5,25.0,15,0.10,OLD,1.00,1,3.155583,-1,0.226923,0.046061,0.426508,0.803415,12.500000,9.513889,11.067130,0,FAIL
light,door,37.5,25.0,15,0.10,NEW,1.00,1,3.156666,-1,0.221853,0.031302,0.414168,0.838537,12.500000,9.388889,11.037037,0,FAIL
light,door,37.5,25.0,15,0.10,NEW,1.00,2,3.121188,-1,0.223182,0.034950,0.402466,0.739780,12.500000,9.194444,11.027778,0,FAIL
light,door,37.5,25.0,15,0.10,NEW,0.70,1,3.118704,-1,0.219248,0.027869,0.408077,0.799812,12.500000,9.611111,11.046296,0,FAIL
light,door,37.5,25.0,15,0.10,NEW,0.70,2,3.162615,-1,0.222093,0.032915,0.405225,0.736830,12.500000,9.333333,11.032407,0,FAIL
light,door,37.5,25.0,15,0.10,NEW,0.50,1,3.230875,-1,0.222500,0.030405,0.404923,0.790218,12.500000,9.833333,11.055556,0,FAIL
light,door,37.5,25.0,15,0.10,NEW,0.50,2,3.184977,-1,0.222754,0.031325,0.408838,0.763866,12.500000,9.361111,11.018519,0,FAIL
light,door,37.5,25.0,15,0.10,NEW,0.35,1,3.083495,-1,0.220377,0.030988,0.404043,0.745032,12.500000,9.611111,11.037037,0,FAIL
light,door,37.5,25.0,15,0.10,NEW,0.35,2,3.123201,-1,0.223311,0.043099,0.406989,0.780164,12.500000,9.000000,10.976852,0,FAIL
light,ambient_rise,37.5,25.0,15,0.10,OLD,1.00,1,3.070203,-1,0.171486,0.034079,0.321052,0.613074,12.500000,7.152778,9.180556,0,FAIL
light,ambient_rise,37.5,25.0,15,0.10,NEW,1.00,1,3.156666,-1,0.175032,0.044160,0.325813,0.681405,12.500000,7.166667,9.166667,0,FAIL
light,ambient_rise,37.5,25.0,15,0.10,NEW,1.00,2,3.121188,-1,0.164242,0.034123,0.294300,0.555999,12.500000,7.222222,9.166667,0,FAIL
light,ambient_rise,37.5,25.0,15,0.10,NEW,0.70,1,3.077049,-1,0.173419,0.042234,0.314832,0.627619,12.500000,7.055556,9.157407,0,FAIL
light,ambient_rise,37.5,25.0,15,0.10,NEW,0.70,2,3.067675,-1,0.166857,0.037583,0.302719,0.566376,12.500000,7.083333,9.148148,0,FAIL
light,ambient_rise,37.5,25.0,15,0.10,NEW,0.50,1,3.230875,-1,0.168917,0.037537,0.301139,0.618604,12.500000,7.222222,9.148148,0,FAIL
light,ambient_rise,37.5,25.0,15,0.10,NEW,0.50,2,3.184977,-1,0.165217,0.026562,0.301718,0.560445,12.500000,7.416667,9.171296,0,FAIL
light,ambient_rise,37.5,25.0,15,0.10,NEW,0.35,1,3.073210,-1,0.167835,0.025945,0.306078,0.644272,12.500000,7.500000,9.166667,0,FAIL
light,ambient_rise,37.5,25.0,15,0.10,NEW,0.35,2,3.062364,-1,0.168936,0.021467,0.308194,0.573129,12.500000,7.500000,9.171296,0,FAIL
light,noise,37.5,25.0,15,0.10,OLD,1.00,1,3.198120,-1,0.217780,0.042509,0.411293,0.798721,12.500000,9.444444,10.662037,0,FAIL
light,noise,37.5,25.0,15,0.10,NEW,1.00,1,3.162705,-1,0.229609,0.036085,0.425149,0.800776,12.500000,9.611111,10.722222,0,FAIL
light,noise,37.5,25.0,15,0.10,NEW,1.00,2,3.122742,-1,0.229261,0.042112,0.417595,0.777977,12.500000,9.138889,10.675926,0,FAIL
light,noise,37.5,25.0,15,0.10,NEW,0.70,1,3.130674,-1,0.233213,0.037131,0.425557,0.816898,12.500000,9.444444,10.703704,0,FAIL
light,noise,37.5,25.0,15,0.10,NEW,0.70,2,3.068334,-1,0.227890,0.045744,0.418145,0.777329,12.500000,9.000000,10.648148,0,FAIL
light,noise,37.5,25.0,15,0.10,NEW,0.50,1,3.070405,-1,0.241854,0.056258,0.445573,0.881875,12.500000,9.388889,10.648148,0,FAIL
light,noise,37.5,25.0,15,0.10,NEW,0.50,2,3.059437,-1,0.230627,0.035104,0.416488,0.780848,12.500000,9.277778,10.662037,0,FAIL
light,noise,37.5,25.0,15,0.10,NEW,0.35,1,3.065994,-1,0.231855,0.048911,0.419314,0.846730,12.500000,9.000000,10.620370,0,FAIL
light,noise,37.5,25.0,15,0.10,NEW,0.35,2,3.040820,-1,0.231751,0.050895,0.415321,0.871734,12.500000,9.000000,10.625000,0,FAIL
light,one_bad_sample,37.5,25.0,15,0.10,OLD,1.00,1,3.070203,-1,0.226702,0.044743,0.421545,0.778348,12.500000,9.430556,10.703704,1,FAIL
light,one_bad_sample,37.5,25.0,15,0.10,NEW,1.00,1,3.156666,-1,0.224117,0.050617,0.412300,0.779236,12.500000,8.944444,10.648148,1,FAIL
light,one_bad_sample,37.5,25.0,15,0.10,NEW,1.00,2,3.121188,-1,0.225693,0.051987,0.410173,0.754173,12.500000,8.972222,10.648148,1,FAIL
light,one_bad_sample,37.5,25.0,15,0.10,NEW,0.70,1,3.077049,-1,0.227143,0.046572,0.418709,0.808129,12.500000,8.944444,10.648148,1,FAIL
light,one_bad_sample,37.5,25.0,15,0.10,NEW,0.70,2,3.067675,-1,0.229059,0.051636,0.415397,0.778899,12.500000,8.944444,10.643519,1,FAIL
light,one_bad_sample,37.5,25.0,15,0.10,NEW,0.50,1,3.230875,-1,0.224553,0.048496,0.400790,0.746141,12.500000,9.555556,10.666667,1,FAIL
light,one_bad_sample,37.5,25.0,15,0.10,NEW,0.50,2,3.184977,-1,0.226907,0.042478,0.412134,0.763823,12.500000,9.722222,10.689815,1,FAIL
light,one_bad_sample,37.5,25.0,15,0.10,NEW,0.35,1,3.194700,-1,0.216601,0.028322,0.397710,0.750493,12.500000,9.666667,10.685185,1,FAIL
light,one_bad_sample,37.5,25.0,15,0.10,NEW,0.35,2,3.160131,-1,0.217591,0.028616,0.404734,0.738056,12.500000,9.583333,10.680556,1,FAIL
light,sensor_loss,37.5,25.0,15,0.10,OLD,1.00,1,3.070203,-1,0.230186,0.051422,0.429653,0.809478,12.500000,9.319444,10.680556,30,FAIL
light,sensor_loss,37.5,25.0,15,0.10,NEW,1.00,1,3.156666,-1,0.224108,0.050792,0.411602,0.793578,12.500000,9.000000,10.648148,30,FAIL
light,sensor_loss,37.5,25.0,15,0.10,NEW,1.00,2,3.121188,-1,0.226860,0.056212,0.411377,0.780511,12.500000,9.138889,10.657407,30,FAIL
light,sensor_loss,37.5,25.0,15,0.10,NEW,0.70,1,3.077049,-1,0.228844,0.046879,0.414243,0.808449,12.500000,9.000000,10.657407,30,FAIL
light,sensor_loss,37.5,25.0,15,0.10,NEW,0.70,2,3.067675,-1,0.226129,0.052964,0.410715,0.762754,12.500000,9.027778,10.648148,30,FAIL
light,sensor_loss,37.5,25.0,15,0.10,NEW,0.50,1,3.230875,-1,0.223742,0.043624,0.402682,0.762341,12.500000,9.611111,10.675926,30,FAIL
light,sensor_loss,37.5,25.0,15,0.10,NEW,0.50,2,3.184977,-1,0.224261,0.039432,0.401644,0.727917,12.500000,9.722222,10.689815,30,FAIL
light,sensor_loss,37.5,25.0,15,0.10,NEW,0.35,1,3.194700,-1,0.219947,0.026710,0.412254,0.788514,12.500000,9.722222,10.685185,30,FAIL
light,sensor_loss,37.5,25.0,15,0.10,NEW,0.35,2,3.186843,-1,0.222106,0.030038,0.410182,0.756258,12.500000,9.555556,10.675926,30,FAIL
light,safety_cut,37.5,25.0,15,0.10,OLD,1.00,1,3.070203,-1,0.229346,0.051207,0.431050,0.777167,12.500000,9.222222,10.662037,0,FAIL
light,safety_cut,37.5,25.0,15,0.10,NEW,1.00,1,3.156666,-1,0.223351,0.048401,0.405629,0.766611,12.500000,8.944444,10.648148,0,FAIL
light,safety_cut,37.5,25.0,15,0.10,NEW,1.00,2,3.121188,-1,0.224812,0.055694,0.407545,0.762845,12.500000,9.055556,10.648148,0,FAIL
light,safety_cut,37.5,25.0,15,0.10,NEW,0.70,1,3.077049,-1,0.227143,0.046572,0.418709,0.808129,12.500000,8.944444,10.648148,0,FAIL
light,safety_cut,37.5,25.0,15,0.10,NEW,0.70,2,3.067675,-1,0.229059,0.051636,0.415397,0.778899,12.500000,8.944444,10.643519,0,FAIL
light,safety_cut,37.5,25.0,15,0.10,NEW,0.50,1,3.230875,-1,0.224553,0.048496,0.400790,0.746141,12.500000,9.555556,10.666667,0,FAIL
light,safety_cut,37.5,25.0,15,0.10,NEW,0.50,2,3.184977,-1,0.228076,0.038660,0.416953,0.775951,12.500000,9.833333,10.708333,0,FAIL
light,safety_cut,37.5,25.0,15,0.10,NEW,0.35,1,3.194700,-1,0.216601,0.028322,0.397710,0.750493,12.500000,9.666667,10.685185,0,FAIL
light,safety_cut,37.5,25.0,15,0.10,NEW,0.35,2,3.160440,-1,0.218490,0.027343,0.401228,0.739560,12.500000,9.722222,10.689815,0,FAIL
light,setpoint_step,37.5,25.0,15,0.10,OLD,1.00,1,3.149528,-1,0.229219,0.051444,0.428587,0.787016,7.601812,9.250000,8.921296,0,FAIL
light,setpoint_step,37.5,25.0,15,0.10,NEW,1.00,1,3.136710,-1,0.223710,0.042314,0.404146,0.735991,7.456248,9.111111,8.925926,0,FAIL
light,setpoint_step,37.5,25.0,15,0.10,NEW,1.00,2,3.085932,-1,0.229927,0.058413,0.417816,0.759622,7.555074,9.083333,8.916667,0,FAIL
light,setpoint_step,37.5,25.0,15,0.10,NEW,0.70,1,3.085856,-1,0.228515,0.058232,0.423825,0.792130,7.331212,9.222222,8.916667,0,FAIL
light,setpoint_step,37.5,25.0,15,0.10,NEW,0.70,2,3.161982,-1,0.226075,0.051021,0.409698,0.764906,7.415149,8.972222,8.898148,0,FAIL
light,setpoint_step,37.5,25.0,15,0.10,NEW,0.50,1,3.169170,-1,0.226798,0.048173,0.411960,0.808054,7.553261,8.944444,8.888889,0,FAIL
light,setpoint_step,37.5,25.0,15,0.10,NEW,0.50,2,3.168552,-1,0.225918,0.053509,0.409162,0.756412,7.368985,9.055556,8.888889,0,FAIL
light,setpoint_step,37.5,25.0,15,0.10,NEW,0.35,1,3.092879,-1,0.224916,0.042401,0.411344,0.825786,7.584429,9.000000,8.888889,0,FAIL
light,setpoint_step,37.5,25.0,15,0.10,NEW,0.35,2,3.093841,-1,0.221851,0.050649,0.400200,0.727483,7.367675,9.027778,8.879630,0,FAIL
light,vent,37.5,25.0,15,0.01,OLD,1.00,1,3.070203,-1,0.242280,0.051267,0.453414,0.822165,12.500000,9.541667,11.548611,0,FAIL
light,vent,37.5,25.0,15,0.01,NEW,1.00,1,3.144310,-1,0.243576,0.044185,0.457656,0.879471,12.500000,9.888889,11.601852,0,FAIL
light,vent,37.5,25.0,15,0.01,NEW,1.00,2,3.124089,-1,0.240131,0.047408,0.431576,0.782028,12.500000,9.777778,11.583333,0,FAIL
light,vent,37.5,25.0,15,0.01,NEW,0.70,1,3.069035,-1,0.230995,0.051908,0.422927,0.818027,12.500000,9.388889,11.537037,0,FAIL
light,vent,37.5,25.0,15,0.01,NEW,0.70,2,3.097834,-1,0.240273,0.059919,0.432532,0.797467,12.500000,9.361111,11.537037,0,FAIL
light,vent,37.5,25.0,15,0.01,NEW,0.50,1,3.107070,-1,0.242428,0.053595,0.449679,0.878604,12.500000,9.611111,11.546296,0,FAIL
light,vent,37.5,25.0,15,0.01,NEW,0.50,2,3.184093,-1,0.240833,0.055910,0.430860,0.777093,12.500000,9.527778,11.546296,0,FAIL
light,vent,37.5,25.0,15,0.01,NEW,0.35,1,3.073478,-1,0.243493,0.049516,0.453640,0.886866,12.500000,9.777778,11.555556,0,FAIL
light,vent,37.5,25.0,15,0.01,NEW,0.35,2,3.189156,-1,0.240261,0.049745,0.430725,0.789150,12.500000,9.694444,11.550926,0,FAIL
light,door,37.5,25.0,15,0.01,OLD,1.00,1,3.202529,-1,0.239341,0.058362,0.451581,0.848468,12.500000,9.166667,11.000000,0,FAIL
light,door,37.5,25.0,15,0.01,NEW,1.00,1,3.144310,-1,0.240267,0.053164,0.441332,0.856998,12.500000,9.611111,11.055556,0,FAIL
light,door,37.5,25.0,15,0.01,NEW,1.00,2,3.124089,-1,0.240775,0.060227,0.431320,0.780516,12.500000,9.027778,11.004630,0,FAIL
light,door,37.5,25.0,15,0.01,NEW,0.70,1,3.107212,-1,0.252949,0.065121,0.460192,0.861228,12.500000,9.333333,11.018519,0,FAIL
light,door,37.5,25.0,15,0.01,NEW,0.70,2,3.103888,-1,0.239036,0.059773,0.428807,0.775930,12.500000,9.000000,10.990741,0,FAIL
light,door,37.5,25.0,15,0.01,NEW,0.50,1,3.130025,-1,0.238802,0.057523,0.435675,0.872902,12.500000,9.111111,10.990741,0,FAIL
light,door,37.5,25.0,15,0.01,NEW,0.50,2,3.184093,-1,0.239375,0.059622,0.430837,0.789112,12.500000,9.083333,10.986111,0,FAIL
light,door,37.5,25.0,15,0.01,NEW,0.35,1,3.113963,-1,0.248111,0.060155,0.460858,0.863442,12.500000,9.444444,11.009259,0,FAIL
light,door,37.5,25.0,15,0.01,NEW,0.35,2,3.189156,-1,0.239697,0.060370,0.432282,0.797515,12.500000,9.222222,10.990741,0,FAIL
light,ambient_rise,37.5,25.0,15,0.01,OLD,1.00,1,3.070203,-1,0.182975,0.035001,0.350569,0.714748,12.500000,7.277778,9.217593,0,FAIL
light,ambient_rise,37.5,25.0,15,0.01,NEW,1.00,1,3.144310,-1,0.176896,0.019974,0.323898,0.683270,12.500000,7.333333,9.203704,0,FAIL
light,ambient_rise,37.5,25.0,15,0.01,NEW,1.00,2,3.124089,-1,0.174378,0.020758,0.320025,0.582850,12.500000,7.305556,9.194444,0,FAIL
light,ambient_rise,37.5,25.0,15,0.01,NEW,0.70,1,3.069035,-1,0.182051,0.024429,0.340579,0.680473,12.500000,7.277778,9.175926,0,FAIL
light,ambient_rise,37.5,25.0,15,0.01,NEW,0.70,2,3.097834,-1,0.174855,0.020747,0.318302,0.588204,12.500000,7.444444,9.194444,0,FAIL
light,ambient_rise,37.5,25.0,15,0.01,NEW,0.50,1,3.107070,-1,0.178887,0.022314,0.328065,0.677656,12.500000,7.500000,9.194444,0,FAIL
light,ambient_rise,37.5,25.0,15,0.01,NEW,0.50,2,3.184093,-1,0.173808,0.020334,0.318998,0.579003,12.500000,7.305556,9.175926,0,FAIL
light,ambient_rise,37.5,25.0,15,0.01,NEW,0.35,1,3.073478,-1,0.174635,0.022154,0.320856,0.590675,12.500000,7.333333,9.166667,0,FAIL
light,ambient_rise,37.5,25.0,15,0.01,NEW,0.35,2,3.189156,-1,0.173258,0.019411,0.316581,0.579735,12.500000,7.250000,9.162037,0,FAIL
light,noise,37.5,25.0,15,0.01,OLD,1.00,1,3.091808,-1,0.216743,0.038555,0.399220,0.806627,12.500000,9.430556,10.650463,0,FAIL
light,noise,37.5,25.0,15,0.01,NEW,1.00,1,3.161746,-1,0.243825,0.056696,0.451514,0.848610,12.500000,8.944444,10.648148,0,FAIL
light,noise,37.5,25.0,15,0.01,NEW,1.00,2,3.130768,-1,0.237144,0.056277,0.426576,0.788818,12.500000,8.972222,10.648148,0,FAIL
light,noise,37.5,25.0,15,0.01,NEW,0.70,1,3.070464,-1,0.257720,0.069787,0.466512,0.858640,12.500000,9.000000,10.648148,0,FAIL
light,noise,37.5,25.0,15,0.01,NEW,0.70,2,3.097584,-1,0.241306,0.060172,0.437987,0.804925,12.500000,9.361111,10.662037,0,FAIL
light,noise,37.5,25.0,15,0.01,NEW,0.50,1,3.062417,-1,0.244678,0.065079,0.457961,0.857141,12.500000,9.222222,10.638889,0,FAIL
light,noise,37.5,25.0,15,0.01,NEW,0.50,2,3.060637,-1,0.236002,0.059315,0.425627,0.786059,12.500000,9.250000,10.638889,0,FAIL
light,noise,37.5,25.0,15,0.01,NEW,0.35,1,3.132477,-1,0.240409,0.048399,0.443243,0.834012,12.500000,9.722222,10.675926,0,FAIL
light,noise,37.5,25.0,15,0.01,NEW,0.35,2,3.067445,-1,0.233340,0.058086,0.424970,0.805764,12.500000,9.222222,10.625000,0,FAIL
light,one_bad_sample,37.5,25.0,15,0.01,OLD,1.00,1,3.070203,-1,0.238757,0.047867,0.447796,0.826118,12.500000,9.277778,10.692130,1,FAIL
light,one_bad_sample,37.5,25.0,15,0.01,NEW,1.00,1,3.144310,-1,0.239377,0.060620,0.439839,0.878716,12.500000,9.222222,10.675926,1,FAIL
light,one_bad_sample,37.5,25.0,15,0.01,NEW,1.00,2,3.124089,-1,0.240658,0.055238,0.430307,0.781210,12.500000,9.583333,10.694444,1,FAIL
light,one_bad_sample,37.5,25.0,15,0.01,NEW,0.70,1,3.069035,-1,0.244668,0.057885,0.453478,0.887039,12.500000,8.944444,10.648148,1,FAIL
light,one_bad_sample,37.5,25.0,15,0.01,NEW,0.70,2,3.097834,-1,0.240067,0.060426,0.429736,0.781189,12.500000,9.111111,10.657407,1,FAIL
light,one_bad_sample,37.5,25.0,15,0.01,NEW,0.50,1,3.162610,-1,0.234205,0.029162,0.434809,0.847419,12.500000,9.666667,10.694444,1,FAIL
light,one_bad_sample,37.5,25.0,15,0.01,NEW,0.50,2,3.210158,-1,0.236150,0.032073,0.430301,0.787274,12.500000,9.861111,10.717593,1,FAIL
light,one_bad_sample,37.5,25.0,15,0.01,NEW,0.35,1,3.207728,-1,0.236211,0.051060,0.445009,0.856617,12.500000,8.888889,10.611111,1,FAIL
light,one_bad_sample,37.5,25.0,15,0.01,NEW,0.35,2,3.189156,-1,0.234950,0.029669,0.429766,0.790545,12.500000,9.583333,10.675926,1,FAIL
light,sensor_loss,37.5,25.0,15,0.01,OLD,1.00,1,3.070203,-1,0.243368,0.049702,0.450283,0.826966,12.500000,9.583333,10.678241,30,FAIL
light,sensor_loss,37.5,25.0,15,0.01,NEW,1.00,1,3.144310,-1,0.241030,0.033220,0.451330,0.865243,12.500000,9.833333,10.722222,30,FAIL
light,sensor_loss,37.5,25.0,15,0.01,NEW,1.00,2,3.124089,-1,0.240899,0.053693,0.434065,0.793378,12.500000,9.638889,10.699074,30,FAIL
light,sensor_loss,37.5,25.0,15,0.01,NEW,0.70,1,3.069035,-1,0.257077,0.069684,0.466452,0.886870,12.500000,9.055556,10.666667,30,FAIL
light,sensor_loss,37.5,25.0,15,0.01,NEW,0.70,2,3.097834,-1,0.239843,0.061014,0.429819,0.794310,12.500000,9.138889,10.662037,30,FAIL
light,sensor_loss,37.5,25.0,15,0.01,NEW,0.50,1,3.148999,-1,0.243093,0.035689,0.455817,0.863380,12.500000,9.333333,10.666667,30,FAIL
light,sensor_loss,37.5,25.0,15,0.01,NEW,0.50,2,3.184093,-1,0.235629,0.031277,0.429003,0.776811,12.500000,9.833333,10.712963,30,FAIL
light,sensor_loss,37.5,25.0,15,0.01,NEW,0.35,1,3.099553,-1,0.242428,0.046050,0.446823,0.855209,12.500000,9.055556,10.620370,30,FAIL
light,sensor_loss,37.5,25.0,15,0.01,NEW,0.35,2,3.189156,-1,0.234289,0.029657,0.428213,0.789542,12.500000,9.583333,10.671296,30,FAIL
light,safety_cut,37.5,25.0,15,0.01,OLD,1.00,1,3.070203,-1,0.251156,0.057374,0.460807,0.847827,12.500000,9.652778,10.687500,0,FAIL
light,safety_cut,37.5,25.0,15,0.01,NEW,1.00,1,3.144310,-1,0.245536,0.049001,0.456180,0.871187,12.500000,9.888889,10.731481,0,FAIL
light,safety_cut,37.5,25.0,15,0.01,NEW,1.00,2,3.124089,-1,0.238620,0.051833,0.428002,0.787016,12.500000,9.638889,10.699074,0,FAIL
light,safety_cut,37.5,25.0,15,0.01,NEW,0.70,1,3.069035,-1,0.239966,0.058475,0.438558,0.846987,12.500000,8.944444,10.648148,0,FAIL
light,safety_cut,37.5,25.0,15,0.01,NEW,0.70,2,3.097834,-1,0.241356,0.061662,0.434016,0.788826,12.500000,9.138889,10.662037,0,FAIL
light,safety_cut,37.5,25.0,15,0.01,NEW,0.50,1,3.156229,-1,0.231353,0.023784,0.427948,0.922866,12.500000,9.722222,10.694444,0,FAIL
light,safety_cut,37.5,25.0,15,0.01,NEW,0.50,2,3.184093,-1,0.236249,0.032436,0.429329,0.777924,12.500000,9.833333,10.712963,0,FAIL
light,safety_cut,37.5,25.0,15,0.01,NEW,0.35,1,3.092938,-1,0.243579,0.055460,0.453229,0.870491,12.500000,8.944444,10.611111,0,FAIL
light,safety_cut,37.5,25.0,15,0.01,NEW,0.35,2,3.207791,-1,0.235936,0.032458,0.429267,0.791244,12.500000,9.388889,10.657407,0,FAIL
light,setpoint_step,37.5,25.0,15,0.01,OLD,1.00,1,3.159684,-1,0.238142,0.056339,0.453148,0.824767,7.291562,9.375000,8.900463,0,FAIL
light,setpoint_step,37.5,25.0,15,0.01,NEW,1.00,1,3.082708,-1,0.240290,0.038397,0.454811,0.884996,7.543867,9.944444,8.990741,0,FAIL
light,setpoint_step,37.5,25.0,15,0.01,NEW,1.00,2,3.177132,-1,0.241107,0.050800,0.433634,0.789506,7.502182,9.722222,8.972222,0,FAIL
light,setpoint_step,37.5,25.0,15,0.01,NEW,0.70,1,3.116797,-1,0.253053,0.046552,0.462658,0.855265,7.565458,9.888889,8.981481,0,FAIL
light,setpoint_step,37.5,25.0,15,0.01,NEW,0.70,2,3.106624,-1,0.239762,0.052535,0.430148,0.783106,7.621973,9.638889,8.953704,0,FAIL
light,setpoint_step,37.5,25.0,15,0.01,NEW,0.50,1,3.111521,-1,0.247063,0.044674,0.454205,0.855278,7.618757,9.888889,8.962963,0,FAIL
light,setpoint_step,37.5,25.0,15,0.01,NEW,0.50,2,3.111325,-1,0.239386,0.051435,0.430061,0.781208,7.620324,9.666667,8.939815,0,FAIL
light,setpoint_step,37.5,25.0,15,0.01,NEW,0.35,1,3.100903,-1,0.251023,0.038648,0.465830,0.886909,7.627181,9.888889,8.953704,0,FAIL
light,setpoint_step,37.5,25.0,15,0.01,NEW,0.35,2,3.109363,-1,0.239734,0.050881,0.430584,0.794784,7.648145,9.694444,8.935185,0,FAIL
light,vent,37.5,25.0,60,0.10,OLD,1.00,1,6.749230,-1,1.461283,1.287743,3.304132,4.216802,12.500000,7.972222,12.597222,0,FAIL
light,vent,37.5,25.0,60,0.10,NEW,1.00,1,6.375063,-1,1.491576,1.340720,3.431472,4.378857,12.500000,7.611111,12.481481,0,FAIL
light,vent,37.5,25.0,60,0.10,NEW,1.00,2,6.649863,-1,1.457870,1.306832,3.268208,4.264933,12.500000,9.333333,12.537037,0,FAIL
light,vent,37.5,25.0,60,0.10,NEW,0.70,1,6.407939,-1,1.281207,1.081834,3.071423,3.800622,12.500000,10.222222,12.833333,0,FAIL
light,vent,37.5,25.0,60,0.10,NEW,0.70,2,6.702132,-1,1.436059,1.288775,3.257781,4.129476,12.500000,8.222222,12.481481,0,FAIL
light,vent,37.5,25.0,60,0.10,NEW,0.50,1,6.642885,-1,1.380667,1.181070,3.254097,4.388107,12.500000,9.000000,12.620370,0,FAIL
light,vent,37.5,25.0,60,0.10,NEW,0.50,2,6.694260,-1,1.369167,1.211507,3.161923,3.932423,12.500000,8.416667,12.481481,0,FAIL
light,vent,37.5,25.0,60,0.10,NEW,0.35,1,6.649702,-1,1.467398,1.252597,3.338046,4.399624,12.500000,11.111111,12.638889,0,FAIL
light,vent,37.5,25.0,60,0.10,NEW,0.35,2,6.639691,-1,1.402861,1.256903,3.203658,4.123812,12.500000,8.500000,12.458333,0,FAIL
light,door,37.5,25.0,60,0.10,OLD,1.00,1,6.541239,-1,1.471981,1.300247,3.298752,4.220252,12.500000,10.055556,11.923611,0,FAIL
light,door,37.5,25.0,60,0.10,NEW,1.00,1,6.437807,-1,1.338695,1.145546,3.104953,3.909161,12.500000,8.833333,11.981481,0,FAIL
light,door,37.5,25.0,60,0.10,NEW,1.00,2,6.437249,-1,1.414779,1.208277,3.212472,3.994742,12.500000,10.805556,11.944444,0,FAIL
light,door,37.5,25.0,60,0.10,NEW,0.70,1,6.510157,-1,1.491017,1.278536,3.390115,4.420417,12.500000,11.000000,11.962963,0,FAIL
light,door,37.5,25.0,60,0.10,NEW,0.70,2,6.471910,-1,1.378565,1.176810,3.153751,3.907576,12.500000,10.638889,11.902778,0,FAIL
light,door,37.5,25.0,60,0.10,NEW,0.50,1,6.529850,-1,1.302046,1.098415,3.099612,3.858328,12.500000,10.555556,12.055556,0,FAIL
light,door,37.5,25.0,60,0.10,NEW,0.50,2,6.489075,-1,1.372177,1.164477,3.167505,3.935681,12.500000,10.750000,11.949074,0,FAIL
light,door,37.5,25.0,60,0.10,NEW,0.35,1,6.465033,-1,1.558359,1.331374,3.571940,4.412895,12.500000,11.611111,12.074074,0,FAIL
light,door,37.5,25.0,60,0.10,NEW,0.35,2,6.474648,-1,1.426753,1.238298,3.230116,4.058427,12.500000,10.444444,11.870370,0,FAIL
light,ambient_rise,37.5,25.0,60,0.10,OLD,1.00,1,6.541239,-1,1.107175,0.957660,2.585162,3.246980,12.500000,6.777778,10.013889,0,FAIL
light,ambient_rise,37.5,25.0,60,0.10,NEW,1.00,1,6.375063,-1,0.962042,0.803610,2.391114,3.317123,12.500000,8.166667,10.129630,0,FAIL
light,ambient_rise,37.5,25.0,60,0.10,NEW,1.00,2,6.376676,-1,1.073372,0.927066,2.543633,3.238746,12.500000,6.638889,9.930556,0,FAIL
light,ambient_rise,37.5,25.0,60,0.10,NEW,0.70,1,6.407939,-1,0.950304,0.800708,2.276940,2.897369,12.500000,7.888889,10.027778,0,FAIL
light,ambient_rise,37.5,25.0,60,0.10,NEW,0.70,2,6.400178,-1,0.942970,0.785606,2.357701,3.054988,12.500000,8.277778,10.111111,0,FAIL
light,ambient_rise,37.5,25.0,60,0.10,NEW,0.50,1,6.397293,-1,0.971406,0.812514,2.444911,3.231218,12.500000,8.111111,10.074074,0,FAIL
light,ambient_rise,37.5,25.0,60,0.10,NEW,0.50,2,6.398485,-1,0.959387,0.798644,2.441805,3.096177,12.500000,8.416667,10.129630,0,FAIL
light,ambient_rise,37.5,25.0,60,0.10,NEW,0.35,1,6.465033,-1,1.029750,0.873179,2.419906,3.275645,12.500000,8.166667,9.953704,0,FAIL
light,ambient_rise,37.5,25.0,60,0.10,NEW,0.35,2,6.474648,-1,0.968352,0.810183,2.381122,3.139416,12.500000,8.083333,10.106481,0,FAIL
light,noise,37.5,25.0,60,0.10,OLD,1.00,1,6.498435,-1,1.310933,1.099405,3.268802,4.277887,12.500000,11.069444,11.956019,0,FAIL
light,noise,37.5,25.0,60,0.10,NEW,1.00,1,6.378365,-1,1.567472,1.393909,3.439149,4.487079,12.500000,10.222222,11.638889,0,FAIL
light,noise,37.5,25.0,60,0.10,NEW,1.00,2,6.402690,-1,1.386994,1.185385,3.290899,4.248087,12.500000,9.166667,11.689815,0,FAIL
light,noise,37.5,25.0,60,0.10,NEW,0.70,1,6.460794,-1,1.569081,1.413049,3.474618,4.332018,12.500000,9.166667,11.574074,0,FAIL
light,noise,37.5,25.0,60,0.10,NEW,0.70,2,6.398087,-1,1.429043,1.274134,3.255291,4.120468,12.500000,7.805556,11.504630,0,FAIL
light,noise,37.5,25.0,60,0.10,NEW,0.50,1,6.475740,-1,1.655418,1.463323,3.619779,4.510639,12.500000,10.722222,11.666667,0,FAIL
light,noise,37.5,25.0,60,0.10,NEW,0.50,2,6.403672,-1,1.482993,1.336842,3.332338,4.243104,12.500000,8.416667,11.490741,0,FAIL
light,noise,37.5,25.0,60,0.10,NEW,0.35,1,6.493671,-1,1.600357,1.382976,3.547639,4.503434,12.500000,11.388889,11.685185,0,FAIL
light,noise,37.5,25.0,60,0.10,NEW,0.35,2,6.471423,-1,1.485266,1.337360,3.339679,4.230654,12.500000,8.305556,11.486111,0,FAIL
light,one_bad_sample,37.5,25.0,60,0.10,OLD,1.00,1,6.541239,-1,1.383692,1.171313,3.297137,4.161763,12.500000,9.861111,11.826389,1,FAIL
light,one_bad_sample,37.5,25.0,60,0.10,NEW,1.00,1,6.375063,-1,1.417289,1.189626,3.538460,4.413041,12.500000,11.611111,11.805556,1,FAIL
light,one_bad_sample,37.5,25.0,60,0.10,NEW,1.00,2,6.376676,-1,1.231532,1.022403,3.103049,3.960173,12.500000,10.861111,11.842593,1,FAIL
light,one_bad_sample,37.5,25.0,60,0.10,NEW,0.70,1,6.536435,-1,1.276845,1.074662,3.107193,3.919314,12.500000,10.611111,11.731481,1,FAIL
light,one_bad_sample,37.5,25.0,60,0.10,NEW,0.70,2,6.555047,-1,1.250358,1.042233,3.173344,3.950282,12.500000,10.833333,11.828704,1,FAIL
light,one_bad_sample,37.5,25.0,60,0.10,NEW,0.50,1,6.545619,-1,1.451870,1.267178,3.510918,4.448443,12.500000,8.555556,11.546296,1,FAIL
light,one_bad_sample,37.5,25.0,60,0.10,NEW,0.50,2,6.435454,-1,1.244841,1.031989,3.201088,4.124000,12.500000,11.027778,11.865741,1,FAIL
light,one_bad_sample,37.5,25.0,60,0.10,NEW,0.35,1,6.465033,-1,1.579870,1.426084,3.467361,4.502036,12.500000,8.388889,11.527778,1,FAIL
light,one_bad_sample,37.5,25.0,60,0.10,NEW,0.35,2,6.474648,-1,1.235308,1.028149,3.050031,3.893556,12.500000,10.750000,11.837963,1,FAIL
light,sensor_loss,37.5,25.0,60,0.10,OLD,1.00,1,6.541239,-1,1.446122,1.241297,3.259587,4.150782,12.500000,10.750000,11.645833,30,FAIL
light,sensor_loss,37.5,25.0,60,0.10,NEW,1.00,1,6.375063,-1,1.543912,1.315995,3.568959,4.397652,12.500000,11.611111,11.731481,30,FAIL
light,sensor_loss,37.5,25.0,60,0.10,NEW,1.00,2,6.376676,-1,1.392580,1.231373,3.192278,3.960203,12.500000,9.638889,11.513889,30,FAIL
light,sensor_loss,37.5,25.0,60,0.10,NEW,0.70,1,6.602699,-1,1.283636,1.081135,3.080249,3.824104,12.500000,10.500000,11.685185,30,FAIL
light,sensor_loss,37.5,25.0,60,0.10,NEW,0.70,2,6.549628,-1,1.271356,1.062659,3.171740,3.953809,12.500000,10.777778,11.800926,30,FAIL
light,sensor_loss,37.5,25.0,60,0.10,NEW,0.50,1,6.489302,-1,1.277793,1.074105,3.112321,3.934851,12.500000,10.611111,11.722222,30,FAIL
light,sensor_loss,37.5,25.0,60,0.10,NEW,0.50,2,6.512714,-1,1.227591,1.015832,3.084969,3.953123,12.500000,10.888889,11.861111,30,FAIL
light,sensor_loss,37.5,25.0,60,0.10,NEW,0.35,1,6.489995,-1,1.281737,1.065480,3.287544,4.294241,12.500000,11.166667,11.796296,30,FAIL
light,sensor_loss,37.5,25.0,60,0.10,NEW,0.35,2,6.486953,-1,1.234565,1.026023,3.084662,3.951642,12.500000,10.777778,11.805556,30,FAIL
light,safety_cut,37.5,25.0,60,0.10,OLD,1.00,1,6.541239,-1,1.458358,1.270074,3.270033,4.220147,12.500000,10.430556,11.606481,0,FAIL
light,safety_cut,37.5,25.0,60,0.10,NEW,1.00,1,6.375063,-1,1.543912,1.315995,3.568959,4.397652,12.500000,11.611111,11.731481,0,FAIL
light,safety_cut,37.5,25.0,60,0.10,NEW,1.00,2,6.376676,-1,1.371115,1.193334,3.150683,3.884176,12.500000,10.111111,11.523148,0,FAIL
light,safety_cut,37.5,25.0,60,0.10,NEW,0.70,1,6.602366,-1,1.274527,1.073074,3.089500,3.844457,12.500000,10.555556,11.712963,0,FAIL
light,safety_cut,37.5,25.0,60,0.10,NEW,0.70,2,6.520007,-1,1.265741,1.053063,3.204550,3.971909,12.500000,10.916667,11.810185,0,FAIL
light,safety_cut,37.5,25.0,60,0.10,NEW,0.50,1,6.545619,-1,1.451870,1.267178,3.510918,4.448443,12.500000,8.555556,11.546296,0,FAIL
light,safety_cut,37.5,25.0,60,0.10,NEW,0.50,2,6.515919,-1,1.233233,1.020472,3.083108,4.047357,12.500000,11.000000,11.865741,0,FAIL
light,safety_cut,37.5,25.0,60,0.10,NEW,0.35,1,6.564711,-1,1.263797,1.062848,3.070025,3.815394,12.500000,10.500000,11.675926,0,FAIL
light,safety_cut,37.5,25.0,60,0.10,NEW,0.35,2,6.492226,-1,1.237038,1.028944,3.076765,3.936926,12.500000,10.805556,11.805556,0,FAIL
light,setpoint_step,37.5,25.0,60,0.10,OLD,1.00,1,6.534750,-1,1.490936,1.278772,3.336483,4.269206,7.763233,11.013889,9.895833,0,FAIL
light,setpoint_step,37.5,25.0,60,0.10,NEW,1.00,1,6.390767,-1,1.334310,1.118740,3.381963,4.388166,7.751998,11.166667,10.074074,0,FAIL
light,setpoint_step,37.5,25.0,60,0.10,NEW,1.00,2,6.373565,-1,1.371602,1.164865,3.159696,3.939672,7.324261,10.722222,9.828704,0,FAIL
light,setpoint_step,37.5,25.0,60,0.10,NEW,0.70,1,6.398678,-1,1.308279,1.097982,3.189260,4.107818,7.636362,10.888889,10.009259,0,FAIL
light,setpoint_step,37.5,25.0,60,0.10,NEW,0.70,2,6.370571,-1,1.406133,1.197886,3.205033,4.057223,7.718058,10.833333,9.810185,0,FAIL
light,setpoint_step,37.5,25.0,60,0.10,NEW,0.50,1,6.522649,-1,1.364649,1.210392,3.142554,4.080077,7.752342,9.055556,9.685185,0,FAIL
light,setpoint_step,37.5,25.0,60,0.10,NEW,0.50,2,6.412148,-1,1.380557,1.169951,3.191704,3.960839,7.652471,10.805556,9.824074,0,FAIL
light,setpoint_step,37.5,25.0,60,0.10,NEW,0.35,1,6.412393,-1,1.347843,1.173792,3.120241,3.904890,7.217124,9.888889,9.703704,0,FAIL
light,setpoint_step,37.5,25.0,60,0.10,NEW,0.35,2,6.440921,-1,1.375599,1.167594,3.167976,3.944480,7.734403,10.750000,9.791667,0,FAIL
light,vent,37.5,25.0,60,0.01,OLD,1.00,1,6.720830,-1,1.601529,1.420311,3.521447,4.347671,12.500000,10.472222,12.664352,0,FAIL
light,vent,37.5,25.0,60,0.01,NEW,1.00,1,6.681935,-1,1.444074,1.216329,3.510613,4.403079,12.500000,11.500000,12.870370,0,FAIL
light,vent,37.5,25.0,60,0.01,NEW,1.00,2,6.607095,-1,1.521490,1.296560,3.456465,4.339334,12.500000,11.388889,12.726852,0,FAIL
light,vent,37.5,25.0,60,0.01,NEW,0.70,1,6.646070,-1,1.481788,1.253307,3.533013,4.363499,12.500000,11.555556,12.833333,0,FAIL
light,vent,37.5,25.0,60,0.01,NEW,0.70,2,6.644639,-1,1.489599,1.265399,3.442296,4.236408,12.500000,11.361111,12.754630,0,FAIL
light,vent,37.5,25.0,60,0.01,NEW,0.50,1,6.657896,-1,1.497027,1.265737,3.564854,4.403037,12.500000,11.611111,12.814815,0,FAIL
light,vent,37.5,25.0,60,0.01,NEW,0.50,2,6.673638,-1,1.507375,1.283000,3.449375,4.266179,12.500000,11.388889,12.722222,0,FAIL
light,vent,37.5,25.0,60,0.01,NEW,0.35,1,6.639828,-1,1.461965,1.230950,3.555547,4.491699,12.500000,11.611111,12.851852,0,FAIL
light,vent,37.5,25.0,60,0.01,NEW,0.35,2,6.632929,-1,1.493912,1.268211,3.457651,4.288595,12.500000,11.388889,12.731481,0,FAIL
light,door,37.5,25.0,60,0.01,OLD,1.00,1,6.541239,-1,1.473462,1.258704,3.359646,4.257197,12.500000,11.041667,12.074074,0,FAIL
light,door,37.5,25.0,60,0.01,NEW,1.00,1,6.593237,-1,1.355205,1.125985,3.511721,4.404667,12.500000,11.555556,12.305556,0,FAIL
light,door,37.5,25.0,60,0.01,NEW,1.00,2,6.543846,-1,1.360922,1.137270,3.441928,4.236362,12.500000,11.416667,12.245370,0,FAIL
light,door,37.5,25.0,60,0.01,NEW,0.70,1,6.474878,-1,1.328470,1.102144,3.462006,4.311168,12.500000,11.500000,12.305556,0,FAIL
light,door,37.5,25.0,60,0.01,NEW,0.70,2,6.582551,-1,1.393050,1.168097,3.456561,4.272517,12.500000,11.416667,12.222222,0,FAIL
light,door,37.5,25.0,60,0.01,NEW,0.50,1,6.564255,-1,1.333087,1.101235,3.484754,4.492044,12.500000,11.666667,12.314815,0,FAIL
light,door,37.5,25.0,60,0.01,NEW,0.50,2,6.463937,-1,1.358034,1.135350,3.416152,4.225058,12.500000,11.361111,12.212963,0,FAIL
light,door,37.5,25.0,60,0.01,NEW,0.35,1,6.548693,-1,1.375811,1.149793,3.488833,4.314768,12.500000,11.500000,12.240741,0,FAIL
light,door,37.5,25.0,60,0.01,NEW,0.35,2,6.525953,-1,1.381228,1.160373,3.392858,4.190745,12.500000,11.277778,12.166667,0,FAIL
light,ambient_rise,37.5,25.0,60,0.01,OLD,1.00,1,6.541239,-1,1.217078,1.078234,2.682579,3.448077,12.500000,8.041667,9.997685,0,FAIL
light,ambient_rise,37.5,25.0,60,0.01,NEW,1.00,1,6.378776,-1,1.042823,0.887547,2.418541,3.089972,12.500000,6.888889,10.018519,0,FAIL
light,ambient_rise,37.5,25.0,60,0.01,NEW,1.00,2,6.379180,-1,1.135412,1.021748,2.548651,3.151136,12.500000,6.833333,9.893519,0,FAIL
light,ambient_rise,37.5,25.0,60,0.01,NEW,0.70,1,6.398437,-1,1.062570,0.927994,2.438773,3.026348,12.500000,6.277778,9.898148,0,FAIL
light,ambient_rise,37.5,25.0,60,0.01,NEW,0.70,2,6.513040,-1,1.125127,0.987584,2.525358,3.150417,12.500000,7.833333,9.912037,0,FAIL
light,ambient_rise,37.5,25.0,60,0.01,NEW,0.50,1,6.403941,-1,1.052979,0.904141,2.433191,3.013284,12.500000,6.611111,9.953704,0,FAIL
light,ambient_rise,37.5,25.0,60,0.01,NEW,0.50,2,6.426764,-1,1.112089,0.987476,2.510272,3.103275,12.500000,7.416667,9.875000,0,FAIL
light,ambient_rise,37.5,25.0,60,0.01,NEW,0.35,1,6.548693,-1,1.072717,0.946019,2.450061,3.054623,12.500000,6.222222,9.861111,0,FAIL
light,ambient_rise,37.5,25.0,60,0.01,NEW,0.35,2,6.471572,-1,1.133140,0.997003,2.538830,3.152784,12.500000,7.805556,9.888889,0,FAIL
light,noise,37.5,25.0,60,0.01,OLD,1.00,1,6.541099,-1,1.290764,1.085093,3.148948,4.087343,12.500000,10.777778,11.923611,0,FAIL
light,noise,37.5,25.0,60,0.01,NEW,1.00,1,6.379908,-1,1.478427,1.250829,3.510347,4.493172,12.500000,11.500000,11.824074,0,FAIL
light,noise,37.5,25.0,60,0.01,NEW,1.00,2,6.380161,-1,1.579433,1.428368,3.485747,4.341164,12.500000,8.000000,11.550926,0,FAIL
light,noise,37.5,25.0,60,0.01,NEW,0.70,1,6.399807,-1,1.492948,1.287732,3.321021,4.310496,12.500000,10.888889,11.620370,0,FAIL
light,noise,37.5,25.0,60,0.01,NEW,0.70,2,6.430661,-1,1.488790,1.329525,3.345125,4.155434,12.500000,9.611111,11.546296,0,FAIL
light,noise,37.5,25.0,60,0.01,NEW,0.50,1,6.414690,-1,1.415258,1.189494,3.520591,4.360836,12.500000,11.555556,11.861111,0,FAIL
light,noise,37.5,25.0,60,0.01,NEW,0.50,2,6.406983,-1,1.482791,1.337198,3.327824,4.268499,12.500000,8.861111,11.513889,0,FAIL
light,noise,37.5,25.0,60,0.01,NEW,0.35,1,6.536929,-1,1.500529,1.321586,3.335654,4.423573,12.500000,10.222222,11.546296,0,FAIL
light,noise,37.5,25.0,60,0.01,NEW,0.35,2,6.483311,-1,1.501549,1.348052,3.356832,4.301582,12.500000,9.222222,11.513889,0,FAIL
light,one_bad_sample,37.5,25.0,60,0.01,OLD,1.00,1,6.541239,-1,1.547669,1.389755,3.468615,4.347940,12.500000,7.722222,11.541667,1,FAIL
light,one_bad_sample,37.5,25.0,60,0.01,NEW,1.00,1,6.378776,-1,1.397256,1.171264,3.486465,4.310654,12.500000,11.500000,11.879630,1,FAIL
light,one_bad_sample,37.5,25.0,60,0.01,NEW,1.00,2,6.379180,-1,1.529551,1.312147,3.431783,4.244115,12.500000,11.250000,11.685185,1,FAIL
light,one_bad_sample,37.5,25.0,60,0.01,NEW,0.70,1,6.602711,-1,1.626848,1.472444,3.564036,4.438762,12.500000,9.000000,11.657407,1,FAIL
light,one_bad_sample,37.5,25.0,60,0.01,NEW,0.70,2,6.604484,-1,1.545195,1.395381,3.441009,4.240663,12.500000,7.805556,11.574074,1,FAIL
light,one_bad_sample,37.5,25.0,60,0.01,NEW,0.50,1,6.494355,-1,1.585840,1.386437,3.505516,4.503923,12.500000,10.944444,11.666667,1,FAIL
light,one_bad_sample,37.5,25.0,60,0.01,NEW,0.50,2,6.486777,-1,1.543452,1.393786,3.435351,4.245091,12.500000,8.638889,11.555556,1,FAIL
light,one_bad_sample,37.5,25.0,60,0.01,NEW,0.35,1,6.548693,-1,1.530250,1.302367,3.513357,4.390771,12.500000,11.500000,11.731481,1,FAIL
light,one_bad_sample,37.5,25.0,60,0.01,NEW,0.35,2,6.471572,-1,1.557312,1.367152,3.456698,4.269748,12.500000,10.694444,11.606481,1,FAIL
light,sensor_loss,37.5,25.0,60,0.01,OLD,1.00,1,6.541239,-1,1.461130,1.241646,3.445065,4.275754,12.500000,11.194444,11.842593,30,FAIL
light,sensor_loss,37.5,25.0,60,0.01,NEW,1.00,1,6.378776,-1,1.373260,1.145843,3.507143,4.375356,12.500000,11.555556,11.916667,30,FAIL
light,sensor_loss,37.5,25.0,60,0.01,NEW,1.00,2,6.379180,-1,1.457970,1.232895,3.439308,4.331834,12.500000,11.361111,11.787037,30,FAIL
light,sensor_loss,37.5,25.0,60,0.01,NEW,0.70,1,6.602711,-1,1.626848,1.472444,3.564036,4.438762,12.500000,9.000000,11.657407,30,FAIL
light,sensor_loss,37.5,25.0,60,0.01,NEW,0.70,2,6.604484,-1,1.542372,1.392515,3.457935,4.288123,12.500000,7.694444,11.564815,30,FAIL
light,sensor_loss,37.5,25.0,60,0.01,NEW,0.50,1,6.494287,-1,1.611608,1.411528,3.545948,4.426638,12.500000,11.055556,11.685185,30,FAIL
light,sensor_loss,37.5,25.0,60,0.01,NEW,0.50,2,6.484093,-1,1.551436,1.398546,3.442144,4.247830,12.500000,9.194444,11.578704,30,FAIL
light,sensor_loss,37.5,25.0,60,0.01,NEW,0.35,1,6.548693,-1,1.530250,1.302367,3.513357,4.390771,12.500000,11.500000,11.731481,30,FAIL
light,sensor_loss,37.5,25.0,60,0.01,NEW,0.35,2,6.471572,-1,1.541611,1.352612,3.422454,4.290987,12.500000,10.638889,11.597222,30,FAIL
light,safety_cut,37.5,25.0,60,0.01,OLD,1.00,1,6.541239,-1,1.524552,1.305275,3.447490,4.347691,12.500000,11.222222,11.759259,0,FAIL
light,safety_cut,37.5,25.0,60,0.01,NEW,1.00,1,6.378776,-1,1.397256,1.171264,3.486465,4.310654,12.500000,11.500000,11.879630,0,FAIL
light,safety_cut,37.5,25.0,60,0.01,NEW,1.00,2,6.379180,-1,1.493714,1.268173,3.459056,4.289319,12.500000,11.388889,11.754630,0,FAIL
light,safety_cut,37.5,25.0,60,0.01,NEW,0.70,1,6.602711,-1,1.626848,1.472444,3.564036,4.438762,12.500000,9.000000,11.657407,0,FAIL
light,safety_cut,37.5,25.0,60,0.01,NEW,0.70,2,6.604484,-1,1.545195,1.395381,3.441009,4.240663,12.500000,7.805556,11.574074,0,FAIL
light,safety_cut,37.5,25.0,60,0.01,NEW,0.50,1,6.494355,-1,1.585840,1.386437,3.505516,4.503923,12.500000,10.944444,11.666667,0,FAIL
light,safety_cut,37.5,25.0,60,0.01,NEW,0.50,2,6.486777,-1,1.543452,1.393786,3.435351,4.245091,12.500000,8.638889,11.555556,0,FAIL
light,safety_cut,37.5,25.0,60,0.01,NEW,0.35,1,6.548693,-1,1.530250,1.302367,3.513357,4.390771,12.500000,11.500000,11.731481,0,FAIL
light,safety_cut,37.5,25.0,60,0.01,NEW,0.35,2,6.471572,-1,1.557312,1.367152,3.456698,4.269748,12.500000,10.694444,11.606481,0,FAIL
light,setpoint_step,37.5,25.0,60,0.01,OLD,1.00,1,6.582473,-1,1.426619,1.204562,3.521522,4.347612,7.561744,11.375000,10.134259,0,FAIL
light,setpoint_step,37.5,25.0,60,0.01,NEW,1.00,1,6.427763,-1,1.308613,1.077565,3.423576,4.453153,7.542030,11.666667,10.203704,0,FAIL
light,setpoint_step,37.5,25.0,60,0.01,NEW,1.00,2,6.522988,-1,1.360674,1.137910,3.425254,4.285324,7.644076,11.361111,10.083333,0,FAIL
light,setpoint_step,37.5,25.0,60,0.01,NEW,0.70,1,6.401892,-1,1.311983,1.080021,3.502676,4.462895,7.428298,11.722222,10.212963,0,FAIL
light,setpoint_step,37.5,25.0,60,0.01,NEW,0.70,2,6.508815,-1,1.327241,1.100252,3.454899,4.339516,7.384436,11.500000,10.143519,0,FAIL
light,setpoint_step,37.5,25.0,60,0.01,NEW,0.50,1,6.426192,-1,1.294806,1.067220,3.421945,4.470372,7.408035,11.555556,10.185185,0,FAIL
light,setpoint_step,37.5,25.0,60,0.01,NEW,0.50,2,6.416117,-1,1.348859,1.125629,3.413550,4.301172,7.424544,11.388889,10.074074,0,FAIL
light,setpoint_step,37.5,25.0,60,0.01,NEW,0.35,1,6.534561,-1,1.322746,1.098372,3.436541,4.370032,7.309776,11.444444,10.120370,0,FAIL
light,setpoint_step,37.5,25.0,60,0.01,NEW,0.35,2,6.432478,-1,1.356598,1.132805,3.441019,4.259701,7.104753,11.416667,10.074074,0,FAIL
medium,vent,37.5,25.0,15,0.10,OLD,1.00,1,1.619909,-1,0.163437,0.020459,0.255307,0.527571,12.500000,13.638889,18.993056,0,FAIL
medium,vent,37.5,25.0,15,0.10,NEW,1.00,1,1.615795,-1,0.167968,-0.006377,0.268602,0.527619,12.500000,14.333333,18.944444,0,FAIL
medium,vent,37.5,25.0,15,0.10,NEW,1.00,2,1.607959,-1,0.168756,-0.007714,0.270463,0.528403,12.500000,14.333333,18.944444,0,FAIL
medium,vent,37.5,25.0,15,0.10,NEW,0.70,1,1.602895,-1,0.169125,-0.006932,0.269706,0.532111,12.500000,14.277778,18.898148,0,FAIL
medium,vent,37.5,25.0,15,0.10,NEW,0.70,2,1.599159,-1,0.167818,-0.006893,0.269906,0.527418,12.500000,14.361111,18.916667,0,FAIL
medium,vent,37.5,25.0,15,0.10,NEW,0.50,1,1.597568,-1,0.164370,0.000105,0.273110,0.551130,12.500000,14.666667,18.981481,0,FAIL
medium,vent,37.5,25.0,15,0.10,NEW,0.50,2,1.604042,-1,0.168166,-0.007017,0.268965,0.531873,12.500000,14.361111,18.898148,0,FAIL
medium,vent,37.5,25.0,15,0.10,NEW,0.35,1,1.609038,-1,0.165752,-0.001761,0.271807,0.539675,12.500000,14.555556,18.944444,0,FAIL
medium,vent,37.5,25.0,15,0.10,NEW,0.35,2,1.601216,-1,0.167115,-0.005177,0.272038,0.529483,12.500000,14.472222,18.916667,0,FAIL
medium,door,37.5,25.0,15,0.10,OLD,1.00,1,1.619909,-1,0.156233,0.001770,0.256414,0.520524,12.500000,14.916667,19.245370,0,FAIL
medium,door,37.5,25.0,15,0.10,NEW,1.00,1,1.615795,-1,0.166709,-0.002404,0.274621,0.537206,12.500000,13.666667,19.083333,0,FAIL
medium,door,37.5,25.0,15,0.10,NEW,1.00,2,1.609506,-1,0.163950,0.005993,0.270676,0.526359,12.500000,13.555556,19.143519,0,FAIL
medium,door,37.5,25.0,15,0.10,NEW,0.70,1,1.602895,-1,0.166282,-0.002380,0.273930,0.536813,12.500000,13.722222,19.055556,0,FAIL
medium,door,37.5,25.0,15,0.10,NEW,0.70,2,1.599159,-1,0.163076,0.002436,0.273632,0.535980,12.500000,13.638889,19.083333,0,FAIL
medium,door,37.5,25.0,15,0.10,NEW,0.50,1,1.597568,-1,0.164317,0.000869,0.273779,0.539753,12.500000,13.611111,19.046296,0,FAIL
medium,door,37.5,25.0,15,0.10,NEW,0.50,2,1.604042,-1,0.162995,0.002597,0.272386,0.528642,12.500000,13.583333,19.069444,0,FAIL
medium,door,37.5,25.0,15,0.10,NEW,0.35,1,1.609776,-1,0.165929,-0.002125,0.272793,0.539668,12.500000,13.666667,19.027778,0,FAIL
medium,door,37.5,25.0,15,0.10,NEW,0.35,2,1.601216,-1,0.162069,0.000635,0.270521,0.529092,12.500000,13.611111,19.046296,0,FAIL
medium,ambient_rise,37.5,25.0,15,0.10,OLD,1.00,1,1.619909,-1,0.117601,0.017554,0.194786,0.381121,12.500000,9.972222,15.800926,0,FAIL
medium,ambient_rise,37.5,25.0,15,0.10,NEW,1.00,1,1.615795,-1,0.127694,0.019781,0.210482,0.410165,12.500000,10.166667,15.842593,0,FAIL
medium,ambient_rise,37.5,25.0,15,0.10,NEW,1.00,2,1.607959,-1,0.125561,0.020663,0.204940,0.394687,12.500000,10.222222,15.856481,0,FAIL
medium,ambient_rise,37.5,25.0,15,0.10,NEW,0.70,1,1.602895,-1,0.132748,0.024040,0.212265,0.412091,12.500000,10.555556,15.870370,0,FAIL
medium,ambient_rise,37.5,25.0,15,0.10,NEW,0.70,2,1.599159,-1,0.124751,0.020693,0.203311,0.395799,12.500000,10.777778,15.879630,0,FAIL
medium,ambient_rise,37.5,25.0,15,0.10,NEW,0.50,1,1.597568,-1,0.127148,0.021519,0.207211,0.403591,12.500000,10.722222,15.861111,0,FAIL
medium,ambient_rise,37.5,25.0,15,0.10,NEW,0.50,2,1.604042,-1,0.125975,0.021885,0.203784,0.392446,12.500000,10.500000,15.837963,0,FAIL
medium,ambient_rise,37.5,25.0,15,0.10,NEW,0.35,1,1.609038,-1,0.123234,0.016501,0.205994,0.404257,12.500000,11.055556,15.870370,0,FAIL
medium,ambient_rise,37.5,25.0,15,0.10,NEW,0.35,2,1.601216,-1,0.124211,0.020101,0.204042,0.391272,12.500000,10.861111,15.856481,0,FAIL
medium,noise,37.5,25.0,15,0.10,OLD,1.00,1,1.617798,-1,0.165384,0.000177,0.274147,0.564302,12.500000,14.847222,18.166667,0,FAIL
medium,noise,37.5,25.0,15,0.10,NEW,1.00,1,1.603950,-1,0.177920,0.023546,0.280498,0.580361,12.500000,13.777778,18.166667,0,FAIL
medium,noise,37.5,25.0,15,0.10,NEW,1.00,2,1.601913,-1,0.176986,0.023272,0.279803,0.563419,12.500000,13.777778,18.162037,0,FAIL
medium,noise,37.5,25.0,15,0.10,NEW,0.70,1,1.592057,-1,0.176052,0.021882,0.283729,0.559917,12.500000,14.000000,18.157407,0,FAIL
medium,noise,37.5,25.0,15,0.10,NEW,0.70,2,1.618510,-1,0.171588,0.019818,0.276501,0.540353,12.500000,14.055556,18.162037,0,FAIL
medium,noise,37.5,25.0,15,0.10,NEW,0.50,1,1.613329,-1,0.175688,0.016743,0.279646,0.576015,12.500000,14.333333,18.166667,0,FAIL
medium,noise,37.5,25.0,15,0.10,NEW,0.50,2,1.610225,-1,0.170012,0.015784,0.279239,0.559472,12.500000,14.444444,18.162037,0,FAIL
medium,noise,37.5,25.0,15,0.10,NEW,0.35,1,1.595535,-1,0.175866,0.021195,0.285922,0.571358,12.500000,14.388889,18.157407,0,FAIL
medium,noise,37.5,25.0,15,0.10,NEW,0.35,2,1.598496,-1,0.173908,0.017010,0.277908,0.571414,12.500000,14.444444,18.157407,0,FAIL
medium,one_bad_sample,37.5,25.0,15,0.10,OLD,1.00,1,1.619909,-1,0.160693,-0.004689,0.259469,0.528407,12.500000,13.708333,18.037037,1,FAIL
medium,one_bad_sample,37.5,25.0,15,0.10,NEW,1.00,1,1.615795,-1,0.165266,0.009101,0.275019,0.536463,12.500000,14.666667,18.212963,1,FAIL
medium,one_bad_sample,37.5,25.0,15,0.10,NEW,1.00,2,1.607959,-1,0.165927,-0.000110,0.275583,0.539496,12.500000,14.638889,18.148148,1,FAIL
medium,one_bad_sample,37.5,25.0,15,0.10,NEW,0.70,1,1.602895,-1,0.162212,0.001752,0.268340,0.531593,12.500000,13.555556,18.027778,1,FAIL
medium,one_bad_sample,37.5,25.0,15,0.10,NEW,0.70,2,1.599159,-1,0.163519,0.001205,0.272389,0.529626,12.500000,13.583333,18.018519,1,FAIL
medium,one_bad_sample,37.5,25.0,15,0.10,NEW,0.50,1,1.619910,-1,0.167514,0.009469,0.269796,0.525924,12.500000,14.166667,18.148148,1,FAIL
medium,one_bad_sample,37.5,25.0,15,0.10,NEW,0.50,2,1.610338,-1,0.171153,0.015239,0.274214,0.542430,12.500000,14.055556,18.129630,1,FAIL
medium,one_bad_sample,37.5,25.0,15,0.10,NEW,0.35,1,1.609038,-1,0.163715,0.003907,0.272425,0.533638,12.500000,14.555556,18.101852,1,FAIL
medium,one_bad_sample,37.5,25.0,15,0.10,NEW,0.35,2,1.601216,-1,0.162369,0.001455,0.269902,0.526994,12.500000,14.527778,18.097222,1,FAIL
medium,sensor_loss,37.5,25.0,15,0.10,OLD,1.00,1,1.619909,-1,0.156981,0.008601,0.259495,0.520533,12.500000,13.180556,18.037037,30,FAIL
medium,sensor_loss,37.5,25.0,15,0.10,NEW,1.00,1,1.615795,-1,0.162235,-0.000514,0.270253,0.527982,12.500000,14.611111,18.166667,30,FAIL
medium,sensor_loss,37.5,25.0,15,0.10,NEW,1.00,2,1.607959,-1,0.164794,-0.002798,0.270466,0.530062,12.500000,14.555556,18.138889,30,FAIL
medium,sensor_loss,37.5,25.0,15,0.10,NEW,0.70,1,1.602895,-1,0.162413,0.002275,0.270075,0.534897,12.500000,13.555556,18.018519,30,FAIL
medium,sensor_loss,37.5,25.0,15,0.10,NEW,0.70,2,1.599159,-1,0.163518,0.001213,0.272396,0.529626,12.500000,13.583333,18.018519,30,FAIL
medium,sensor_loss,37.5,25.0,15,0.10,NEW,0.50,1,1.619910,-1,0.167514,0.009469,0.269796,0.525924,12.500000,14.166667,18.148148,30,FAIL
medium,sensor_loss,37.5,25.0,15,0.10,NEW,0.50,2,1.610338,-1,0.171153,0.015239,0.274214,0.542430,12.500000,14.055556,18.129630,30,FAIL
medium,sensor_loss,37.5,25.0,15,0.10,NEW,0.35,1,1.609038,-1,0.163715,0.003907,0.272425,0.533638,12.500000,14.555556,18.101852,30,FAIL
medium,sensor_loss,37.5,25.0,15,0.10,NEW,0.35,2,1.601216,-1,0.162180,0.001890,0.269896,0.526991,12.500000,14.527778,18.097222,30,FAIL
medium,safety_cut,37.5,25.0,15,0.10,OLD,1.00,1,1.619909,-1,0.158440,0.002357,0.262998,0.521100,12.500000,13.305556,18.034722,0,FAIL
medium,safety_cut,37.5,25.0,15,0.10,NEW,1.00,1,1.615795,-1,0.162236,-0.001196,0.268395,0.526548,12.500000,14.555556,18.148148,0,FAIL
medium,safety_cut,37.5,25.0,15,0.10,NEW,1.00,2,1.607959,-1,0.164672,-0.003116,0.270370,0.526829,12.500000,14.527778,18.134259,0,FAIL
medium,safety_cut,37.5,25.0,15,0.10,NEW,0.70,1,1.602895,-1,0.162212,0.001752,0.268340,0.531593,12.500000,13.555556,18.027778,0,FAIL
medium,safety_cut,37.5,25.0,15,0.10,NEW,0.70,2,1.599159,-1,0.163519,0.001205,0.272389,0.529626,12.500000,13.583333,18.018519,0,FAIL
medium,safety_cut,37.5,25.0,15,0.10,NEW,0.50,1,1.619910,-1,0.167514,0.009469,0.269796,0.525924,12.500000,14.166667,18.148148,0,FAIL
medium,safety_cut,37.5,25.0,15,0.10,NEW,0.50,2,1.610338,-1,0.171153,0.015239,0.274214,0.542430,12.500000,14.055556,18.129630,0,FAIL
medium,safety_cut,37.5,25.0,15,0.10,NEW,0.35,1,1.609038,-1,0.163715,0.003907,0.272425,0.533638,12.500000,14.555556,18.101852,0,FAIL
medium,safety_cut,37.5,25.0,15,0.10,NEW,0.35,2,1.601216,-1,0.162369,0.001455,0.269902,0.526994,12.500000,14.527778,18.097222,0,FAIL
medium,setpoint_step,37.5,25.0,15,0.10,OLD,1.00,1,1.624208,-1,0.156189,0.002456,0.258173,0.513978,7.555218,13.277778,15.481481,0,FAIL
medium,setpoint_step,37.5,25.0,15,0.10,NEW,1.00,1,1.609669,-1,0.164940,0.007381,0.273937,0.533785,7.483847,14.500000,15.666667,0,FAIL
medium,setpoint_step,37.5,25.0,15,0.10,NEW,1.00,2,1.595464,-1,0.163645,0.005869,0.274732,0.534073,7.584703,14.638889,15.652778,0,FAIL
medium,setpoint_step,37.5,25.0,15,0.10,NEW,0.70,1,1.603492,-1,0.163422,0.003793,0.270303,0.529848,7.544499,14.500000,15.629630,0,FAIL
medium,setpoint_step,37.5,25.0,15,0.10,NEW,0.70,2,1.603282,-1,0.161490,0.000192,0.267660,0.525999,7.581428,14.527778,15.606481,0,FAIL
medium,setpoint_step,37.5,25.0,15,0.10,NEW,0.50,1,1.607455,-1,0.166691,0.009741,0.275214,0.542345,7.591870,14.500000,15.629630,0,FAIL
medium,setpoint_step,37.5,25.0,15,0.10,NEW,0.50,2,1.605453,-1,0.162242,0.001092,0.270773,0.527318,7.584430,14.555556,15.592593,0,FAIL
medium,setpoint_step,37.5,25.0,15,0.10,NEW,0.35,1,1.603631,-1,0.162746,0.005726,0.270705,0.537059,7.571936,14.500000,15.611111,0,FAIL
medium,setpoint_step,37.5,25.0,15,0.10,NEW,0.35,2,1.607868,-1,0.161991,0.001863,0.270231,0.526769,7.559530,14.527778,15.592593,0,FAIL
medium,vent,37.5,25.0,15,0.01,OLD,1.00,1,1.617512,-1,0.176863,0.029283,0.284687,0.546681,12.500000,13.847222,19.032407,0,FAIL
medium,vent,37.5,25.0,15,0.01,NEW,1.00,1,1.619392,-1,0.176476,0.002974,0.290054,0.576973,12.500000,14.666667,19.009259,0,FAIL
medium,vent,37.5,25.0,15,0.01,NEW,1.00,2,1.611117,-1,0.177140,0.003464,0.292183,0.564893,12.500000,14.666667,19.009259,0,FAIL
medium,vent,37.5,25.0,15,0.01,NEW,0.70,1,1.604933,-1,0.176090,0.003632,0.290737,0.571044,12.500000,14.666667,18.981481,0,FAIL
medium,vent,37.5,25.0,15,0.01,NEW,0.70,2,1.600274,-1,0.176643,0.003444,0.292100,0.563730,12.500000,14.666667,18.981481,0,FAIL
medium,vent,37.5,25.0,15,0.01,NEW,0.50,1,1.598805,-1,0.174049,0.002084,0.287581,0.572303,12.500000,14.722222,18.972222,0,FAIL
medium,vent,37.5,25.0,15,0.01,NEW,0.50,2,1.615694,-1,0.176653,0.003708,0.293055,0.565680,12.500000,14.694444,18.967593,0,FAIL
medium,vent,37.5,25.0,15,0.01,NEW,0.35,1,1.599840,-1,0.173620,0.004521,0.289749,0.574592,12.500000,14.666667,18.962963,0,FAIL
medium,vent,37.5,25.0,15,0.01,NEW,0.35,2,1.599710,-1,0.174934,0.004849,0.291758,0.563822,12.500000,14.722222,18.967593,0,FAIL
medium,door,37.5,25.0,15,0.01,OLD,1.00,1,1.631243,-1,0.169639,0.004015,0.282981,0.557821,12.500000,15.000000,19.245370,0,FAIL
medium,door,37.5,25.0,15,0.01,NEW,1.00,1,1.619392,-1,0.172404,0.006547,0.291238,0.574879,12.500000,13.611111,19.092593,0,FAIL
medium,door,37.5,25.0,15,0.01,NEW,1.00,2,1.611117,-1,0.173256,0.008003,0.292307,0.568131,12.500000,13.555556,19.097222,0,FAIL
medium,door,37.5,25.0,15,0.01,NEW,0.70,1,1.604933,-1,0.172153,0.004624,0.288315,0.561486,12.500000,13.666667,19.064815,0,FAIL
medium,door,37.5,25.0,15,0.01,NEW,0.70,2,1.614278,-1,0.172931,0.007332,0.290700,0.561080,12.500000,13.583333,19.064815,0,FAIL
medium,door,37.5,25.0,15,0.01,NEW,0.50,1,1.609663,-1,0.173590,0.006728,0.290691,0.575209,12.500000,13.611111,19.046296,0,FAIL
medium,door,37.5,25.0,15,0.01,NEW,0.50,2,1.615694,-1,0.173617,0.007185,0.292798,0.562859,12.500000,13.583333,19.046296,0,FAIL
medium,door,37.5,25.0,15,0.01,NEW,0.35,1,1.604047,-1,0.173842,0.006022,0.290871,0.574911,12.500000,13.666667,19.037037,0,FAIL
medium,door,37.5,25.0,15,0.01,NEW,0.35,2,1.607539,-1,0.173308,0.006937,0.291402,0.562646,12.500000,13.583333,19.032407,0,FAIL
medium,ambient_rise,37.5,25.0,15,0.01,OLD,1.00,1,1.617512,-1,0.128826,0.007030,0.218136,0.429636,12.500000,11.500000,15.935185,0,FAIL
medium,ambient_rise,37.5,25.0,15,0.01,NEW,1.00,1,1.619392,-1,0.132244,0.008775,0.223754,0.432550,12.500000,11.166667,15.916667,0,FAIL
medium,ambient_rise,37.5,25.0,15,0.01,NEW,1.00,2,1.611117,-1,0.131887,0.006859,0.222456,0.430288,12.500000,11.194444,15.912037,0,FAIL
medium,ambient_rise,37.5,25.0,15,0.01,NEW,0.70,1,1.604933,-1,0.134686,0.003893,0.223149,0.432388,12.500000,11.166667,15.851852,0,FAIL
medium,ambient_rise,37.5,25.0,15,0.01,NEW,0.70,2,1.600274,-1,0.134675,0.002883,0.222506,0.429344,12.500000,11.138889,15.847222,0,FAIL
medium,ambient_rise,37.5,25.0,15,0.01,NEW,0.50,1,1.598805,-1,0.136422,0.003215,0.224710,0.436322,12.500000,11.111111,15.824074,0,FAIL
medium,ambient_rise,37.5,25.0,15,0.01,NEW,0.50,2,1.615694,-1,0.136131,0.001471,0.223043,0.433943,12.500000,11.055556,15.810185,0,FAIL
medium,ambient_rise,37.5,25.0,15,0.01,NEW,0.35,1,1.599840,-1,0.136797,0.001273,0.221902,0.433149,12.500000,11.000000,15.787037,0,FAIL
medium,ambient_rise,37.5,25.0,15,0.01,NEW,0.35,2,1.599710,-1,0.136932,0.000865,0.223640,0.431000,12.500000,11.027778,15.787037,0,FAIL
medium,noise,37.5,25.0,15,0.01,OLD,1.00,1,1.617305,-1,0.168173,-0.005605,0.269189,0.542491,12.500000,14.486111,18.111111,0,FAIL
medium,noise,37.5,25.0,15,0.01,NEW,1.00,1,1.607124,-1,0.181181,0.025082,0.289972,0.568929,12.500000,13.944444,18.185185,0,FAIL
medium,noise,37.5,25.0,15,0.01,NEW,1.00,2,1.599701,-1,0.178763,0.023789,0.286881,0.560541,12.500000,13.972222,18.189815,0,FAIL
medium,noise,37.5,25.0,15,0.01,NEW,0.70,1,1.593999,-1,0.178450,0.023895,0.289523,0.571959,12.500000,14.277778,18.185185,0,FAIL
medium,noise,37.5,25.0,15,0.01,NEW,0.70,2,1.606860,-1,0.175204,0.020462,0.286508,0.560452,12.500000,14.388889,18.185185,0,FAIL
medium,noise,37.5,25.0,15,0.01,NEW,0.50,1,1.596767,-1,0.176828,0.022116,0.289996,0.564683,12.500000,14.388889,18.166667,0,FAIL
medium,noise,37.5,25.0,15,0.01,NEW,0.50,2,1.600657,-1,0.173684,0.019536,0.286740,0.560163,12.500000,14.472222,18.171296,0,FAIL
medium,noise,37.5,25.0,15,0.01,NEW,0.35,1,1.596781,-1,0.176096,0.020345,0.289637,0.573461,12.500000,14.555556,18.166667,0,FAIL
medium,noise,37.5,25.0,15,0.01,NEW,0.35,2,1.598000,-1,0.171769,0.017796,0.285047,0.551401,12.500000,14.583333,18.162037,0,FAIL
medium,one_bad_sample,37.5,25.0,15,0.01,OLD,1.00,1,1.617512,-1,0.172232,-0.001691,0.281729,0.551012,12.500000,13.805556,18.050926,1,FAIL
medium,one_bad_sample,37.5,25.0,15,0.01,NEW,1.00,1,1.619392,-1,0.171444,0.012354,0.288352,0.568225,12.500000,14.666667,18.212963,1,FAIL
medium,one_bad_sample,37.5,25.0,15,0.01,NEW,1.00,2,1.611117,-1,0.172307,0.012020,0.290977,0.561317,12.500000,14.694444,18.208333,1,FAIL
medium,one_bad_sample,37.5,25.0,15,0.01,NEW,0.70,1,1.604933,-1,0.174243,0.004902,0.289873,0.570740,12.500000,13.722222,18.009259,1,FAIL
medium,one_bad_sample,37.5,25.0,15,0.01,NEW,0.70,2,1.600274,-1,0.174262,0.004546,0.291869,0.564701,12.500000,13.666667,18.004630,1,FAIL
medium,one_bad_sample,37.5,25.0,15,0.01,NEW,0.50,1,1.612217,-1,0.180194,0.022860,0.293703,0.572648,12.500000,13.666667,18.101852,1,FAIL
medium,one_bad_sample,37.5,25.0,15,0.01,NEW,0.50,2,1.615694,-1,0.181051,0.023392,0.292800,0.562470,12.500000,13.750000,18.111111,1,FAIL
medium,one_bad_sample,37.5,25.0,15,0.01,NEW,0.35,1,1.604231,-1,0.175920,0.018609,0.288087,0.568643,12.500000,14.444444,18.138889,1,FAIL
medium,one_bad_sample,37.5,25.0,15,0.01,NEW,0.35,2,1.601866,-1,0.176324,0.018252,0.291311,0.566470,12.500000,14.500000,18.138889,1,FAIL
medium,sensor_loss,37.5,25.0,15,0.01,OLD,1.00,1,1.617512,-1,0.169213,0.014052,0.285423,0.557885,12.500000,13.180556,18.037037,30,FAIL
medium,sensor_loss,37.5,25.0,15,0.01,NEW,1.00,1,1.619392,-1,0.173294,0.014019,0.291313,0.574590,12.500000,14.666667,18.212963,30,FAIL
medium,sensor_loss,37.5,25.0,15,0.01,NEW,1.00,2,1.611117,-1,0.172830,0.012117,0.291693,0.562531,12.500000,14.694444,18.208333,30,FAIL
medium,sensor_loss,37.5,25.0,15,0.01,NEW,0.70,1,1.604933,-1,0.174626,0.005076,0.290200,0.570744,12.500000,13.722222,18.009259,30,FAIL
medium,sensor_loss,37.5,25.0,15,0.01,NEW,0.70,2,1.600274,-1,0.175138,0.005360,0.293264,0.565912,12.500000,13.666667,18.004630,30,FAIL
medium,sensor_loss,37.5,25.0,15,0.01,NEW,0.50,1,1.612217,-1,0.178369,0.021987,0.289900,0.567956,12.500000,13.666667,18.101852,30,FAIL
medium,sensor_loss,37.5,25.0,15,0.01,NEW,0.50,2,1.615694,-1,0.181273,0.023015,0.294837,0.565560,12.500000,13.750000,18.111111,30,FAIL
medium,sensor_loss,37.5,25.0,15,0.01,NEW,0.35,1,1.604231,-1,0.175920,0.018609,0.288087,0.568643,12.500000,14.444444,18.138889,30,FAIL
medium,sensor_loss,37.5,25.0,15,0.01,NEW,0.35,2,1.601866,-1,0.176324,0.018252,0.291311,0.566470,12.500000,14.500000,18.138889,30,FAIL
medium,safety_cut,37.5,25.0,15,0.01,OLD,1.00,1,1.617512,-1,0.169671,0.019866,0.283977,0.553255,12.500000,13.166667,18.057870,0,FAIL
medium,safety_cut,37.5,25.0,15,0.01,NEW,1.00,1,1.619392,-1,0.172314,0.012939,0.290560,0.574407,12.500000,14.722222,18.212963,0,FAIL
medium,safety_cut,37.5,25.0,15,0.01,NEW,1.00,2,1.611117,-1,0.172700,0.012160,0.291914,0.562288,12.500000,14.694444,18.208333,0,FAIL
medium,safety_cut,37.5,25.0,15,0.01,NEW,0.70,1,1.604933,-1,0.174243,0.004902,0.289873,0.570740,12.500000,13.722222,18.009259,0,FAIL
medium,safety_cut,37.5,25.0,15,0.01,NEW,0.70,2,1.600274,-1,0.174262,0.004546,0.291869,0.564701,12.500000,13.666667,18.004630,0,FAIL
medium,safety_cut,37.5,25.0,15,0.01,NEW,0.50,1,1.612217,-1,0.180194,0.022860,0.293703,0.572648,12.500000,13.666667,18.101852,0,FAIL
medium,safety_cut,37.5,25.0,15,0.01,NEW,0.50,2,1.615694,-1,0.181051,0.023392,0.292800,0.562470,12.500000,13.750000,18.111111,0,FAIL
medium,safety_cut,37.5,25.0,15,0.01,NEW,0.35,1,1.604231,-1,0.175920,0.018609,0.288087,0.568643,12.500000,14.444444,18.138889,0,FAIL
medium,safety_cut,37.5,25.0,15,0.01,NEW,0.35,2,1.601866,-1,0.176324,0.018252,0.291311,0.566470,12.500000,14.500000,18.138889,0,FAIL
medium,setpoint_step,37.5,25.0,15,0.01,OLD,1.00,1,1.638745,-1,0.168803,0.002912,0.281226,0.551009,7.377549,13.472222,15.486111,0,FAIL
medium,setpoint_step,37.5,25.0,15,0.01,NEW,1.00,1,1.600740,-1,0.177066,0.019346,0.291043,0.581918,7.539856,14.388889,15.675926,0,FAIL
medium,setpoint_step,37.5,25.0,15,0.01,NEW,1.00,2,1.612311,-1,0.177568,0.019971,0.292812,0.565649,7.516143,14.361111,15.675926,0,FAIL
medium,setpoint_step,37.5,25.0,15,0.01,NEW,0.70,1,1.599329,-1,0.176035,0.018485,0.290479,0.574908,7.471280,14.388889,15.657407,0,FAIL
medium,setpoint_step,37.5,25.0,15,0.01,NEW,0.70,2,1.610801,-1,0.176848,0.018993,0.292796,0.565487,7.441036,14.444444,15.666667,0,FAIL
medium,setpoint_step,37.5,25.0,15,0.01,NEW,0.50,1,1.615754,-1,0.177532,0.019970,0.289699,0.574538,7.433419,14.388889,15.648148,0,FAIL
medium,setpoint_step,37.5,25.0,15,0.01,NEW,0.50,2,1.616080,-1,0.177034,0.018916,0.291932,0.563805,7.430943,14.444444,15.648148,0,FAIL
medium,setpoint_step,37.5,25.0,15,0.01,NEW,0.35,1,1.614510,-1,0.176739,0.019749,0.290124,0.573094,7.422911,14.388889,15.629630,0,FAIL
medium,setpoint_step,37.5,25.0,15,0.01,NEW,0.35,2,1.613898,-1,0.176782,0.018769,0.291579,0.565998,7.412440,14.472222,15.638889,0,FAIL
medium,vent,37.5,25.0,60,0.10,OLD,1.00,1,2.601389,-1,0.449846,0.256167,1.081203,1.524149,12.500000,16.361111,19.692130,0,FAIL
medium,vent,37.5,25.0,60,0.10,NEW,1.00,1,2.532357,-1,0.420998,0.220834,1.068704,1.517662,12.500000,16.166667,19.750000,0,FAIL
medium,vent,37.5,25.0,60,0.10,NEW,1.00,2,2.532439,-1,0.435909,0.231069,1.088289,1.541531,12.500000,15.111111,19.629630,0,FAIL
medium,vent,37.5,25.0,60,0.10,NEW,0.70,1,2.554603,-1,0.437028,0.231612,1.100540,1.567296,12.500000,16.666667,19.740741,0,FAIL
medium,vent,37.5,25.0,60,0.10,NEW,0.70,2,2.533024,-1,0.444809,0.242766,1.078570,1.529260,12.500000,16.694444,19.694444,0,FAIL
medium,vent,37.5,25.0,60,0.10,NEW,0.50,1,2.550405,-1,0.438762,0.228380,1.109190,1.572720,12.500000,16.111111,19.685185,0,FAIL
medium,vent,37.5,25.0,60,0.10,NEW,0.50,2,2.533291,-1,0.439876,0.235162,1.086228,1.541742,12.500000,16.722222,19.717593,0,FAIL
medium,vent,37.5,25.0,60,0.10,NEW,0.35,1,2.550056,-1,0.441870,0.231692,1.109419,1.572749,12.500000,16.666667,19.722222,0,FAIL
medium,vent,37.5,25.0,60,0.10,NEW,0.35,2,2.549141,-1,0.431682,0.227350,1.091221,1.544387,12.500000,16.444444,19.703704,0,FAIL
medium,door,37.5,25.0,60,0.10,OLD,1.00,1,2.580939,-1,0.494593,0.343425,1.105057,1.554049,12.500000,11.388889,19.393519,0,FAIL
medium,door,37.5,25.0,60,0.10,NEW,1.00,1,2.551215,-1,0.528444,0.388794,1.119513,1.582928,12.500000,13.500000,19.537037,0,FAIL
medium,door,37.5,25.0,60,0.10,NEW,1.00,2,2.536831,-1,0.526197,0.387942,1.116018,1.544582,12.500000,13.833333,19.560185,0,FAIL
medium,door,37.5,25.0,60,0.10,NEW,0.70,1,2.554603,-1,0.529187,0.385432,1.123617,1.569406,12.500000,14.166667,19.527778,0,FAIL
medium,door,37.5,25.0,60,0.10,NEW,0.70,2,2.533024,-1,0.524709,0.385639,1.115643,1.541623,12.500000,13.611111,19.490741,0,FAIL
medium,door,37.5,25.0,60,0.10,NEW,0.50,1,2.550405,-1,0.530630,0.387658,1.120851,1.589874,12.500000,14.111111,19.518519,0,FAIL
medium,door,37.5,25.0,60,0.10,NEW,0.50,2,2.533456,-1,0.521714,0.382958,1.110113,1.543877,12.500000,13.916667,19.504630,0,FAIL
medium,door,37.5,25.0,60,0.10,NEW,0.35,1,2.550056,-1,0.528586,0.388431,1.123153,1.569378,12.500000,13.888889,19.490741,0,FAIL
medium,door,37.5,25.0,60,0.10,NEW,0.35,2,2.549141,-1,0.526279,0.382968,1.120317,1.547613,12.500000,14.305556,19.518519,0,FAIL
medium,ambient_rise,37.5,25.0,60,0.10,OLD,1.00,1,2.580939,-1,0.373597,0.240266,0.804835,1.124694,12.500000,12.013889,16.226852,0,FAIL
medium,ambient_rise,37.5,25.0,60,0.10,NEW,1.00,1,2.532357,-1,0.338727,0.186937,0.821815,1.167515,12.500000,12.611111,16.416667,0,FAIL
medium,ambient_rise,37.5,25.0,60,0.10,NEW,1.00,2,2.532439,-1,0.324967,0.174246,0.814222,1.154032,12.500000,12.583333,16.444444,0,FAIL
medium,ambient_rise,37.5,25.0,60,0.10,NEW,0.70,1,2.554603,-1,0.339166,0.184015,0.834126,1.181667,12.500000,12.666667,16.398148,0,FAIL
medium,ambient_rise,37.5,25.0,60,0.10,NEW,0.70,2,2.533024,-1,0.328300,0.177116,0.817617,1.153694,12.500000,12.638889,16.402778,0,FAIL
medium,ambient_rise,37.5,25.0,60,0.10,NEW,0.50,1,2.550405,-1,0.333210,0.181888,0.813212,1.172083,12.500000,12.611111,16.370370,0,FAIL
medium,ambient_rise,37.5,25.0,60,0.10,NEW,0.50,2,2.533291,-1,0.322810,0.171611,0.813226,1.153455,12.500000,12.527778,16.388889,0,FAIL
medium,ambient_rise,37.5,25.0,60,0.10,NEW,0.35,1,2.550056,-1,0.332262,0.179483,0.829971,1.174637,12.500000,12.611111,16.379630,0,FAIL
medium,ambient_rise,37.5,25.0,60,0.10,NEW,0.35,2,2.549141,-1,0.326958,0.176659,0.810903,1.144828,12.500000,12.583333,16.361111,0,FAIL
medium,noise,37.5,25.0,60,0.10,OLD,1.00,1,2.562890,-1,0.517891,0.361350,1.104001,1.554855,12.500000,15.180556,18.525463,0,FAIL
medium,noise,37.5,25.0,60,0.10,NEW,1.00,1,2.532093,-1,0.446317,0.233341,1.122548,1.608847,12.500000,16.722222,18.879630,0,FAIL
medium,noise,37.5,25.0,60,0.10,NEW,1.00,2,2.520821,-1,0.475342,0.263593,1.111589,1.614310,12.500000,16.888889,18.800926,0,FAIL
medium,noise,37.5,25.0,60,0.10,NEW,0.70,1,2.543534,-1,0.454844,0.247945,1.115429,1.602846,12.500000,14.333333,18.583333,0,FAIL
medium,noise,37.5,25.0,60,0.10,NEW,0.70,2,2.527472,-1,0.457664,0.257771,1.086462,1.525871,12.500000,16.444444,18.717593,0,FAIL
medium,noise,37.5,25.0,60,0.10,NEW,0.50,1,2.538138,-1,0.476660,0.283484,1.147684,1.633330,12.500000,13.000000,18.398148,0,FAIL
medium,noise,37.5,25.0,60,0.10,NEW,0.50,2,2.530934,-1,0.440547,0.232786,1.098519,1.563309,12.500000,16.694444,18.810185,0,FAIL
medium,noise,37.5,25.0,60,0.10,NEW,0.35,1,2.525262,-1,0.458018,0.243049,1.132792,1.622075,12.500000,14.722222,18.583333,0,FAIL
medium,noise,37.5,25.0,60,0.10,NEW,0.35,2,2.538474,-1,0.437436,0.232312,1.082258,1.550010,12.500000,16.666667,18.791667,0,FAIL
medium,one_bad_sample,37.5,25.0,60,0.10,OLD,1.00,1,2.580939,-1,0.433506,0.237006,1.066091,1.533942,12.500000,14.777778,18.685185,1,FAIL
medium,one_bad_sample,37.5,25.0,60,0.10,NEW,1.00,1,2.532357,-1,0.428103,0.225821,1.074526,1.537269,12.500000,16.555556,18.851852,1,FAIL
medium,one_bad_sample,37.5,25.0,60,0.10,NEW,1.00,2,2.532439,-1,0.436598,0.231380,1.088213,1.541515,12.500000,16.638889,18.851852,1,FAIL
medium,one_bad_sample,37.5,25.0,60,0.10,NEW,0.70,1,2.554603,-1,0.444211,0.237731,1.092254,1.566051,12.500000,16.777778,18.833333,1,FAIL
medium,one_bad_sample,37.5,25.0,60,0.10,NEW,0.70,2,2.548567,-1,0.438549,0.234875,1.084070,1.544371,12.500000,16.694444,18.819444,1,FAIL
medium,one_bad_sample,37.5,25.0,60,0.10,NEW,0.50,1,2.550405,-1,0.447733,0.241720,1.110305,1.566105,12.500000,14.777778,18.601852,1,FAIL
medium,one_bad_sample,37.5,25.0,60,0.10,NEW,0.50,2,2.533291,-1,0.438381,0.236348,1.081447,1.538183,12.500000,14.500000,18.574074,1,FAIL
medium,one_bad_sample,37.5,25.0,60,0.10,NEW,0.35,1,2.550056,-1,0.468637,0.298554,1.083030,1.541947,12.500000,12.166667,18.277778,1,FAIL
medium,one_bad_sample,37.5,25.0,60,0.10,NEW,0.35,2,2.549141,-1,0.471735,0.307606,1.093964,1.547626,12.500000,12.027778,18.254630,1,FAIL
medium,sensor_loss,37.5,25.0,60,0.10,OLD,1.00,1,2.580939,-1,0.467370,0.286516,1.082669,1.554015,12.500000,12.625000,18.428241,30,FAIL
medium,sensor_loss,37.5,25.0,60,0.10,NEW,1.00,1,2.532357,-1,0.502651,0.359387,1.122954,1.556263,12.500000,11.333333,18.342593,30,FAIL
medium,sensor_loss,37.5,25.0,60,0.10,NEW,1.00,2,2.532439,-1,0.483646,0.329585,1.107743,1.548436,12.500000,11.694444,18.333333,30,FAIL
medium,sensor_loss,37.5,25.0,60,0.10,NEW,0.70,1,2.554603,-1,0.433472,0.227723,1.085676,1.557169,12.500000,16.722222,18.842593,30,FAIL
medium,sensor_loss,37.5,25.0,60,0.10,NEW,0.70,2,2.536300,-1,0.436772,0.230051,1.098058,1.559881,12.500000,16.666667,18.837963,30,FAIL
medium,sensor_loss,37.5,25.0,60,0.10,NEW,0.50,1,2.550405,-1,0.448941,0.252255,1.083069,1.548090,12.500000,13.611111,18.462963,30,FAIL
medium,sensor_loss,37.5,25.0,60,0.10,NEW,0.50,2,2.557928,-1,0.451821,0.252182,1.096031,1.554497,12.500000,13.833333,18.486111,30,FAIL
medium,sensor_loss,37.5,25.0,60,0.10,NEW,0.35,1,2.550056,-1,0.480137,0.319603,1.102293,1.541327,12.500000,11.777778,18.240741,30,FAIL
medium,sensor_loss,37.5,25.0,60,0.10,NEW,0.35,2,2.549141,-1,0.467187,0.297562,1.079817,1.533917,12.500000,12.166667,18.273148,30,FAIL
medium,safety_cut,37.5,25.0,60,0.10,OLD,1.00,1,2.580939,-1,0.467370,0.286516,1.082669,1.554015,12.500000,12.625000,18.428241,0,FAIL
medium,safety_cut,37.5,25.0,60,0.10,NEW,1.00,1,2.532357,-1,0.493575,0.340812,1.111482,1.589902,12.500000,11.500000,18.342593,0,FAIL
medium,safety_cut,37.5,25.0,60,0.10,NEW,1.00,2,2.532439,-1,0.484450,0.328001,1.105809,1.559107,12.500000,11.694444,18.337963,0,FAIL
medium,safety_cut,37.5,25.0,60,0.10,NEW,0.70,1,2.554603,-1,0.436788,0.230154,1.107379,1.586457,12.500000,16.555556,18.833333,0,FAIL
medium,safety_cut,37.5,25.0,60,0.10,NEW,0.70,2,2.537413,-1,0.429587,0.225465,1.096045,1.551492,12.500000,16.000000,18.773148,0,FAIL
medium,safety_cut,37.5,25.0,60,0.10,NEW,0.50,1,2.550405,-1,0.459765,0.264982,1.111019,1.571761,12.500000,13.444444,18.435185,0,FAIL
medium,safety_cut,37.5,25.0,60,0.10,NEW,0.50,2,2.533997,-1,0.441815,0.241488,1.080234,1.539928,12.500000,14.166667,18.527778,0,FAIL
medium,safety_cut,37.5,25.0,60,0.10,NEW,0.35,1,2.550056,-1,0.483880,0.316423,1.114078,1.589894,12.500000,12.000000,18.259259,0,FAIL
medium,safety_cut,37.5,25.0,60,0.10,NEW,0.35,2,2.549141,-1,0.474931,0.313579,1.091484,1.547214,12.500000,11.888889,18.245370,0,FAIL
medium,setpoint_step,37.5,25.0,60,0.10,OLD,1.00,1,2.577871,-1,0.510260,0.364505,1.092222,1.520069,7.145749,14.527778,15.986111,0,FAIL
medium,setpoint_step,37.5,25.0,60,0.10,NEW,1.00,1,2.544792,-1,0.496615,0.296029,1.113961,1.577071,7.306730,16.666667,16.212963,0,FAIL
medium,setpoint_step,37.5,25.0,60,0.10,NEW,1.00,2,2.540113,-1,0.499200,0.300811,1.116196,1.563046,7.378882,16.666667,16.208333,0,FAIL
medium,setpoint_step,37.5,25.0,60,0.10,NEW,0.70,1,2.526890,-1,0.503105,0.297417,1.135277,1.574124,7.554689,16.777778,16.212963,0,FAIL
medium,setpoint_step,37.5,25.0,60,0.10,NEW,0.70,2,2.553108,-1,0.494401,0.294070,1.114789,1.545097,7.407797,16.638889,16.194444,0,FAIL
medium,setpoint_step,37.5,25.0,60,0.10,NEW,0.50,1,2.549513,-1,0.508662,0.310220,1.114015,1.586467,7.593250,16.500000,16.138889,0,FAIL
medium,setpoint_step,37.5,25.0,60,0.10,NEW,0.50,2,2.552093,-1,0.479402,0.276781,1.116125,1.550324,7.563400,16.777778,16.222222,0,FAIL
medium,setpoint_step,37.5,25.0,60,0.10,NEW,0.35,1,2.541376,-1,0.479550,0.277742,1.102659,1.537411,7.584441,16.666667,16.185185,0,FAIL
medium,setpoint_step,37.5,25.0,60,0.10,NEW,0.35,2,2.532649,-1,0.492564,0.288433,1.123640,1.561944,7.529316,16.777778,16.185185,0,FAIL
medium,vent,37.5,25.0,60,0.01,OLD,1.00,1,2.587525,-1,0.463444,0.266194,1.109467,1.589196,12.500000,13.430556,19.451389,0,FAIL
medium,vent,37.5,25.0,60,0.01,NEW,1.00,1,2.537358,-1,0.435826,0.225787,1.098211,1.560189,12.500000,15.388889,19.648148,0,FAIL
medium,vent,37.5,25.0,60,0.01,NEW,1.00,2,2.541465,-1,0.440328,0.227196,1.108852,1.578064,12.500000,15.416667,19.648148,0,FAIL
medium,vent,37.5,25.0,60,0.01,NEW,0.70,1,2.545570,-1,0.437260,0.226333,1.098861,1.561950,12.500000,15.222222,19.592593,0,FAIL
medium,vent,37.5,25.0,60,0.01,NEW,0.70,2,2.558284,-1,0.461218,0.265408,1.112340,1.575331,12.500000,13.222222,19.342593,0,FAIL
medium,vent,37.5,25.0,60,0.01,NEW,0.50,1,2.549006,-1,0.438211,0.228027,1.095110,1.554878,12.500000,15.111111,19.564815,0,FAIL
medium,vent,37.5,25.0,60,0.01,NEW,0.50,2,2.546621,-1,0.459343,0.262966,1.108805,1.575334,12.500000,13.250000,19.333333,0,FAIL
medium,vent,37.5,25.0,60,0.01,NEW,0.35,1,2.555305,-1,0.444849,0.234761,1.098393,1.566642,12.500000,14.611111,19.490741,0,FAIL
medium,vent,37.5,25.0,60,0.01,NEW,0.35,2,2.554951,-1,0.463916,0.273996,1.114284,1.577862,12.500000,12.916667,19.277778,0,FAIL
medium,door,37.5,25.0,60,0.01,OLD,1.00,1,2.587525,-1,0.543143,0.402408,1.148479,1.595680,12.500000,13.652778,19.564815,0,FAIL
medium,door,37.5,25.0,60,0.01,NEW,1.00,1,2.544914,-1,0.527272,0.371397,1.123645,1.555447,12.500000,14.944444,19.611111,0,FAIL
medium,door,37.5,25.0,60,0.01,NEW,1.00,2,2.541465,-1,0.529008,0.352717,1.137411,1.579538,12.500000,15.972222,19.694444,0,FAIL
medium,door,37.5,25.0,60,0.01,NEW,0.70,1,2.545570,-1,0.527102,0.370436,1.125831,1.557950,12.500000,14.944444,19.574074,0,FAIL
medium,door,37.5,25.0,60,0.01,NEW,0.70,2,2.558284,-1,0.527986,0.350470,1.137041,1.578912,12.500000,15.972222,19.657407,0,FAIL
medium,door,37.5,25.0,60,0.01,NEW,0.50,1,2.549006,-1,0.527432,0.369946,1.123893,1.560168,12.500000,15.000000,19.564815,0,FAIL
medium,door,37.5,25.0,60,0.01,NEW,0.50,2,2.546621,-1,0.529250,0.356557,1.135486,1.577744,12.500000,15.833333,19.634259,0,FAIL
medium,door,37.5,25.0,60,0.01,NEW,0.35,1,2.555305,-1,0.526907,0.365382,1.124891,1.559455,12.500000,15.222222,19.564815,0,FAIL
medium,door,37.5,25.0,60,0.01,NEW,0.35,2,2.554951,-1,0.529200,0.351779,1.138230,1.577811,12.500000,16.000000,19.634259,0,FAIL
medium,ambient_rise,37.5,25.0,60,0.01,OLD,1.00,1,2.587525,-1,0.340970,0.183487,0.860115,1.238790,12.500000,11.763889,16.377315,0,FAIL
medium,ambient_rise,37.5,25.0,60,0.01,NEW,1.00,1,2.537358,-1,0.335361,0.175260,0.837435,1.187554,12.500000,11.500000,16.324074,0,FAIL
medium,ambient_rise,37.5,25.0,60,0.01,NEW,1.00,2,2.541465,-1,0.358098,0.216923,0.859382,1.219711,12.500000,9.638889,16.097222,0,FAIL
medium,ambient_rise,37.5,25.0,60,0.01,NEW,0.70,1,2.545570,-1,0.336180,0.175509,0.843995,1.200896,12.500000,11.555556,16.287037,0,FAIL
medium,ambient_rise,37.5,25.0,60,0.01,NEW,0.70,2,2.558284,-1,0.360006,0.223888,0.856301,1.211747,12.500000,9.444444,16.037037,0,FAIL
medium,ambient_rise,37.5,25.0,60,0.01,NEW,0.50,1,2.549006,-1,0.342103,0.183238,0.839874,1.193995,12.500000,10.888889,16.194444,0,FAIL
medium,ambient_rise,37.5,25.0,60,0.01,NEW,0.50,2,2.546621,-1,0.359510,0.221972,0.857401,1.216295,12.500000,9.472222,16.023148,0,FAIL
medium,ambient_rise,37.5,25.0,60,0.01,NEW,0.35,1,2.555305,-1,0.343892,0.185917,0.843113,1.196252,12.500000,10.777778,16.166667,0,FAIL
medium,ambient_rise,37.5,25.0,60,0.01,NEW,0.35,2,2.554951,-1,0.358565,0.222186,0.851157,1.212961,12.500000,9.444444,16.009259,0,FAIL
medium,noise,37.5,25.0,60,0.01,OLD,1.00,1,2.569215,-1,0.507740,0.313716,1.113000,1.563311,12.500000,16.430556,18.662037,0,FAIL
medium,noise,37.5,25.0,60,0.01,NEW,1.00,1,2.546728,-1,0.449907,0.235872,1.124849,1.610928,12.500000,15.277778,18.731481,0,FAIL
medium,noise,37.5,25.0,60,0.01,NEW,1.00,2,2.537532,-1,0.439283,0.227755,1.111192,1.593979,12.500000,16.416667,18.856481,0,FAIL
medium,noise,37.5,25.0,60,0.01,NEW,0.70,1,2.544061,-1,0.462248,0.252726,1.133180,1.634402,12.500000,14.222222,18.555556,0,FAIL
medium,noise,37.5,25.0,60,0.01,NEW,0.70,2,2.535341,-1,0.443006,0.231166,1.122295,1.607657,12.500000,15.777778,18.740741,0,FAIL
medium,noise,37.5,25.0,60,0.01,NEW,0.50,1,2.524723,-1,0.464534,0.257703,1.128843,1.604968,12.500000,13.888889,18.500000,0,FAIL
medium,noise,37.5,25.0,60,0.01,NEW,0.50,2,2.523773,-1,0.444255,0.233164,1.114640,1.580955,12.500000,15.305556,18.675926,0,FAIL
medium,noise,37.5,25.0,60,0.01,NEW,0.35,1,2.519797,-1,0.466426,0.266726,1.123060,1.607170,12.500000,13.388889,18.435185,0,FAIL
medium,noise,37.5,25.0,60,0.01,NEW,0.35,2,2.523348,-1,0.451878,0.239313,1.124287,1.611850,12.500000,14.944444,18.611111,0,FAIL
medium,one_bad_sample,37.5,25.0,60,0.01,OLD,1.00,1,2.587525,-1,0.478802,0.270113,1.135344,1.595526,12.500000,16.819444,18.793981,1,FAIL
medium,one_bad_sample,37.5,25.0,60,0.01,NEW,1.00,1,2.537358,-1,0.438180,0.227757,1.101788,1.563563,12.500000,15.277778,18.712963,1,FAIL
medium,one_bad_sample,37.5,25.0,60,0.01,NEW,1.00,2,2.541465,-1,0.476443,0.307137,1.109736,1.581340,12.500000,12.055556,18.351852,1,FAIL
medium,one_bad_sample,37.5,25.0,60,0.01,NEW,0.70,1,2.546913,-1,0.433069,0.222328,1.098930,1.562026,12.500000,16.333333,18.814815,1,FAIL
medium,one_bad_sample,37.5,25.0,60,0.01,NEW,0.70,2,2.558284,-1,0.445009,0.232788,1.113244,1.573956,12.500000,15.027778,18.662037,1,FAIL
medium,one_bad_sample,37.5,25.0,60,0.01,NEW,0.50,1,2.549006,-1,0.456600,0.260081,1.097222,1.554957,12.500000,13.277778,18.416667,1,FAIL
medium,one_bad_sample,37.5,25.0,60,0.01,NEW,0.50,2,2.546621,-1,0.477849,0.308765,1.113328,1.576358,12.500000,12.027778,18.282407,1,FAIL
medium,one_bad_sample,37.5,25.0,60,0.01,NEW,0.35,1,2.555305,-1,0.485486,0.325557,1.109269,1.558259,12.500000,11.666667,18.231481,1,FAIL
medium,one_bad_sample,37.5,25.0,60,0.01,NEW,0.35,2,2.554951,-1,0.511595,0.365963,1.136573,1.578539,12.500000,11.444444,18.250000,1,FAIL
medium,sensor_loss,37.5,25.0,60,0.01,OLD,1.00,1,2.587525,-1,0.473188,0.289878,1.110969,1.577235,12.500000,12.569444,18.414352,30,FAIL
medium,sensor_loss,37.5,25.0,60,0.01,NEW,1.00,1,2.537358,-1,0.509768,0.365662,1.122180,1.562306,12.500000,11.333333,18.351852,30,FAIL
medium,sensor_loss,37.5,25.0,60,0.01,NEW,1.00,2,2.541465,-1,0.543135,0.401397,1.141442,1.587752,12.500000,12.638889,18.486111,30,FAIL
medium,sensor_loss,37.5,25.0,60,0.01,NEW,0.70,1,2.551346,-1,0.433392,0.222667,1.099809,1.562816,12.500000,16.000000,18.777778,30,FAIL
medium,sensor_loss,37.5,25.0,60,0.01,NEW,0.70,2,2.558284,-1,0.447097,0.234803,1.109217,1.578472,12.500000,14.722222,18.625000,30,FAIL
medium,sensor_loss,37.5,25.0,60,0.01,NEW,0.50,1,2.549006,-1,0.460512,0.270404,1.097358,1.558022,12.500000,12.888889,18.370370,30,FAIL
medium,sensor_loss,37.5,25.0,60,0.01,NEW,0.50,2,2.552958,-1,0.482667,0.319636,1.111705,1.578586,12.500000,11.833333,18.268519,30,FAIL
medium,sensor_loss,37.5,25.0,60,0.01,NEW,0.35,1,2.559639,-1,0.494875,0.341694,1.124851,1.571747,12.500000,11.555556,18.231481,30,FAIL
medium,sensor_loss,37.5,25.0,60,0.01,NEW,0.35,2,2.554951,-1,0.513308,0.368320,1.133668,1.577628,12.500000,11.388889,18.250000,30,FAIL
medium,safety_cut,37.5,25.0,60,0.01,OLD,1.00,1,2.587525,-1,0.470102,0.282379,1.110983,1.577237,12.500000,12.805556,18.439815,0,FAIL
medium,safety_cut,37.5,25.0,60,0.01,NEW,1.00,1,2.537358,-1,0.506546,0.361261,1.118309,1.552906,12.500000,11.333333,18.342593,0,FAIL
medium,safety_cut,37.5,25.0,60,0.01,NEW,1.00,2,2.541465,-1,0.541074,0.399704,1.135825,1.572744,12.500000,12.361111,18.467593,0,FAIL
medium,safety_cut,37.5,25.0,60,0.01,NEW,0.70,1,2.545570,-1,0.431357,0.221279,1.096624,1.557871,12.500000,16.111111,18.787037,0,FAIL
medium,safety_cut,37.5,25.0,60,0.01,NEW,0.70,2,2.558284,-1,0.447944,0.235856,1.112555,1.575856,12.500000,14.750000,18.625000,0,FAIL
medium,safety_cut,37.5,25.0,60,0.01,NEW,0.50,1,2.549006,-1,0.463414,0.275434,1.099507,1.560215,12.500000,12.722222,18.351852,0,FAIL
medium,safety_cut,37.5,25.0,60,0.01,NEW,0.50,2,2.547874,-1,0.482430,0.317534,1.117224,1.585909,12.500000,11.916667,18.273148,0,FAIL
medium,safety_cut,37.5,25.0,60,0.01,NEW,0.35,1,2.555305,-1,0.498664,0.347827,1.125106,1.561807,12.500000,11.444444,18.231481,0,FAIL
medium,safety_cut,37.5,25.0,60,0.01,NEW,0.35,2,2.554951,-1,0.514550,0.370530,1.133209,1.571742,12.500000,11.388889,18.254630,0,FAIL
medium,setpoint_step,37.5,25.0,60,0.01,OLD,1.00,1,2.588858,-1,0.514586,0.313783,1.143014,1.589305,7.435020,16.694444,16.215278,0,FAIL
medium,setpoint_step,37.5,25.0,60,0.01,NEW,1.00,1,2.533505,-1,0.482060,0.273241,1.119045,1.552301,7.671806,16.777778,16.259259,0,FAIL
medium,setpoint_step,37.5,25.0,60,0.01,NEW,1.00,2,2.548397,-1,0.456886,0.243731,1.109614,1.578416,7.664433,16.944444,16.347222,0,FAIL
medium,setpoint_step,37.5,25.0,60,0.01,NEW,0.70,1,2.550853,-1,0.474210,0.263451,1.118633,1.565517,7.673233,16.833333,16.259259,0,FAIL
medium,setpoint_step,37.5,25.0,60,0.01,NEW,0.70,2,2.541337,-1,0.456441,0.243725,1.115089,1.578314,7.662447,16.972222,16.333333,0,FAIL
medium,setpoint_step,37.5,25.0,60,0.01,NEW,0.50,1,2.544251,-1,0.469995,0.259561,1.112512,1.557932,7.673894,16.833333,16.250000,0,FAIL
medium,setpoint_step,37.5,25.0,60,0.01,NEW,0.50,2,2.544191,-1,0.454268,0.241939,1.108500,1.576656,7.662726,16.944444,16.314815,0,FAIL
medium,setpoint_step,37.5,25.0,60,0.01,NEW,0.35,1,2.535424,-1,0.467215,0.256538,1.112151,1.559681,7.660298,16.833333,16.240741,0,FAIL
medium,setpoint_step,37.5,25.0,60,0.01,NEW,0.35,2,2.540894,-1,0.451752,0.240134,1.108101,1.570731,7.658128,16.916667,16.305556,0,FAIL
heavy,vent,37.5,25.0,15,0.10,OLD,1.00,1,0.881893,-1,0.161148,-0.021736,0.248237,0.503692,12.500000,21.722222,34.298611,0,FAIL
heavy,vent,37.5,25.0,15,0.10,NEW,1.00,1,0.860787,-1,0.161338,-0.027688,0.263635,0.529464,12.500000,23.833333,34.518519,0,FAIL
heavy,vent,37.5,25.0,15,0.10,NEW,1.00,2,0.861607,-1,0.160528,-0.028757,0.261227,0.527305,12.500000,23.722222,34.500000,0,FAIL
heavy,vent,37.5,25.0,15,0.10,NEW,0.70,1,0.864177,-1,0.166811,-0.015662,0.263276,0.529458,12.500000,21.500000,34.185185,0,FAIL
heavy,vent,37.5,25.0,15,0.10,NEW,0.70,2,0.862979,-1,0.167308,-0.011210,0.262572,0.527221,12.500000,21.194444,34.152778,0,FAIL
heavy,vent,37.5,25.0,15,0.10,NEW,0.50,1,0.861539,-1,0.166309,-0.017056,0.262771,0.529819,12.500000,21.666667,34.175926,0,FAIL
heavy,vent,37.5,25.0,15,0.10,NEW,0.50,2,0.858413,-1,0.166833,-0.015770,0.264016,0.528033,12.500000,21.527778,34.162037,0,FAIL
heavy,vent,37.5,25.0,15,0.10,NEW,0.35,1,0.859861,-1,0.167019,-0.010890,0.262198,0.526352,12.500000,21.166667,34.092593,0,FAIL
heavy,vent,37.5,25.0,15,0.10,NEW,0.35,2,0.859047,-1,0.166646,-0.017762,0.262376,0.528147,12.500000,21.694444,34.157407,0,FAIL
heavy,door,37.5,25.0,15,0.10,OLD,1.00,1,0.881893,-1,0.161339,-0.002341,0.249286,0.501528,12.500000,26.194444,36.465278,0,FAIL
heavy,door,37.5,25.0,15,0.10,NEW,1.00,1,0.860952,-1,0.167098,0.024862,0.267135,0.530035,12.500000,24.944444,36.296296,0,FAIL
heavy,door,37.5,25.0,15,0.10,NEW,1.00,2,0.862923,-1,0.167196,0.023343,0.266283,0.527549,12.500000,25.083333,36.314815,0,FAIL
heavy,door,37.5,25.0,15,0.10,NEW,0.70,1,0.864177,-1,0.165059,0.030104,0.267496,0.529289,12.500000,24.166667,36.101852,0,FAIL
heavy,door,37.5,25.0,15,0.10,NEW,0.70,2,0.862979,-1,0.166696,0.026439,0.267197,0.529045,12.500000,24.750000,36.166667,0,FAIL
heavy,door,37.5,25.0,15,0.10,NEW,0.50,1,0.862142,-1,0.166529,0.023814,0.265818,0.528096,12.500000,25.000000,36.166667,0,FAIL
heavy,door,37.5,25.0,15,0.10,NEW,0.50,2,0.861490,-1,0.167010,0.024716,0.266850,0.530088,12.500000,24.944444,36.162037,0,FAIL
heavy,door,37.5,25.0,15,0.10,NEW,0.35,1,0.861753,-1,0.166662,0.026946,0.268058,0.530311,12.500000,24.722222,36.111111,0,FAIL
heavy,door,37.5,25.0,15,0.10,NEW,0.35,2,0.865160,-1,0.166967,0.023083,0.265992,0.528478,12.500000,25.083333,36.152778,0,FAIL
heavy,ambient_rise,37.5,25.0,15,0.10,OLD,1.00,1,0.881893,-1,0.115142,0.020584,0.191004,0.378039,12.500000,17.652778,29.666667,0,FAIL
heavy,ambient_rise,37.5,25.0,15,0.10,NEW,1.00,1,0.860787,-1,0.126068,-0.000641,0.198311,0.392800,12.500000,19.777778,29.962963,0,FAIL
heavy,ambient_rise,37.5,25.0,15,0.10,NEW,1.00,2,0.861607,-1,0.124959,-0.001702,0.196551,0.387422,12.500000,19.777778,29.962963,0,FAIL
heavy,ambient_rise,37.5,25.0,15,0.10,NEW,0.70,1,0.864177,-1,0.122399,-0.013464,0.197085,0.394616,12.500000,19.222222,29.842593,0,FAIL
heavy,ambient_rise,37.5,25.0,15,0.10,NEW,0.70,2,0.862979,-1,0.121538,-0.012834,0.195947,0.389925,12.500000,19.250000,29.847222,0,FAIL
heavy,ambient_rise,37.5,25.0,15,0.10,NEW,0.50,1,0.861539,-1,0.121269,-0.013697,0.197021,0.393530,12.500000,19.166667,29.814815,0,FAIL
heavy,ambient_rise,37.5,25.0,15,0.10,NEW,0.50,2,0.858413,-1,0.121451,-0.013198,0.195316,0.389609,12.500000,19.250000,29.819444,0,FAIL
heavy,ambient_rise,37.5,25.0,15,0.10,NEW,0.35,1,0.859861,-1,0.120264,-0.013662,0.194913,0.388205,12.500000,19.111111,29.787037,0,FAIL
heavy,ambient_rise,37.5,25.0,15,0.10,NEW,0.35,2,0.859047,-1,0.120475,-0.013116,0.194713,0.387159,12.500000,19.166667,29.787037,0,FAIL
heavy,noise,37.5,25.0,15,0.10,OLD,1.00,1,0.871400,-1,0.161454,-0.011927,0.248527,0.507058,12.500000,26.041667,33.793981,0,FAIL
heavy,noise,37.5,25.0,15,0.10,NEW,1.00,1,0.866641,-1,0.166384,-0.027796,0.269354,0.544394,12.500000,24.388889,33.675926,0,FAIL
heavy,noise,37.5,25.0,15,0.10,NEW,1.00,2,0.862622,-1,0.166032,-0.028329,0.269671,0.541775,12.500000,24.138889,33.648148,0,FAIL
heavy,noise,37.5,25.0,15,0.10,NEW,0.70,1,0.856067,-1,0.164862,-0.024786,0.267644,0.536909,12.500000,23.333333,33.500000,0,FAIL
heavy,noise,37.5,25.0,15,0.10,NEW,0.70,2,0.857280,-1,0.164892,-0.024603,0.263932,0.534939,12.500000,22.805556,33.439815,0,FAIL
heavy,noise,37.5,25.0,15,0.10,NEW,0.50,1,0.855505,-1,0.168496,-0.024330,0.266966,0.546823,12.500000,22.444444,33.379630,0,FAIL
heavy,noise,37.5,25.0,15,0.10,NEW,0.50,2,0.855865,-1,0.166251,-0.024536,0.262571,0.532973,12.500000,22.361111,33.375000,0,FAIL
heavy,noise,37.5,25.0,15,0.10,NEW,0.35,1,0.859599,-1,0.167059,-0.021314,0.264839,0.533746,12.500000,22.166667,33.333333,0,FAIL
heavy,noise,37.5,25.0,15,0.10,NEW,0.35,2,0.858445,-1,0.167966,-0.015611,0.266547,0.534812,12.500000,21.777778,33.300926,0,FAIL
heavy,one_bad_sample,37.5,25.0,15,0.10,OLD,1.00,1,0.881893,-1,0.162818,0.005075,0.250564,0.502841,12.500000,20.694444,33.310185,1,FAIL
heavy,one_bad_sample,37.5,25.0,15,0.10,NEW,1.00,1,0.860787,-1,0.167055,-0.016496,0.263354,0.530109,12.500000,21.611111,33.444444,1,FAIL
heavy,one_bad_sample,37.5,25.0,15,0.10,NEW,1.00,2,0.861607,-1,0.166156,-0.018575,0.263408,0.528936,12.500000,21.805556,33.458333,1,FAIL
heavy,one_bad_sample,37.5,25.0,15,0.10,NEW,0.70,1,0.864177,-1,0.166322,-0.019364,0.263555,0.530202,12.500000,25.777778,33.638889,1,FAIL
heavy,one_bad_sample,37.5,25.0,15,0.10,NEW,0.70,2,0.862979,-1,0.166577,-0.018263,0.263584,0.529556,12.500000,25.805556,33.638889,1,FAIL
heavy,one_bad_sample,37.5,25.0,15,0.10,NEW,0.50,1,0.863656,-1,0.164929,-0.022157,0.262529,0.528463,12.500000,22.166667,33.287037,1,FAIL
heavy,one_bad_sample,37.5,25.0,15,0.10,NEW,0.50,2,0.860900,-1,0.165356,-0.019656,0.262411,0.525614,12.500000,21.888889,33.259259,1,FAIL
heavy,one_bad_sample,37.5,25.0,15,0.10,NEW,0.35,1,0.863114,-1,0.168979,0.006186,0.266530,0.529992,12.500000,20.611111,33.055556,1,FAIL
heavy,one_bad_sample,37.5,25.0,15,0.10,NEW,0.35,2,0.864493,-1,0.170026,0.008598,0.267277,0.531461,12.500000,20.666667,33.055556,1,FAIL
heavy,sensor_loss,37.5,25.0,15,0.10,OLD,1.00,1,0.881893,-1,0.163232,0.015756,0.252806,0.512135,12.500000,20.944444,33.314815,30,FAIL
heavy,sensor_loss,37.5,25.0,15,0.10,NEW,1.00,1,0.860787,-1,0.168332,-0.001881,0.266049,0.529871,12.500000,20.777778,33.342593,30,FAIL
heavy,sensor_loss,37.5,25.0,15,0.10,NEW,1.00,2,0.861607,-1,0.169255,-0.002567,0.267673,0.531267,12.500000,20.805556,33.351852,30,FAIL
heavy,sensor_loss,37.5,25.0,15,0.10,NEW,0.70,1,0.864177,-1,0.164111,-0.022963,0.261547,0.525875,12.500000,25.444444,33.611111,30,FAIL
heavy,sensor_loss,37.5,25.0,15,0.10,NEW,0.70,2,0.862979,-1,0.165123,-0.021564,0.262042,0.527399,12.500000,25.583333,33.625000,30,FAIL
heavy,sensor_loss,37.5,25.0,15,0.10,NEW,0.50,1,0.863426,-1,0.166221,-0.017531,0.262512,0.528905,12.500000,21.666667,33.240741,30,FAIL
heavy,sensor_loss,37.5,25.0,15,0.10,NEW,0.50,2,0.863299,-1,0.166195,-0.017820,0.263220,0.527580,12.500000,21.722222,33.240741,30,FAIL
heavy,sensor_loss,37.5,25.0,15,0.10,NEW,0.35,1,0.862863,-1,0.169904,0.009074,0.268432,0.531664,12.500000,20.611111,33.046296,30,FAIL
heavy,sensor_loss,37.5,25.0,15,0.10,NEW,0.35,2,0.861176,-1,0.169139,0.010672,0.267572,0.529081,12.500000,20.666667,33.046296,30,FAIL
heavy,safety_cut,37.5,25.0,15,0.10,OLD,1.00,1,0.881893,-1,0.162175,0.016894,0.250649,0.504010,12.500000,20.972222,33.319444,0,FAIL
heavy,safety_cut,37.5,25.0,15,0.10,NEW,1.00,1,0.860787,-1,0.168673,-0.002831,0.266596,0.528519,12.500000,20.833333,33.351852,0,FAIL
heavy,safety_cut,37.5,25.0,15,0.10,NEW,1.00,2,0.861607,-1,0.168805,-0.004003,0.266758,0.529792,12.500000,20.861111,33.356481,0,FAIL
heavy,safety_cut,37.5,25.0,15,0.10,NEW,0.70,1,0.864177,-1,0.164921,-0.021917,0.261639,0.528577,12.500000,25.555556,33.620370,0,FAIL
heavy,safety_cut,37.5,25.0,15,0.10,NEW,0.70,2,0.862979,-1,0.164189,-0.023546,0.262702,0.529447,12.500000,25.333333,33.606481,0,FAIL
heavy,safety_cut,37.5,25.0,15,0.10,NEW,0.50,1,0.861539,-1,0.166150,-0.017818,0.262866,0.527981,12.500000,21.666667,33.240741,0,FAIL
heavy,safety_cut,37.5,25.0,15,0.10,NEW,0.50,2,0.861871,-1,0.166736,-0.017449,0.263343,0.528797,12.500000,21.694444,33.240741,0,FAIL
heavy,safety_cut,37.5,25.0,15,0.10,NEW,0.35,1,0.859861,-1,0.168729,0.010223,0.266945,0.529082,12.500000,20.666667,33.046296,0,FAIL
heavy,safety_cut,37.5,25.0,15,0.10,NEW,0.35,2,0.863573,-1,0.168300,0.010098,0.265785,0.526712,12.500000,20.638889,33.041667,0,FAIL
heavy,setpoint_step,37.5,25.0,15,0.10,OLD,1.00,1,0.876360,-1,0.159684,0.027831,0.252061,0.506065,7.505471,22.000000,29.502315,0,FAIL
heavy,setpoint_step,37.5,25.0,15,0.10,NEW,1.00,1,0.861768,-1,0.170839,0.008121,0.268438,0.531231,7.403857,20.666667,29.444444,0,FAIL
heavy,setpoint_step,37.5,25.0,15,0.10,NEW,1.00,2,0.860839,-1,0.168456,0.016006,0.267210,0.528469,7.403974,20.750000,29.435185,0,FAIL
heavy,setpoint_step,37.5,25.0,15,0.10,NEW,0.70,1,0.861283,-1,0.170636,0.012888,0.268452,0.531778,7.405875,20.722222,29.398148,0,FAIL
heavy,setpoint_step,37.5,25.0,15,0.10,NEW,0.70,2,0.860721,-1,0.166884,0.020801,0.265715,0.525405,7.408261,20.972222,29.402778,0,FAIL
heavy,setpoint_step,37.5,25.0,15,0.10,NEW,0.50,1,0.861010,-1,0.167884,0.021264,0.268435,0.530312,7.411051,20.944444,29.370370,0,FAIL
heavy,setpoint_step,37.5,25.0,15,0.10,NEW,0.50,2,0.862262,-1,0.167638,0.020693,0.266645,0.528351,7.424193,20.944444,29.370370,0,FAIL
heavy,setpoint_step,37.5,25.0,15,0.10,NEW,0.35,1,0.859186,-1,0.167133,0.021301,0.265444,0.528450,7.424549,21.000000,29.351852,0,FAIL
heavy,setpoint_step,37.5,25.0,15,0.10,NEW,0.35,2,0.861176,-1,0.167144,0.022560,0.267239,0.527737,7.422901,21.027778,29.356481,0,FAIL
heavy,vent,37.5,25.0,15,0.01,OLD,1.00,1,0.879706,-1,0.163587,-0.024285,0.263688,0.532575,12.500000,24.805556,34.601852,0,FAIL
heavy,vent,37.5,25.0,15,0.01,NEW,1.00,1,0.867256,-1,0.171101,-0.023354,0.273010,0.545952,12.500000,22.333333,34.370370,0,FAIL
heavy,vent,37.5,25.0,15,0.01,NEW,1.00,2,0.867661,-1,0.170962,-0.023258,0.272412,0.544493,12.500000,22.305556,34.370370,0,FAIL
heavy,vent,37.5,25.0,15,0.01,NEW,0.70,1,0.868692,-1,0.174763,-0.002753,0.274774,0.546627,12.500000,20.722222,34.101852,0,FAIL
heavy,vent,37.5,25.0,15,0.01,NEW,0.70,2,0.867652,-1,0.174538,-0.002660,0.274690,0.544483,12.500000,20.694444,34.097222,0,FAIL
heavy,vent,37.5,25.0,15,0.01,NEW,0.50,1,0.866953,-1,0.174552,0.000862,0.275181,0.545534,12.500000,20.611111,34.055556,0,FAIL
heavy,vent,37.5,25.0,15,0.01,NEW,0.50,2,0.868093,-1,0.174681,0.001016,0.275732,0.544968,12.500000,20.611111,34.055556,0,FAIL
heavy,vent,37.5,25.0,15,0.01,NEW,0.35,1,0.865291,-1,0.174779,0.004441,0.275515,0.545505,12.500000,20.500000,34.018519,0,FAIL
heavy,vent,37.5,25.0,15,0.01,NEW,0.35,2,0.867599,-1,0.175175,0.004356,0.276110,0.545819,12.500000,20.527778,34.023148,0,FAIL
heavy,door,37.5,25.0,15,0.01,OLD,1.00,1,0.884250,-1,0.164412,0.031920,0.265206,0.524309,12.500000,23.958333,36.206019,0,FAIL
heavy,door,37.5,25.0,15,0.01,NEW,1.00,1,0.867256,-1,0.175087,0.016670,0.276039,0.546241,12.500000,25.944444,36.416667,0,FAIL
heavy,door,37.5,25.0,15,0.01,NEW,1.00,2,0.867661,-1,0.175178,0.016621,0.276465,0.545265,12.500000,25.944444,36.416667,0,FAIL
heavy,door,37.5,25.0,15,0.01,NEW,0.70,1,0.868692,-1,0.174881,0.016865,0.276014,0.548258,12.500000,25.888889,36.305556,0,FAIL
heavy,door,37.5,25.0,15,0.01,NEW,0.70,2,0.867652,-1,0.174811,0.017081,0.275694,0.543837,12.500000,25.916667,36.305556,0,FAIL
heavy,door,37.5,25.0,15,0.01,NEW,0.50,1,0.867365,-1,0.175310,0.017556,0.275915,0.551108,12.500000,25.888889,36.277778,0,FAIL
heavy,door,37.5,25.0,15,0.01,NEW,0.50,2,0.868093,-1,0.174947,0.017325,0.275810,0.544406,12.500000,25.888889,36.273148,0,FAIL
heavy,door,37.5,25.0,15,0.01,NEW,0.35,1,0.865782,-1,0.174828,0.017862,0.275934,0.545654,12.500000,25.888889,36.250000,0,FAIL
heavy,door,37.5,25.0,15,0.01,NEW,0.35,2,0.867599,-1,0.175093,0.018248,0.276106,0.545022,12.500000,25.861111,36.250000,0,FAIL
heavy,ambient_rise,37.5,25.0,15,0.01,OLD,1.00,1,0.879706,-1,0.128015,-0.004441,0.197907,0.401604,12.500000,19.888889,29.974537,0,FAIL
heavy,ambient_rise,37.5,25.0,15,0.01,NEW,1.00,1,0.867256,-1,0.128384,-0.021268,0.207295,0.416821,12.500000,17.888889,29.833333,0,FAIL
heavy,ambient_rise,37.5,25.0,15,0.01,NEW,1.00,2,0.867661,-1,0.127533,-0.021449,0.207076,0.413200,12.500000,18.000000,29.842593,0,FAIL
heavy,ambient_rise,37.5,25.0,15,0.01,NEW,0.70,1,0.868692,-1,0.130920,-0.016038,0.207747,0.415835,12.500000,16.777778,29.620370,0,FAIL
heavy,ambient_rise,37.5,25.0,15,0.01,NEW,0.70,2,0.867652,-1,0.130725,-0.016430,0.207833,0.415053,12.500000,16.805556,29.625000,0,FAIL
heavy,ambient_rise,37.5,25.0,15,0.01,NEW,0.50,1,0.866953,-1,0.131267,-0.014051,0.207679,0.415666,12.500000,16.555556,29.574074,0,FAIL
heavy,ambient_rise,37.5,25.0,15,0.01,NEW,0.50,2,0.868093,-1,0.130728,-0.013932,0.207082,0.413258,12.500000,16.527778,29.569444,0,FAIL
heavy,ambient_rise,37.5,25.0,15,0.01,NEW,0.35,1,0.865291,-1,0.131912,-0.011568,0.207936,0.415864,12.500000,16.333333,29.527778,0,FAIL
heavy,ambient_rise,37.5,25.0,15,0.01,NEW,0.35,2,0.867599,-1,0.131486,-0.012283,0.207776,0.414990,12.500000,16.361111,29.532407,0,FAIL
heavy,noise,37.5,25.0,15,0.01,OLD,1.00,1,0.872206,-1,0.166577,-0.008389,0.258090,0.516824,12.500000,26.069444,33.789352,0,FAIL
heavy,noise,37.5,25.0,15,0.01,NEW,1.00,1,0.862184,-1,0.167120,-0.027215,0.271299,0.544224,12.500000,24.277778,33.675926,0,FAIL
heavy,noise,37.5,25.0,15,0.01,NEW,1.00,2,0.862256,-1,0.166100,-0.028376,0.268801,0.539821,12.500000,24.166667,33.666667,0,FAIL
heavy,noise,37.5,25.0,15,0.01,NEW,0.70,1,0.862693,-1,0.169331,-0.023077,0.269931,0.542031,12.500000,22.500000,33.407407,0,FAIL
heavy,noise,37.5,25.0,15,0.01,NEW,0.70,2,0.862100,-1,0.168701,-0.022587,0.268833,0.537095,12.500000,22.361111,33.398148,0,FAIL
heavy,noise,37.5,25.0,15,0.01,NEW,0.50,1,0.861667,-1,0.170363,-0.021263,0.270993,0.545176,12.500000,22.222222,33.361111,0,FAIL
heavy,noise,37.5,25.0,15,0.01,NEW,0.50,2,0.861847,-1,0.169575,-0.021641,0.268633,0.540974,12.500000,22.166667,33.351852,0,FAIL
heavy,noise,37.5,25.0,15,0.01,NEW,0.35,1,0.861093,-1,0.171290,-0.018410,0.270837,0.541439,12.500000,21.833333,33.296296,0,FAIL
heavy,noise,37.5,25.0,15,0.01,NEW,0.35,2,0.862928,-1,0.169918,-0.018596,0.267503,0.537117,12.500000,21.805556,33.300926,0,FAIL
heavy,one_bad_sample,37.5,25.0,15,0.01,OLD,1.00,1,0.879706,-1,0.161837,-0.025510,0.261877,0.524239,12.500000,23.305556,33.615741,1,FAIL
heavy,one_bad_sample,37.5,25.0,15,0.01,NEW,1.00,1,0.867256,-1,0.173736,-0.008680,0.272188,0.544298,12.500000,20.944444,33.370370,1,FAIL
heavy,one_bad_sample,37.5,25.0,15,0.01,NEW,1.00,2,0.867661,-1,0.173764,-0.009330,0.272119,0.543369,12.500000,21.000000,33.375000,1,FAIL
heavy,one_bad_sample,37.5,25.0,15,0.01,NEW,0.70,1,0.868692,-1,0.169712,-0.026271,0.272693,0.546834,12.500000,24.944444,33.583333,1,FAIL
heavy,one_bad_sample,37.5,25.0,15,0.01,NEW,0.70,2,0.868064,-1,0.169746,-0.026568,0.273260,0.545022,12.500000,24.972222,33.583333,1,FAIL
heavy,one_bad_sample,37.5,25.0,15,0.01,NEW,0.50,1,0.866953,-1,0.174122,-0.009808,0.273327,0.546863,12.500000,21.055556,33.175926,1,FAIL
heavy,one_bad_sample,37.5,25.0,15,0.01,NEW,0.50,2,0.868093,-1,0.173747,-0.009501,0.272116,0.543321,12.500000,21.027778,33.171296,1,FAIL
heavy,one_bad_sample,37.5,25.0,15,0.01,NEW,0.35,1,0.865291,-1,0.174194,0.021524,0.275150,0.546951,12.500000,20.722222,33.046296,1,FAIL
heavy,one_bad_sample,37.5,25.0,15,0.01,NEW,0.35,2,0.867599,-1,0.174262,0.021463,0.275700,0.544113,12.500000,20.694444,33.046296,1,FAIL
heavy,sensor_loss,37.5,25.0,15,0.01,OLD,1.00,1,0.879706,-1,0.168503,-0.015016,0.263871,0.532788,12.500000,21.694444,33.467593,30,FAIL
heavy,sensor_loss,37.5,25.0,15,0.01,NEW,1.00,1,0.867256,-1,0.174653,0.011627,0.275702,0.544983,12.500000,20.500000,33.305556,30,FAIL
heavy,sensor_loss,37.5,25.0,15,0.01,NEW,1.00,2,0.867661,-1,0.174706,0.011105,0.275557,0.545050,12.500000,20.472222,33.300926,30,FAIL
heavy,sensor_loss,37.5,25.0,15,0.01,NEW,0.70,1,0.868692,-1,0.168551,-0.028171,0.272342,0.546997,12.500000,24.611111,33.555556,30,FAIL
heavy,sensor_loss,37.5,25.0,15,0.01,NEW,0.70,2,0.868144,-1,0.168946,-0.027728,0.273405,0.545568,12.500000,24.583333,33.550926,30,FAIL
heavy,sensor_loss,37.5,25.0,15,0.01,NEW,0.50,1,0.866953,-1,0.174178,-0.006798,0.273445,0.545397,12.500000,20.833333,33.148148,30,FAIL
heavy,sensor_loss,37.5,25.0,15,0.01,NEW,0.50,2,0.868093,-1,0.174154,-0.006665,0.273360,0.543843,12.500000,20.888889,33.152778,30,FAIL
heavy,sensor_loss,37.5,25.0,15,0.01,NEW,0.35,1,0.866963,-1,0.174371,0.024084,0.276289,0.550448,12.500000,20.833333,33.046296,30,FAIL
heavy,sensor_loss,37.5,25.0,15,0.01,NEW,0.35,2,0.867599,-1,0.173892,0.024010,0.275853,0.544064,12.500000,20.777778,33.046296,30,FAIL
heavy,safety_cut,37.5,25.0,15,0.01,OLD,1.00,1,0.879706,-1,0.168636,-0.016323,0.263475,0.529170,12.500000,21.777778,33.476852,0,FAIL
heavy,safety_cut,37.5,25.0,15,0.01,NEW,1.00,1,0.867256,-1,0.174614,0.009506,0.275885,0.547877,12.500000,20.500000,33.305556,0,FAIL
heavy,safety_cut,37.5,25.0,15,0.01,NEW,1.00,2,0.867661,-1,0.174734,0.009168,0.275585,0.544358,12.500000,20.500000,33.305556,0,FAIL
heavy,safety_cut,37.5,25.0,15,0.01,NEW,0.70,1,0.868692,-1,0.169085,-0.027428,0.273018,0.546673,12.500000,24.666667,33.555556,0,FAIL
heavy,safety_cut,37.5,25.0,15,0.01,NEW,0.70,2,0.868292,-1,0.168901,-0.027650,0.273209,0.545400,12.500000,24.611111,33.550926,0,FAIL
heavy,safety_cut,37.5,25.0,15,0.01,NEW,0.50,1,0.867725,-1,0.173983,-0.006890,0.272948,0.544737,12.500000,20.888889,33.157407,0,FAIL
heavy,safety_cut,37.5,25.0,15,0.01,NEW,0.50,2,0.868093,-1,0.174323,-0.006226,0.273864,0.544108,12.500000,20.833333,33.148148,0,FAIL
heavy,safety_cut,37.5,25.0,15,0.01,NEW,0.35,1,0.865645,-1,0.174082,0.023904,0.275887,0.546749,12.500000,20.777778,33.046296,0,FAIL
heavy,safety_cut,37.5,25.0,15,0.01,NEW,0.35,2,0.867599,-1,0.173993,0.023753,0.275917,0.544584,12.500000,20.777778,33.046296,0,FAIL
heavy,setpoint_step,37.5,25.0,15,0.01,OLD,1.00,1,0.879754,-1,0.170182,0.004626,0.263054,0.524227,7.391217,20.750000,29.472222,0,FAIL
heavy,setpoint_step,37.5,25.0,15,0.01,NEW,1.00,1,0.865460,-1,0.173355,0.028133,0.276049,0.546222,7.448280,21.055556,29.444444,0,FAIL
heavy,setpoint_step,37.5,25.0,15,0.01,NEW,1.00,2,0.868130,-1,0.173307,0.028335,0.276079,0.544421,7.449623,21.083333,29.449074,0,FAIL
heavy,setpoint_step,37.5,25.0,15,0.01,NEW,0.70,1,0.866849,-1,0.172556,0.030737,0.276012,0.545021,7.476648,21.277778,29.416667,0,FAIL
heavy,setpoint_step,37.5,25.0,15,0.01,NEW,0.70,2,0.865994,-1,0.172813,0.031388,0.276396,0.545196,7.476077,21.361111,29.421296,0,FAIL
heavy,setpoint_step,37.5,25.0,15,0.01,NEW,0.50,1,0.868214,-1,0.171908,0.032586,0.275317,0.545134,7.505045,21.500000,29.398148,0,FAIL
heavy,setpoint_step,37.5,25.0,15,0.01,NEW,0.50,2,0.866161,-1,0.172250,0.032678,0.275980,0.545004,7.503504,21.527778,29.398148,0,FAIL
heavy,setpoint_step,37.5,25.0,15,0.01,NEW,0.35,1,0.866951,-1,0.171975,0.033588,0.276125,0.546527,7.521817,21.611111,29.379630,0,FAIL
heavy,setpoint_step,37.5,25.0,15,0.01,NEW,0.35,2,0.865771,-1,0.172166,0.033466,0.276498,0.545834,7.520803,21.638889,29.384259,0,FAIL
heavy,vent,37.5,25.0,60,0.10,OLD,1.00,1,1.181135,-1,0.298458,0.125297,0.610634,0.973865,12.500000,22.652778,34.782407,0,FAIL
heavy,vent,37.5,25.0,60,0.10,NEW,1.00,1,1.164224,-1,0.306956,0.123911,0.632919,0.989977,12.500000,23.388889,35.166667,0,FAIL
heavy,vent,37.5,25.0,60,0.10,NEW,1.00,2,1.165980,-1,0.308053,0.124340,0.634576,0.992449,12.500000,23.388889,35.166667,0,FAIL
heavy,vent,37.5,25.0,60,0.10,NEW,0.70,1,1.161553,-1,0.304818,0.121312,0.631557,0.992081,12.500000,23.944444,35.083333,0,FAIL
heavy,vent,37.5,25.0,60,0.10,NEW,0.70,2,1.162909,-1,0.304035,0.121838,0.630855,0.988222,12.500000,23.944444,35.083333,0,FAIL
heavy,vent,37.5,25.0,60,0.10,NEW,0.50,1,1.160334,-1,0.305796,0.121200,0.634243,0.997244,12.500000,23.944444,35.055556,0,FAIL
heavy,vent,37.5,25.0,60,0.10,NEW,0.50,2,1.160461,-1,0.303673,0.121574,0.632343,0.988491,12.500000,23.916667,35.050926,0,FAIL
heavy,vent,37.5,25.0,60,0.10,NEW,0.35,1,1.164384,-1,0.306099,0.121585,0.637959,1.000648,12.500000,24.055556,35.009259,0,FAIL
heavy,vent,37.5,25.0,60,0.10,NEW,0.35,2,1.162178,-1,0.303344,0.120747,0.632758,0.989860,12.500000,24.083333,35.004630,0,FAIL
heavy,door,37.5,25.0,60,0.10,OLD,1.00,1,1.183128,-1,0.284702,0.101509,0.608145,0.954796,12.500000,22.930556,36.178241,0,FAIL
heavy,door,37.5,25.0,60,0.10,NEW,1.00,1,1.159149,-1,0.302979,0.118245,0.636307,0.999101,12.500000,23.277778,36.500000,0,FAIL
heavy,door,37.5,25.0,60,0.10,NEW,1.00,2,1.165163,-1,0.302827,0.118634,0.635081,0.996686,12.500000,23.333333,36.504630,0,FAIL
heavy,door,37.5,25.0,60,0.10,NEW,0.70,1,1.161955,-1,0.302352,0.118327,0.632773,0.994445,12.500000,23.333333,36.379630,0,FAIL
heavy,door,37.5,25.0,60,0.10,NEW,0.70,2,1.160619,-1,0.302341,0.119050,0.633070,0.992038,12.500000,23.277778,36.398148,0,FAIL
heavy,door,37.5,25.0,60,0.10,NEW,0.50,1,1.160334,-1,0.303685,0.119213,0.633708,0.996846,12.500000,23.333333,36.370370,0,FAIL
heavy,door,37.5,25.0,60,0.10,NEW,0.50,2,1.160748,-1,0.301606,0.119412,0.631466,0.988751,12.500000,23.305556,36.388889,0,FAIL
heavy,door,37.5,25.0,60,0.10,NEW,0.35,1,1.162194,-1,0.304265,0.119957,0.637523,0.999056,12.500000,23.277778,36.361111,0,FAIL
heavy,door,37.5,25.0,60,0.10,NEW,0.35,2,1.162761,-1,0.302805,0.119336,0.633612,0.996192,12.500000,23.277778,36.361111,0,FAIL
heavy,ambient_rise,37.5,25.0,60,0.10,OLD,1.00,1,1.181135,-1,0.222036,0.088782,0.446467,0.708922,12.500000,17.222222,30.092593,0,FAIL
heavy,ambient_rise,37.5,25.0,60,0.10,NEW,1.00,1,1.158890,-1,0.232428,0.098785,0.472904,0.750896,12.500000,18.166667,30.388889,0,FAIL
heavy,ambient_rise,37.5,25.0,60,0.10,NEW,1.00,2,1.160277,-1,0.231260,0.097440,0.475740,0.746082,12.500000,18.166667,30.398148,0,FAIL
heavy,ambient_rise,37.5,25.0,60,0.10,NEW,0.70,1,1.158174,-1,0.230521,0.096451,0.486369,0.759521,12.500000,18.555556,30.185185,0,FAIL
heavy,ambient_rise,37.5,25.0,60,0.10,NEW,0.70,2,1.158640,-1,0.230869,0.097032,0.488639,0.762942,12.500000,18.527778,30.185185,0,FAIL
heavy,ambient_rise,37.5,25.0,60,0.10,NEW,0.50,1,1.160334,-1,0.228206,0.094439,0.477934,0.766353,12.500000,18.500000,30.129630,0,FAIL
heavy,ambient_rise,37.5,25.0,60,0.10,NEW,0.50,2,1.157895,-1,0.230596,0.096616,0.488673,0.756989,12.500000,18.611111,30.157407,0,FAIL
heavy,ambient_rise,37.5,25.0,60,0.10,NEW,0.35,1,1.161347,-1,0.225633,0.091431,0.471223,0.763429,12.500000,18.777778,30.120370,0,FAIL
heavy,ambient_rise,37.5,25.0,60,0.10,NEW,0.35,2,1.162178,-1,0.226721,0.092517,0.482335,0.754886,12.500000,18.833333,30.092593,0,FAIL
heavy,noise,37.5,25.0,60,0.10,OLD,1.00,1,1.190224,-1,0.316778,0.136035,0.662081,1.026609,12.500000,23.250000,33.995370,0,FAIL
heavy,noise,37.5,25.0,60,0.10,NEW,1.00,1,1.159814,-1,0.315767,0.133953,0.647001,1.028288,12.500000,23.111111,34.203704,0,FAIL
heavy,noise,37.5,25.0,60,0.10,NEW,1.00,2,1.169253,-1,0.320685,0.136624,0.664836,1.046891,12.500000,23.416667,34.245370,0,FAIL
heavy,noise,37.5,25.0,60,0.10,NEW,0.70,1,1.157614,-1,0.319140,0.136979,0.662019,1.031663,12.500000,23.666667,34.240741,0,FAIL
heavy,noise,37.5,25.0,60,0.10,NEW,0.70,2,1.156031,-1,0.318807,0.133961,0.668318,1.044381,12.500000,23.722222,34.236111,0,FAIL
heavy,noise,37.5,25.0,60,0.10,NEW,0.50,1,1.159656,-1,0.316412,0.136317,0.652166,1.019411,12.500000,23.500000,34.194444,0,FAIL
heavy,noise,37.5,25.0,60,0.10,NEW,0.50,2,1.151021,-1,0.315634,0.133935,0.651035,1.021921,12.500000,23.805556,34.231481,0,FAIL
heavy,noise,37.5,25.0,60,0.10,NEW,0.35,1,1.170176,-1,0.320547,0.134112,0.664743,1.061008,12.500000,23.777778,34.194444,0,FAIL
heavy,noise,37.5,25.0,60,0.10,NEW,0.35,2,1.160648,-1,0.316385,0.131836,0.656378,1.037714,12.500000,23.916667,34.199074,0,FAIL
heavy,one_bad_sample,37.5,25.0,60,0.10,OLD,1.00,1,1.181135,-1,0.298310,0.122900,0.620972,0.975488,12.500000,22.833333,33.824074,1,FAIL
heavy,one_bad_sample,37.5,25.0,60,0.10,NEW,1.00,1,1.158890,-1,0.307604,0.124534,0.632670,0.995523,12.500000,23.277778,34.101852,1,FAIL
heavy,one_bad_sample,37.5,25.0,60,0.10,NEW,1.00,2,1.160277,-1,0.305810,0.123773,0.629267,0.984716,12.500000,23.277778,34.111111,1,FAIL
heavy,one_bad_sample,37.5,25.0,60,0.10,NEW,0.70,1,1.159748,-1,0.303225,0.109038,0.631324,0.990334,12.500000,23.833333,33.277778,1,FAIL
heavy,one_bad_sample,37.5,25.0,60,0.10,NEW,0.70,2,1.161453,-1,0.302926,0.110074,0.631968,0.993660,12.500000,23.833333,33.273148,1,FAIL
heavy,one_bad_sample,37.5,25.0,60,0.10,NEW,0.50,1,1.160334,-1,0.301010,0.114160,0.634842,0.999275,12.500000,23.333333,33.259259,1,FAIL
heavy,one_bad_sample,37.5,25.0,60,0.10,NEW,0.50,2,1.160168,-1,0.298066,0.112865,0.630741,0.987323,12.500000,23.333333,33.250000,1,FAIL
heavy,one_bad_sample,37.5,25.0,60,0.10,NEW,0.35,1,1.163256,-1,0.301492,0.117147,0.637463,0.999062,12.500000,23.277778,33.370370,1,FAIL
heavy,one_bad_sample,37.5,25.0,60,0.10,NEW,0.35,2,1.162178,-1,0.298586,0.116063,0.631489,0.989102,12.500000,23.250000,33.356481,1,FAIL
heavy,sensor_loss,37.5,25.0,60,0.10,OLD,1.00,1,1.181135,-1,0.298310,0.122900,0.620972,0.975488,12.500000,22.833333,33.824074,30,FAIL
heavy,sensor_loss,37.5,25.0,60,0.10,NEW,1.00,1,1.158890,-1,0.307604,0.124534,0.632670,0.995523,12.500000,23.277778,34.101852,30,FAIL
heavy,sensor_loss,37.5,25.0,60,0.10,NEW,1.00,2,1.160277,-1,0.305810,0.123773,0.629267,0.984716,12.500000,23.277778,34.111111,30,FAIL
heavy,sensor_loss,37.5,25.0,60,0.10,NEW,0.70,1,1.159748,-1,0.303225,0.109038,0.631324,0.990334,12.500000,23.833333,33.277778,30,FAIL
heavy,sensor_loss,37.5,25.0,60,0.10,NEW,0.70,2,1.161453,-1,0.302926,0.110074,0.631968,0.993660,12.500000,23.833333,33.273148,30,FAIL
heavy,sensor_loss,37.5,25.0,60,0.10,NEW,0.50,1,1.160334,-1,0.301010,0.114160,0.634842,0.999275,12.500000,23.333333,33.259259,30,FAIL
heavy,sensor_loss,37.5,25.0,60,0.10,NEW,0.50,2,1.160168,-1,0.298066,0.112865,0.630741,0.987323,12.500000,23.333333,33.250000,30,FAIL
heavy,sensor_loss,37.5,25.0,60,0.10,NEW,0.35,1,1.163256,-1,0.301492,0.117147,0.637463,0.999062,12.500000,23.277778,33.370370,30,FAIL
heavy,sensor_loss,37.5,25.0,60,0.10,NEW,0.35,2,1.162178,-1,0.298586,0.116063,0.631489,0.989102,12.500000,23.250000,33.356481,30,FAIL
heavy,safety_cut,37.5,25.0,60,0.10,OLD,1.00,1,1.181135,-1,0.298310,0.122900,0.620972,0.975488,12.500000,22.833333,33.824074,0,FAIL
heavy,safety_cut,37.5,25.0,60,0.10,NEW,1.00,1,1.158890,-1,0.307604,0.124534,0.632670,0.995523,12.500000,23.277778,34.101852,0,FAIL
heavy,safety_cut,37.5,25.0,60,0.10,NEW,1.00,2,1.160277,-1,0.305810,0.123773,0.629267,0.984716,12.500000,23.277778,34.111111,0,FAIL
heavy,safety_cut,37.5,25.0,60,0.10,NEW,0.70,1,1.159748,-1,0.303225,0.109038,0.631324,0.990334,12.500000,23.833333,33.277778,0,FAIL
heavy,safety_cut,37.5,25.0,60,0.10,NEW,0.70,2,1.161453,-1,0.302926,0.110074,0.631968,0.993660,12.500000,23.833333,33.273148,0,FAIL
heavy,safety_cut,37.5,25.0,60,0.10,NEW,0.50,1,1.160334,-1,0.301010,0.114160,0.634842,0.999275,12.500000,23.333333,33.259259,0,FAIL
heavy,safety_cut,37.5,25.0,60,0.10,NEW,0.50,2,1.160168,-1,0.298066,0.112865,0.630741,0.987323,12.500000,23.333333,33.250000,0,FAIL
heavy,safety_cut,37.5,25.0,60,0.10,NEW,0.35,1,1.163256,-1,0.301492,0.117147,0.637463,0.999062,12.500000,23.277778,33.370370,0,FAIL
heavy,safety_cut,37.5,25.0,60,0.10,NEW,0.35,2,1.162178,-1,0.298586,0.116063,0.631489,0.989102,12.500000,23.250000,33.356481,0,FAIL
heavy,setpoint_step,37.5,25.0,60,0.10,OLD,1.00,1,1.182441,-1,0.291997,0.099964,0.612208,0.976323,7.330208,25.041667,29.995370,0,FAIL
heavy,setpoint_step,37.5,25.0,60,0.10,NEW,1.00,1,1.165089,-1,0.305864,0.108428,0.638335,1.000373,7.295296,24.000000,29.685185,0,FAIL
heavy,setpoint_step,37.5,25.0,60,0.10,NEW,1.00,2,1.159274,-1,0.302750,0.108448,0.631494,0.989143,7.288548,23.972222,29.680556,0,FAIL
heavy,setpoint_step,37.5,25.0,60,0.10,NEW,0.70,1,1.163092,-1,0.304525,0.109973,0.634625,0.997880,7.290687,23.888889,29.601852,0,FAIL
heavy,setpoint_step,37.5,25.0,60,0.10,NEW,0.70,2,1.161762,-1,0.302975,0.109020,0.631910,0.989690,7.308767,23.833333,29.597222,0,FAIL
heavy,setpoint_step,37.5,25.0,60,0.10,NEW,0.50,1,1.162929,-1,0.303345,0.108598,0.632427,0.993534,7.328052,23.888889,29.564815,0,FAIL
heavy,setpoint_step,37.5,25.0,60,0.10,NEW,0.50,2,1.159998,-1,0.303852,0.109817,0.632683,0.992354,7.355952,23.861111,29.574074,0,FAIL
heavy,setpoint_step,37.5,25.0,60,0.10,NEW,0.35,1,1.161673,-1,0.304290,0.109552,0.634536,0.997062,7.332207,23.833333,29.537037,0,FAIL
heavy,setpoint_step,37.5,25.0,60,0.10,NEW,0.35,2,1.156903,-1,0.302113,0.107817,0.631045,0.990063,7.350357,23.833333,29.541667,0,FAIL
heavy,vent,37.5,25.0,60,0.01,OLD,1.00,1,1.194288,-1,0.322622,0.141039,0.667068,1.041261,12.500000,23.277778,35.145833,0,FAIL
heavy,vent,37.5,25.0,60,0.01,NEW,1.00,1,1.167635,-1,0.320260,0.134225,0.672429,1.042738,12.500000,23.722222,35.277778,0,FAIL
heavy,vent,37.5,25.0,60,0.01,NEW,1.00,2,1.170078,-1,0.320355,0.133750,0.673766,1.044497,12.500000,23.750000,35.259259,0,FAIL
heavy,vent,37.5,25.0,60,0.01,NEW,0.70,1,1.172737,-1,0.317639,0.131597,0.671068,1.041565,12.500000,23.888889,34.944444,0,FAIL
heavy,vent,37.5,25.0,60,0.01,NEW,0.70,2,1.170994,-1,0.319704,0.133157,0.674462,1.047856,12.500000,23.805556,34.949074,0,FAIL
heavy,vent,37.5,25.0,60,0.01,NEW,0.50,1,1.171004,-1,0.321993,0.134304,0.679814,1.054181,12.500000,23.722222,34.861111,0,FAIL
heavy,vent,37.5,25.0,60,0.01,NEW,0.50,2,1.169241,-1,0.319718,0.133135,0.675815,1.048477,12.500000,23.805556,34.856481,0,FAIL
heavy,vent,37.5,25.0,60,0.01,NEW,0.35,1,1.170732,-1,0.316240,0.129985,0.671366,1.043603,12.500000,24.000000,34.814815,0,FAIL
heavy,vent,37.5,25.0,60,0.01,NEW,0.35,2,1.172073,-1,0.319944,0.133037,0.677709,1.050927,12.500000,23.805556,34.745370,0,FAIL
heavy,door,37.5,25.0,60,0.01,OLD,1.00,1,1.189606,-1,0.311329,0.129723,0.665241,1.035667,12.500000,23.208333,36.423611,0,FAIL
heavy,door,37.5,25.0,60,0.01,NEW,1.00,1,1.168246,-1,0.318303,0.132327,0.669353,1.039140,12.500000,23.555556,36.648148,0,FAIL
heavy,door,37.5,25.0,60,0.01,NEW,1.00,2,1.168470,-1,0.320426,0.133641,0.675385,1.046413,12.500000,23.611111,36.675926,0,FAIL
heavy,door,37.5,25.0,60,0.01,NEW,0.70,1,1.171319,-1,0.321218,0.134009,0.677593,1.052489,12.500000,23.666667,36.620370,0,FAIL
heavy,door,37.5,25.0,60,0.01,NEW,0.70,2,1.170880,-1,0.320158,0.133661,0.673622,1.045669,12.500000,23.583333,36.597222,0,FAIL
heavy,door,37.5,25.0,60,0.01,NEW,0.50,1,1.171004,-1,0.318514,0.132570,0.669462,1.038784,12.500000,23.555556,36.527778,0,FAIL
heavy,door,37.5,25.0,60,0.01,NEW,0.50,2,1.168550,-1,0.320404,0.133659,0.674771,1.050836,12.500000,23.611111,36.583333,0,FAIL
heavy,door,37.5,25.0,60,0.01,NEW,0.35,1,1.173570,-1,0.318804,0.132844,0.669717,1.041166,12.500000,23.444444,36.509259,0,FAIL
heavy,door,37.5,25.0,60,0.01,NEW,0.35,2,1.172073,-1,0.320593,0.133702,0.674700,1.050486,12.500000,23.611111,36.564815,0,FAIL
heavy,ambient_rise,37.5,25.0,60,0.01,OLD,1.00,1,1.183643,-1,0.243524,0.107168,0.498548,0.777485,12.500000,17.736111,30.372685,0,FAIL
heavy,ambient_rise,37.5,25.0,60,0.01,NEW,1.00,1,1.167635,-1,0.240463,0.099569,0.509595,0.791208,12.500000,18.166667,30.185185,0,FAIL
heavy,ambient_rise,37.5,25.0,60,0.01,NEW,1.00,2,1.167389,-1,0.242101,0.100590,0.511660,0.793939,12.500000,18.111111,30.152778,0,FAIL
heavy,ambient_rise,37.5,25.0,60,0.01,NEW,0.70,1,1.170684,-1,0.240983,0.095922,0.509221,0.792000,12.500000,18.277778,29.824074,0,FAIL
heavy,ambient_rise,37.5,25.0,60,0.01,NEW,0.70,2,1.168092,-1,0.243002,0.098971,0.513238,0.797570,12.500000,18.138889,29.768519,0,FAIL
heavy,ambient_rise,37.5,25.0,60,0.01,NEW,0.50,1,1.171004,-1,0.240599,0.094154,0.510271,0.791835,12.500000,18.333333,29.787037,0,FAIL
heavy,ambient_rise,37.5,25.0,60,0.01,NEW,0.50,2,1.168550,-1,0.243508,0.100309,0.513643,0.796226,12.500000,18.083333,29.726852,0,FAIL
heavy,ambient_rise,37.5,25.0,60,0.01,NEW,0.35,1,1.168171,-1,0.241393,0.098115,0.508754,0.789207,12.500000,18.166667,29.712963,0,FAIL
heavy,ambient_rise,37.5,25.0,60,0.01,NEW,0.35,2,1.172073,-1,0.242709,0.097454,0.513064,0.796745,12.500000,18.166667,29.685185,0,FAIL
heavy,noise,37.5,25.0,60,0.01,OLD,1.00,1,1.175774,-1,0.316971,0.137378,0.657028,1.020542,12.500000,23.111111,34.046296,0,FAIL
heavy,noise,37.5,25.0,60,0.01,NEW,1.00,1,1.158641,-1,0.322202,0.137195,0.672803,1.042221,12.500000,23.444444,34.314815,0,FAIL
heavy,noise,37.5,25.0,60,0.01,NEW,1.00,2,1.160265,-1,0.321910,0.136959,0.671093,1.039943,12.500000,23.416667,34.310185,0,FAIL
heavy,noise,37.5,25.0,60,0.01,NEW,0.70,1,1.160409,-1,0.321339,0.135545,0.673045,1.049980,12.500000,23.888889,34.259259,0,FAIL
heavy,noise,37.5,25.0,60,0.01,NEW,0.70,2,1.160411,-1,0.319079,0.134693,0.667806,1.039812,12.500000,23.833333,34.254630,0,FAIL
heavy,noise,37.5,25.0,60,0.01,NEW,0.50,1,1.160468,-1,0.319911,0.134810,0.671454,1.041331,12.500000,23.944444,34.203704,0,FAIL
heavy,noise,37.5,25.0,60,0.01,NEW,0.50,2,1.161391,-1,0.319746,0.134617,0.669387,1.042532,12.500000,23.861111,34.226852,0,FAIL
heavy,noise,37.5,25.0,60,0.01,NEW,0.35,1,1.164833,-1,0.319882,0.134132,0.673258,1.045452,12.500000,24.000000,34.148148,0,FAIL
heavy,noise,37.5,25.0,60,0.01,NEW,0.35,2,1.161192,-1,0.319188,0.134256,0.671741,1.045234,12.500000,23.888889,34.148148,0,FAIL
heavy,one_bad_sample,37.5,25.0,60,0.01,OLD,1.00,1,1.183643,-1,0.319150,0.138019,0.661452,1.035869,12.500000,23.194444,34.064815,1,FAIL
heavy,one_bad_sample,37.5,25.0,60,0.01,NEW,1.00,1,1.167635,-1,0.321608,0.134387,0.676015,1.052991,12.500000,23.666667,34.277778,1,FAIL
heavy,one_bad_sample,37.5,25.0,60,0.01,NEW,1.00,2,1.167389,-1,0.321539,0.134620,0.677267,1.049820,12.500000,23.611111,34.296296,1,FAIL
heavy,one_bad_sample,37.5,25.0,60,0.01,NEW,0.70,1,1.170684,-1,0.318065,0.128484,0.670637,1.040534,12.500000,23.666667,33.240741,1,FAIL
heavy,one_bad_sample,37.5,25.0,60,0.01,NEW,0.70,2,1.168092,-1,0.320244,0.131753,0.674747,1.047513,12.500000,23.694444,33.245370,1,FAIL
heavy,one_bad_sample,37.5,25.0,60,0.01,NEW,0.50,1,1.171004,-1,0.315138,0.129081,0.669492,1.039188,12.500000,23.500000,33.351852,1,FAIL
heavy,one_bad_sample,37.5,25.0,60,0.01,NEW,0.50,2,1.168550,-1,0.319316,0.132628,0.674636,1.048155,12.500000,23.611111,33.388889,1,FAIL
heavy,one_bad_sample,37.5,25.0,60,0.01,NEW,0.35,1,1.171203,-1,0.317405,0.131390,0.669543,1.038139,12.500000,23.555556,33.500000,1,FAIL
heavy,one_bad_sample,37.5,25.0,60,0.01,NEW,0.35,2,1.172073,-1,0.319603,0.132803,0.675145,1.049430,12.500000,23.611111,33.495370,1,FAIL
heavy,sensor_loss,37.5,25.0,60,0.01,OLD,1.00,1,1.183643,-1,0.319150,0.138019,0.661452,1.035869,12.500000,23.194444,34.064815,30,FAIL
heavy,sensor_loss,37.5,25.0,60,0.01,NEW,1.00,1,1.167635,-1,0.321608,0.134387,0.676015,1.052991,12.500000,23.666667,34.277778,30,FAIL
heavy,sensor_loss,37.5,25.0,60,0.01,NEW,1.00,2,1.167389,-1,0.321539,0.134620,0.677267,1.049820,12.500000,23.611111,34.296296,30,FAIL
heavy,sensor_loss,37.5,25.0,60,0.01,NEW,0.70,1,1.170684,-1,0.318065,0.128484,0.670637,1.040534,12.500000,23.666667,33.240741,30,FAIL
heavy,sensor_loss,37.5,25.0,60,0.01,NEW,0.70,2,1.168092,-1,0.320244,0.131753,0.674747,1.047513,12.500000,23.694444,33.245370,30,FAIL
heavy,sensor_loss,37.5,25.0,60,0.01,NEW,0.50,1,1.171004,-1,0.315138,0.129081,0.669492,1.039188,12.500000,23.500000,33.351852,30,FAIL
heavy,sensor_loss,37.5,25.0,60,0.01,NEW,0.50,2,1.168550,-1,0.319316,0.132628,0.674636,1.048155,12.500000,23.611111,33.388889,30,FAIL
heavy,sensor_loss,37.5,25.0,60,0.01,NEW,0.35,1,1.171203,-1,0.317405,0.131390,0.669543,1.038139,12.500000,23.555556,33.500000,30,FAIL
heavy,sensor_loss,37.5,25.0,60,0.01,NEW,0.35,2,1.172073,-1,0.319474,0.132731,0.674969,1.047922,12.500000,23.583333,33.495370,30,FAIL
heavy,safety_cut,37.5,25.0,60,0.01,OLD,1.00,1,1.183643,-1,0.319150,0.138019,0.661452,1.035869,12.500000,23.194444,34.064815,0,FAIL
heavy,safety_cut,37.5,25.0,60,0.01,NEW,1.00,1,1.167635,-1,0.321608,0.134387,0.676015,1.052991,12.500000,23.666667,34.277778,0,FAIL
heavy,safety_cut,37.5,25.0,60,0.01,NEW,1.00,2,1.167389,-1,0.321539,0.134620,0.677267,1.049820,12.500000,23.611111,34.296296,0,FAIL
heavy,safety_cut,37.5,25.0,60,0.01,NEW,0.70,1,1.170684,-1,0.318065,0.128484,0.670637,1.040534,12.500000,23.666667,33.240741,0,FAIL
heavy,safety_cut,37.5,25.0,60,0.01,NEW,0.70,2,1.168092,-1,0.320244,0.131753,0.674747,1.047513,12.500000,23.694444,33.245370,0,FAIL
heavy,safety_cut,37.5,25.0,60,0.01,NEW,0.50,1,1.171004,-1,0.315138,0.129081,0.669492,1.039188,12.500000,23.500000,33.351852,0,FAIL
heavy,safety_cut,37.5,25.0,60,0.01,NEW,0.50,2,1.168550,-1,0.319316,0.132628,0.674636,1.048155,12.500000,23.611111,33.388889,0,FAIL
heavy,safety_cut,37.5,25.0,60,0.01,NEW,0.35,1,1.171203,-1,0.317405,0.131390,0.669543,1.038139,12.500000,23.555556,33.500000,0,FAIL
heavy,safety_cut,37.5,25.0,60,0.01,NEW,0.35,2,1.172073,-1,0.319474,0.132731,0.674969,1.047922,12.500000,23.583333,33.495370,0,FAIL
heavy,setpoint_step,37.5,25.0,60,0.01,OLD,1.00,1,1.184514,-1,0.314857,0.119849,0.660640,1.039906,7.285687,24.180556,29.752315,0,FAIL
heavy,setpoint_step,37.5,25.0,60,0.01,NEW,1.00,1,1.170362,-1,0.322322,0.134307,0.679695,1.057276,7.263959,23.722222,29.611111,0,FAIL
heavy,setpoint_step,37.5,25.0,60,0.01,NEW,1.00,2,1.170065,-1,0.319447,0.129460,0.673526,1.043911,7.271029,23.694444,29.611111,0,FAIL
heavy,setpoint_step,37.5,25.0,60,0.01,NEW,0.70,1,1.168172,-1,0.322291,0.134170,0.679890,1.053851,7.301526,23.722222,29.564815,0,FAIL
heavy,setpoint_step,37.5,25.0,60,0.01,NEW,0.70,2,1.169759,-1,0.319420,0.130206,0.673517,1.045704,7.312690,23.666667,29.564815,0,FAIL
heavy,setpoint_step,37.5,25.0,60,0.01,NEW,0.50,1,1.168093,-1,0.319830,0.130176,0.674142,1.049016,7.346809,23.666667,29.527778,0,FAIL
heavy,setpoint_step,37.5,25.0,60,0.01,NEW,0.50,2,1.170450,-1,0.319653,0.130488,0.673713,1.044965,7.347440,23.666667,29.532407,0,FAIL
heavy,setpoint_step,37.5,25.0,60,0.01,NEW,0.35,1,1.166738,-1,0.318227,0.127836,0.671030,1.044417,7.400074,23.666667,29.509259,0,FAIL
heavy,setpoint_step,37.5,25.0,60,0.01,NEW,0.35,2,1.167944,-1,0.320018,0.130680,0.675522,1.047453,7.399331,23.666667,29.504630,0,FAIL
