plant,scenario,setpoint,ambient,dead_s,resolution,algorithm,quantum_ms,first_high_cross_s,first_emergency_cross_s,peak_before_high,peak_before_emergency,high_crossed,emergency_crossed,qualification,model_scope
light,cold_start,30.0,20.0,5,0.10,OLD,0,-1.0,-1.0,32.486086,32.486086,0,0,NO_THRESHOLD_CROSSING,CONTROL-ONLY MODEL / NO PRODUCTION SAFETY INTERVENTION
light,cold_start,30.0,20.0,5,0.10,NEW,300,-1.0,-1.0,32.570011,32.570011,0,0,NO_THRESHOLD_CROSSING,CONTROL-ONLY MODEL / NO PRODUCTION SAFETY INTERVENTION
light,cold_start,30.0,20.0,5,0.10,NEW,500,-1.0,-1.0,32.574494,32.574494,0,0,NO_THRESHOLD_CROSSING,CONTROL-ONLY MODEL / NO PRODUCTION SAFETY INTERVENTION
light,cold_start,30.0,20.0,5,0.10,NEW,1000,-1.0,-1.0,32.610458,32.610458,0,0,NO_THRESHOLD_CROSSING,CONTROL-ONLY MODEL / NO PRODUCTION SAFETY INTERVENTION
light,cold_start,30.0,20.0,5,0.01,OLD,0,-1.0,-1.0,32.478418,32.478418,0,0,NO_THRESHOLD_CROSSING,CONTROL-ONLY MODEL / NO PRODUCTION SAFETY INTERVENTION
light,cold_start,30.0,20.0,5,0.01,NEW,300,-1.0,-1.0,32.575097,32.575097,0,0,NO_THRESHOLD_CROSSING,CONTROL-ONLY MODEL / NO PRODUCTION SAFETY INTERVENTION
light,cold_start,30.0,20.0,5,0.01,NEW,500,-1.0,-1.0,32.577423,32.577423,0,0,NO_THRESHOLD_CROSSING,CONTROL-ONLY MODEL / NO PRODUCTION SAFETY INTERVENTION
light,cold_start,30.0,20.0,5,0.01,NEW,1000,-1.0,-1.0,32.606663,32.606663,0,0,NO_THRESHOLD_CROSSING,CONTROL-ONLY MODEL / NO PRODUCTION SAFETY INTERVENTION
light,cold_start,30.0,20.0,15,0.10,OLD,0,-1.0,-1.0,33.116981,33.116981,0,0,NO_THRESHOLD_CROSSING,CONTROL-ONLY MODEL / NO PRODUCTION SAFETY INTERVENTION
light,cold_start,30.0,20.0,15,0.10,NEW,300,-1.0,-1.0,33.278619,33.278619,0,0,NO_THRESHOLD_CROSSING,CONTROL-ONLY MODEL / NO PRODUCTION SAFETY INTERVENTION
light,cold_start,30.0,20.0,15,0.10,NEW,500,-1.0,-1.0,33.297802,33.297802,0,0,NO_THRESHOLD_CROSSING,CONTROL-ONLY MODEL / NO PRODUCTION SAFETY INTERVENTION
light,cold_start,30.0,20.0,15,0.10,NEW,1000,-1.0,-1.0,33.337967,33.337967,0,0,NO_THRESHOLD_CROSSING,CONTROL-ONLY MODEL / NO PRODUCTION SAFETY INTERVENTION
light,cold_start,30.0,20.0,15,0.01,OLD,0,-1.0,-1.0,33.235575,33.235575,0,0,NO_THRESHOLD_CROSSING,CONTROL-ONLY MODEL / NO PRODUCTION SAFETY INTERVENTION
light,cold_start,30.0,20.0,15,0.01,NEW,300,-1.0,-1.0,33.274350,33.274350,0,0,NO_THRESHOLD_CROSSING,CONTROL-ONLY MODEL / NO PRODUCTION SAFETY INTERVENTION
light,cold_start,30.0,20.0,15,0.01,NEW,500,-1.0,-1.0,33.265883,33.265883,0,0,NO_THRESHOLD_CROSSING,CONTROL-ONLY MODEL / NO PRODUCTION SAFETY INTERVENTION
light,cold_start,30.0,20.0,15,0.01,NEW,1000,-1.0,-1.0,33.269289,33.269289,0,0,NO_THRESHOLD_CROSSING,CONTROL-ONLY MODEL / NO PRODUCTION SAFETY INTERVENTION
light,cold_start,30.0,20.0,30,0.10,OLD,0,-1.0,-1.0,34.347396,34.347396,0,0,NO_THRESHOLD_CROSSING,CONTROL-ONLY MODEL / NO PRODUCTION SAFETY INTERVENTION
light,cold_start,30.0,20.0,30,0.10,NEW,300,-1.0,-1.0,34.390506,34.390506,0,0,NO_THRESHOLD_CROSSING,CONTROL-ONLY MODEL / NO PRODUCTION SAFETY INTERVENTION
light,cold_start,30.0,20.0,30,0.10,NEW,500,-1.0,-1.0,34.401861,34.401861,0,0,NO_THRESHOLD_CROSSING,CONTROL-ONLY MODEL / NO PRODUCTION SAFETY INTERVENTION
light,cold_start,30.0,20.0,30,0.10,NEW,1000,-1.0,-1.0,34.368386,34.368386,0,0,NO_THRESHOLD_CROSSING,CONTROL-ONLY MODEL / NO PRODUCTION SAFETY INTERVENTION
light,cold_start,30.0,20.0,30,0.01,OLD,0,-1.0,-1.0,34.325570,34.325570,0,0,NO_THRESHOLD_CROSSING,CONTROL-ONLY MODEL / NO PRODUCTION SAFETY INTERVENTION
light,cold_start,30.0,20.0,30,0.01,NEW,300,-1.0,-1.0,34.413295,34.413295,0,0,NO_THRESHOLD_CROSSING,CONTROL-ONLY MODEL / NO PRODUCTION SAFETY INTERVENTION
light,cold_start,30.0,20.0,30,0.01,NEW,500,-1.0,-1.0,34.407719,34.407719,0,0,NO_THRESHOLD_CROSSING,CONTROL-ONLY MODEL / NO PRODUCTION SAFETY INTERVENTION
light,cold_start,30.0,20.0,30,0.01,NEW,1000,-1.0,-1.0,34.439733,34.439733,0,0,NO_THRESHOLD_CROSSING,CONTROL-ONLY MODEL / NO PRODUCTION SAFETY INTERVENTION
light,cold_start,30.0,20.0,60,0.10,OLD,0,-1.0,-1.0,36.672429,36.672429,0,0,NO_THRESHOLD_CROSSING,CONTROL-ONLY MODEL / NO PRODUCTION SAFETY INTERVENTION
light,cold_start,30.0,20.0,60,0.10,NEW,300,-1.0,-1.0,36.714044,36.714044,0,0,NO_THRESHOLD_CROSSING,CONTROL-ONLY MODEL / NO PRODUCTION SAFETY INTERVENTION
light,cold_start,30.0,20.0,60,0.10,NEW,500,-1.0,-1.0,36.695253,36.695253,0,0,NO_THRESHOLD_CROSSING,CONTROL-ONLY MODEL / NO PRODUCTION SAFETY INTERVENTION
light,cold_start,30.0,20.0,60,0.10,NEW,1000,-1.0,-1.0,36.690985,36.690985,0,0,NO_THRESHOLD_CROSSING,CONTROL-ONLY MODEL / NO PRODUCTION SAFETY INTERVENTION
light,cold_start,30.0,20.0,60,0.01,OLD,0,-1.0,-1.0,36.614256,36.614256,0,0,NO_THRESHOLD_CROSSING,CONTROL-ONLY MODEL / NO PRODUCTION SAFETY INTERVENTION
light,cold_start,30.0,20.0,60,0.01,NEW,300,-1.0,-1.0,36.715621,36.715621,0,0,NO_THRESHOLD_CROSSING,CONTROL-ONLY MODEL / NO PRODUCTION SAFETY INTERVENTION
light,cold_start,30.0,20.0,60,0.01,NEW,500,-1.0,-1.0,36.721730,36.721730,0,0,NO_THRESHOLD_CROSSING,CONTROL-ONLY MODEL / NO PRODUCTION SAFETY INTERVENTION
light,cold_start,30.0,20.0,60,0.01,NEW,1000,-1.0,-1.0,36.691542,36.691542,0,0,NO_THRESHOLD_CROSSING,CONTROL-ONLY MODEL / NO PRODUCTION SAFETY INTERVENTION
light,cold_start,30.0,25.0,5,0.10,OLD,0,-1.0,-1.0,32.612217,32.612217,0,0,NO_THRESHOLD_CROSSING,CONTROL-ONLY MODEL / NO PRODUCTION SAFETY INTERVENTION
light,cold_start,30.0,25.0,5,0.10,NEW,300,-1.0,-1.0,32.680953,32.680953,0,0,NO_THRESHOLD_CROSSING,CONTROL-ONLY MODEL / NO PRODUCTION SAFETY INTERVENTION
light,cold_start,30.0,25.0,5,0.10,NEW,500,-1.0,-1.0,32.690472,32.690472,0,0,NO_THRESHOLD_CROSSING,CONTROL-ONLY MODEL / NO PRODUCTION SAFETY INTERVENTION
light,cold_start,30.0,25.0,5,0.10,NEW,1000,-1.0,-1.0,32.691544,32.691544,0,0,NO_THRESHOLD_CROSSING,CONTROL-ONLY MODEL / NO PRODUCTION SAFETY INTERVENTION
light,cold_start,30.0,25.0,5,0.01,OLD,0,-1.0,-1.0,32.634933,32.634933,0,0,NO_THRESHOLD_CROSSING,CONTROL-ONLY MODEL / NO PRODUCTION SAFETY INTERVENTION
light,cold_start,30.0,25.0,5,0.01,NEW,300,-1.0,-1.0,32.682254,32.682254,0,0,NO_THRESHOLD_CROSSING,CONTROL-ONLY MODEL / NO PRODUCTION SAFETY INTERVENTION
light,cold_start,30.0,25.0,5,0.01,NEW,500,-1.0,-1.0,32.689683,32.689683,0,0,NO_THRESHOLD_CROSSING,CONTROL-ONLY MODEL / NO PRODUCTION SAFETY INTERVENTION
light,cold_start,30.0,25.0,5,0.01,NEW,1000,-1.0,-1.0,32.692804,32.692804,0,0,NO_THRESHOLD_CROSSING,CONTROL-ONLY MODEL / NO PRODUCTION SAFETY INTERVENTION
light,cold_start,30.0,25.0,15,0.10,OLD,0,-1.0,-1.0,33.321878,33.321878,0,0,NO_THRESHOLD_CROSSING,CONTROL-ONLY MODEL / NO PRODUCTION SAFETY INTERVENTION
light,cold_start,30.0,25.0,15,0.10,NEW,300,-1.0,-1.0,33.400828,33.400828,0,0,NO_THRESHOLD_CROSSING,CONTROL-ONLY MODEL / NO PRODUCTION SAFETY INTERVENTION
light,cold_start,30.0,25.0,15,0.10,NEW,500,-1.0,-1.0,33.395958,33.395958,0,0,NO_THRESHOLD_CROSSING,CONTROL-ONLY MODEL / NO PRODUCTION SAFETY INTERVENTION
light,cold_start,30.0,25.0,15,0.10,NEW,1000,-1.0,-1.0,33.430877,33.430877,0,0,NO_THRESHOLD_CROSSING,CONTROL-ONLY MODEL / NO PRODUCTION SAFETY INTERVENTION
light,cold_start,30.0,25.0,15,0.01,OLD,0,-1.0,-1.0,33.287853,33.287853,0,0,NO_THRESHOLD_CROSSING,CONTROL-ONLY MODEL / NO PRODUCTION SAFETY INTERVENTION
light,cold_start,30.0,25.0,15,0.01,NEW,300,-1.0,-1.0,33.402578,33.402578,0,0,NO_THRESHOLD_CROSSING,CONTROL-ONLY MODEL / NO PRODUCTION SAFETY INTERVENTION
light,cold_start,30.0,25.0,15,0.01,NEW,500,-1.0,-1.0,33.395965,33.395965,0,0,NO_THRESHOLD_CROSSING,CONTROL-ONLY MODEL / NO PRODUCTION SAFETY INTERVENTION
light,cold_start,30.0,25.0,15,0.01,NEW,1000,-1.0,-1.0,33.435798,33.435798,0,0,NO_THRESHOLD_CROSSING,CONTROL-ONLY MODEL / NO PRODUCTION SAFETY INTERVENTION
light,cold_start,30.0,25.0,30,0.10,OLD,0,-1.0,-1.0,34.619405,34.619405,0,0,NO_THRESHOLD_CROSSING,CONTROL-ONLY MODEL / NO PRODUCTION SAFETY INTERVENTION
light,cold_start,30.0,25.0,30,0.10,NEW,300,-1.0,-1.0,34.578157,34.578157,0,0,NO_THRESHOLD_CROSSING,CONTROL-ONLY MODEL / NO PRODUCTION SAFETY INTERVENTION
light,cold_start,30.0,25.0,30,0.10,NEW,500,-1.0,-1.0,34.583788,34.583788,0,0,NO_THRESHOLD_CROSSING,CONTROL-ONLY MODEL / NO PRODUCTION SAFETY INTERVENTION
light,cold_start,30.0,25.0,30,0.10,NEW,1000,-1.0,-1.0,34.656514,34.656514,0,0,NO_THRESHOLD_CROSSING,CONTROL-ONLY MODEL / NO PRODUCTION SAFETY INTERVENTION
light,cold_start,30.0,25.0,30,0.01,OLD,0,-1.0,-1.0,34.611016,34.611016,0,0,NO_THRESHOLD_CROSSING,CONTROL-ONLY MODEL / NO PRODUCTION SAFETY INTERVENTION
light,cold_start,30.0,25.0,30,0.01,NEW,300,-1.0,-1.0,34.582863,34.582863,0,0,NO_THRESHOLD_CROSSING,CONTROL-ONLY MODEL / NO PRODUCTION SAFETY INTERVENTION
light,cold_start,30.0,25.0,30,0.01,NEW,500,-1.0,-1.0,34.584713,34.584713,0,0,NO_THRESHOLD_CROSSING,CONTROL-ONLY MODEL / NO PRODUCTION SAFETY INTERVENTION
light,cold_start,30.0,25.0,30,0.01,NEW,1000,-1.0,-1.0,34.588288,34.588288,0,0,NO_THRESHOLD_CROSSING,CONTROL-ONLY MODEL / NO PRODUCTION SAFETY INTERVENTION
light,cold_start,30.0,25.0,60,0.10,OLD,0,-1.0,-1.0,36.961391,36.961391,0,0,NO_THRESHOLD_CROSSING,CONTROL-ONLY MODEL / NO PRODUCTION SAFETY INTERVENTION
light,cold_start,30.0,25.0,60,0.10,NEW,300,-1.0,-1.0,36.975150,36.975150,0,0,NO_THRESHOLD_CROSSING,CONTROL-ONLY MODEL / NO PRODUCTION SAFETY INTERVENTION
light,cold_start,30.0,25.0,60,0.10,NEW,500,-1.0,-1.0,37.000216,37.000216,0,0,NO_THRESHOLD_CROSSING,CONTROL-ONLY MODEL / NO PRODUCTION SAFETY INTERVENTION
light,cold_start,30.0,25.0,60,0.10,NEW,1000,-1.0,-1.0,37.069281,37.069281,0,0,NO_THRESHOLD_CROSSING,CONTROL-ONLY MODEL / NO PRODUCTION SAFETY INTERVENTION
light,cold_start,30.0,25.0,60,0.01,OLD,0,-1.0,-1.0,36.978389,36.978389,0,0,NO_THRESHOLD_CROSSING,CONTROL-ONLY MODEL / NO PRODUCTION SAFETY INTERVENTION
light,cold_start,30.0,25.0,60,0.01,NEW,300,-1.0,-1.0,36.999011,36.999011,0,0,NO_THRESHOLD_CROSSING,CONTROL-ONLY MODEL / NO PRODUCTION SAFETY INTERVENTION
light,cold_start,30.0,25.0,60,0.01,NEW,500,-1.0,-1.0,37.001400,37.001400,0,0,NO_THRESHOLD_CROSSING,CONTROL-ONLY MODEL / NO PRODUCTION SAFETY INTERVENTION
light,cold_start,30.0,25.0,60,0.01,NEW,1000,-1.0,-1.0,37.006020,37.006020,0,0,NO_THRESHOLD_CROSSING,CONTROL-ONLY MODEL / NO PRODUCTION SAFETY INTERVENTION
light,cold_start,30.0,28.0,5,0.10,OLD,0,-1.0,-1.0,31.851438,31.851438,0,0,NO_THRESHOLD_CROSSING,CONTROL-ONLY MODEL / NO PRODUCTION SAFETY INTERVENTION
light,cold_start,30.0,28.0,5,0.10,NEW,300,-1.0,-1.0,31.930117,31.930117,0,0,NO_THRESHOLD_CROSSING,CONTROL-ONLY MODEL / NO PRODUCTION SAFETY INTERVENTION
light,cold_start,30.0,28.0,5,0.10,NEW,500,-1.0,-1.0,31.955726,31.955726,0,0,NO_THRESHOLD_CROSSING,CONTROL-ONLY MODEL / NO PRODUCTION SAFETY INTERVENTION
light,cold_start,30.0,28.0,5,0.10,NEW,1000,-1.0,-1.0,31.997333,31.997333,0,0,NO_THRESHOLD_CROSSING,CONTROL-ONLY MODEL / NO PRODUCTION SAFETY INTERVENTION
light,cold_start,30.0,28.0,5,0.01,OLD,0,-1.0,-1.0,31.859972,31.859972,0,0,NO_THRESHOLD_CROSSING,CONTROL-ONLY MODEL / NO PRODUCTION SAFETY INTERVENTION
light,cold_start,30.0,28.0,5,0.01,NEW,300,-1.0,-1.0,31.955076,31.955076,0,0,NO_THRESHOLD_CROSSING,CONTROL-ONLY MODEL / NO PRODUCTION SAFETY INTERVENTION
light,cold_start,30.0,28.0,5,0.01,NEW,500,-1.0,-1.0,31.956339,31.956339,0,0,NO_THRESHOLD_CROSSING,CONTROL-ONLY MODEL / NO PRODUCTION SAFETY INTERVENTION
light,cold_start,30.0,28.0,5,0.01,NEW,1000,-1.0,-1.0,31.997277,31.997277,0,0,NO_THRESHOLD_CROSSING,CONTROL-ONLY MODEL / NO PRODUCTION SAFETY INTERVENTION
light,cold_start,30.0,28.0,15,0.10,OLD,0,-1.0,-1.0,32.939075,32.939075,0,0,NO_THRESHOLD_CROSSING,CONTROL-ONLY MODEL / NO PRODUCTION SAFETY INTERVENTION
light,cold_start,30.0,28.0,15,0.10,NEW,300,-1.0,-1.0,33.053232,33.053232,0,0,NO_THRESHOLD_CROSSING,CONTROL-ONLY MODEL / NO PRODUCTION SAFETY INTERVENTION
light,cold_start,30.0,28.0,15,0.10,NEW,500,-1.0,-1.0,33.060914,33.060914,0,0,NO_THRESHOLD_CROSSING,CONTROL-ONLY MODEL / NO PRODUCTION SAFETY INTERVENTION
light,cold_start,30.0,28.0,15,0.10,NEW,1000,-1.0,-1.0,33.104368,33.104368,0,0,NO_THRESHOLD_CROSSING,CONTROL-ONLY MODEL / NO PRODUCTION SAFETY INTERVENTION
light,cold_start,30.0,28.0,15,0.01,OLD,0,-1.0,-1.0,32.938644,32.938644,0,0,NO_THRESHOLD_CROSSING,CONTROL-ONLY MODEL / NO PRODUCTION SAFETY INTERVENTION
light,cold_start,30.0,28.0,15,0.01,NEW,300,-1.0,-1.0,33.076803,33.076803,0,0,NO_THRESHOLD_CROSSING,CONTROL-ONLY MODEL / NO PRODUCTION SAFETY INTERVENTION
light,cold_start,30.0,28.0,15,0.01,NEW,500,-1.0,-1.0,33.063083,33.063083,0,0,NO_THRESHOLD_CROSSING,CONTROL-ONLY MODEL / NO PRODUCTION SAFETY INTERVENTION
light,cold_start,30.0,28.0,15,0.01,NEW,1000,-1.0,-1.0,33.104368,33.104368,0,0,NO_THRESHOLD_CROSSING,CONTROL-ONLY MODEL / NO PRODUCTION SAFETY INTERVENTION
light,cold_start,30.0,28.0,30,0.10,OLD,0,-1.0,-1.0,34.762088,34.762088,0,0,NO_THRESHOLD_CROSSING,CONTROL-ONLY MODEL / NO PRODUCTION SAFETY INTERVENTION
light,cold_start,30.0,28.0,30,0.10,NEW,300,-1.0,-1.0,34.818866,34.818866,0,0,NO_THRESHOLD_CROSSING,CONTROL-ONLY MODEL / NO PRODUCTION SAFETY INTERVENTION
light,cold_start,30.0,28.0,30,0.10,NEW,500,-1.0,-1.0,34.826413,34.826413,0,0,NO_THRESHOLD_CROSSING,CONTROL-ONLY MODEL / NO PRODUCTION SAFETY INTERVENTION
light,cold_start,30.0,28.0,30,0.10,NEW,1000,-1.0,-1.0,34.869103,34.869103,0,0,NO_THRESHOLD_CROSSING,CONTROL-ONLY MODEL / NO PRODUCTION SAFETY INTERVENTION
light,cold_start,30.0,28.0,30,0.01,OLD,0,-1.0,-1.0,34.753627,34.753627,0,0,NO_THRESHOLD_CROSSING,CONTROL-ONLY MODEL / NO PRODUCTION SAFETY INTERVENTION
light,cold_start,30.0,28.0,30,0.01,NEW,300,-1.0,-1.0,34.841834,34.841834,0,0,NO_THRESHOLD_CROSSING,CONTROL-ONLY MODEL / NO PRODUCTION SAFETY INTERVENTION
light,cold_start,30.0,28.0,30,0.01,NEW,500,-1.0,-1.0,34.827321,34.827321,0,0,NO_THRESHOLD_CROSSING,CONTROL-ONLY MODEL / NO PRODUCTION SAFETY INTERVENTION
light,cold_start,30.0,28.0,30,0.01,NEW,1000,-1.0,-1.0,34.866503,34.866503,0,0,NO_THRESHOLD_CROSSING,CONTROL-ONLY MODEL / NO PRODUCTION SAFETY INTERVENTION
light,cold_start,30.0,28.0,60,0.10,OLD,0,-1.0,-1.0,37.197627,37.197627,0,0,NO_THRESHOLD_CROSSING,CONTROL-ONLY MODEL / NO PRODUCTION SAFETY INTERVENTION
light,cold_start,30.0,28.0,60,0.10,NEW,300,-1.0,-1.0,37.287379,37.287379,0,0,NO_THRESHOLD_CROSSING,CONTROL-ONLY MODEL / NO PRODUCTION SAFETY INTERVENTION
light,cold_start,30.0,28.0,60,0.10,NEW,500,-1.0,-1.0,37.294633,37.294633,0,0,NO_THRESHOLD_CROSSING,CONTROL-ONLY MODEL / NO PRODUCTION SAFETY INTERVENTION
light,cold_start,30.0,28.0,60,0.10,NEW,1000,-1.0,-1.0,37.336119,37.336119,0,0,NO_THRESHOLD_CROSSING,CONTROL-ONLY MODEL / NO PRODUCTION SAFETY INTERVENTION
light,cold_start,30.0,28.0,60,0.01,OLD,0,-1.0,-1.0,37.206006,37.206006,0,0,NO_THRESHOLD_CROSSING,CONTROL-ONLY MODEL / NO PRODUCTION SAFETY INTERVENTION
light,cold_start,30.0,28.0,60,0.01,NEW,300,-1.0,-1.0,37.308513,37.308513,0,0,NO_THRESHOLD_CROSSING,CONTROL-ONLY MODEL / NO PRODUCTION SAFETY INTERVENTION
light,cold_start,30.0,28.0,60,0.01,NEW,500,-1.0,-1.0,37.294616,37.294616,0,0,NO_THRESHOLD_CROSSING,CONTROL-ONLY MODEL / NO PRODUCTION SAFETY INTERVENTION
light,cold_start,30.0,28.0,60,0.01,NEW,1000,-1.0,-1.0,37.334215,37.334215,0,0,NO_THRESHOLD_CROSSING,CONTROL-ONLY MODEL / NO PRODUCTION SAFETY INTERVENTION
light,cold_start,32.0,20.0,5,0.10,OLD,0,-1.0,-1.0,34.492929,34.492929,0,0,NO_THRESHOLD_CROSSING,CONTROL-ONLY MODEL / NO PRODUCTION SAFETY INTERVENTION
light,cold_start,32.0,20.0,5,0.10,NEW,300,-1.0,-1.0,34.534152,34.534152,0,0,NO_THRESHOLD_CROSSING,CONTROL-ONLY MODEL / NO PRODUCTION SAFETY INTERVENTION
light,cold_start,32.0,20.0,5,0.10,NEW,500,-1.0,-1.0,34.538556,34.538556,0,0,NO_THRESHOLD_CROSSING,CONTROL-ONLY MODEL / NO PRODUCTION SAFETY INTERVENTION
light,cold_start,32.0,20.0,5,0.10,NEW,1000,-1.0,-1.0,34.569737,34.569737,0,0,NO_THRESHOLD_CROSSING,CONTROL-ONLY MODEL / NO PRODUCTION SAFETY INTERVENTION
light,cold_start,32.0,20.0,5,0.01,OLD,0,-1.0,-1.0,34.492929,34.492929,0,0,NO_THRESHOLD_CROSSING,CONTROL-ONLY MODEL / NO PRODUCTION SAFETY INTERVENTION
light,cold_start,32.0,20.0,5,0.01,NEW,300,-1.0,-1.0,34.533956,34.533956,0,0,NO_THRESHOLD_CROSSING,CONTROL-ONLY MODEL / NO PRODUCTION SAFETY INTERVENTION
light,cold_start,32.0,20.0,5,0.01,NEW,500,-1.0,-1.0,34.541563,34.541563,0,0,NO_THRESHOLD_CROSSING,CONTROL-ONLY MODEL / NO PRODUCTION SAFETY INTERVENTION
light,cold_start,32.0,20.0,5,0.01,NEW,1000,-1.0,-1.0,34.569401,34.569401,0,0,NO_THRESHOLD_CROSSING,CONTROL-ONLY MODEL / NO PRODUCTION SAFETY INTERVENTION
light,cold_start,32.0,20.0,15,0.10,OLD,0,-1.0,-1.0,35.154520,35.154520,0,0,NO_THRESHOLD_CROSSING,CONTROL-ONLY MODEL / NO PRODUCTION SAFETY INTERVENTION
light,cold_start,32.0,20.0,15,0.10,NEW,300,-1.0,-1.0,35.223682,35.223682,0,0,NO_THRESHOLD_CROSSING,CONTROL-ONLY MODEL / NO PRODUCTION SAFETY INTERVENTION
light,cold_start,32.0,20.0,15,0.10,NEW,500,-1.0,-1.0,35.220922,35.220922,0,0,NO_THRESHOLD_CROSSING,CONTROL-ONLY MODEL / NO PRODUCTION SAFETY INTERVENTION
light,cold_start,32.0,20.0,15,0.10,NEW,1000,-1.0,-1.0,35.224646,35.224646,0,0,NO_THRESHOLD_CROSSING,CONTROL-ONLY MODEL / NO PRODUCTION SAFETY INTERVENTION
light,cold_start,32.0,20.0,15,0.01,OLD,0,-1.0,-1.0,35.159800,35.159800,0,0,NO_THRESHOLD_CROSSING,CONTROL-ONLY MODEL / NO PRODUCTION SAFETY INTERVENTION
light,cold_start,32.0,20.0,15,0.01,NEW,300,-1.0,-1.0,35.224356,35.224356,0,0,NO_THRESHOLD_CROSSING,CONTROL-ONLY MODEL / NO PRODUCTION SAFETY INTERVENTION
light,cold_start,32.0,20.0,15,0.01,NEW,500,-1.0,-1.0,35.246190,35.246190,0,0,NO_THRESHOLD_CROSSING,CONTROL-ONLY MODEL / NO PRODUCTION SAFETY INTERVENTION
light,cold_start,32.0,20.0,15,0.01,NEW,1000,-1.0,-1.0,35.283539,35.283539,0,0,NO_THRESHOLD_CROSSING,CONTROL-ONLY MODEL / NO PRODUCTION SAFETY INTERVENTION
light,cold_start,32.0,20.0,30,0.10,OLD,0,-1.0,-1.0,36.244556,36.244556,0,0,NO_THRESHOLD_CROSSING,CONTROL-ONLY MODEL / NO PRODUCTION SAFETY INTERVENTION
light,cold_start,32.0,20.0,30,0.10,NEW,300,-1.0,-1.0,36.357679,36.357679,0,0,NO_THRESHOLD_CROSSING,CONTROL-ONLY MODEL / NO PRODUCTION SAFETY INTERVENTION
light,cold_start,32.0,20.0,30,0.10,NEW,500,-1.0,-1.0,36.380113,36.380113,0,0,NO_THRESHOLD_CROSSING,CONTROL-ONLY MODEL / NO PRODUCTION SAFETY INTERVENTION
light,cold_start,32.0,20.0,30,0.10,NEW,1000,-1.0,-1.0,36.390677,36.390677,0,0,NO_THRESHOLD_CROSSING,CONTROL-ONLY MODEL / NO PRODUCTION SAFETY INTERVENTION
light,cold_start,32.0,20.0,30,0.01,OLD,0,-1.0,-1.0,36.255039,36.255039,0,0,NO_THRESHOLD_CROSSING,CONTROL-ONLY MODEL / NO PRODUCTION SAFETY INTERVENTION
light,cold_start,32.0,20.0,30,0.01,NEW,300,-1.0,-1.0,36.341358,36.341358,0,0,NO_THRESHOLD_CROSSING,CONTROL-ONLY MODEL / NO PRODUCTION SAFETY INTERVENTION
light,cold_start,32.0,20.0,30,0.01,NEW,500,-1.0,-1.0,36.341353,36.341353,0,0,NO_THRESHOLD_CROSSING,CONTROL-ONLY MODEL / NO PRODUCTION SAFETY INTERVENTION
light,cold_start,32.0,20.0,30,0.01,NEW,1000,-1.0,-1.0,36.369028,36.369028,0,0,NO_THRESHOLD_CROSSING,CONTROL-ONLY MODEL / NO PRODUCTION SAFETY INTERVENTION
light,cold_start,32.0,20.0,60,0.10,OLD,0,309.7,-1.0,38.198666,38.426771,1,0,SAFETY_INTERVENTION_REQUIRED,CONTROL-ONLY MODEL / NO PRODUCTION SAFETY INTERVENTION
light,cold_start,32.0,20.0,60,0.10,NEW,300,305.5,-1.0,38.199430,38.620686,1,0,SAFETY_INTERVENTION_REQUIRED,CONTROL-ONLY MODEL / NO PRODUCTION SAFETY INTERVENTION
light,cold_start,32.0,20.0,60,0.10,NEW,500,305.6,-1.0,38.198493,38.627126,1,0,SAFETY_INTERVENTION_REQUIRED,CONTROL-ONLY MODEL / NO PRODUCTION SAFETY INTERVENTION
light,cold_start,32.0,20.0,60,0.10,NEW,1000,306.2,-1.0,38.199399,38.599009,1,0,SAFETY_INTERVENTION_REQUIRED,CONTROL-ONLY MODEL / NO PRODUCTION SAFETY INTERVENTION
light,cold_start,32.0,20.0,60,0.01,OLD,0,309.7,-1.0,38.198719,38.426828,1,0,SAFETY_INTERVENTION_REQUIRED,CONTROL-ONLY MODEL / NO PRODUCTION SAFETY INTERVENTION
light,cold_start,32.0,20.0,60,0.01,NEW,300,305.7,-1.0,38.198978,38.607237,1,0,SAFETY_INTERVENTION_REQUIRED,CONTROL-ONLY MODEL / NO PRODUCTION SAFETY INTERVENTION
light,cold_start,32.0,20.0,60,0.01,NEW,500,305.9,-1.0,38.199601,38.594909,1,0,SAFETY_INTERVENTION_REQUIRED,CONTROL-ONLY MODEL / NO PRODUCTION SAFETY INTERVENTION
light,cold_start,32.0,20.0,60,0.01,NEW,1000,306.2,-1.0,38.198430,38.588280,1,0,SAFETY_INTERVENTION_REQUIRED,CONTROL-ONLY MODEL / NO PRODUCTION SAFETY INTERVENTION
light,cold_start,32.0,25.0,5,0.10,OLD,0,-1.0,-1.0,34.564808,34.564808,0,0,NO_THRESHOLD_CROSSING,CONTROL-ONLY MODEL / NO PRODUCTION SAFETY INTERVENTION
light,cold_start,32.0,25.0,5,0.10,NEW,300,-1.0,-1.0,34.643008,34.643008,0,0,NO_THRESHOLD_CROSSING,CONTROL-ONLY MODEL / NO PRODUCTION SAFETY INTERVENTION
light,cold_start,32.0,25.0,5,0.10,NEW,500,-1.0,-1.0,34.648243,34.648243,0,0,NO_THRESHOLD_CROSSING,CONTROL-ONLY MODEL / NO PRODUCTION SAFETY INTERVENTION
light,cold_start,32.0,25.0,5,0.10,NEW,1000,-1.0,-1.0,34.652438,34.652438,0,0,NO_THRESHOLD_CROSSING,CONTROL-ONLY MODEL / NO PRODUCTION SAFETY INTERVENTION
light,cold_start,32.0,25.0,5,0.01,OLD,0,-1.0,-1.0,34.588145,34.588145,0,0,NO_THRESHOLD_CROSSING,CONTROL-ONLY MODEL / NO PRODUCTION SAFETY INTERVENTION
light,cold_start,32.0,25.0,5,0.01,NEW,300,-1.0,-1.0,34.642955,34.642955,0,0,NO_THRESHOLD_CROSSING,CONTROL-ONLY MODEL / NO PRODUCTION SAFETY INTERVENTION
light,cold_start,32.0,25.0,5,0.01,NEW,500,-1.0,-1.0,34.649387,34.649387,0,0,NO_THRESHOLD_CROSSING,CONTROL-ONLY MODEL / NO PRODUCTION SAFETY INTERVENTION
light,cold_start,32.0,25.0,5,0.01,NEW,1000,-1.0,-1.0,34.651626,34.651626,0,0,NO_THRESHOLD_CROSSING,CONTROL-ONLY MODEL / NO PRODUCTION SAFETY INTERVENTION
light,cold_start,32.0,25.0,15,0.10,OLD,0,-1.0,-1.0,35.228522,35.228522,0,0,NO_THRESHOLD_CROSSING,CONTROL-ONLY MODEL / NO PRODUCTION SAFETY INTERVENTION
light,cold_start,32.0,25.0,15,0.10,NEW,300,-1.0,-1.0,35.354546,35.354546,0,0,NO_THRESHOLD_CROSSING,CONTROL-ONLY MODEL / NO PRODUCTION SAFETY INTERVENTION
light,cold_start,32.0,25.0,15,0.10,NEW,500,-1.0,-1.0,35.383525,35.383525,0,0,NO_THRESHOLD_CROSSING,CONTROL-ONLY MODEL / NO PRODUCTION SAFETY INTERVENTION
light,cold_start,32.0,25.0,15,0.10,NEW,1000,-1.0,-1.0,35.388354,35.388354,0,0,NO_THRESHOLD_CROSSING,CONTROL-ONLY MODEL / NO PRODUCTION SAFETY INTERVENTION
light,cold_start,32.0,25.0,15,0.01,OLD,0,-1.0,-1.0,35.249731,35.249731,0,0,NO_THRESHOLD_CROSSING,CONTROL-ONLY MODEL / NO PRODUCTION SAFETY INTERVENTION
light,cold_start,32.0,25.0,15,0.01,NEW,300,-1.0,-1.0,35.352492,35.352492,0,0,NO_THRESHOLD_CROSSING,CONTROL-ONLY MODEL / NO PRODUCTION SAFETY INTERVENTION
light,cold_start,32.0,25.0,15,0.01,NEW,500,-1.0,-1.0,35.347179,35.347179,0,0,NO_THRESHOLD_CROSSING,CONTROL-ONLY MODEL / NO PRODUCTION SAFETY INTERVENTION
light,cold_start,32.0,25.0,15,0.01,NEW,1000,-1.0,-1.0,35.374996,35.374996,0,0,NO_THRESHOLD_CROSSING,CONTROL-ONLY MODEL / NO PRODUCTION SAFETY INTERVENTION
light,cold_start,32.0,25.0,30,0.10,OLD,0,-1.0,-1.0,36.557178,36.557178,0,0,NO_THRESHOLD_CROSSING,CONTROL-ONLY MODEL / NO PRODUCTION SAFETY INTERVENTION
light,cold_start,32.0,25.0,30,0.10,NEW,300,-1.0,-1.0,36.540591,36.540591,0,0,NO_THRESHOLD_CROSSING,CONTROL-ONLY MODEL / NO PRODUCTION SAFETY INTERVENTION
light,cold_start,32.0,25.0,30,0.10,NEW,500,-1.0,-1.0,36.519934,36.519934,0,0,NO_THRESHOLD_CROSSING,CONTROL-ONLY MODEL / NO PRODUCTION SAFETY INTERVENTION
light,cold_start,32.0,25.0,30,0.10,NEW,1000,-1.0,-1.0,36.520849,36.520849,0,0,NO_THRESHOLD_CROSSING,CONTROL-ONLY MODEL / NO PRODUCTION SAFETY INTERVENTION
light,cold_start,32.0,25.0,30,0.01,OLD,0,-1.0,-1.0,36.513266,36.513266,0,0,NO_THRESHOLD_CROSSING,CONTROL-ONLY MODEL / NO PRODUCTION SAFETY INTERVENTION
light,cold_start,32.0,25.0,30,0.01,NEW,300,-1.0,-1.0,36.517694,36.517694,0,0,NO_THRESHOLD_CROSSING,CONTROL-ONLY MODEL / NO PRODUCTION SAFETY INTERVENTION
light,cold_start,32.0,25.0,30,0.01,NEW,500,-1.0,-1.0,36.518436,36.518436,0,0,NO_THRESHOLD_CROSSING,CONTROL-ONLY MODEL / NO PRODUCTION SAFETY INTERVENTION
light,cold_start,32.0,25.0,30,0.01,NEW,1000,-1.0,-1.0,36.518975,36.518975,0,0,NO_THRESHOLD_CROSSING,CONTROL-ONLY MODEL / NO PRODUCTION SAFETY INTERVENTION
light,cold_start,32.0,25.0,60,0.10,OLD,0,239.1,-1.0,38.199699,38.935849,1,0,SAFETY_INTERVENTION_REQUIRED,CONTROL-ONLY MODEL / NO PRODUCTION SAFETY INTERVENTION
light,cold_start,32.0,25.0,60,0.10,NEW,300,239.9,-1.0,38.196382,38.875252,1,0,SAFETY_INTERVENTION_REQUIRED,CONTROL-ONLY MODEL / NO PRODUCTION SAFETY INTERVENTION
light,cold_start,32.0,25.0,60,0.10,NEW,500,240.1,-1.0,38.197049,38.889326,1,0,SAFETY_INTERVENTION_REQUIRED,CONTROL-ONLY MODEL / NO PRODUCTION SAFETY INTERVENTION
light,cold_start,32.0,25.0,60,0.10,NEW,1000,240.5,-1.0,38.194533,38.884898,1,0,SAFETY_INTERVENTION_REQUIRED,CONTROL-ONLY MODEL / NO PRODUCTION SAFETY INTERVENTION
light,cold_start,32.0,25.0,60,0.01,OLD,0,240.1,-1.0,38.196752,38.876037,1,0,SAFETY_INTERVENTION_REQUIRED,CONTROL-ONLY MODEL / NO PRODUCTION SAFETY INTERVENTION
light,cold_start,32.0,25.0,60,0.01,NEW,300,239.9,-1.0,38.196300,38.875462,1,0,SAFETY_INTERVENTION_REQUIRED,CONTROL-ONLY MODEL / NO PRODUCTION SAFETY INTERVENTION
light,cold_start,32.0,25.0,60,0.01,NEW,500,240.1,-1.0,38.196911,38.860969,1,0,SAFETY_INTERVENTION_REQUIRED,CONTROL-ONLY MODEL / NO PRODUCTION SAFETY INTERVENTION
light,cold_start,32.0,25.0,60,0.01,NEW,1000,240.6,-1.0,38.199824,38.882076,1,0,SAFETY_INTERVENTION_REQUIRED,CONTROL-ONLY MODEL / NO PRODUCTION SAFETY INTERVENTION
light,cold_start,32.0,28.0,5,0.10,OLD,0,-1.0,-1.0,34.567733,34.567733,0,0,NO_THRESHOLD_CROSSING,CONTROL-ONLY MODEL / NO PRODUCTION SAFETY INTERVENTION
light,cold_start,32.0,28.0,5,0.10,NEW,300,-1.0,-1.0,34.692518,34.692518,0,0,NO_THRESHOLD_CROSSING,CONTROL-ONLY MODEL / NO PRODUCTION SAFETY INTERVENTION
light,cold_start,32.0,28.0,5,0.10,NEW,500,-1.0,-1.0,34.701248,34.701248,0,0,NO_THRESHOLD_CROSSING,CONTROL-ONLY MODEL / NO PRODUCTION SAFETY INTERVENTION
light,cold_start,32.0,28.0,5,0.10,NEW,1000,-1.0,-1.0,34.700476,34.700476,0,0,NO_THRESHOLD_CROSSING,CONTROL-ONLY MODEL / NO PRODUCTION SAFETY INTERVENTION
light,cold_start,32.0,28.0,5,0.01,OLD,0,-1.0,-1.0,34.705836,34.705836,0,0,NO_THRESHOLD_CROSSING,CONTROL-ONLY MODEL / NO PRODUCTION SAFETY INTERVENTION
light,cold_start,32.0,28.0,5,0.01,NEW,300,-1.0,-1.0,34.714745,34.714745,0,0,NO_THRESHOLD_CROSSING,CONTROL-ONLY MODEL / NO PRODUCTION SAFETY INTERVENTION
light,cold_start,32.0,28.0,5,0.01,NEW,500,-1.0,-1.0,34.700971,34.700971,0,0,NO_THRESHOLD_CROSSING,CONTROL-ONLY MODEL / NO PRODUCTION SAFETY INTERVENTION
light,cold_start,32.0,28.0,5,0.01,NEW,1000,-1.0,-1.0,34.700254,34.700254,0,0,NO_THRESHOLD_CROSSING,CONTROL-ONLY MODEL / NO PRODUCTION SAFETY INTERVENTION
light,cold_start,32.0,28.0,15,0.10,OLD,0,-1.0,-1.0,35.370479,35.370479,0,0,NO_THRESHOLD_CROSSING,CONTROL-ONLY MODEL / NO PRODUCTION SAFETY INTERVENTION
light,cold_start,32.0,28.0,15,0.10,NEW,300,-1.0,-1.0,35.438871,35.438871,0,0,NO_THRESHOLD_CROSSING,CONTROL-ONLY MODEL / NO PRODUCTION SAFETY INTERVENTION
light,cold_start,32.0,28.0,15,0.10,NEW,500,-1.0,-1.0,35.450054,35.450054,0,0,NO_THRESHOLD_CROSSING,CONTROL-ONLY MODEL / NO PRODUCTION SAFETY INTERVENTION
light,cold_start,32.0,28.0,15,0.10,NEW,1000,-1.0,-1.0,35.447693,35.447693,0,0,NO_THRESHOLD_CROSSING,CONTROL-ONLY MODEL / NO PRODUCTION SAFETY INTERVENTION
light,cold_start,32.0,28.0,15,0.01,OLD,0,-1.0,-1.0,35.508281,35.508281,0,0,NO_THRESHOLD_CROSSING,CONTROL-ONLY MODEL / NO PRODUCTION SAFETY INTERVENTION
light,cold_start,32.0,28.0,15,0.01,NEW,300,-1.0,-1.0,35.441039,35.441039,0,0,NO_THRESHOLD_CROSSING,CONTROL-ONLY MODEL / NO PRODUCTION SAFETY INTERVENTION
light,cold_start,32.0,28.0,15,0.01,NEW,500,-1.0,-1.0,35.448910,35.448910,0,0,NO_THRESHOLD_CROSSING,CONTROL-ONLY MODEL / NO PRODUCTION SAFETY INTERVENTION
light,cold_start,32.0,28.0,15,0.01,NEW,1000,-1.0,-1.0,35.445778,35.445778,0,0,NO_THRESHOLD_CROSSING,CONTROL-ONLY MODEL / NO PRODUCTION SAFETY INTERVENTION
light,cold_start,32.0,28.0,30,0.10,OLD,0,-1.0,-1.0,36.504921,36.504921,0,0,NO_THRESHOLD_CROSSING,CONTROL-ONLY MODEL / NO PRODUCTION SAFETY INTERVENTION
light,cold_start,32.0,28.0,30,0.10,NEW,300,-1.0,-1.0,36.629763,36.629763,0,0,NO_THRESHOLD_CROSSING,CONTROL-ONLY MODEL / NO PRODUCTION SAFETY INTERVENTION
light,cold_start,32.0,28.0,30,0.10,NEW,500,-1.0,-1.0,36.643530,36.643530,0,0,NO_THRESHOLD_CROSSING,CONTROL-ONLY MODEL / NO PRODUCTION SAFETY INTERVENTION
light,cold_start,32.0,28.0,30,0.10,NEW,1000,-1.0,-1.0,36.604962,36.604962,0,0,NO_THRESHOLD_CROSSING,CONTROL-ONLY MODEL / NO PRODUCTION SAFETY INTERVENTION
light,cold_start,32.0,28.0,30,0.01,OLD,0,-1.0,-1.0,36.521984,36.521984,0,0,NO_THRESHOLD_CROSSING,CONTROL-ONLY MODEL / NO PRODUCTION SAFETY INTERVENTION
light,cold_start,32.0,28.0,30,0.01,NEW,300,-1.0,-1.0,36.650123,36.650123,0,0,NO_THRESHOLD_CROSSING,CONTROL-ONLY MODEL / NO PRODUCTION SAFETY INTERVENTION
light,cold_start,32.0,28.0,30,0.01,NEW,500,-1.0,-1.0,36.645835,36.645835,0,0,NO_THRESHOLD_CROSSING,CONTROL-ONLY MODEL / NO PRODUCTION SAFETY INTERVENTION
light,cold_start,32.0,28.0,30,0.01,NEW,1000,-1.0,-1.0,36.606590,36.606590,0,0,NO_THRESHOLD_CROSSING,CONTROL-ONLY MODEL / NO PRODUCTION SAFETY INTERVENTION
light,cold_start,32.0,28.0,60,0.10,OLD,0,204.2,-1.0,38.199929,38.883681,1,0,SAFETY_INTERVENTION_REQUIRED,CONTROL-ONLY MODEL / NO PRODUCTION SAFETY INTERVENTION
light,cold_start,32.0,28.0,60,0.10,NEW,300,203.6,223.1,38.198993,38.999658,1,1,EMERGENCY_INTERVENTION_REQUIRED,CONTROL-ONLY MODEL / NO PRODUCTION SAFETY INTERVENTION
light,cold_start,32.0,28.0,60,0.10,NEW,500,203.7,223.2,38.196630,38.998486,1,1,EMERGENCY_INTERVENTION_REQUIRED,CONTROL-ONLY MODEL / NO PRODUCTION SAFETY INTERVENTION
light,cold_start,32.0,28.0,60,0.10,NEW,1000,204.1,224.8,38.198315,38.999868,1,1,EMERGENCY_INTERVENTION_REQUIRED,CONTROL-ONLY MODEL / NO PRODUCTION SAFETY INTERVENTION
light,cold_start,32.0,28.0,60,0.01,OLD,0,204.2,-1.0,38.199929,38.883681,1,0,SAFETY_INTERVENTION_REQUIRED,CONTROL-ONLY MODEL / NO PRODUCTION SAFETY INTERVENTION
light,cold_start,32.0,28.0,60,0.01,NEW,300,203.6,223.0,38.198869,38.998691,1,1,EMERGENCY_INTERVENTION_REQUIRED,CONTROL-ONLY MODEL / NO PRODUCTION SAFETY INTERVENTION
light,cold_start,32.0,28.0,60,0.01,NEW,500,203.6,222.6,38.196513,38.998400,1,1,EMERGENCY_INTERVENTION_REQUIRED,CONTROL-ONLY MODEL / NO PRODUCTION SAFETY INTERVENTION
light,cold_start,32.0,28.0,60,0.01,NEW,1000,203.9,224.3,38.196605,38.999680,1,1,EMERGENCY_INTERVENTION_REQUIRED,CONTROL-ONLY MODEL / NO PRODUCTION SAFETY INTERVENTION
light,cold_start,35.0,20.0,5,0.10,OLD,0,-1.0,-1.0,37.461597,37.461597,0,0,NO_THRESHOLD_CROSSING,CONTROL-ONLY MODEL / NO PRODUCTION SAFETY INTERVENTION
light,cold_start,35.0,20.0,5,0.10,NEW,300,-1.0,-1.0,37.468349,37.468349,0,0,NO_THRESHOLD_CROSSING,CONTROL-ONLY MODEL / NO PRODUCTION SAFETY INTERVENTION
light,cold_start,35.0,20.0,5,0.10,NEW,500,-1.0,-1.0,37.467973,37.467973,0,0,NO_THRESHOLD_CROSSING,CONTROL-ONLY MODEL / NO PRODUCTION SAFETY INTERVENTION
light,cold_start,35.0,20.0,5,0.10,NEW,1000,-1.0,-1.0,37.499946,37.499946,0,0,NO_THRESHOLD_CROSSING,CONTROL-ONLY MODEL / NO PRODUCTION SAFETY INTERVENTION
light,cold_start,35.0,20.0,5,0.01,OLD,0,-1.0,-1.0,37.447043,37.447043,0,0,NO_THRESHOLD_CROSSING,CONTROL-ONLY MODEL / NO PRODUCTION SAFETY INTERVENTION
light,cold_start,35.0,20.0,5,0.01,NEW,300,-1.0,-1.0,37.467741,37.467741,0,0,NO_THRESHOLD_CROSSING,CONTROL-ONLY MODEL / NO PRODUCTION SAFETY INTERVENTION
light,cold_start,35.0,20.0,5,0.01,NEW,500,-1.0,-1.0,37.469070,37.469070,0,0,NO_THRESHOLD_CROSSING,CONTROL-ONLY MODEL / NO PRODUCTION SAFETY INTERVENTION
light,cold_start,35.0,20.0,5,0.01,NEW,1000,-1.0,-1.0,37.490089,37.490089,0,0,NO_THRESHOLD_CROSSING,CONTROL-ONLY MODEL / NO PRODUCTION SAFETY INTERVENTION
light,cold_start,35.0,20.0,15,0.10,OLD,0,-1.0,-1.0,38.078483,38.078483,0,0,NO_THRESHOLD_CROSSING,CONTROL-ONLY MODEL / NO PRODUCTION SAFETY INTERVENTION
light,cold_start,35.0,20.0,15,0.10,NEW,300,-1.0,-1.0,38.123724,38.123724,0,0,NO_THRESHOLD_CROSSING,CONTROL-ONLY MODEL / NO PRODUCTION SAFETY INTERVENTION
light,cold_start,35.0,20.0,15,0.10,NEW,500,-1.0,-1.0,38.132361,38.132361,0,0,NO_THRESHOLD_CROSSING,CONTROL-ONLY MODEL / NO PRODUCTION SAFETY INTERVENTION
light,cold_start,35.0,20.0,15,0.10,NEW,1000,-1.0,-1.0,38.135622,38.135622,0,0,NO_THRESHOLD_CROSSING,CONTROL-ONLY MODEL / NO PRODUCTION SAFETY INTERVENTION
light,cold_start,35.0,20.0,15,0.01,OLD,0,-1.0,-1.0,38.104720,38.104720,0,0,NO_THRESHOLD_CROSSING,CONTROL-ONLY MODEL / NO PRODUCTION SAFETY INTERVENTION
light,cold_start,35.0,20.0,15,0.01,NEW,300,-1.0,-1.0,38.139145,38.139145,0,0,NO_THRESHOLD_CROSSING,CONTROL-ONLY MODEL / NO PRODUCTION SAFETY INTERVENTION
light,cold_start,35.0,20.0,15,0.01,NEW,500,-1.0,-1.0,38.135170,38.135170,0,0,NO_THRESHOLD_CROSSING,CONTROL-ONLY MODEL / NO PRODUCTION SAFETY INTERVENTION
light,cold_start,35.0,20.0,15,0.01,NEW,1000,-1.0,-1.0,38.141872,38.141872,0,0,NO_THRESHOLD_CROSSING,CONTROL-ONLY MODEL / NO PRODUCTION SAFETY INTERVENTION
light,cold_start,35.0,20.0,30,0.10,OLD,0,272.9,289.4,38.199605,38.998353,1,1,EMERGENCY_INTERVENTION_REQUIRED,CONTROL-ONLY MODEL / NO PRODUCTION SAFETY INTERVENTION
light,cold_start,35.0,20.0,30,0.10,NEW,300,272.0,288.3,38.199864,38.997171,1,1,EMERGENCY_INTERVENTION_REQUIRED,CONTROL-ONLY MODEL / NO PRODUCTION SAFETY INTERVENTION
light,cold_start,35.0,20.0,30,0.10,NEW,500,272.0,288.2,38.197072,38.999823,1,1,EMERGENCY_INTERVENTION_REQUIRED,CONTROL-ONLY MODEL / NO PRODUCTION SAFETY INTERVENTION
light,cold_start,35.0,20.0,30,0.10,NEW,1000,272.2,287.9,38.199821,38.996393,1,1,EMERGENCY_INTERVENTION_REQUIRED,CONTROL-ONLY MODEL / NO PRODUCTION SAFETY INTERVENTION
light,cold_start,35.0,20.0,30,0.01,OLD,0,273.0,289.7,38.196300,38.998159,1,1,EMERGENCY_INTERVENTION_REQUIRED,CONTROL-ONLY MODEL / NO PRODUCTION SAFETY INTERVENTION
light,cold_start,35.0,20.0,30,0.01,NEW,300,271.9,288.3,38.194840,38.999337,1,1,EMERGENCY_INTERVENTION_REQUIRED,CONTROL-ONLY MODEL / NO PRODUCTION SAFETY INTERVENTION
light,cold_start,35.0,20.0,30,0.01,NEW,500,272.0,288.2,38.196967,38.999308,1,1,EMERGENCY_INTERVENTION_REQUIRED,CONTROL-ONLY MODEL / NO PRODUCTION SAFETY INTERVENTION
light,cold_start,35.0,20.0,30,0.01,NEW,1000,272.3,288.0,38.197536,38.998729,1,1,EMERGENCY_INTERVENTION_REQUIRED,CONTROL-ONLY MODEL / NO PRODUCTION SAFETY INTERVENTION
light,cold_start,35.0,20.0,60,0.10,OLD,0,300.8,311.3,38.199531,38.993932,1,1,EMERGENCY_INTERVENTION_REQUIRED,CONTROL-ONLY MODEL / NO PRODUCTION SAFETY INTERVENTION
light,cold_start,35.0,20.0,60,0.10,NEW,300,300.4,310.9,38.192972,38.995819,1,1,EMERGENCY_INTERVENTION_REQUIRED,CONTROL-ONLY MODEL / NO PRODUCTION SAFETY INTERVENTION
light,cold_start,35.0,20.0,60,0.10,NEW,500,300.7,311.1,38.198789,38.993772,1,1,EMERGENCY_INTERVENTION_REQUIRED,CONTROL-ONLY MODEL / NO PRODUCTION SAFETY INTERVENTION
light,cold_start,35.0,20.0,60,0.10,NEW,1000,301.2,311.7,38.194148,38.996266,1,1,EMERGENCY_INTERVENTION_REQUIRED,CONTROL-ONLY MODEL / NO PRODUCTION SAFETY INTERVENTION
light,cold_start,35.0,20.0,60,0.01,OLD,0,300.8,311.4,38.193494,38.993444,1,1,EMERGENCY_INTERVENTION_REQUIRED,CONTROL-ONLY MODEL / NO PRODUCTION SAFETY INTERVENTION
light,cold_start,35.0,20.0,60,0.01,NEW,300,300.4,310.9,38.193207,38.995832,1,1,EMERGENCY_INTERVENTION_REQUIRED,CONTROL-ONLY MODEL / NO PRODUCTION SAFETY INTERVENTION
light,cold_start,35.0,20.0,60,0.01,NEW,500,300.7,311.1,38.199169,38.993791,1,1,EMERGENCY_INTERVENTION_REQUIRED,CONTROL-ONLY MODEL / NO PRODUCTION SAFETY INTERVENTION
light,cold_start,35.0,20.0,60,0.01,NEW,1000,301.2,311.7,38.194876,38.996291,1,1,EMERGENCY_INTERVENTION_REQUIRED,CONTROL-ONLY MODEL / NO PRODUCTION SAFETY INTERVENTION
light,cold_start,35.0,25.0,5,0.10,OLD,0,-1.0,-1.0,37.486086,37.486086,0,0,NO_THRESHOLD_CROSSING,CONTROL-ONLY MODEL / NO PRODUCTION SAFETY INTERVENTION
light,cold_start,35.0,25.0,5,0.10,NEW,300,-1.0,-1.0,37.570011,37.570011,0,0,NO_THRESHOLD_CROSSING,CONTROL-ONLY MODEL / NO PRODUCTION SAFETY INTERVENTION
light,cold_start,35.0,25.0,5,0.10,NEW,500,-1.0,-1.0,37.574494,37.574494,0,0,NO_THRESHOLD_CROSSING,CONTROL-ONLY MODEL / NO PRODUCTION SAFETY INTERVENTION
light,cold_start,35.0,25.0,5,0.10,NEW,1000,-1.0,-1.0,37.610458,37.610458,0,0,NO_THRESHOLD_CROSSING,CONTROL-ONLY MODEL / NO PRODUCTION SAFETY INTERVENTION
light,cold_start,35.0,25.0,5,0.01,OLD,0,-1.0,-1.0,37.478418,37.478418,0,0,NO_THRESHOLD_CROSSING,CONTROL-ONLY MODEL / NO PRODUCTION SAFETY INTERVENTION
light,cold_start,35.0,25.0,5,0.01,NEW,300,-1.0,-1.0,37.575097,37.575097,0,0,NO_THRESHOLD_CROSSING,CONTROL-ONLY MODEL / NO PRODUCTION SAFETY INTERVENTION
light,cold_start,35.0,25.0,5,0.01,NEW,500,-1.0,-1.0,37.577423,37.577423,0,0,NO_THRESHOLD_CROSSING,CONTROL-ONLY MODEL / NO PRODUCTION SAFETY INTERVENTION
light,cold_start,35.0,25.0,5,0.01,NEW,1000,-1.0,-1.0,37.606663,37.606663,0,0,NO_THRESHOLD_CROSSING,CONTROL-ONLY MODEL / NO PRODUCTION SAFETY INTERVENTION
light,cold_start,35.0,25.0,15,0.10,OLD,0,-1.0,-1.0,38.116981,38.116981,0,0,NO_THRESHOLD_CROSSING,CONTROL-ONLY MODEL / NO PRODUCTION SAFETY INTERVENTION
light,cold_start,35.0,25.0,15,0.10,NEW,300,203.9,-1.0,38.199907,38.278619,1,0,SAFETY_INTERVENTION_REQUIRED,CONTROL-ONLY MODEL / NO PRODUCTION SAFETY INTERVENTION
light,cold_start,35.0,25.0,15,0.10,NEW,500,203.6,-1.0,38.199506,38.297802,1,0,SAFETY_INTERVENTION_REQUIRED,CONTROL-ONLY MODEL / NO PRODUCTION SAFETY INTERVENTION
light,cold_start,35.0,25.0,15,0.10,NEW,1000,202.6,-1.0,38.199531,38.337967,1,0,SAFETY_INTERVENTION_REQUIRED,CONTROL-ONLY MODEL / NO PRODUCTION SAFETY INTERVENTION
light,cold_start,35.0,25.0,15,0.01,OLD,0,205.4,-1.0,38.199043,38.235575,1,0,SAFETY_INTERVENTION_REQUIRED,CONTROL-ONLY MODEL / NO PRODUCTION SAFETY INTERVENTION
light,cold_start,35.0,25.0,15,0.01,NEW,300,204.5,-1.0,38.199046,38.274350,1,0,SAFETY_INTERVENTION_REQUIRED,CONTROL-ONLY MODEL / NO PRODUCTION SAFETY INTERVENTION
light,cold_start,35.0,25.0,15,0.01,NEW,500,204.1,-1.0,38.199892,38.265883,1,0,SAFETY_INTERVENTION_REQUIRED,CONTROL-ONLY MODEL / NO PRODUCTION SAFETY INTERVENTION
light,cold_start,35.0,25.0,15,0.01,NEW,1000,203.7,-1.0,38.199898,38.269289,1,0,SAFETY_INTERVENTION_REQUIRED,CONTROL-ONLY MODEL / NO PRODUCTION SAFETY INTERVENTION
light,cold_start,35.0,25.0,30,0.10,OLD,0,208.0,223.4,38.196180,38.999069,1,1,EMERGENCY_INTERVENTION_REQUIRED,CONTROL-ONLY MODEL / NO PRODUCTION SAFETY INTERVENTION
light,cold_start,35.0,25.0,30,0.10,NEW,300,207.9,222.4,38.195071,38.998250,1,1,EMERGENCY_INTERVENTION_REQUIRED,CONTROL-ONLY MODEL / NO PRODUCTION SAFETY INTERVENTION
light,cold_start,35.0,25.0,30,0.10,NEW,500,208.1,222.5,38.198870,38.996801,1,1,EMERGENCY_INTERVENTION_REQUIRED,CONTROL-ONLY MODEL / NO PRODUCTION SAFETY INTERVENTION
light,cold_start,35.0,25.0,30,0.10,NEW,1000,208.5,223.1,38.199036,38.999484,1,1,EMERGENCY_INTERVENTION_REQUIRED,CONTROL-ONLY MODEL / NO PRODUCTION SAFETY INTERVENTION
light,cold_start,35.0,25.0,30,0.01,OLD,0,208.6,224.2,38.195861,38.995809,1,1,EMERGENCY_INTERVENTION_REQUIRED,CONTROL-ONLY MODEL / NO PRODUCTION SAFETY INTERVENTION
light,cold_start,35.0,25.0,30,0.01,NEW,300,207.9,222.1,38.198898,38.996229,1,1,EMERGENCY_INTERVENTION_REQUIRED,CONTROL-ONLY MODEL / NO PRODUCTION SAFETY INTERVENTION
light,cold_start,35.0,25.0,30,0.01,NEW,500,208.0,222.3,38.198393,38.997516,1,1,EMERGENCY_INTERVENTION_REQUIRED,CONTROL-ONLY MODEL / NO PRODUCTION SAFETY INTERVENTION
light,cold_start,35.0,25.0,30,0.01,NEW,1000,208.3,222.3,38.193779,38.999148,1,1,EMERGENCY_INTERVENTION_REQUIRED,CONTROL-ONLY MODEL / NO PRODUCTION SAFETY INTERVENTION
light,cold_start,35.0,25.0,60,0.10,OLD,0,236.3,246.4,38.192715,38.998971,1,1,EMERGENCY_INTERVENTION_REQUIRED,CONTROL-ONLY MODEL / NO PRODUCTION SAFETY INTERVENTION
light,cold_start,35.0,25.0,60,0.10,NEW,300,236.5,246.6,38.198004,38.992818,1,1,EMERGENCY_INTERVENTION_REQUIRED,CONTROL-ONLY MODEL / NO PRODUCTION SAFETY INTERVENTION
light,cold_start,35.0,25.0,60,0.10,NEW,500,236.6,246.8,38.198206,38.993750,1,1,EMERGENCY_INTERVENTION_REQUIRED,CONTROL-ONLY MODEL / NO PRODUCTION SAFETY INTERVENTION
light,cold_start,35.0,25.0,60,0.10,NEW,1000,236.8,247.3,38.196037,38.996047,1,1,EMERGENCY_INTERVENTION_REQUIRED,CONTROL-ONLY MODEL / NO PRODUCTION SAFETY INTERVENTION
light,cold_start,35.0,25.0,60,0.01,OLD,0,236.8,246.9,38.195291,38.996704,1,1,EMERGENCY_INTERVENTION_REQUIRED,CONTROL-ONLY MODEL / NO PRODUCTION SAFETY INTERVENTION
light,cold_start,35.0,25.0,60,0.01,NEW,300,236.6,246.7,38.193713,38.997473,1,1,EMERGENCY_INTERVENTION_REQUIRED,CONTROL-ONLY MODEL / NO PRODUCTION SAFETY INTERVENTION
light,cold_start,35.0,25.0,60,0.01,NEW,500,236.8,246.9,38.194170,38.996421,1,1,EMERGENCY_INTERVENTION_REQUIRED,CONTROL-ONLY MODEL / NO PRODUCTION SAFETY INTERVENTION
light,cold_start,35.0,25.0,60,0.01,NEW,1000,237.3,247.4,38.195286,38.993776,1,1,EMERGENCY_INTERVENTION_REQUIRED,CONTROL-ONLY MODEL / NO PRODUCTION SAFETY INTERVENTION
light,cold_start,35.0,28.0,5,0.10,OLD,0,-1.0,-1.0,37.564808,37.564808,0,0,NO_THRESHOLD_CROSSING,CONTROL-ONLY MODEL / NO PRODUCTION SAFETY INTERVENTION
light,cold_start,35.0,28.0,5,0.10,NEW,300,-1.0,-1.0,37.643008,37.643008,0,0,NO_THRESHOLD_CROSSING,CONTROL-ONLY MODEL / NO PRODUCTION SAFETY INTERVENTION
light,cold_start,35.0,28.0,5,0.10,NEW,500,-1.0,-1.0,37.648243,37.648243,0,0,NO_THRESHOLD_CROSSING,CONTROL-ONLY MODEL / NO PRODUCTION SAFETY INTERVENTION
light,cold_start,35.0,28.0,5,0.10,NEW,1000,-1.0,-1.0,37.652438,37.652438,0,0,NO_THRESHOLD_CROSSING,CONTROL-ONLY MODEL / NO PRODUCTION SAFETY INTERVENTION
light,cold_start,35.0,28.0,5,0.01,OLD,0,-1.0,-1.0,37.588145,37.588145,0,0,NO_THRESHOLD_CROSSING,CONTROL-ONLY MODEL / NO PRODUCTION SAFETY INTERVENTION
light,cold_start,35.0,28.0,5,0.01,NEW,300,-1.0,-1.0,37.642955,37.642955,0,0,NO_THRESHOLD_CROSSING,CONTROL-ONLY MODEL / NO PRODUCTION SAFETY INTERVENTION
light,cold_start,35.0,28.0,5,0.01,NEW,500,-1.0,-1.0,37.649387,37.649387,0,0,NO_THRESHOLD_CROSSING,CONTROL-ONLY MODEL / NO PRODUCTION SAFETY INTERVENTION
light,cold_start,35.0,28.0,5,0.01,NEW,1000,-1.0,-1.0,37.651626,37.651626,0,0,NO_THRESHOLD_CROSSING,CONTROL-ONLY MODEL / NO PRODUCTION SAFETY INTERVENTION
light,cold_start,35.0,28.0,15,0.10,OLD,0,171.4,-1.0,38.199581,38.228522,1,0,SAFETY_INTERVENTION_REQUIRED,CONTROL-ONLY MODEL / NO PRODUCTION SAFETY INTERVENTION
light,cold_start,35.0,28.0,15,0.10,NEW,300,165.1,-1.0,38.199547,38.354546,1,0,SAFETY_INTERVENTION_REQUIRED,CONTROL-ONLY MODEL / NO PRODUCTION SAFETY INTERVENTION
light,cold_start,35.0,28.0,15,0.10,NEW,500,164.6,-1.0,38.197930,38.383525,1,0,SAFETY_INTERVENTION_REQUIRED,CONTROL-ONLY MODEL / NO PRODUCTION SAFETY INTERVENTION
light,cold_start,35.0,28.0,15,0.10,NEW,1000,164.6,-1.0,38.198078,38.388354,1,0,SAFETY_INTERVENTION_REQUIRED,CONTROL-ONLY MODEL / NO PRODUCTION SAFETY INTERVENTION
light,cold_start,35.0,28.0,15,0.01,OLD,0,170.5,-1.0,38.198623,38.249731,1,0,SAFETY_INTERVENTION_REQUIRED,CONTROL-ONLY MODEL / NO PRODUCTION SAFETY INTERVENTION
light,cold_start,35.0,28.0,15,0.01,NEW,300,165.3,-1.0,38.199497,38.352492,1,0,SAFETY_INTERVENTION_REQUIRED,CONTROL-ONLY MODEL / NO PRODUCTION SAFETY INTERVENTION
light,cold_start,35.0,28.0,15,0.01,NEW,500,165.3,-1.0,38.199136,38.347179,1,0,SAFETY_INTERVENTION_REQUIRED,CONTROL-ONLY MODEL / NO PRODUCTION SAFETY INTERVENTION
light,cold_start,35.0,28.0,15,0.01,NEW,1000,165.7,-1.0,38.199316,38.374996,1,0,SAFETY_INTERVENTION_REQUIRED,CONTROL-ONLY MODEL / NO PRODUCTION SAFETY INTERVENTION
light,cold_start,35.0,28.0,30,0.10,OLD,0,170.1,183.8,38.193231,38.999131,1,1,EMERGENCY_INTERVENTION_REQUIRED,CONTROL-ONLY MODEL / NO PRODUCTION SAFETY INTERVENTION
light,cold_start,35.0,28.0,30,0.10,NEW,300,170.7,183.9,38.198432,38.997196,1,1,EMERGENCY_INTERVENTION_REQUIRED,CONTROL-ONLY MODEL / NO PRODUCTION SAFETY INTERVENTION
light,cold_start,35.0,28.0,30,0.10,NEW,500,170.8,184.1,38.193252,38.999730,1,1,EMERGENCY_INTERVENTION_REQUIRED,CONTROL-ONLY MODEL / NO PRODUCTION SAFETY INTERVENTION
light,cold_start,35.0,28.0,30,0.10,NEW,1000,171.1,184.4,38.198027,38.996087,1,1,EMERGENCY_INTERVENTION_REQUIRED,CONTROL-ONLY MODEL / NO PRODUCTION SAFETY INTERVENTION
light,cold_start,35.0,28.0,30,0.01,OLD,0,170.8,184.8,38.193506,38.997369,1,1,EMERGENCY_INTERVENTION_REQUIRED,CONTROL-ONLY MODEL / NO PRODUCTION SAFETY INTERVENTION
light,cold_start,35.0,28.0,30,0.01,NEW,300,170.7,184.1,38.195195,38.995963,1,1,EMERGENCY_INTERVENTION_REQUIRED,CONTROL-ONLY MODEL / NO PRODUCTION SAFETY INTERVENTION
light,cold_start,35.0,28.0,30,0.01,NEW,500,170.8,184.3,38.193437,38.996486,1,1,EMERGENCY_INTERVENTION_REQUIRED,CONTROL-ONLY MODEL / NO PRODUCTION SAFETY INTERVENTION
light,cold_start,35.0,28.0,30,0.01,NEW,1000,171.2,184.6,38.195375,38.995873,1,1,EMERGENCY_INTERVENTION_REQUIRED,CONTROL-ONLY MODEL / NO PRODUCTION SAFETY INTERVENTION
light,cold_start,35.0,28.0,60,0.10,OLD,0,199.3,209.1,38.192293,38.994219,1,1,EMERGENCY_INTERVENTION_REQUIRED,CONTROL-ONLY MODEL / NO PRODUCTION SAFETY INTERVENTION
light,cold_start,35.0,28.0,60,0.10,NEW,300,199.6,209.4,38.193460,38.993242,1,1,EMERGENCY_INTERVENTION_REQUIRED,CONTROL-ONLY MODEL / NO PRODUCTION SAFETY INTERVENTION
light,cold_start,35.0,28.0,60,0.10,NEW,500,199.8,209.6,38.194115,38.992558,1,1,EMERGENCY_INTERVENTION_REQUIRED,CONTROL-ONLY MODEL / NO PRODUCTION SAFETY INTERVENTION
light,cold_start,35.0,28.0,60,0.10,NEW,1000,200.3,210.2,38.195637,38.998931,1,1,EMERGENCY_INTERVENTION_REQUIRED,CONTROL-ONLY MODEL / NO PRODUCTION SAFETY INTERVENTION
light,cold_start,35.0,28.0,60,0.01,OLD,0,199.6,209.4,38.193318,38.993206,1,1,EMERGENCY_INTERVENTION_REQUIRED,CONTROL-ONLY MODEL / NO PRODUCTION SAFETY INTERVENTION
light,cold_start,35.0,28.0,60,0.01,NEW,300,199.4,209.4,38.196769,38.998628,1,1,EMERGENCY_INTERVENTION_REQUIRED,CONTROL-ONLY MODEL / NO PRODUCTION SAFETY INTERVENTION
light,cold_start,35.0,28.0,60,0.01,NEW,500,199.4,209.5,38.194767,38.993412,1,1,EMERGENCY_INTERVENTION_REQUIRED,CONTROL-ONLY MODEL / NO PRODUCTION SAFETY INTERVENTION
light,cold_start,35.0,28.0,60,0.01,NEW,1000,199.5,209.9,38.198754,38.992208,1,1,EMERGENCY_INTERVENTION_REQUIRED,CONTROL-ONLY MODEL / NO PRODUCTION SAFETY INTERVENTION
light,cold_start,37.5,20.0,5,0.10,OLD,0,246.1,259.6,38.198104,38.995872,1,1,EMERGENCY_INTERVENTION_REQUIRED,CONTROL-ONLY MODEL / NO PRODUCTION SAFETY INTERVENTION
light,cold_start,37.5,20.0,5,0.10,NEW,300,245.8,258.4,38.194450,38.997748,1,1,EMERGENCY_INTERVENTION_REQUIRED,CONTROL-ONLY MODEL / NO PRODUCTION SAFETY INTERVENTION
light,cold_start,37.5,20.0,5,0.10,NEW,500,246.0,258.6,38.196906,38.994483,1,1,EMERGENCY_INTERVENTION_REQUIRED,CONTROL-ONLY MODEL / NO PRODUCTION SAFETY INTERVENTION
light,cold_start,37.5,20.0,5,0.10,NEW,1000,246.3,258.7,38.194169,38.994613,1,1,EMERGENCY_INTERVENTION_REQUIRED,CONTROL-ONLY MODEL / NO PRODUCTION SAFETY INTERVENTION
light,cold_start,37.5,20.0,5,0.01,OLD,0,246.1,259.4,38.198853,38.996988,1,1,EMERGENCY_INTERVENTION_REQUIRED,CONTROL-ONLY MODEL / NO PRODUCTION SAFETY INTERVENTION
light,cold_start,37.5,20.0,5,0.01,NEW,300,245.8,258.4,38.193284,38.996734,1,1,EMERGENCY_INTERVENTION_REQUIRED,CONTROL-ONLY MODEL / NO PRODUCTION SAFETY INTERVENTION
light,cold_start,37.5,20.0,5,0.01,NEW,500,245.9,258.5,38.193869,38.999411,1,1,EMERGENCY_INTERVENTION_REQUIRED,CONTROL-ONLY MODEL / NO PRODUCTION SAFETY INTERVENTION
light,cold_start,37.5,20.0,5,0.01,NEW,1000,246.2,258.7,38.193842,38.996296,1,1,EMERGENCY_INTERVENTION_REQUIRED,CONTROL-ONLY MODEL / NO PRODUCTION SAFETY INTERVENTION
light,cold_start,37.5,20.0,15,0.10,OLD,0,255.6,266.7,38.199978,38.994160,1,1,EMERGENCY_INTERVENTION_REQUIRED,CONTROL-ONLY MODEL / NO PRODUCTION SAFETY INTERVENTION
light,cold_start,37.5,20.0,15,0.10,NEW,300,255.4,266.3,38.192881,38.994406,1,1,EMERGENCY_INTERVENTION_REQUIRED,CONTROL-ONLY MODEL / NO PRODUCTION SAFETY INTERVENTION
light,cold_start,37.5,20.0,15,0.10,NEW,500,255.7,266.5,38.198671,38.999614,1,1,EMERGENCY_INTERVENTION_REQUIRED,CONTROL-ONLY MODEL / NO PRODUCTION SAFETY INTERVENTION
light,cold_start,37.5,20.0,15,0.10,NEW,1000,256.2,266.7,38.193953,38.994770,1,1,EMERGENCY_INTERVENTION_REQUIRED,CONTROL-ONLY MODEL / NO PRODUCTION SAFETY INTERVENTION
light,cold_start,37.5,20.0,15,0.01,OLD,0,255.6,266.6,38.199978,38.994504,1,1,EMERGENCY_INTERVENTION_REQUIRED,CONTROL-ONLY MODEL / NO PRODUCTION SAFETY INTERVENTION
light,cold_start,37.5,20.0,15,0.01,NEW,300,255.4,266.3,38.192804,38.994260,1,1,EMERGENCY_INTERVENTION_REQUIRED,CONTROL-ONLY MODEL / NO PRODUCTION SAFETY INTERVENTION
light,cold_start,37.5,20.0,15,0.01,NEW,500,255.7,266.5,38.198537,38.999367,1,1,EMERGENCY_INTERVENTION_REQUIRED,CONTROL-ONLY MODEL / NO PRODUCTION SAFETY INTERVENTION
light,cold_start,37.5,20.0,15,0.01,NEW,1000,256.2,266.7,38.193675,38.994276,1,1,EMERGENCY_INTERVENTION_REQUIRED,CONTROL-ONLY MODEL / NO PRODUCTION SAFETY INTERVENTION
light,cold_start,37.5,20.0,30,0.10,OLD,0,270.1,280.6,38.195711,38.998887,1,1,EMERGENCY_INTERVENTION_REQUIRED,CONTROL-ONLY MODEL / NO PRODUCTION SAFETY INTERVENTION
light,cold_start,37.5,20.0,30,0.10,NEW,300,270.4,280.9,38.193062,38.995820,1,1,EMERGENCY_INTERVENTION_REQUIRED,CONTROL-ONLY MODEL / NO PRODUCTION SAFETY INTERVENTION
light,cold_start,37.5,20.0,30,0.10,NEW,500,270.7,281.1,38.198948,38.993773,1,1,EMERGENCY_INTERVENTION_REQUIRED,CONTROL-ONLY MODEL / NO PRODUCTION SAFETY INTERVENTION
light,cold_start,37.5,20.0,30,0.10,NEW,1000,271.2,281.7,38.194452,38.996262,1,1,EMERGENCY_INTERVENTION_REQUIRED,CONTROL-ONLY MODEL / NO PRODUCTION SAFETY INTERVENTION
light,cold_start,37.5,20.0,30,0.01,OLD,0,270.1,280.6,38.195711,38.998887,1,1,EMERGENCY_INTERVENTION_REQUIRED,CONTROL-ONLY MODEL / NO PRODUCTION SAFETY INTERVENTION
light,cold_start,37.5,20.0,30,0.01,NEW,300,270.3,280.9,38.196809,38.998520,1,1,EMERGENCY_INTERVENTION_REQUIRED,CONTROL-ONLY MODEL / NO PRODUCTION SAFETY INTERVENTION
light,cold_start,37.5,20.0,30,0.01,NEW,500,270.4,281.1,38.194983,38.998209,1,1,EMERGENCY_INTERVENTION_REQUIRED,CONTROL-ONLY MODEL / NO PRODUCTION SAFETY INTERVENTION
light,cold_start,37.5,20.0,30,0.01,NEW,1000,270.7,281.6,38.194014,38.997203,1,1,EMERGENCY_INTERVENTION_REQUIRED,CONTROL-ONLY MODEL / NO PRODUCTION SAFETY INTERVENTION
light,cold_start,37.5,20.0,60,0.10,OLD,0,300.1,310.6,38.195711,38.998887,1,1,EMERGENCY_INTERVENTION_REQUIRED,CONTROL-ONLY MODEL / NO PRODUCTION SAFETY INTERVENTION
light,cold_start,37.5,20.0,60,0.10,NEW,300,300.1,310.8,38.195711,38.994577,1,1,EMERGENCY_INTERVENTION_REQUIRED,CONTROL-ONLY MODEL / NO PRODUCTION SAFETY INTERVENTION
light,cold_start,37.5,20.0,60,0.10,NEW,500,300.1,311.0,38.195711,38.996640,1,1,EMERGENCY_INTERVENTION_REQUIRED,CONTROL-ONLY MODEL / NO PRODUCTION SAFETY INTERVENTION
light,cold_start,37.5,20.0,60,0.10,NEW,1000,300.1,311.4,38.195711,38.993971,1,1,EMERGENCY_INTERVENTION_REQUIRED,CONTROL-ONLY MODEL / NO PRODUCTION SAFETY INTERVENTION
light,cold_start,37.5,20.0,60,0.01,OLD,0,300.1,310.6,38.195711,38.998887,1,1,EMERGENCY_INTERVENTION_REQUIRED,CONTROL-ONLY MODEL / NO PRODUCTION SAFETY INTERVENTION
light,cold_start,37.5,20.0,60,0.01,NEW,300,300.1,310.6,38.195711,38.998887,1,1,EMERGENCY_INTERVENTION_REQUIRED,CONTROL-ONLY MODEL / NO PRODUCTION SAFETY INTERVENTION
light,cold_start,37.5,20.0,60,0.01,NEW,500,300.1,310.6,38.195711,38.998887,1,1,EMERGENCY_INTERVENTION_REQUIRED,CONTROL-ONLY MODEL / NO PRODUCTION SAFETY INTERVENTION
light,cold_start,37.5,20.0,60,0.01,NEW,1000,300.1,310.6,38.195711,38.998887,1,1,EMERGENCY_INTERVENTION_REQUIRED,CONTROL-ONLY MODEL / NO PRODUCTION SAFETY INTERVENTION
light,cold_start,37.5,25.0,5,0.10,OLD,0,182.5,194.6,38.193667,38.998411,1,1,EMERGENCY_INTERVENTION_REQUIRED,CONTROL-ONLY MODEL / NO PRODUCTION SAFETY INTERVENTION
light,cold_start,37.5,25.0,5,0.10,NEW,300,182.1,193.9,38.199454,38.994732,1,1,EMERGENCY_INTERVENTION_REQUIRED,CONTROL-ONLY MODEL / NO PRODUCTION SAFETY INTERVENTION
light,cold_start,37.5,25.0,5,0.10,NEW,500,182.2,194.0,38.197249,38.994058,1,1,EMERGENCY_INTERVENTION_REQUIRED,CONTROL-ONLY MODEL / NO PRODUCTION SAFETY INTERVENTION
light,cold_start,37.5,25.0,5,0.10,NEW,1000,182.4,194.2,38.195400,38.996880,1,1,EMERGENCY_INTERVENTION_REQUIRED,CONTROL-ONLY MODEL / NO PRODUCTION SAFETY INTERVENTION
light,cold_start,37.5,25.0,5,0.01,OLD,0,183.2,195.3,38.199816,38.998534,1,1,EMERGENCY_INTERVENTION_REQUIRED,CONTROL-ONLY MODEL / NO PRODUCTION SAFETY INTERVENTION
light,cold_start,37.5,25.0,5,0.01,NEW,300,182.0,193.9,38.194861,38.995265,1,1,EMERGENCY_INTERVENTION_REQUIRED,CONTROL-ONLY MODEL / NO PRODUCTION SAFETY INTERVENTION
light,cold_start,37.5,25.0,5,0.01,NEW,500,182.1,194.0,38.194227,38.994844,1,1,EMERGENCY_INTERVENTION_REQUIRED,CONTROL-ONLY MODEL / NO PRODUCTION SAFETY INTERVENTION
light,cold_start,37.5,25.0,5,0.01,NEW,1000,182.4,194.3,38.198488,38.998248,1,1,EMERGENCY_INTERVENTION_REQUIRED,CONTROL-ONLY MODEL / NO PRODUCTION SAFETY INTERVENTION
light,cold_start,37.5,25.0,15,0.10,OLD,0,192.3,203.0,38.199354,38.998899,1,1,EMERGENCY_INTERVENTION_REQUIRED,CONTROL-ONLY MODEL / NO PRODUCTION SAFETY INTERVENTION
light,cold_start,37.5,25.0,15,0.10,NEW,300,191.6,202.1,38.193713,38.995933,1,1,EMERGENCY_INTERVENTION_REQUIRED,CONTROL-ONLY MODEL / NO PRODUCTION SAFETY INTERVENTION
light,cold_start,37.5,25.0,15,0.10,NEW,500,191.8,202.2,38.194170,38.993614,1,1,EMERGENCY_INTERVENTION_REQUIRED,CONTROL-ONLY MODEL / NO PRODUCTION SAFETY INTERVENTION
light,cold_start,37.5,25.0,15,0.10,NEW,1000,192.3,202.6,38.195286,38.998668,1,1,EMERGENCY_INTERVENTION_REQUIRED,CONTROL-ONLY MODEL / NO PRODUCTION SAFETY INTERVENTION
light,cold_start,37.5,25.0,15,0.01,OLD,0,192.1,202.8,38.192314,38.992629,1,1,EMERGENCY_INTERVENTION_REQUIRED,CONTROL-ONLY MODEL / NO PRODUCTION SAFETY INTERVENTION
light,cold_start,37.5,25.0,15,0.01,NEW,300,191.6,202.1,38.197545,38.998665,1,1,EMERGENCY_INTERVENTION_REQUIRED,CONTROL-ONLY MODEL / NO PRODUCTION SAFETY INTERVENTION
light,cold_start,37.5,25.0,15,0.01,NEW,500,191.7,202.2,38.192455,38.996603,1,1,EMERGENCY_INTERVENTION_REQUIRED,CONTROL-ONLY MODEL / NO PRODUCTION SAFETY INTERVENTION
light,cold_start,37.5,25.0,15,0.01,NEW,1000,192.2,202.5,38.199470,38.994782,1,1,EMERGENCY_INTERVENTION_REQUIRED,CONTROL-ONLY MODEL / NO PRODUCTION SAFETY INTERVENTION
light,cold_start,37.5,25.0,30,0.10,OLD,0,206.8,216.9,38.195291,38.996704,1,1,EMERGENCY_INTERVENTION_REQUIRED,CONTROL-ONLY MODEL / NO PRODUCTION SAFETY INTERVENTION
light,cold_start,37.5,25.0,30,0.10,NEW,300,206.3,216.5,38.192715,38.996000,1,1,EMERGENCY_INTERVENTION_REQUIRED,CONTROL-ONLY MODEL / NO PRODUCTION SAFETY INTERVENTION
light,cold_start,37.5,25.0,30,0.10,NEW,500,206.3,216.6,38.192715,38.996346,1,1,EMERGENCY_INTERVENTION_REQUIRED,CONTROL-ONLY MODEL / NO PRODUCTION SAFETY INTERVENTION
light,cold_start,37.5,25.0,30,0.10,NEW,1000,206.3,216.8,38.192715,38.994071,1,1,EMERGENCY_INTERVENTION_REQUIRED,CONTROL-ONLY MODEL / NO PRODUCTION SAFETY INTERVENTION
light,cold_start,37.5,25.0,30,0.01,OLD,0,206.8,216.9,38.195291,38.996704,1,1,EMERGENCY_INTERVENTION_REQUIRED,CONTROL-ONLY MODEL / NO PRODUCTION SAFETY INTERVENTION
light,cold_start,37.5,25.0,30,0.01,NEW,300,206.7,216.7,38.198963,38.996903,1,1,EMERGENCY_INTERVENTION_REQUIRED,CONTROL-ONLY MODEL / NO PRODUCTION SAFETY INTERVENTION
light,cold_start,37.5,25.0,30,0.01,NEW,500,206.9,216.9,38.197781,38.995522,1,1,EMERGENCY_INTERVENTION_REQUIRED,CONTROL-ONLY MODEL / NO PRODUCTION SAFETY INTERVENTION
light,cold_start,37.5,25.0,30,0.01,NEW,1000,207.4,217.4,38.194794,38.992062,1,1,EMERGENCY_INTERVENTION_REQUIRED,CONTROL-ONLY MODEL / NO PRODUCTION SAFETY INTERVENTION
light,cold_start,37.5,25.0,60,0.10,OLD,0,236.3,246.4,38.192715,38.998971,1,1,EMERGENCY_INTERVENTION_REQUIRED,CONTROL-ONLY MODEL / NO PRODUCTION SAFETY INTERVENTION
light,cold_start,37.5,25.0,60,0.10,NEW,300,236.3,246.4,38.192715,38.998971,1,1,EMERGENCY_INTERVENTION_REQUIRED,CONTROL-ONLY MODEL / NO PRODUCTION SAFETY INTERVENTION
light,cold_start,37.5,25.0,60,0.10,NEW,500,236.3,246.4,38.192715,38.998971,1,1,EMERGENCY_INTERVENTION_REQUIRED,CONTROL-ONLY MODEL / NO PRODUCTION SAFETY INTERVENTION
light,cold_start,37.5,25.0,60,0.10,NEW,1000,236.3,246.4,38.192715,38.998971,1,1,EMERGENCY_INTERVENTION_REQUIRED,CONTROL-ONLY MODEL / NO PRODUCTION SAFETY INTERVENTION
light,cold_start,37.5,25.0,60,0.01,OLD,0,236.3,246.4,38.192715,38.998971,1,1,EMERGENCY_INTERVENTION_REQUIRED,CONTROL-ONLY MODEL / NO PRODUCTION SAFETY INTERVENTION
light,cold_start,37.5,25.0,60,0.01,NEW,300,236.4,246.6,38.194283,38.993928,1,1,EMERGENCY_INTERVENTION_REQUIRED,CONTROL-ONLY MODEL / NO PRODUCTION SAFETY INTERVENTION
light,cold_start,37.5,25.0,60,0.01,NEW,500,236.5,246.8,38.198002,38.995754,1,1,EMERGENCY_INTERVENTION_REQUIRED,CONTROL-ONLY MODEL / NO PRODUCTION SAFETY INTERVENTION
light,cold_start,37.5,25.0,60,0.01,NEW,1000,236.6,247.3,38.196595,38.999929,1,1,EMERGENCY_INTERVENTION_REQUIRED,CONTROL-ONLY MODEL / NO PRODUCTION SAFETY INTERVENTION
light,cold_start,37.5,28.0,5,0.10,OLD,0,145.5,158.0,38.193070,38.998552,1,1,EMERGENCY_INTERVENTION_REQUIRED,CONTROL-ONLY MODEL / NO PRODUCTION SAFETY INTERVENTION
light,cold_start,37.5,28.0,5,0.10,NEW,300,145.0,156.6,38.193644,38.997216,1,1,EMERGENCY_INTERVENTION_REQUIRED,CONTROL-ONLY MODEL / NO PRODUCTION SAFETY INTERVENTION
light,cold_start,37.5,28.0,5,0.10,NEW,500,145.1,156.6,38.194768,38.995103,1,1,EMERGENCY_INTERVENTION_REQUIRED,CONTROL-ONLY MODEL / NO PRODUCTION SAFETY INTERVENTION
light,cold_start,37.5,28.0,5,0.10,NEW,1000,145.4,156.9,38.195885,38.998270,1,1,EMERGENCY_INTERVENTION_REQUIRED,CONTROL-ONLY MODEL / NO PRODUCTION SAFETY INTERVENTION
light,cold_start,37.5,28.0,5,0.01,OLD,0,145.5,158.0,38.193070,38.998552,1,1,EMERGENCY_INTERVENTION_REQUIRED,CONTROL-ONLY MODEL / NO PRODUCTION SAFETY INTERVENTION
light,cold_start,37.5,28.0,5,0.01,NEW,300,145.0,156.5,38.195840,38.994023,1,1,EMERGENCY_INTERVENTION_REQUIRED,CONTROL-ONLY MODEL / NO PRODUCTION SAFETY INTERVENTION
light,cold_start,37.5,28.0,5,0.01,NEW,500,145.1,156.6,38.195814,38.994569,1,1,EMERGENCY_INTERVENTION_REQUIRED,CONTROL-ONLY MODEL / NO PRODUCTION SAFETY INTERVENTION
light,cold_start,37.5,28.0,5,0.01,NEW,1000,145.3,156.9,38.193290,38.997909,1,1,EMERGENCY_INTERVENTION_REQUIRED,CONTROL-ONLY MODEL / NO PRODUCTION SAFETY INTERVENTION
light,cold_start,37.5,28.0,15,0.10,OLD,0,154.9,165.3,38.198761,38.995224,1,1,EMERGENCY_INTERVENTION_REQUIRED,CONTROL-ONLY MODEL / NO PRODUCTION SAFETY INTERVENTION
light,cold_start,37.5,28.0,15,0.10,NEW,300,154.7,164.8,38.199205,38.996451,1,1,EMERGENCY_INTERVENTION_REQUIRED,CONTROL-ONLY MODEL / NO PRODUCTION SAFETY INTERVENTION
light,cold_start,37.5,28.0,15,0.10,NEW,500,154.9,164.8,38.198341,38.992476,1,1,EMERGENCY_INTERVENTION_REQUIRED,CONTROL-ONLY MODEL / NO PRODUCTION SAFETY INTERVENTION
light,cold_start,37.5,28.0,15,0.10,NEW,1000,155.4,165.2,38.196171,38.997764,1,1,EMERGENCY_INTERVENTION_REQUIRED,CONTROL-ONLY MODEL / NO PRODUCTION SAFETY INTERVENTION
light,cold_start,37.5,28.0,15,0.01,OLD,0,154.7,164.7,38.199216,38.995001,1,1,EMERGENCY_INTERVENTION_REQUIRED,CONTROL-ONLY MODEL / NO PRODUCTION SAFETY INTERVENTION
light,cold_start,37.5,28.0,15,0.01,NEW,300,154.6,164.8,38.198702,38.998535,1,1,EMERGENCY_INTERVENTION_REQUIRED,CONTROL-ONLY MODEL / NO PRODUCTION SAFETY INTERVENTION
light,cold_start,37.5,28.0,15,0.01,NEW,500,154.7,164.9,38.194423,38.996432,1,1,EMERGENCY_INTERVENTION_REQUIRED,CONTROL-ONLY MODEL / NO PRODUCTION SAFETY INTERVENTION
light,cold_start,37.5,28.0,15,0.01,NEW,1000,155.1,165.2,38.196054,38.996329,1,1,EMERGENCY_INTERVENTION_REQUIRED,CONTROL-ONLY MODEL / NO PRODUCTION SAFETY INTERVENTION
light,cold_start,37.5,28.0,30,0.10,OLD,0,170.7,180.6,38.199916,38.998657,1,1,EMERGENCY_INTERVENTION_REQUIRED,CONTROL-ONLY MODEL / NO PRODUCTION SAFETY INTERVENTION
light,cold_start,37.5,28.0,30,0.10,NEW,300,169.3,179.3,38.192293,38.995099,1,1,EMERGENCY_INTERVENTION_REQUIRED,CONTROL-ONLY MODEL / NO PRODUCTION SAFETY INTERVENTION
light,cold_start,37.5,28.0,30,0.10,NEW,500,169.3,179.4,38.192293,38.992508,1,1,EMERGENCY_INTERVENTION_REQUIRED,CONTROL-ONLY MODEL / NO PRODUCTION SAFETY INTERVENTION
light,cold_start,37.5,28.0,30,0.10,NEW,1000,169.3,179.8,38.192293,38.998289,1,1,EMERGENCY_INTERVENTION_REQUIRED,CONTROL-ONLY MODEL / NO PRODUCTION SAFETY INTERVENTION
light,cold_start,37.5,28.0,30,0.01,OLD,0,170.3,180.1,38.199306,38.992029,1,1,EMERGENCY_INTERVENTION_REQUIRED,CONTROL-ONLY MODEL / NO PRODUCTION SAFETY INTERVENTION
light,cold_start,37.5,28.0,30,0.01,NEW,300,169.7,179.4,38.199385,38.992752,1,1,EMERGENCY_INTERVENTION_REQUIRED,CONTROL-ONLY MODEL / NO PRODUCTION SAFETY INTERVENTION
light,cold_start,37.5,28.0,30,0.01,NEW,500,169.9,179.7,38.198629,38.999924,1,1,EMERGENCY_INTERVENTION_REQUIRED,CONTROL-ONLY MODEL / NO PRODUCTION SAFETY INTERVENTION
light,cold_start,37.5,28.0,30,0.01,NEW,1000,170.4,180.2,38.196706,38.997460,1,1,EMERGENCY_INTERVENTION_REQUIRED,CONTROL-ONLY MODEL / NO PRODUCTION SAFETY INTERVENTION
light,cold_start,37.5,28.0,60,0.10,OLD,0,199.5,209.6,38.192344,38.994897,1,1,EMERGENCY_INTERVENTION_REQUIRED,CONTROL-ONLY MODEL / NO PRODUCTION SAFETY INTERVENTION
light,cold_start,37.5,28.0,60,0.10,NEW,300,199.3,209.1,38.192293,38.994219,1,1,EMERGENCY_INTERVENTION_REQUIRED,CONTROL-ONLY MODEL / NO PRODUCTION SAFETY INTERVENTION
light,cold_start,37.5,28.0,60,0.10,NEW,500,199.3,209.1,38.192293,38.994219,1,1,EMERGENCY_INTERVENTION_REQUIRED,CONTROL-ONLY MODEL / NO PRODUCTION SAFETY INTERVENTION
light,cold_start,37.5,28.0,60,0.10,NEW,1000,199.3,209.1,38.192293,38.994219,1,1,EMERGENCY_INTERVENTION_REQUIRED,CONTROL-ONLY MODEL / NO PRODUCTION SAFETY INTERVENTION
light,cold_start,37.5,28.0,60,0.01,OLD,0,199.5,209.4,38.192344,38.995153,1,1,EMERGENCY_INTERVENTION_REQUIRED,CONTROL-ONLY MODEL / NO PRODUCTION SAFETY INTERVENTION
light,cold_start,37.5,28.0,60,0.01,NEW,300,199.4,209.4,38.196769,38.998628,1,1,EMERGENCY_INTERVENTION_REQUIRED,CONTROL-ONLY MODEL / NO PRODUCTION SAFETY INTERVENTION
light,cold_start,37.5,28.0,60,0.01,NEW,500,199.4,209.5,38.194767,38.993412,1,1,EMERGENCY_INTERVENTION_REQUIRED,CONTROL-ONLY MODEL / NO PRODUCTION SAFETY INTERVENTION
light,cold_start,37.5,28.0,60,0.01,NEW,1000,199.5,209.9,38.198754,38.992208,1,1,EMERGENCY_INTERVENTION_REQUIRED,CONTROL-ONLY MODEL / NO PRODUCTION SAFETY INTERVENTION
medium,cold_start,30.0,20.0,5,0.10,OLD,0,-1.0,-1.0,31.480099,31.480099,0,0,NO_THRESHOLD_CROSSING,CONTROL-ONLY MODEL / NO PRODUCTION SAFETY INTERVENTION
medium,cold_start,30.0,20.0,5,0.10,NEW,300,-1.0,-1.0,31.482259,31.482259,0,0,NO_THRESHOLD_CROSSING,CONTROL-ONLY MODEL / NO PRODUCTION SAFETY INTERVENTION
medium,cold_start,30.0,20.0,5,0.10,NEW,500,-1.0,-1.0,31.480906,31.480906,0,0,NO_THRESHOLD_CROSSING,CONTROL-ONLY MODEL / NO PRODUCTION SAFETY INTERVENTION
medium,cold_start,30.0,20.0,5,0.10,NEW,1000,-1.0,-1.0,31.482342,31.482342,0,0,NO_THRESHOLD_CROSSING,CONTROL-ONLY MODEL / NO PRODUCTION SAFETY INTERVENTION
medium,cold_start,30.0,20.0,5,0.01,OLD,0,-1.0,-1.0,31.482277,31.482277,0,0,NO_THRESHOLD_CROSSING,CONTROL-ONLY MODEL / NO PRODUCTION SAFETY INTERVENTION
medium,cold_start,30.0,20.0,5,0.01,NEW,300,-1.0,-1.0,31.483741,31.483741,0,0,NO_THRESHOLD_CROSSING,CONTROL-ONLY MODEL / NO PRODUCTION SAFETY INTERVENTION
medium,cold_start,30.0,20.0,5,0.01,NEW,500,-1.0,-1.0,31.483628,31.483628,0,0,NO_THRESHOLD_CROSSING,CONTROL-ONLY MODEL / NO PRODUCTION SAFETY INTERVENTION
medium,cold_start,30.0,20.0,5,0.01,NEW,1000,-1.0,-1.0,31.485470,31.485470,0,0,NO_THRESHOLD_CROSSING,CONTROL-ONLY MODEL / NO PRODUCTION SAFETY INTERVENTION
medium,cold_start,30.0,20.0,15,0.10,OLD,0,-1.0,-1.0,31.666669,31.666669,0,0,NO_THRESHOLD_CROSSING,CONTROL-ONLY MODEL / NO PRODUCTION SAFETY INTERVENTION
medium,cold_start,30.0,20.0,15,0.10,NEW,300,-1.0,-1.0,31.668050,31.668050,0,0,NO_THRESHOLD_CROSSING,CONTROL-ONLY MODEL / NO PRODUCTION SAFETY INTERVENTION
medium,cold_start,30.0,20.0,15,0.10,NEW,500,-1.0,-1.0,31.667850,31.667850,0,0,NO_THRESHOLD_CROSSING,CONTROL-ONLY MODEL / NO PRODUCTION SAFETY INTERVENTION
medium,cold_start,30.0,20.0,15,0.10,NEW,1000,-1.0,-1.0,31.672120,31.672120,0,0,NO_THRESHOLD_CROSSING,CONTROL-ONLY MODEL / NO PRODUCTION SAFETY INTERVENTION
medium,cold_start,30.0,20.0,15,0.01,OLD,0,-1.0,-1.0,31.667005,31.667005,0,0,NO_THRESHOLD_CROSSING,CONTROL-ONLY MODEL / NO PRODUCTION SAFETY INTERVENTION
medium,cold_start,30.0,20.0,15,0.01,NEW,300,-1.0,-1.0,31.671267,31.671267,0,0,NO_THRESHOLD_CROSSING,CONTROL-ONLY MODEL / NO PRODUCTION SAFETY INTERVENTION
medium,cold_start,30.0,20.0,15,0.01,NEW,500,-1.0,-1.0,31.673534,31.673534,0,0,NO_THRESHOLD_CROSSING,CONTROL-ONLY MODEL / NO PRODUCTION SAFETY INTERVENTION
medium,cold_start,30.0,20.0,15,0.01,NEW,1000,-1.0,-1.0,31.674894,31.674894,0,0,NO_THRESHOLD_CROSSING,CONTROL-ONLY MODEL / NO PRODUCTION SAFETY INTERVENTION
medium,cold_start,30.0,20.0,30,0.10,OLD,0,-1.0,-1.0,31.982080,31.982080,0,0,NO_THRESHOLD_CROSSING,CONTROL-ONLY MODEL / NO PRODUCTION SAFETY INTERVENTION
medium,cold_start,30.0,20.0,30,0.10,NEW,300,-1.0,-1.0,31.977233,31.977233,0,0,NO_THRESHOLD_CROSSING,CONTROL-ONLY MODEL / NO PRODUCTION SAFETY INTERVENTION
medium,cold_start,30.0,20.0,30,0.10,NEW,500,-1.0,-1.0,31.982455,31.982455,0,0,NO_THRESHOLD_CROSSING,CONTROL-ONLY MODEL / NO PRODUCTION SAFETY INTERVENTION
medium,cold_start,30.0,20.0,30,0.10,NEW,1000,-1.0,-1.0,31.996515,31.996515,0,0,NO_THRESHOLD_CROSSING,CONTROL-ONLY MODEL / NO PRODUCTION SAFETY INTERVENTION
medium,cold_start,30.0,20.0,30,0.01,OLD,0,-1.0,-1.0,31.989524,31.989524,0,0,NO_THRESHOLD_CROSSING,CONTROL-ONLY MODEL / NO PRODUCTION SAFETY INTERVENTION
medium,cold_start,30.0,20.0,30,0.01,NEW,300,-1.0,-1.0,31.984930,31.984930,0,0,NO_THRESHOLD_CROSSING,CONTROL-ONLY MODEL / NO PRODUCTION SAFETY INTERVENTION
medium,cold_start,30.0,20.0,30,0.01,NEW,500,-1.0,-1.0,31.987585,31.987585,0,0,NO_THRESHOLD_CROSSING,CONTROL-ONLY MODEL / NO PRODUCTION SAFETY INTERVENTION
medium,cold_start,30.0,20.0,30,0.01,NEW,1000,-1.0,-1.0,31.992951,31.992951,0,0,NO_THRESHOLD_CROSSING,CONTROL-ONLY MODEL / NO PRODUCTION SAFETY INTERVENTION
medium,cold_start,30.0,20.0,60,0.10,OLD,0,-1.0,-1.0,32.646966,32.646966,0,0,NO_THRESHOLD_CROSSING,CONTROL-ONLY MODEL / NO PRODUCTION SAFETY INTERVENTION
medium,cold_start,30.0,20.0,60,0.10,NEW,300,-1.0,-1.0,32.644696,32.644696,0,0,NO_THRESHOLD_CROSSING,CONTROL-ONLY MODEL / NO PRODUCTION SAFETY INTERVENTION
medium,cold_start,30.0,20.0,60,0.10,NEW,500,-1.0,-1.0,32.651361,32.651361,0,0,NO_THRESHOLD_CROSSING,CONTROL-ONLY MODEL / NO PRODUCTION SAFETY INTERVENTION
medium,cold_start,30.0,20.0,60,0.10,NEW,1000,-1.0,-1.0,32.665354,32.665354,0,0,NO_THRESHOLD_CROSSING,CONTROL-ONLY MODEL / NO PRODUCTION SAFETY INTERVENTION
medium,cold_start,30.0,20.0,60,0.01,OLD,0,-1.0,-1.0,32.649708,32.649708,0,0,NO_THRESHOLD_CROSSING,CONTROL-ONLY MODEL / NO PRODUCTION SAFETY INTERVENTION
medium,cold_start,30.0,20.0,60,0.01,NEW,300,-1.0,-1.0,32.652408,32.652408,0,0,NO_THRESHOLD_CROSSING,CONTROL-ONLY MODEL / NO PRODUCTION SAFETY INTERVENTION
medium,cold_start,30.0,20.0,60,0.01,NEW,500,-1.0,-1.0,32.655082,32.655082,0,0,NO_THRESHOLD_CROSSING,CONTROL-ONLY MODEL / NO PRODUCTION SAFETY INTERVENTION
medium,cold_start,30.0,20.0,60,0.01,NEW,1000,-1.0,-1.0,32.664250,32.664250,0,0,NO_THRESHOLD_CROSSING,CONTROL-ONLY MODEL / NO PRODUCTION SAFETY INTERVENTION
medium,cold_start,30.0,25.0,5,0.10,OLD,0,-1.0,-1.0,31.585665,31.585665,0,0,NO_THRESHOLD_CROSSING,CONTROL-ONLY MODEL / NO PRODUCTION SAFETY INTERVENTION
medium,cold_start,30.0,25.0,5,0.10,NEW,300,-1.0,-1.0,31.579357,31.579357,0,0,NO_THRESHOLD_CROSSING,CONTROL-ONLY MODEL / NO PRODUCTION SAFETY INTERVENTION
medium,cold_start,30.0,25.0,5,0.10,NEW,500,-1.0,-1.0,31.580284,31.580284,0,0,NO_THRESHOLD_CROSSING,CONTROL-ONLY MODEL / NO PRODUCTION SAFETY INTERVENTION
medium,cold_start,30.0,25.0,5,0.10,NEW,1000,-1.0,-1.0,31.581059,31.581059,0,0,NO_THRESHOLD_CROSSING,CONTROL-ONLY MODEL / NO PRODUCTION SAFETY INTERVENTION
medium,cold_start,30.0,25.0,5,0.01,OLD,0,-1.0,-1.0,31.579606,31.579606,0,0,NO_THRESHOLD_CROSSING,CONTROL-ONLY MODEL / NO PRODUCTION SAFETY INTERVENTION
medium,cold_start,30.0,25.0,5,0.01,NEW,300,-1.0,-1.0,31.579089,31.579089,0,0,NO_THRESHOLD_CROSSING,CONTROL-ONLY MODEL / NO PRODUCTION SAFETY INTERVENTION
medium,cold_start,30.0,25.0,5,0.01,NEW,500,-1.0,-1.0,31.574277,31.574277,0,0,NO_THRESHOLD_CROSSING,CONTROL-ONLY MODEL / NO PRODUCTION SAFETY INTERVENTION
medium,cold_start,30.0,25.0,5,0.01,NEW,1000,-1.0,-1.0,31.582659,31.582659,0,0,NO_THRESHOLD_CROSSING,CONTROL-ONLY MODEL / NO PRODUCTION SAFETY INTERVENTION
medium,cold_start,30.0,25.0,15,0.10,OLD,0,-1.0,-1.0,31.793561,31.793561,0,0,NO_THRESHOLD_CROSSING,CONTROL-ONLY MODEL / NO PRODUCTION SAFETY INTERVENTION
medium,cold_start,30.0,25.0,15,0.10,NEW,300,-1.0,-1.0,31.782066,31.782066,0,0,NO_THRESHOLD_CROSSING,CONTROL-ONLY MODEL / NO PRODUCTION SAFETY INTERVENTION
medium,cold_start,30.0,25.0,15,0.10,NEW,500,-1.0,-1.0,31.782665,31.782665,0,0,NO_THRESHOLD_CROSSING,CONTROL-ONLY MODEL / NO PRODUCTION SAFETY INTERVENTION
medium,cold_start,30.0,25.0,15,0.10,NEW,1000,-1.0,-1.0,31.782963,31.782963,0,0,NO_THRESHOLD_CROSSING,CONTROL-ONLY MODEL / NO PRODUCTION SAFETY INTERVENTION
medium,cold_start,30.0,25.0,15,0.01,OLD,0,-1.0,-1.0,31.780558,31.780558,0,0,NO_THRESHOLD_CROSSING,CONTROL-ONLY MODEL / NO PRODUCTION SAFETY INTERVENTION
medium,cold_start,30.0,25.0,15,0.01,NEW,300,-1.0,-1.0,31.775034,31.775034,0,0,NO_THRESHOLD_CROSSING,CONTROL-ONLY MODEL / NO PRODUCTION SAFETY INTERVENTION
medium,cold_start,30.0,25.0,15,0.01,NEW,500,-1.0,-1.0,31.773410,31.773410,0,0,NO_THRESHOLD_CROSSING,CONTROL-ONLY MODEL / NO PRODUCTION SAFETY INTERVENTION
medium,cold_start,30.0,25.0,15,0.01,NEW,1000,-1.0,-1.0,31.782075,31.782075,0,0,NO_THRESHOLD_CROSSING,CONTROL-ONLY MODEL / NO PRODUCTION SAFETY INTERVENTION
medium,cold_start,30.0,25.0,30,0.10,OLD,0,-1.0,-1.0,32.108501,32.108501,0,0,NO_THRESHOLD_CROSSING,CONTROL-ONLY MODEL / NO PRODUCTION SAFETY INTERVENTION
medium,cold_start,30.0,25.0,30,0.10,NEW,300,-1.0,-1.0,32.103992,32.103992,0,0,NO_THRESHOLD_CROSSING,CONTROL-ONLY MODEL / NO PRODUCTION SAFETY INTERVENTION
medium,cold_start,30.0,25.0,30,0.10,NEW,500,-1.0,-1.0,32.102428,32.102428,0,0,NO_THRESHOLD_CROSSING,CONTROL-ONLY MODEL / NO PRODUCTION SAFETY INTERVENTION
medium,cold_start,30.0,25.0,30,0.10,NEW,1000,-1.0,-1.0,32.082066,32.082066,0,0,NO_THRESHOLD_CROSSING,CONTROL-ONLY MODEL / NO PRODUCTION SAFETY INTERVENTION
medium,cold_start,30.0,25.0,30,0.01,OLD,0,-1.0,-1.0,32.103230,32.103230,0,0,NO_THRESHOLD_CROSSING,CONTROL-ONLY MODEL / NO PRODUCTION SAFETY INTERVENTION
medium,cold_start,30.0,25.0,30,0.01,NEW,300,-1.0,-1.0,32.106387,32.106387,0,0,NO_THRESHOLD_CROSSING,CONTROL-ONLY MODEL / NO PRODUCTION SAFETY INTERVENTION
medium,cold_start,30.0,25.0,30,0.01,NEW,500,-1.0,-1.0,32.105070,32.105070,0,0,NO_THRESHOLD_CROSSING,CONTROL-ONLY MODEL / NO PRODUCTION SAFETY INTERVENTION
medium,cold_start,30.0,25.0,30,0.01,NEW,1000,-1.0,-1.0,32.108256,32.108256,0,0,NO_THRESHOLD_CROSSING,CONTROL-ONLY MODEL / NO PRODUCTION SAFETY INTERVENTION
medium,cold_start,30.0,25.0,60,0.10,OLD,0,-1.0,-1.0,32.813456,32.813456,0,0,NO_THRESHOLD_CROSSING,CONTROL-ONLY MODEL / NO PRODUCTION SAFETY INTERVENTION
medium,cold_start,30.0,25.0,60,0.10,NEW,300,-1.0,-1.0,32.806142,32.806142,0,0,NO_THRESHOLD_CROSSING,CONTROL-ONLY MODEL / NO PRODUCTION SAFETY INTERVENTION
medium,cold_start,30.0,25.0,60,0.10,NEW,500,-1.0,-1.0,32.807296,32.807296,0,0,NO_THRESHOLD_CROSSING,CONTROL-ONLY MODEL / NO PRODUCTION SAFETY INTERVENTION
medium,cold_start,30.0,25.0,60,0.10,NEW,1000,-1.0,-1.0,32.787141,32.787141,0,0,NO_THRESHOLD_CROSSING,CONTROL-ONLY MODEL / NO PRODUCTION SAFETY INTERVENTION
medium,cold_start,30.0,25.0,60,0.01,OLD,0,-1.0,-1.0,32.811219,32.811219,0,0,NO_THRESHOLD_CROSSING,CONTROL-ONLY MODEL / NO PRODUCTION SAFETY INTERVENTION
medium,cold_start,30.0,25.0,60,0.01,NEW,300,-1.0,-1.0,32.813577,32.813577,0,0,NO_THRESHOLD_CROSSING,CONTROL-ONLY MODEL / NO PRODUCTION SAFETY INTERVENTION
medium,cold_start,30.0,25.0,60,0.01,NEW,500,-1.0,-1.0,32.818392,32.818392,0,0,NO_THRESHOLD_CROSSING,CONTROL-ONLY MODEL / NO PRODUCTION SAFETY INTERVENTION
medium,cold_start,30.0,25.0,60,0.01,NEW,1000,-1.0,-1.0,32.831333,32.831333,0,0,NO_THRESHOLD_CROSSING,CONTROL-ONLY MODEL / NO PRODUCTION SAFETY INTERVENTION
medium,cold_start,30.0,28.0,5,0.10,OLD,0,-1.0,-1.0,31.637735,31.637735,0,0,NO_THRESHOLD_CROSSING,CONTROL-ONLY MODEL / NO PRODUCTION SAFETY INTERVENTION
medium,cold_start,30.0,28.0,5,0.10,NEW,300,-1.0,-1.0,31.630147,31.630147,0,0,NO_THRESHOLD_CROSSING,CONTROL-ONLY MODEL / NO PRODUCTION SAFETY INTERVENTION
medium,cold_start,30.0,28.0,5,0.10,NEW,500,-1.0,-1.0,31.630362,31.630362,0,0,NO_THRESHOLD_CROSSING,CONTROL-ONLY MODEL / NO PRODUCTION SAFETY INTERVENTION
medium,cold_start,30.0,28.0,5,0.10,NEW,1000,-1.0,-1.0,31.630644,31.630644,0,0,NO_THRESHOLD_CROSSING,CONTROL-ONLY MODEL / NO PRODUCTION SAFETY INTERVENTION
medium,cold_start,30.0,28.0,5,0.01,OLD,0,-1.0,-1.0,31.642502,31.642502,0,0,NO_THRESHOLD_CROSSING,CONTROL-ONLY MODEL / NO PRODUCTION SAFETY INTERVENTION
medium,cold_start,30.0,28.0,5,0.01,NEW,300,-1.0,-1.0,31.637228,31.637228,0,0,NO_THRESHOLD_CROSSING,CONTROL-ONLY MODEL / NO PRODUCTION SAFETY INTERVENTION
medium,cold_start,30.0,28.0,5,0.01,NEW,500,-1.0,-1.0,31.631267,31.631267,0,0,NO_THRESHOLD_CROSSING,CONTROL-ONLY MODEL / NO PRODUCTION SAFETY INTERVENTION
medium,cold_start,30.0,28.0,5,0.01,NEW,1000,-1.0,-1.0,31.631426,31.631426,0,0,NO_THRESHOLD_CROSSING,CONTROL-ONLY MODEL / NO PRODUCTION SAFETY INTERVENTION
medium,cold_start,30.0,28.0,15,0.10,OLD,0,-1.0,-1.0,31.839798,31.839798,0,0,NO_THRESHOLD_CROSSING,CONTROL-ONLY MODEL / NO PRODUCTION SAFETY INTERVENTION
medium,cold_start,30.0,28.0,15,0.10,NEW,300,-1.0,-1.0,31.844331,31.844331,0,0,NO_THRESHOLD_CROSSING,CONTROL-ONLY MODEL / NO PRODUCTION SAFETY INTERVENTION
medium,cold_start,30.0,28.0,15,0.10,NEW,500,-1.0,-1.0,31.848070,31.848070,0,0,NO_THRESHOLD_CROSSING,CONTROL-ONLY MODEL / NO PRODUCTION SAFETY INTERVENTION
medium,cold_start,30.0,28.0,15,0.10,NEW,1000,-1.0,-1.0,31.855940,31.855940,0,0,NO_THRESHOLD_CROSSING,CONTROL-ONLY MODEL / NO PRODUCTION SAFETY INTERVENTION
medium,cold_start,30.0,28.0,15,0.01,OLD,0,-1.0,-1.0,31.832259,31.832259,0,0,NO_THRESHOLD_CROSSING,CONTROL-ONLY MODEL / NO PRODUCTION SAFETY INTERVENTION
medium,cold_start,30.0,28.0,15,0.01,NEW,300,-1.0,-1.0,31.844126,31.844126,0,0,NO_THRESHOLD_CROSSING,CONTROL-ONLY MODEL / NO PRODUCTION SAFETY INTERVENTION
medium,cold_start,30.0,28.0,15,0.01,NEW,500,-1.0,-1.0,31.846122,31.846122,0,0,NO_THRESHOLD_CROSSING,CONTROL-ONLY MODEL / NO PRODUCTION SAFETY INTERVENTION
medium,cold_start,30.0,28.0,15,0.01,NEW,1000,-1.0,-1.0,31.835735,31.835735,0,0,NO_THRESHOLD_CROSSING,CONTROL-ONLY MODEL / NO PRODUCTION SAFETY INTERVENTION
medium,cold_start,30.0,28.0,30,0.10,OLD,0,-1.0,-1.0,32.176827,32.176827,0,0,NO_THRESHOLD_CROSSING,CONTROL-ONLY MODEL / NO PRODUCTION SAFETY INTERVENTION
medium,cold_start,30.0,28.0,30,0.10,NEW,300,-1.0,-1.0,32.177991,32.177991,0,0,NO_THRESHOLD_CROSSING,CONTROL-ONLY MODEL / NO PRODUCTION SAFETY INTERVENTION
medium,cold_start,30.0,28.0,30,0.10,NEW,500,-1.0,-1.0,32.175981,32.175981,0,0,NO_THRESHOLD_CROSSING,CONTROL-ONLY MODEL / NO PRODUCTION SAFETY INTERVENTION
medium,cold_start,30.0,28.0,30,0.10,NEW,1000,-1.0,-1.0,32.187534,32.187534,0,0,NO_THRESHOLD_CROSSING,CONTROL-ONLY MODEL / NO PRODUCTION SAFETY INTERVENTION
medium,cold_start,30.0,28.0,30,0.01,OLD,0,-1.0,-1.0,32.174203,32.174203,0,0,NO_THRESHOLD_CROSSING,CONTROL-ONLY MODEL / NO PRODUCTION SAFETY INTERVENTION
medium,cold_start,30.0,28.0,30,0.01,NEW,300,-1.0,-1.0,32.185801,32.185801,0,0,NO_THRESHOLD_CROSSING,CONTROL-ONLY MODEL / NO PRODUCTION SAFETY INTERVENTION
medium,cold_start,30.0,28.0,30,0.01,NEW,500,-1.0,-1.0,32.177549,32.177549,0,0,NO_THRESHOLD_CROSSING,CONTROL-ONLY MODEL / NO PRODUCTION SAFETY INTERVENTION
medium,cold_start,30.0,28.0,30,0.01,NEW,1000,-1.0,-1.0,32.188670,32.188670,0,0,NO_THRESHOLD_CROSSING,CONTROL-ONLY MODEL / NO PRODUCTION SAFETY INTERVENTION
medium,cold_start,30.0,28.0,60,0.10,OLD,0,-1.0,-1.0,32.918330,32.918330,0,0,NO_THRESHOLD_CROSSING,CONTROL-ONLY MODEL / NO PRODUCTION SAFETY INTERVENTION
medium,cold_start,30.0,28.0,60,0.10,NEW,300,-1.0,-1.0,32.901512,32.901512,0,0,NO_THRESHOLD_CROSSING,CONTROL-ONLY MODEL / NO PRODUCTION SAFETY INTERVENTION
medium,cold_start,30.0,28.0,60,0.10,NEW,500,-1.0,-1.0,32.902645,32.902645,0,0,NO_THRESHOLD_CROSSING,CONTROL-ONLY MODEL / NO PRODUCTION SAFETY INTERVENTION
medium,cold_start,30.0,28.0,60,0.10,NEW,1000,-1.0,-1.0,32.917159,32.917159,0,0,NO_THRESHOLD_CROSSING,CONTROL-ONLY MODEL / NO PRODUCTION SAFETY INTERVENTION
medium,cold_start,30.0,28.0,60,0.01,OLD,0,-1.0,-1.0,32.916004,32.916004,0,0,NO_THRESHOLD_CROSSING,CONTROL-ONLY MODEL / NO PRODUCTION SAFETY INTERVENTION
medium,cold_start,30.0,28.0,60,0.01,NEW,300,-1.0,-1.0,32.916501,32.916501,0,0,NO_THRESHOLD_CROSSING,CONTROL-ONLY MODEL / NO PRODUCTION SAFETY INTERVENTION
medium,cold_start,30.0,28.0,60,0.01,NEW,500,-1.0,-1.0,32.915963,32.915963,0,0,NO_THRESHOLD_CROSSING,CONTROL-ONLY MODEL / NO PRODUCTION SAFETY INTERVENTION
medium,cold_start,30.0,28.0,60,0.01,NEW,1000,-1.0,-1.0,32.917151,32.917151,0,0,NO_THRESHOLD_CROSSING,CONTROL-ONLY MODEL / NO PRODUCTION SAFETY INTERVENTION
medium,cold_start,32.0,20.0,5,0.10,OLD,0,-1.0,-1.0,33.441377,33.441377,0,0,NO_THRESHOLD_CROSSING,CONTROL-ONLY MODEL / NO PRODUCTION SAFETY INTERVENTION
medium,cold_start,32.0,20.0,5,0.10,NEW,300,-1.0,-1.0,33.444488,33.444488,0,0,NO_THRESHOLD_CROSSING,CONTROL-ONLY MODEL / NO PRODUCTION SAFETY INTERVENTION
medium,cold_start,32.0,20.0,5,0.10,NEW,500,-1.0,-1.0,33.447287,33.447287,0,0,NO_THRESHOLD_CROSSING,CONTROL-ONLY MODEL / NO PRODUCTION SAFETY INTERVENTION
medium,cold_start,32.0,20.0,5,0.10,NEW,1000,-1.0,-1.0,33.448153,33.448153,0,0,NO_THRESHOLD_CROSSING,CONTROL-ONLY MODEL / NO PRODUCTION SAFETY INTERVENTION
medium,cold_start,32.0,20.0,5,0.01,OLD,0,-1.0,-1.0,33.451509,33.451509,0,0,NO_THRESHOLD_CROSSING,CONTROL-ONLY MODEL / NO PRODUCTION SAFETY INTERVENTION
medium,cold_start,32.0,20.0,5,0.01,NEW,300,-1.0,-1.0,33.447391,33.447391,0,0,NO_THRESHOLD_CROSSING,CONTROL-ONLY MODEL / NO PRODUCTION SAFETY INTERVENTION
medium,cold_start,32.0,20.0,5,0.01,NEW,500,-1.0,-1.0,33.447437,33.447437,0,0,NO_THRESHOLD_CROSSING,CONTROL-ONLY MODEL / NO PRODUCTION SAFETY INTERVENTION
medium,cold_start,32.0,20.0,5,0.01,NEW,1000,-1.0,-1.0,33.450498,33.450498,0,0,NO_THRESHOLD_CROSSING,CONTROL-ONLY MODEL / NO PRODUCTION SAFETY INTERVENTION
medium,cold_start,32.0,20.0,15,0.10,OLD,0,-1.0,-1.0,33.623242,33.623242,0,0,NO_THRESHOLD_CROSSING,CONTROL-ONLY MODEL / NO PRODUCTION SAFETY INTERVENTION
medium,cold_start,32.0,20.0,15,0.10,NEW,300,-1.0,-1.0,33.626148,33.626148,0,0,NO_THRESHOLD_CROSSING,CONTROL-ONLY MODEL / NO PRODUCTION SAFETY INTERVENTION
medium,cold_start,32.0,20.0,15,0.10,NEW,500,-1.0,-1.0,33.631610,33.631610,0,0,NO_THRESHOLD_CROSSING,CONTROL-ONLY MODEL / NO PRODUCTION SAFETY INTERVENTION
medium,cold_start,32.0,20.0,15,0.10,NEW,1000,-1.0,-1.0,33.632441,33.632441,0,0,NO_THRESHOLD_CROSSING,CONTROL-ONLY MODEL / NO PRODUCTION SAFETY INTERVENTION
medium,cold_start,32.0,20.0,15,0.01,OLD,0,-1.0,-1.0,33.636554,33.636554,0,0,NO_THRESHOLD_CROSSING,CONTROL-ONLY MODEL / NO PRODUCTION SAFETY INTERVENTION
medium,cold_start,32.0,20.0,15,0.01,NEW,300,-1.0,-1.0,33.630680,33.630680,0,0,NO_THRESHOLD_CROSSING,CONTROL-ONLY MODEL / NO PRODUCTION SAFETY INTERVENTION
medium,cold_start,32.0,20.0,15,0.01,NEW,500,-1.0,-1.0,33.630318,33.630318,0,0,NO_THRESHOLD_CROSSING,CONTROL-ONLY MODEL / NO PRODUCTION SAFETY INTERVENTION
medium,cold_start,32.0,20.0,15,0.01,NEW,1000,-1.0,-1.0,33.634977,33.634977,0,0,NO_THRESHOLD_CROSSING,CONTROL-ONLY MODEL / NO PRODUCTION SAFETY INTERVENTION
medium,cold_start,32.0,20.0,30,0.10,OLD,0,-1.0,-1.0,33.935580,33.935580,0,0,NO_THRESHOLD_CROSSING,CONTROL-ONLY MODEL / NO PRODUCTION SAFETY INTERVENTION
medium,cold_start,32.0,20.0,30,0.10,NEW,300,-1.0,-1.0,33.929217,33.929217,0,0,NO_THRESHOLD_CROSSING,CONTROL-ONLY MODEL / NO PRODUCTION SAFETY INTERVENTION
medium,cold_start,32.0,20.0,30,0.10,NEW,500,-1.0,-1.0,33.928290,33.928290,0,0,NO_THRESHOLD_CROSSING,CONTROL-ONLY MODEL / NO PRODUCTION SAFETY INTERVENTION
medium,cold_start,32.0,20.0,30,0.10,NEW,1000,-1.0,-1.0,33.933815,33.933815,0,0,NO_THRESHOLD_CROSSING,CONTROL-ONLY MODEL / NO PRODUCTION SAFETY INTERVENTION
medium,cold_start,32.0,20.0,30,0.01,OLD,0,-1.0,-1.0,33.923126,33.923126,0,0,NO_THRESHOLD_CROSSING,CONTROL-ONLY MODEL / NO PRODUCTION SAFETY INTERVENTION
medium,cold_start,32.0,20.0,30,0.01,NEW,300,-1.0,-1.0,33.934478,33.934478,0,0,NO_THRESHOLD_CROSSING,CONTROL-ONLY MODEL / NO PRODUCTION SAFETY INTERVENTION
medium,cold_start,32.0,20.0,30,0.01,NEW,500,-1.0,-1.0,33.935689,33.935689,0,0,NO_THRESHOLD_CROSSING,CONTROL-ONLY MODEL / NO PRODUCTION SAFETY INTERVENTION
medium,cold_start,32.0,20.0,30,0.01,NEW,1000,-1.0,-1.0,33.941780,33.941780,0,0,NO_THRESHOLD_CROSSING,CONTROL-ONLY MODEL / NO PRODUCTION SAFETY INTERVENTION
medium,cold_start,32.0,20.0,60,0.10,OLD,0,-1.0,-1.0,34.575391,34.575391,0,0,NO_THRESHOLD_CROSSING,CONTROL-ONLY MODEL / NO PRODUCTION SAFETY INTERVENTION
medium,cold_start,32.0,20.0,60,0.10,NEW,300,-1.0,-1.0,34.578151,34.578151,0,0,NO_THRESHOLD_CROSSING,CONTROL-ONLY MODEL / NO PRODUCTION SAFETY INTERVENTION
medium,cold_start,32.0,20.0,60,0.10,NEW,500,-1.0,-1.0,34.578656,34.578656,0,0,NO_THRESHOLD_CROSSING,CONTROL-ONLY MODEL / NO PRODUCTION SAFETY INTERVENTION
medium,cold_start,32.0,20.0,60,0.10,NEW,1000,-1.0,-1.0,34.588183,34.588183,0,0,NO_THRESHOLD_CROSSING,CONTROL-ONLY MODEL / NO PRODUCTION SAFETY INTERVENTION
medium,cold_start,32.0,20.0,60,0.01,OLD,0,-1.0,-1.0,34.590659,34.590659,0,0,NO_THRESHOLD_CROSSING,CONTROL-ONLY MODEL / NO PRODUCTION SAFETY INTERVENTION
medium,cold_start,32.0,20.0,60,0.01,NEW,300,-1.0,-1.0,34.585677,34.585677,0,0,NO_THRESHOLD_CROSSING,CONTROL-ONLY MODEL / NO PRODUCTION SAFETY INTERVENTION
medium,cold_start,32.0,20.0,60,0.01,NEW,500,-1.0,-1.0,34.587890,34.587890,0,0,NO_THRESHOLD_CROSSING,CONTROL-ONLY MODEL / NO PRODUCTION SAFETY INTERVENTION
medium,cold_start,32.0,20.0,60,0.01,NEW,1000,-1.0,-1.0,34.592119,34.592119,0,0,NO_THRESHOLD_CROSSING,CONTROL-ONLY MODEL / NO PRODUCTION SAFETY INTERVENTION
medium,cold_start,32.0,25.0,5,0.10,OLD,0,-1.0,-1.0,33.549954,33.549954,0,0,NO_THRESHOLD_CROSSING,CONTROL-ONLY MODEL / NO PRODUCTION SAFETY INTERVENTION
medium,cold_start,32.0,25.0,5,0.10,NEW,300,-1.0,-1.0,33.538468,33.538468,0,0,NO_THRESHOLD_CROSSING,CONTROL-ONLY MODEL / NO PRODUCTION SAFETY INTERVENTION
medium,cold_start,32.0,25.0,5,0.10,NEW,500,-1.0,-1.0,33.536706,33.536706,0,0,NO_THRESHOLD_CROSSING,CONTROL-ONLY MODEL / NO PRODUCTION SAFETY INTERVENTION
medium,cold_start,32.0,25.0,5,0.10,NEW,1000,-1.0,-1.0,33.536302,33.536302,0,0,NO_THRESHOLD_CROSSING,CONTROL-ONLY MODEL / NO PRODUCTION SAFETY INTERVENTION
medium,cold_start,32.0,25.0,5,0.01,OLD,0,-1.0,-1.0,33.539422,33.539422,0,0,NO_THRESHOLD_CROSSING,CONTROL-ONLY MODEL / NO PRODUCTION SAFETY INTERVENTION
medium,cold_start,32.0,25.0,5,0.01,NEW,300,-1.0,-1.0,33.539675,33.539675,0,0,NO_THRESHOLD_CROSSING,CONTROL-ONLY MODEL / NO PRODUCTION SAFETY INTERVENTION
medium,cold_start,32.0,25.0,5,0.01,NEW,500,-1.0,-1.0,33.543812,33.543812,0,0,NO_THRESHOLD_CROSSING,CONTROL-ONLY MODEL / NO PRODUCTION SAFETY INTERVENTION
medium,cold_start,32.0,25.0,5,0.01,NEW,1000,-1.0,-1.0,33.540208,33.540208,0,0,NO_THRESHOLD_CROSSING,CONTROL-ONLY MODEL / NO PRODUCTION SAFETY INTERVENTION
medium,cold_start,32.0,25.0,15,0.10,OLD,0,-1.0,-1.0,33.727159,33.727159,0,0,NO_THRESHOLD_CROSSING,CONTROL-ONLY MODEL / NO PRODUCTION SAFETY INTERVENTION
medium,cold_start,32.0,25.0,15,0.10,NEW,300,-1.0,-1.0,33.730237,33.730237,0,0,NO_THRESHOLD_CROSSING,CONTROL-ONLY MODEL / NO PRODUCTION SAFETY INTERVENTION
medium,cold_start,32.0,25.0,15,0.10,NEW,500,-1.0,-1.0,33.733072,33.733072,0,0,NO_THRESHOLD_CROSSING,CONTROL-ONLY MODEL / NO PRODUCTION SAFETY INTERVENTION
medium,cold_start,32.0,25.0,15,0.10,NEW,1000,-1.0,-1.0,33.730079,33.730079,0,0,NO_THRESHOLD_CROSSING,CONTROL-ONLY MODEL / NO PRODUCTION SAFETY INTERVENTION
medium,cold_start,32.0,25.0,15,0.01,OLD,0,-1.0,-1.0,33.739404,33.739404,0,0,NO_THRESHOLD_CROSSING,CONTROL-ONLY MODEL / NO PRODUCTION SAFETY INTERVENTION
medium,cold_start,32.0,25.0,15,0.01,NEW,300,-1.0,-1.0,33.735772,33.735772,0,0,NO_THRESHOLD_CROSSING,CONTROL-ONLY MODEL / NO PRODUCTION SAFETY INTERVENTION
medium,cold_start,32.0,25.0,15,0.01,NEW,500,-1.0,-1.0,33.739098,33.739098,0,0,NO_THRESHOLD_CROSSING,CONTROL-ONLY MODEL / NO PRODUCTION SAFETY INTERVENTION
medium,cold_start,32.0,25.0,15,0.01,NEW,1000,-1.0,-1.0,33.736296,33.736296,0,0,NO_THRESHOLD_CROSSING,CONTROL-ONLY MODEL / NO PRODUCTION SAFETY INTERVENTION
medium,cold_start,32.0,25.0,30,0.10,OLD,0,-1.0,-1.0,34.048644,34.048644,0,0,NO_THRESHOLD_CROSSING,CONTROL-ONLY MODEL / NO PRODUCTION SAFETY INTERVENTION
medium,cold_start,32.0,25.0,30,0.10,NEW,300,-1.0,-1.0,34.053519,34.053519,0,0,NO_THRESHOLD_CROSSING,CONTROL-ONLY MODEL / NO PRODUCTION SAFETY INTERVENTION
medium,cold_start,32.0,25.0,30,0.10,NEW,500,-1.0,-1.0,34.059812,34.059812,0,0,NO_THRESHOLD_CROSSING,CONTROL-ONLY MODEL / NO PRODUCTION SAFETY INTERVENTION
medium,cold_start,32.0,25.0,30,0.10,NEW,1000,-1.0,-1.0,34.068787,34.068787,0,0,NO_THRESHOLD_CROSSING,CONTROL-ONLY MODEL / NO PRODUCTION SAFETY INTERVENTION
medium,cold_start,32.0,25.0,30,0.01,OLD,0,-1.0,-1.0,34.048535,34.048535,0,0,NO_THRESHOLD_CROSSING,CONTROL-ONLY MODEL / NO PRODUCTION SAFETY INTERVENTION
medium,cold_start,32.0,25.0,30,0.01,NEW,300,-1.0,-1.0,34.062014,34.062014,0,0,NO_THRESHOLD_CROSSING,CONTROL-ONLY MODEL / NO PRODUCTION SAFETY INTERVENTION
medium,cold_start,32.0,25.0,30,0.01,NEW,500,-1.0,-1.0,34.059990,34.059990,0,0,NO_THRESHOLD_CROSSING,CONTROL-ONLY MODEL / NO PRODUCTION SAFETY INTERVENTION
medium,cold_start,32.0,25.0,30,0.01,NEW,1000,-1.0,-1.0,34.068931,34.068931,0,0,NO_THRESHOLD_CROSSING,CONTROL-ONLY MODEL / NO PRODUCTION SAFETY INTERVENTION
medium,cold_start,32.0,25.0,60,0.10,OLD,0,-1.0,-1.0,34.763137,34.763137,0,0,NO_THRESHOLD_CROSSING,CONTROL-ONLY MODEL / NO PRODUCTION SAFETY INTERVENTION
medium,cold_start,32.0,25.0,60,0.10,NEW,300,-1.0,-1.0,34.746028,34.746028,0,0,NO_THRESHOLD_CROSSING,CONTROL-ONLY MODEL / NO PRODUCTION SAFETY INTERVENTION
medium,cold_start,32.0,25.0,60,0.10,NEW,500,-1.0,-1.0,34.755404,34.755404,0,0,NO_THRESHOLD_CROSSING,CONTROL-ONLY MODEL / NO PRODUCTION SAFETY INTERVENTION
medium,cold_start,32.0,25.0,60,0.10,NEW,1000,-1.0,-1.0,34.759263,34.759263,0,0,NO_THRESHOLD_CROSSING,CONTROL-ONLY MODEL / NO PRODUCTION SAFETY INTERVENTION
medium,cold_start,32.0,25.0,60,0.01,OLD,0,-1.0,-1.0,34.758489,34.758489,0,0,NO_THRESHOLD_CROSSING,CONTROL-ONLY MODEL / NO PRODUCTION SAFETY INTERVENTION
medium,cold_start,32.0,25.0,60,0.01,NEW,300,-1.0,-1.0,34.754483,34.754483,0,0,NO_THRESHOLD_CROSSING,CONTROL-ONLY MODEL / NO PRODUCTION SAFETY INTERVENTION
medium,cold_start,32.0,25.0,60,0.01,NEW,500,-1.0,-1.0,34.756498,34.756498,0,0,NO_THRESHOLD_CROSSING,CONTROL-ONLY MODEL / NO PRODUCTION SAFETY INTERVENTION
medium,cold_start,32.0,25.0,60,0.01,NEW,1000,-1.0,-1.0,34.760482,34.760482,0,0,NO_THRESHOLD_CROSSING,CONTROL-ONLY MODEL / NO PRODUCTION SAFETY INTERVENTION
medium,cold_start,32.0,28.0,5,0.10,OLD,0,-1.0,-1.0,33.597997,33.597997,0,0,NO_THRESHOLD_CROSSING,CONTROL-ONLY MODEL / NO PRODUCTION SAFETY INTERVENTION
medium,cold_start,32.0,28.0,5,0.10,NEW,300,-1.0,-1.0,33.602125,33.602125,0,0,NO_THRESHOLD_CROSSING,CONTROL-ONLY MODEL / NO PRODUCTION SAFETY INTERVENTION
medium,cold_start,32.0,28.0,5,0.10,NEW,500,-1.0,-1.0,33.603787,33.603787,0,0,NO_THRESHOLD_CROSSING,CONTROL-ONLY MODEL / NO PRODUCTION SAFETY INTERVENTION
medium,cold_start,32.0,28.0,5,0.10,NEW,1000,-1.0,-1.0,33.603383,33.603383,0,0,NO_THRESHOLD_CROSSING,CONTROL-ONLY MODEL / NO PRODUCTION SAFETY INTERVENTION
medium,cold_start,32.0,28.0,5,0.01,OLD,0,-1.0,-1.0,33.587673,33.587673,0,0,NO_THRESHOLD_CROSSING,CONTROL-ONLY MODEL / NO PRODUCTION SAFETY INTERVENTION
medium,cold_start,32.0,28.0,5,0.01,NEW,300,-1.0,-1.0,33.594477,33.594477,0,0,NO_THRESHOLD_CROSSING,CONTROL-ONLY MODEL / NO PRODUCTION SAFETY INTERVENTION
medium,cold_start,32.0,28.0,5,0.01,NEW,500,-1.0,-1.0,33.601682,33.601682,0,0,NO_THRESHOLD_CROSSING,CONTROL-ONLY MODEL / NO PRODUCTION SAFETY INTERVENTION
medium,cold_start,32.0,28.0,5,0.01,NEW,1000,-1.0,-1.0,33.601286,33.601286,0,0,NO_THRESHOLD_CROSSING,CONTROL-ONLY MODEL / NO PRODUCTION SAFETY INTERVENTION
medium,cold_start,32.0,28.0,15,0.10,OLD,0,-1.0,-1.0,33.796704,33.796704,0,0,NO_THRESHOLD_CROSSING,CONTROL-ONLY MODEL / NO PRODUCTION SAFETY INTERVENTION
medium,cold_start,32.0,28.0,15,0.10,NEW,300,-1.0,-1.0,33.803085,33.803085,0,0,NO_THRESHOLD_CROSSING,CONTROL-ONLY MODEL / NO PRODUCTION SAFETY INTERVENTION
medium,cold_start,32.0,28.0,15,0.10,NEW,500,-1.0,-1.0,33.806010,33.806010,0,0,NO_THRESHOLD_CROSSING,CONTROL-ONLY MODEL / NO PRODUCTION SAFETY INTERVENTION
medium,cold_start,32.0,28.0,15,0.10,NEW,1000,-1.0,-1.0,33.805617,33.805617,0,0,NO_THRESHOLD_CROSSING,CONTROL-ONLY MODEL / NO PRODUCTION SAFETY INTERVENTION
medium,cold_start,32.0,28.0,15,0.01,OLD,0,-1.0,-1.0,33.794136,33.794136,0,0,NO_THRESHOLD_CROSSING,CONTROL-ONLY MODEL / NO PRODUCTION SAFETY INTERVENTION
medium,cold_start,32.0,28.0,15,0.01,NEW,300,-1.0,-1.0,33.797240,33.797240,0,0,NO_THRESHOLD_CROSSING,CONTROL-ONLY MODEL / NO PRODUCTION SAFETY INTERVENTION
medium,cold_start,32.0,28.0,15,0.01,NEW,500,-1.0,-1.0,33.803167,33.803167,0,0,NO_THRESHOLD_CROSSING,CONTROL-ONLY MODEL / NO PRODUCTION SAFETY INTERVENTION
medium,cold_start,32.0,28.0,15,0.01,NEW,1000,-1.0,-1.0,33.803074,33.803074,0,0,NO_THRESHOLD_CROSSING,CONTROL-ONLY MODEL / NO PRODUCTION SAFETY INTERVENTION
medium,cold_start,32.0,28.0,30,0.10,OLD,0,-1.0,-1.0,34.123886,34.123886,0,0,NO_THRESHOLD_CROSSING,CONTROL-ONLY MODEL / NO PRODUCTION SAFETY INTERVENTION
medium,cold_start,32.0,28.0,30,0.10,NEW,300,-1.0,-1.0,34.133273,34.133273,0,0,NO_THRESHOLD_CROSSING,CONTROL-ONLY MODEL / NO PRODUCTION SAFETY INTERVENTION
medium,cold_start,32.0,28.0,30,0.10,NEW,500,-1.0,-1.0,34.128887,34.128887,0,0,NO_THRESHOLD_CROSSING,CONTROL-ONLY MODEL / NO PRODUCTION SAFETY INTERVENTION
medium,cold_start,32.0,28.0,30,0.10,NEW,1000,-1.0,-1.0,34.127808,34.127808,0,0,NO_THRESHOLD_CROSSING,CONTROL-ONLY MODEL / NO PRODUCTION SAFETY INTERVENTION
medium,cold_start,32.0,28.0,30,0.01,OLD,0,-1.0,-1.0,34.129205,34.129205,0,0,NO_THRESHOLD_CROSSING,CONTROL-ONLY MODEL / NO PRODUCTION SAFETY INTERVENTION
medium,cold_start,32.0,28.0,30,0.01,NEW,300,-1.0,-1.0,34.138351,34.138351,0,0,NO_THRESHOLD_CROSSING,CONTROL-ONLY MODEL / NO PRODUCTION SAFETY INTERVENTION
medium,cold_start,32.0,28.0,30,0.01,NEW,500,-1.0,-1.0,34.138501,34.138501,0,0,NO_THRESHOLD_CROSSING,CONTROL-ONLY MODEL / NO PRODUCTION SAFETY INTERVENTION
medium,cold_start,32.0,28.0,30,0.01,NEW,1000,-1.0,-1.0,34.129135,34.129135,0,0,NO_THRESHOLD_CROSSING,CONTROL-ONLY MODEL / NO PRODUCTION SAFETY INTERVENTION
medium,cold_start,32.0,28.0,60,0.10,OLD,0,-1.0,-1.0,34.842132,34.842132,0,0,NO_THRESHOLD_CROSSING,CONTROL-ONLY MODEL / NO PRODUCTION SAFETY INTERVENTION
medium,cold_start,32.0,28.0,60,0.10,NEW,300,-1.0,-1.0,34.854919,34.854919,0,0,NO_THRESHOLD_CROSSING,CONTROL-ONLY MODEL / NO PRODUCTION SAFETY INTERVENTION
medium,cold_start,32.0,28.0,60,0.10,NEW,500,-1.0,-1.0,34.851703,34.851703,0,0,NO_THRESHOLD_CROSSING,CONTROL-ONLY MODEL / NO PRODUCTION SAFETY INTERVENTION
medium,cold_start,32.0,28.0,60,0.10,NEW,1000,-1.0,-1.0,34.841308,34.841308,0,0,NO_THRESHOLD_CROSSING,CONTROL-ONLY MODEL / NO PRODUCTION SAFETY INTERVENTION
medium,cold_start,32.0,28.0,60,0.01,OLD,0,-1.0,-1.0,34.844930,34.844930,0,0,NO_THRESHOLD_CROSSING,CONTROL-ONLY MODEL / NO PRODUCTION SAFETY INTERVENTION
medium,cold_start,32.0,28.0,60,0.01,NEW,300,-1.0,-1.0,34.854730,34.854730,0,0,NO_THRESHOLD_CROSSING,CONTROL-ONLY MODEL / NO PRODUCTION SAFETY INTERVENTION
medium,cold_start,32.0,28.0,60,0.01,NEW,500,-1.0,-1.0,34.852769,34.852769,0,0,NO_THRESHOLD_CROSSING,CONTROL-ONLY MODEL / NO PRODUCTION SAFETY INTERVENTION
medium,cold_start,32.0,28.0,60,0.01,NEW,1000,-1.0,-1.0,34.841791,34.841791,0,0,NO_THRESHOLD_CROSSING,CONTROL-ONLY MODEL / NO PRODUCTION SAFETY INTERVENTION
medium,cold_start,35.0,20.0,5,0.10,OLD,0,-1.0,-1.0,36.382470,36.382470,0,0,NO_THRESHOLD_CROSSING,CONTROL-ONLY MODEL / NO PRODUCTION SAFETY INTERVENTION
medium,cold_start,35.0,20.0,5,0.10,NEW,300,-1.0,-1.0,36.387116,36.387116,0,0,NO_THRESHOLD_CROSSING,CONTROL-ONLY MODEL / NO PRODUCTION SAFETY INTERVENTION
medium,cold_start,35.0,20.0,5,0.10,NEW,500,-1.0,-1.0,36.390311,36.390311,0,0,NO_THRESHOLD_CROSSING,CONTROL-ONLY MODEL / NO PRODUCTION SAFETY INTERVENTION
medium,cold_start,35.0,20.0,5,0.10,NEW,1000,-1.0,-1.0,36.393588,36.393588,0,0,NO_THRESHOLD_CROSSING,CONTROL-ONLY MODEL / NO PRODUCTION SAFETY INTERVENTION
medium,cold_start,35.0,20.0,5,0.01,OLD,0,-1.0,-1.0,36.387441,36.387441,0,0,NO_THRESHOLD_CROSSING,CONTROL-ONLY MODEL / NO PRODUCTION SAFETY INTERVENTION
medium,cold_start,35.0,20.0,5,0.01,NEW,300,-1.0,-1.0,36.391244,36.391244,0,0,NO_THRESHOLD_CROSSING,CONTROL-ONLY MODEL / NO PRODUCTION SAFETY INTERVENTION
medium,cold_start,35.0,20.0,5,0.01,NEW,500,-1.0,-1.0,36.391678,36.391678,0,0,NO_THRESHOLD_CROSSING,CONTROL-ONLY MODEL / NO PRODUCTION SAFETY INTERVENTION
medium,cold_start,35.0,20.0,5,0.01,NEW,1000,-1.0,-1.0,36.391405,36.391405,0,0,NO_THRESHOLD_CROSSING,CONTROL-ONLY MODEL / NO PRODUCTION SAFETY INTERVENTION
medium,cold_start,35.0,20.0,15,0.10,OLD,0,-1.0,-1.0,36.557650,36.557650,0,0,NO_THRESHOLD_CROSSING,CONTROL-ONLY MODEL / NO PRODUCTION SAFETY INTERVENTION
medium,cold_start,35.0,20.0,15,0.10,NEW,300,-1.0,-1.0,36.562666,36.562666,0,0,NO_THRESHOLD_CROSSING,CONTROL-ONLY MODEL / NO PRODUCTION SAFETY INTERVENTION
medium,cold_start,35.0,20.0,15,0.10,NEW,500,-1.0,-1.0,36.560934,36.560934,0,0,NO_THRESHOLD_CROSSING,CONTROL-ONLY MODEL / NO PRODUCTION SAFETY INTERVENTION
medium,cold_start,35.0,20.0,15,0.10,NEW,1000,-1.0,-1.0,36.565119,36.565119,0,0,NO_THRESHOLD_CROSSING,CONTROL-ONLY MODEL / NO PRODUCTION SAFETY INTERVENTION
medium,cold_start,35.0,20.0,15,0.01,OLD,0,-1.0,-1.0,36.566933,36.566933,0,0,NO_THRESHOLD_CROSSING,CONTROL-ONLY MODEL / NO PRODUCTION SAFETY INTERVENTION
medium,cold_start,35.0,20.0,15,0.01,NEW,300,-1.0,-1.0,36.567376,36.567376,0,0,NO_THRESHOLD_CROSSING,CONTROL-ONLY MODEL / NO PRODUCTION SAFETY INTERVENTION
medium,cold_start,35.0,20.0,15,0.01,NEW,500,-1.0,-1.0,36.568820,36.568820,0,0,NO_THRESHOLD_CROSSING,CONTROL-ONLY MODEL / NO PRODUCTION SAFETY INTERVENTION
medium,cold_start,35.0,20.0,15,0.01,NEW,1000,-1.0,-1.0,36.571393,36.571393,0,0,NO_THRESHOLD_CROSSING,CONTROL-ONLY MODEL / NO PRODUCTION SAFETY INTERVENTION
medium,cold_start,35.0,20.0,30,0.10,OLD,0,-1.0,-1.0,36.844828,36.844828,0,0,NO_THRESHOLD_CROSSING,CONTROL-ONLY MODEL / NO PRODUCTION SAFETY INTERVENTION
medium,cold_start,35.0,20.0,30,0.10,NEW,300,-1.0,-1.0,36.853694,36.853694,0,0,NO_THRESHOLD_CROSSING,CONTROL-ONLY MODEL / NO PRODUCTION SAFETY INTERVENTION
medium,cold_start,35.0,20.0,30,0.10,NEW,500,-1.0,-1.0,36.857257,36.857257,0,0,NO_THRESHOLD_CROSSING,CONTROL-ONLY MODEL / NO PRODUCTION SAFETY INTERVENTION
medium,cold_start,35.0,20.0,30,0.10,NEW,1000,-1.0,-1.0,36.858148,36.858148,0,0,NO_THRESHOLD_CROSSING,CONTROL-ONLY MODEL / NO PRODUCTION SAFETY INTERVENTION
medium,cold_start,35.0,20.0,30,0.01,OLD,0,-1.0,-1.0,36.853340,36.853340,0,0,NO_THRESHOLD_CROSSING,CONTROL-ONLY MODEL / NO PRODUCTION SAFETY INTERVENTION
medium,cold_start,35.0,20.0,30,0.01,NEW,300,-1.0,-1.0,36.858966,36.858966,0,0,NO_THRESHOLD_CROSSING,CONTROL-ONLY MODEL / NO PRODUCTION SAFETY INTERVENTION
medium,cold_start,35.0,20.0,30,0.01,NEW,500,-1.0,-1.0,36.860172,36.860172,0,0,NO_THRESHOLD_CROSSING,CONTROL-ONLY MODEL / NO PRODUCTION SAFETY INTERVENTION
medium,cold_start,35.0,20.0,30,0.01,NEW,1000,-1.0,-1.0,36.865484,36.865484,0,0,NO_THRESHOLD_CROSSING,CONTROL-ONLY MODEL / NO PRODUCTION SAFETY INTERVENTION
medium,cold_start,35.0,20.0,60,0.10,OLD,0,-1.0,-1.0,37.475002,37.475002,0,0,NO_THRESHOLD_CROSSING,CONTROL-ONLY MODEL / NO PRODUCTION SAFETY INTERVENTION
medium,cold_start,35.0,20.0,60,0.10,NEW,300,-1.0,-1.0,37.479695,37.479695,0,0,NO_THRESHOLD_CROSSING,CONTROL-ONLY MODEL / NO PRODUCTION SAFETY INTERVENTION
medium,cold_start,35.0,20.0,60,0.10,NEW,500,-1.0,-1.0,37.481746,37.481746,0,0,NO_THRESHOLD_CROSSING,CONTROL-ONLY MODEL / NO PRODUCTION SAFETY INTERVENTION
medium,cold_start,35.0,20.0,60,0.10,NEW,1000,-1.0,-1.0,37.487250,37.487250,0,0,NO_THRESHOLD_CROSSING,CONTROL-ONLY MODEL / NO PRODUCTION SAFETY INTERVENTION
medium,cold_start,35.0,20.0,60,0.01,OLD,0,-1.0,-1.0,37.475830,37.475830,0,0,NO_THRESHOLD_CROSSING,CONTROL-ONLY MODEL / NO PRODUCTION SAFETY INTERVENTION
medium,cold_start,35.0,20.0,60,0.01,NEW,300,-1.0,-1.0,37.484299,37.484299,0,0,NO_THRESHOLD_CROSSING,CONTROL-ONLY MODEL / NO PRODUCTION SAFETY INTERVENTION
medium,cold_start,35.0,20.0,60,0.01,NEW,500,-1.0,-1.0,37.486069,37.486069,0,0,NO_THRESHOLD_CROSSING,CONTROL-ONLY MODEL / NO PRODUCTION SAFETY INTERVENTION
medium,cold_start,35.0,20.0,60,0.01,NEW,1000,-1.0,-1.0,37.492017,37.492017,0,0,NO_THRESHOLD_CROSSING,CONTROL-ONLY MODEL / NO PRODUCTION SAFETY INTERVENTION
medium,cold_start,35.0,25.0,5,0.10,OLD,0,-1.0,-1.0,36.480099,36.480099,0,0,NO_THRESHOLD_CROSSING,CONTROL-ONLY MODEL / NO PRODUCTION SAFETY INTERVENTION
medium,cold_start,35.0,25.0,5,0.10,NEW,300,-1.0,-1.0,36.482259,36.482259,0,0,NO_THRESHOLD_CROSSING,CONTROL-ONLY MODEL / NO PRODUCTION SAFETY INTERVENTION
medium,cold_start,35.0,25.0,5,0.10,NEW,500,-1.0,-1.0,36.480906,36.480906,0,0,NO_THRESHOLD_CROSSING,CONTROL-ONLY MODEL / NO PRODUCTION SAFETY INTERVENTION
medium,cold_start,35.0,25.0,5,0.10,NEW,1000,-1.0,-1.0,36.482342,36.482342,0,0,NO_THRESHOLD_CROSSING,CONTROL-ONLY MODEL / NO PRODUCTION SAFETY INTERVENTION
medium,cold_start,35.0,25.0,5,0.01,OLD,0,-1.0,-1.0,36.482277,36.482277,0,0,NO_THRESHOLD_CROSSING,CONTROL-ONLY MODEL / NO PRODUCTION SAFETY INTERVENTION
medium,cold_start,35.0,25.0,5,0.01,NEW,300,-1.0,-1.0,36.483741,36.483741,0,0,NO_THRESHOLD_CROSSING,CONTROL-ONLY MODEL / NO PRODUCTION SAFETY INTERVENTION
medium,cold_start,35.0,25.0,5,0.01,NEW,500,-1.0,-1.0,36.483628,36.483628,0,0,NO_THRESHOLD_CROSSING,CONTROL-ONLY MODEL / NO PRODUCTION SAFETY INTERVENTION
medium,cold_start,35.0,25.0,5,0.01,NEW,1000,-1.0,-1.0,36.485470,36.485470,0,0,NO_THRESHOLD_CROSSING,CONTROL-ONLY MODEL / NO PRODUCTION SAFETY INTERVENTION
medium,cold_start,35.0,25.0,15,0.10,OLD,0,-1.0,-1.0,36.666669,36.666669,0,0,NO_THRESHOLD_CROSSING,CONTROL-ONLY MODEL / NO PRODUCTION SAFETY INTERVENTION
medium,cold_start,35.0,25.0,15,0.10,NEW,300,-1.0,-1.0,36.668050,36.668050,0,0,NO_THRESHOLD_CROSSING,CONTROL-ONLY MODEL / NO PRODUCTION SAFETY INTERVENTION
medium,cold_start,35.0,25.0,15,0.10,NEW,500,-1.0,-1.0,36.667850,36.667850,0,0,NO_THRESHOLD_CROSSING,CONTROL-ONLY MODEL / NO PRODUCTION SAFETY INTERVENTION
medium,cold_start,35.0,25.0,15,0.10,NEW,1000,-1.0,-1.0,36.672120,36.672120,0,0,NO_THRESHOLD_CROSSING,CONTROL-ONLY MODEL / NO PRODUCTION SAFETY INTERVENTION
medium,cold_start,35.0,25.0,15,0.01,OLD,0,-1.0,-1.0,36.667005,36.667005,0,0,NO_THRESHOLD_CROSSING,CONTROL-ONLY MODEL / NO PRODUCTION SAFETY INTERVENTION
medium,cold_start,35.0,25.0,15,0.01,NEW,300,-1.0,-1.0,36.671267,36.671267,0,0,NO_THRESHOLD_CROSSING,CONTROL-ONLY MODEL / NO PRODUCTION SAFETY INTERVENTION
medium,cold_start,35.0,25.0,15,0.01,NEW,500,-1.0,-1.0,36.673534,36.673534,0,0,NO_THRESHOLD_CROSSING,CONTROL-ONLY MODEL / NO PRODUCTION SAFETY INTERVENTION
medium,cold_start,35.0,25.0,15,0.01,NEW,1000,-1.0,-1.0,36.674894,36.674894,0,0,NO_THRESHOLD_CROSSING,CONTROL-ONLY MODEL / NO PRODUCTION SAFETY INTERVENTION
medium,cold_start,35.0,25.0,30,0.10,OLD,0,-1.0,-1.0,36.982080,36.982080,0,0,NO_THRESHOLD_CROSSING,CONTROL-ONLY MODEL / NO PRODUCTION SAFETY INTERVENTION
medium,cold_start,35.0,25.0,30,0.10,NEW,300,-1.0,-1.0,36.977233,36.977233,0,0,NO_THRESHOLD_CROSSING,CONTROL-ONLY MODEL / NO PRODUCTION SAFETY INTERVENTION
medium,cold_start,35.0,25.0,30,0.10,NEW,500,-1.0,-1.0,36.982455,36.982455,0,0,NO_THRESHOLD_CROSSING,CONTROL-ONLY MODEL / NO PRODUCTION SAFETY INTERVENTION
medium,cold_start,35.0,25.0,30,0.10,NEW,1000,-1.0,-1.0,36.996515,36.996515,0,0,NO_THRESHOLD_CROSSING,CONTROL-ONLY MODEL / NO PRODUCTION SAFETY INTERVENTION
medium,cold_start,35.0,25.0,30,0.01,OLD,0,-1.0,-1.0,36.989524,36.989524,0,0,NO_THRESHOLD_CROSSING,CONTROL-ONLY MODEL / NO PRODUCTION SAFETY INTERVENTION
medium,cold_start,35.0,25.0,30,0.01,NEW,300,-1.0,-1.0,36.984930,36.984930,0,0,NO_THRESHOLD_CROSSING,CONTROL-ONLY MODEL / NO PRODUCTION SAFETY INTERVENTION
medium,cold_start,35.0,25.0,30,0.01,NEW,500,-1.0,-1.0,36.987585,36.987585,0,0,NO_THRESHOLD_CROSSING,CONTROL-ONLY MODEL / NO PRODUCTION SAFETY INTERVENTION
medium,cold_start,35.0,25.0,30,0.01,NEW,1000,-1.0,-1.0,36.992951,36.992951,0,0,NO_THRESHOLD_CROSSING,CONTROL-ONLY MODEL / NO PRODUCTION SAFETY INTERVENTION
medium,cold_start,35.0,25.0,60,0.10,OLD,0,-1.0,-1.0,37.646966,37.646966,0,0,NO_THRESHOLD_CROSSING,CONTROL-ONLY MODEL / NO PRODUCTION SAFETY INTERVENTION
medium,cold_start,35.0,25.0,60,0.10,NEW,300,-1.0,-1.0,37.644696,37.644696,0,0,NO_THRESHOLD_CROSSING,CONTROL-ONLY MODEL / NO PRODUCTION SAFETY INTERVENTION
medium,cold_start,35.0,25.0,60,0.10,NEW,500,-1.0,-1.0,37.651361,37.651361,0,0,NO_THRESHOLD_CROSSING,CONTROL-ONLY MODEL / NO PRODUCTION SAFETY INTERVENTION
medium,cold_start,35.0,25.0,60,0.10,NEW,1000,-1.0,-1.0,37.665354,37.665354,0,0,NO_THRESHOLD_CROSSING,CONTROL-ONLY MODEL / NO PRODUCTION SAFETY INTERVENTION
medium,cold_start,35.0,25.0,60,0.01,OLD,0,-1.0,-1.0,37.649708,37.649708,0,0,NO_THRESHOLD_CROSSING,CONTROL-ONLY MODEL / NO PRODUCTION SAFETY INTERVENTION
medium,cold_start,35.0,25.0,60,0.01,NEW,300,-1.0,-1.0,37.652408,37.652408,0,0,NO_THRESHOLD_CROSSING,CONTROL-ONLY MODEL / NO PRODUCTION SAFETY INTERVENTION
medium,cold_start,35.0,25.0,60,0.01,NEW,500,-1.0,-1.0,37.655082,37.655082,0,0,NO_THRESHOLD_CROSSING,CONTROL-ONLY MODEL / NO PRODUCTION SAFETY INTERVENTION
medium,cold_start,35.0,25.0,60,0.01,NEW,1000,-1.0,-1.0,37.664250,37.664250,0,0,NO_THRESHOLD_CROSSING,CONTROL-ONLY MODEL / NO PRODUCTION SAFETY INTERVENTION
medium,cold_start,35.0,28.0,5,0.10,OLD,0,-1.0,-1.0,36.549954,36.549954,0,0,NO_THRESHOLD_CROSSING,CONTROL-ONLY MODEL / NO PRODUCTION SAFETY INTERVENTION
medium,cold_start,35.0,28.0,5,0.10,NEW,300,-1.0,-1.0,36.538468,36.538468,0,0,NO_THRESHOLD_CROSSING,CONTROL-ONLY MODEL / NO PRODUCTION SAFETY INTERVENTION
medium,cold_start,35.0,28.0,5,0.10,NEW,500,-1.0,-1.0,36.536706,36.536706,0,0,NO_THRESHOLD_CROSSING,CONTROL-ONLY MODEL / NO PRODUCTION SAFETY INTERVENTION
medium,cold_start,35.0,28.0,5,0.10,NEW,1000,-1.0,-1.0,36.536302,36.536302,0,0,NO_THRESHOLD_CROSSING,CONTROL-ONLY MODEL / NO PRODUCTION SAFETY INTERVENTION
medium,cold_start,35.0,28.0,5,0.01,OLD,0,-1.0,-1.0,36.539422,36.539422,0,0,NO_THRESHOLD_CROSSING,CONTROL-ONLY MODEL / NO PRODUCTION SAFETY INTERVENTION
medium,cold_start,35.0,28.0,5,0.01,NEW,300,-1.0,-1.0,36.539675,36.539675,0,0,NO_THRESHOLD_CROSSING,CONTROL-ONLY MODEL / NO PRODUCTION SAFETY INTERVENTION
medium,cold_start,35.0,28.0,5,0.01,NEW,500,-1.0,-1.0,36.543812,36.543812,0,0,NO_THRESHOLD_CROSSING,CONTROL-ONLY MODEL / NO PRODUCTION SAFETY INTERVENTION
medium,cold_start,35.0,28.0,5,0.01,NEW,1000,-1.0,-1.0,36.540208,36.540208,0,0,NO_THRESHOLD_CROSSING,CONTROL-ONLY MODEL / NO PRODUCTION SAFETY INTERVENTION
medium,cold_start,35.0,28.0,15,0.10,OLD,0,-1.0,-1.0,36.727159,36.727159,0,0,NO_THRESHOLD_CROSSING,CONTROL-ONLY MODEL / NO PRODUCTION SAFETY INTERVENTION
medium,cold_start,35.0,28.0,15,0.10,NEW,300,-1.0,-1.0,36.730237,36.730237,0,0,NO_THRESHOLD_CROSSING,CONTROL-ONLY MODEL / NO PRODUCTION SAFETY INTERVENTION
medium,cold_start,35.0,28.0,15,0.10,NEW,500,-1.0,-1.0,36.733072,36.733072,0,0,NO_THRESHOLD_CROSSING,CONTROL-ONLY MODEL / NO PRODUCTION SAFETY INTERVENTION
medium,cold_start,35.0,28.0,15,0.10,NEW,1000,-1.0,-1.0,36.730079,36.730079,0,0,NO_THRESHOLD_CROSSING,CONTROL-ONLY MODEL / NO PRODUCTION SAFETY INTERVENTION
medium,cold_start,35.0,28.0,15,0.01,OLD,0,-1.0,-1.0,36.739404,36.739404,0,0,NO_THRESHOLD_CROSSING,CONTROL-ONLY MODEL / NO PRODUCTION SAFETY INTERVENTION
medium,cold_start,35.0,28.0,15,0.01,NEW,300,-1.0,-1.0,36.735772,36.735772,0,0,NO_THRESHOLD_CROSSING,CONTROL-ONLY MODEL / NO PRODUCTION SAFETY INTERVENTION
medium,cold_start,35.0,28.0,15,0.01,NEW,500,-1.0,-1.0,36.739098,36.739098,0,0,NO_THRESHOLD_CROSSING,CONTROL-ONLY MODEL / NO PRODUCTION SAFETY INTERVENTION
medium,cold_start,35.0,28.0,15,0.01,NEW,1000,-1.0,-1.0,36.736296,36.736296,0,0,NO_THRESHOLD_CROSSING,CONTROL-ONLY MODEL / NO PRODUCTION SAFETY INTERVENTION
medium,cold_start,35.0,28.0,30,0.10,OLD,0,-1.0,-1.0,37.048644,37.048644,0,0,NO_THRESHOLD_CROSSING,CONTROL-ONLY MODEL / NO PRODUCTION SAFETY INTERVENTION
medium,cold_start,35.0,28.0,30,0.10,NEW,300,-1.0,-1.0,37.053519,37.053519,0,0,NO_THRESHOLD_CROSSING,CONTROL-ONLY MODEL / NO PRODUCTION SAFETY INTERVENTION
medium,cold_start,35.0,28.0,30,0.10,NEW,500,-1.0,-1.0,37.059812,37.059812,0,0,NO_THRESHOLD_CROSSING,CONTROL-ONLY MODEL / NO PRODUCTION SAFETY INTERVENTION
medium,cold_start,35.0,28.0,30,0.10,NEW,1000,-1.0,-1.0,37.068787,37.068787,0,0,NO_THRESHOLD_CROSSING,CONTROL-ONLY MODEL / NO PRODUCTION SAFETY INTERVENTION
medium,cold_start,35.0,28.0,30,0.01,OLD,0,-1.0,-1.0,37.048535,37.048535,0,0,NO_THRESHOLD_CROSSING,CONTROL-ONLY MODEL / NO PRODUCTION SAFETY INTERVENTION
medium,cold_start,35.0,28.0,30,0.01,NEW,300,-1.0,-1.0,37.062014,37.062014,0,0,NO_THRESHOLD_CROSSING,CONTROL-ONLY MODEL / NO PRODUCTION SAFETY INTERVENTION
medium,cold_start,35.0,28.0,30,0.01,NEW,500,-1.0,-1.0,37.059990,37.059990,0,0,NO_THRESHOLD_CROSSING,CONTROL-ONLY MODEL / NO PRODUCTION SAFETY INTERVENTION
medium,cold_start,35.0,28.0,30,0.01,NEW,1000,-1.0,-1.0,37.068931,37.068931,0,0,NO_THRESHOLD_CROSSING,CONTROL-ONLY MODEL / NO PRODUCTION SAFETY INTERVENTION
medium,cold_start,35.0,28.0,60,0.10,OLD,0,-1.0,-1.0,37.763137,37.763137,0,0,NO_THRESHOLD_CROSSING,CONTROL-ONLY MODEL / NO PRODUCTION SAFETY INTERVENTION
medium,cold_start,35.0,28.0,60,0.10,NEW,300,-1.0,-1.0,37.746028,37.746028,0,0,NO_THRESHOLD_CROSSING,CONTROL-ONLY MODEL / NO PRODUCTION SAFETY INTERVENTION
medium,cold_start,35.0,28.0,60,0.10,NEW,500,-1.0,-1.0,37.755404,37.755404,0,0,NO_THRESHOLD_CROSSING,CONTROL-ONLY MODEL / NO PRODUCTION SAFETY INTERVENTION
medium,cold_start,35.0,28.0,60,0.10,NEW,1000,-1.0,-1.0,37.759263,37.759263,0,0,NO_THRESHOLD_CROSSING,CONTROL-ONLY MODEL / NO PRODUCTION SAFETY INTERVENTION
medium,cold_start,35.0,28.0,60,0.01,OLD,0,-1.0,-1.0,37.758489,37.758489,0,0,NO_THRESHOLD_CROSSING,CONTROL-ONLY MODEL / NO PRODUCTION SAFETY INTERVENTION
medium,cold_start,35.0,28.0,60,0.01,NEW,300,-1.0,-1.0,37.754483,37.754483,0,0,NO_THRESHOLD_CROSSING,CONTROL-ONLY MODEL / NO PRODUCTION SAFETY INTERVENTION
medium,cold_start,35.0,28.0,60,0.01,NEW,500,-1.0,-1.0,37.756498,37.756498,0,0,NO_THRESHOLD_CROSSING,CONTROL-ONLY MODEL / NO PRODUCTION SAFETY INTERVENTION
medium,cold_start,35.0,28.0,60,0.01,NEW,1000,-1.0,-1.0,37.760482,37.760482,0,0,NO_THRESHOLD_CROSSING,CONTROL-ONLY MODEL / NO PRODUCTION SAFETY INTERVENTION
medium,cold_start,37.5,20.0,5,0.10,OLD,0,793.8,-1.0,38.198557,38.846823,1,0,SAFETY_INTERVENTION_REQUIRED,CONTROL-ONLY MODEL / NO PRODUCTION SAFETY INTERVENTION
medium,cold_start,37.5,20.0,5,0.10,NEW,300,791.4,-1.0,38.199518,38.839659,1,0,SAFETY_INTERVENTION_REQUIRED,CONTROL-ONLY MODEL / NO PRODUCTION SAFETY INTERVENTION
medium,cold_start,37.5,20.0,5,0.10,NEW,500,791.5,-1.0,38.198829,38.840350,1,0,SAFETY_INTERVENTION_REQUIRED,CONTROL-ONLY MODEL / NO PRODUCTION SAFETY INTERVENTION
medium,cold_start,37.5,20.0,5,0.10,NEW,1000,791.5,-1.0,38.198412,38.844558,1,0,SAFETY_INTERVENTION_REQUIRED,CONTROL-ONLY MODEL / NO PRODUCTION SAFETY INTERVENTION
medium,cold_start,37.5,20.0,5,0.01,OLD,0,794.1,-1.0,38.198585,38.852427,1,0,SAFETY_INTERVENTION_REQUIRED,CONTROL-ONLY MODEL / NO PRODUCTION SAFETY INTERVENTION
medium,cold_start,37.5,20.0,5,0.01,NEW,300,791.2,-1.0,38.199732,38.843738,1,0,SAFETY_INTERVENTION_REQUIRED,CONTROL-ONLY MODEL / NO PRODUCTION SAFETY INTERVENTION
medium,cold_start,37.5,20.0,5,0.01,NEW,500,791.3,-1.0,38.199674,38.843848,1,0,SAFETY_INTERVENTION_REQUIRED,CONTROL-ONLY MODEL / NO PRODUCTION SAFETY INTERVENTION
medium,cold_start,37.5,20.0,5,0.01,NEW,1000,791.5,-1.0,38.198906,38.844507,1,0,SAFETY_INTERVENTION_REQUIRED,CONTROL-ONLY MODEL / NO PRODUCTION SAFETY INTERVENTION
medium,cold_start,37.5,20.0,15,0.10,OLD,0,802.3,869.3,38.198854,38.999940,1,1,EMERGENCY_INTERVENTION_REQUIRED,CONTROL-ONLY MODEL / NO PRODUCTION SAFETY INTERVENTION
medium,cold_start,37.5,20.0,15,0.10,NEW,300,799.8,867.5,38.198247,38.999945,1,1,EMERGENCY_INTERVENTION_REQUIRED,CONTROL-ONLY MODEL / NO PRODUCTION SAFETY INTERVENTION
medium,cold_start,37.5,20.0,15,0.10,NEW,500,799.9,867.9,38.198414,38.999885,1,1,EMERGENCY_INTERVENTION_REQUIRED,CONTROL-ONLY MODEL / NO PRODUCTION SAFETY INTERVENTION
medium,cold_start,37.5,20.0,15,0.10,NEW,1000,800.3,866.3,38.199775,38.999823,1,1,EMERGENCY_INTERVENTION_REQUIRED,CONTROL-ONLY MODEL / NO PRODUCTION SAFETY INTERVENTION
medium,cold_start,37.5,20.0,15,0.01,OLD,0,802.9,868.8,38.199870,38.999862,1,1,EMERGENCY_INTERVENTION_REQUIRED,CONTROL-ONLY MODEL / NO PRODUCTION SAFETY INTERVENTION
medium,cold_start,37.5,20.0,15,0.01,NEW,300,799.7,865.3,38.198721,38.999931,1,1,EMERGENCY_INTERVENTION_REQUIRED,CONTROL-ONLY MODEL / NO PRODUCTION SAFETY INTERVENTION
medium,cold_start,37.5,20.0,15,0.01,NEW,500,799.9,865.3,38.199896,38.999926,1,1,EMERGENCY_INTERVENTION_REQUIRED,CONTROL-ONLY MODEL / NO PRODUCTION SAFETY INTERVENTION
medium,cold_start,37.5,20.0,15,0.01,NEW,1000,800.1,864.6,38.198199,38.999940,1,1,EMERGENCY_INTERVENTION_REQUIRED,CONTROL-ONLY MODEL / NO PRODUCTION SAFETY INTERVENTION
medium,cold_start,37.5,20.0,30,0.10,OLD,0,816.9,861.8,38.198148,38.999149,1,1,EMERGENCY_INTERVENTION_REQUIRED,CONTROL-ONLY MODEL / NO PRODUCTION SAFETY INTERVENTION
medium,cold_start,37.5,20.0,30,0.10,NEW,300,814.0,858.9,38.199564,38.999565,1,1,EMERGENCY_INTERVENTION_REQUIRED,CONTROL-ONLY MODEL / NO PRODUCTION SAFETY INTERVENTION
medium,cold_start,37.5,20.0,30,0.10,NEW,500,814.2,859.0,38.198715,38.998715,1,1,EMERGENCY_INTERVENTION_REQUIRED,CONTROL-ONLY MODEL / NO PRODUCTION SAFETY INTERVENTION
medium,cold_start,37.5,20.0,30,0.10,NEW,1000,814.8,859.2,38.198715,38.999234,1,1,EMERGENCY_INTERVENTION_REQUIRED,CONTROL-ONLY MODEL / NO PRODUCTION SAFETY INTERVENTION
medium,cold_start,37.5,20.0,30,0.01,OLD,0,816.8,861.3,38.198533,38.999005,1,1,EMERGENCY_INTERVENTION_REQUIRED,CONTROL-ONLY MODEL / NO PRODUCTION SAFETY INTERVENTION
medium,cold_start,37.5,20.0,30,0.01,NEW,300,814.0,858.7,38.199686,38.999623,1,1,EMERGENCY_INTERVENTION_REQUIRED,CONTROL-ONLY MODEL / NO PRODUCTION SAFETY INTERVENTION
medium,cold_start,37.5,20.0,30,0.01,NEW,500,814.2,858.7,38.198920,38.998779,1,1,EMERGENCY_INTERVENTION_REQUIRED,CONTROL-ONLY MODEL / NO PRODUCTION SAFETY INTERVENTION
medium,cold_start,37.5,20.0,30,0.01,NEW,1000,814.8,858.9,38.199124,38.999890,1,1,EMERGENCY_INTERVENTION_REQUIRED,CONTROL-ONLY MODEL / NO PRODUCTION SAFETY INTERVENTION
medium,cold_start,37.5,20.0,60,0.10,OLD,0,846.8,885.0,38.197902,38.998994,1,1,EMERGENCY_INTERVENTION_REQUIRED,CONTROL-ONLY MODEL / NO PRODUCTION SAFETY INTERVENTION
medium,cold_start,37.5,20.0,60,0.10,NEW,300,844.0,882.2,38.199495,38.998484,1,1,EMERGENCY_INTERVENTION_REQUIRED,CONTROL-ONLY MODEL / NO PRODUCTION SAFETY INTERVENTION
medium,cold_start,37.5,20.0,60,0.10,NEW,500,844.2,882.4,38.198600,38.999247,1,1,EMERGENCY_INTERVENTION_REQUIRED,CONTROL-ONLY MODEL / NO PRODUCTION SAFETY INTERVENTION
medium,cold_start,37.5,20.0,60,0.10,NEW,1000,844.8,882.8,38.198485,38.999791,1,1,EMERGENCY_INTERVENTION_REQUIRED,CONTROL-ONLY MODEL / NO PRODUCTION SAFETY INTERVENTION
medium,cold_start,37.5,20.0,60,0.01,OLD,0,846.4,884.5,38.199696,38.999249,1,1,EMERGENCY_INTERVENTION_REQUIRED,CONTROL-ONLY MODEL / NO PRODUCTION SAFETY INTERVENTION
medium,cold_start,37.5,20.0,60,0.01,NEW,300,844.0,882.1,38.199619,38.998194,1,1,EMERGENCY_INTERVENTION_REQUIRED,CONTROL-ONLY MODEL / NO PRODUCTION SAFETY INTERVENTION
medium,cold_start,37.5,20.0,60,0.01,NEW,500,844.2,882.3,38.198807,38.999243,1,1,EMERGENCY_INTERVENTION_REQUIRED,CONTROL-ONLY MODEL / NO PRODUCTION SAFETY INTERVENTION
medium,cold_start,37.5,20.0,60,0.01,NEW,1000,844.8,882.7,38.198897,38.998103,1,1,EMERGENCY_INTERVENTION_REQUIRED,CONTROL-ONLY MODEL / NO PRODUCTION SAFETY INTERVENTION
medium,cold_start,37.5,25.0,5,0.10,OLD,0,565.5,-1.0,38.198091,38.939463,1,0,SAFETY_INTERVENTION_REQUIRED,CONTROL-ONLY MODEL / NO PRODUCTION SAFETY INTERVENTION
medium,cold_start,37.5,25.0,5,0.10,NEW,300,563.1,-1.0,38.198243,38.930605,1,0,SAFETY_INTERVENTION_REQUIRED,CONTROL-ONLY MODEL / NO PRODUCTION SAFETY INTERVENTION
medium,cold_start,37.5,25.0,5,0.10,NEW,500,563.2,-1.0,38.199638,38.932765,1,0,SAFETY_INTERVENTION_REQUIRED,CONTROL-ONLY MODEL / NO PRODUCTION SAFETY INTERVENTION
medium,cold_start,37.5,25.0,5,0.10,NEW,1000,563.3,-1.0,38.199068,38.938437,1,0,SAFETY_INTERVENTION_REQUIRED,CONTROL-ONLY MODEL / NO PRODUCTION SAFETY INTERVENTION
medium,cold_start,37.5,25.0,5,0.01,OLD,0,565.3,-1.0,38.199035,38.939580,1,0,SAFETY_INTERVENTION_REQUIRED,CONTROL-ONLY MODEL / NO PRODUCTION SAFETY INTERVENTION
medium,cold_start,37.5,25.0,5,0.01,NEW,300,563.0,-1.0,38.199998,38.937692,1,0,SAFETY_INTERVENTION_REQUIRED,CONTROL-ONLY MODEL / NO PRODUCTION SAFETY INTERVENTION
medium,cold_start,37.5,25.0,5,0.01,NEW,500,563.1,-1.0,38.199925,38.938825,1,0,SAFETY_INTERVENTION_REQUIRED,CONTROL-ONLY MODEL / NO PRODUCTION SAFETY INTERVENTION
medium,cold_start,37.5,25.0,5,0.01,NEW,1000,563.3,-1.0,38.199443,38.941136,1,0,SAFETY_INTERVENTION_REQUIRED,CONTROL-ONLY MODEL / NO PRODUCTION SAFETY INTERVENTION
medium,cold_start,37.5,25.0,15,0.10,OLD,0,573.9,624.2,38.199151,38.999229,1,1,EMERGENCY_INTERVENTION_REQUIRED,CONTROL-ONLY MODEL / NO PRODUCTION SAFETY INTERVENTION
medium,cold_start,37.5,25.0,15,0.10,NEW,300,571.8,623.1,38.198228,38.999368,1,1,EMERGENCY_INTERVENTION_REQUIRED,CONTROL-ONLY MODEL / NO PRODUCTION SAFETY INTERVENTION
medium,cold_start,37.5,25.0,15,0.10,NEW,500,571.9,623.0,38.198942,38.999767,1,1,EMERGENCY_INTERVENTION_REQUIRED,CONTROL-ONLY MODEL / NO PRODUCTION SAFETY INTERVENTION
medium,cold_start,37.5,25.0,15,0.10,NEW,1000,572.1,622.6,38.198302,38.999549,1,1,EMERGENCY_INTERVENTION_REQUIRED,CONTROL-ONLY MODEL / NO PRODUCTION SAFETY INTERVENTION
medium,cold_start,37.5,25.0,15,0.01,OLD,0,574.2,624.8,38.198134,38.999481,1,1,EMERGENCY_INTERVENTION_REQUIRED,CONTROL-ONLY MODEL / NO PRODUCTION SAFETY INTERVENTION
medium,cold_start,37.5,25.0,15,0.01,NEW,300,571.7,622.5,38.198644,38.999140,1,1,EMERGENCY_INTERVENTION_REQUIRED,CONTROL-ONLY MODEL / NO PRODUCTION SAFETY INTERVENTION
medium,cold_start,37.5,25.0,15,0.01,NEW,500,571.8,622.3,38.198290,38.999443,1,1,EMERGENCY_INTERVENTION_REQUIRED,CONTROL-ONLY MODEL / NO PRODUCTION SAFETY INTERVENTION
medium,cold_start,37.5,25.0,15,0.01,NEW,1000,572.1,622.3,38.198678,38.999718,1,1,EMERGENCY_INTERVENTION_REQUIRED,CONTROL-ONLY MODEL / NO PRODUCTION SAFETY INTERVENTION
medium,cold_start,37.5,25.0,30,0.10,OLD,0,589.3,629.1,38.199663,38.998144,1,1,EMERGENCY_INTERVENTION_REQUIRED,CONTROL-ONLY MODEL / NO PRODUCTION SAFETY INTERVENTION
medium,cold_start,37.5,25.0,30,0.10,NEW,300,586.1,626.3,38.197991,38.999214,1,1,EMERGENCY_INTERVENTION_REQUIRED,CONTROL-ONLY MODEL / NO PRODUCTION SAFETY INTERVENTION
medium,cold_start,37.5,25.0,30,0.10,NEW,500,586.4,626.4,38.199741,38.998718,1,1,EMERGENCY_INTERVENTION_REQUIRED,CONTROL-ONLY MODEL / NO PRODUCTION SAFETY INTERVENTION
medium,cold_start,37.5,25.0,30,0.10,NEW,1000,586.9,626.6,38.198439,38.999854,1,1,EMERGENCY_INTERVENTION_REQUIRED,CONTROL-ONLY MODEL / NO PRODUCTION SAFETY INTERVENTION
medium,cold_start,37.5,25.0,30,0.01,OLD,0,589.0,629.0,38.197776,38.998686,1,1,EMERGENCY_INTERVENTION_REQUIRED,CONTROL-ONLY MODEL / NO PRODUCTION SAFETY INTERVENTION
medium,cold_start,37.5,25.0,30,0.01,NEW,300,586.1,626.2,38.198037,38.998571,1,1,EMERGENCY_INTERVENTION_REQUIRED,CONTROL-ONLY MODEL / NO PRODUCTION SAFETY INTERVENTION
medium,cold_start,37.5,25.0,30,0.01,NEW,500,586.4,626.3,38.199817,38.999365,1,1,EMERGENCY_INTERVENTION_REQUIRED,CONTROL-ONLY MODEL / NO PRODUCTION SAFETY INTERVENTION
medium,cold_start,37.5,25.0,30,0.01,NEW,1000,586.9,626.4,38.198590,38.998293,1,1,EMERGENCY_INTERVENTION_REQUIRED,CONTROL-ONLY MODEL / NO PRODUCTION SAFETY INTERVENTION
medium,cold_start,37.5,25.0,60,0.10,OLD,0,619.1,654.6,38.199675,38.998382,1,1,EMERGENCY_INTERVENTION_REQUIRED,CONTROL-ONLY MODEL / NO PRODUCTION SAFETY INTERVENTION
medium,cold_start,37.5,25.0,60,0.10,NEW,300,616.1,651.6,38.197922,38.998066,1,1,EMERGENCY_INTERVENTION_REQUIRED,CONTROL-ONLY MODEL / NO PRODUCTION SAFETY INTERVENTION
medium,cold_start,37.5,25.0,60,0.10,NEW,500,616.4,651.8,38.199627,38.999205,1,1,EMERGENCY_INTERVENTION_REQUIRED,CONTROL-ONLY MODEL / NO PRODUCTION SAFETY INTERVENTION
medium,cold_start,37.5,25.0,60,0.10,NEW,1000,616.9,652.3,38.198210,38.997804,1,1,EMERGENCY_INTERVENTION_REQUIRED,CONTROL-ONLY MODEL / NO PRODUCTION SAFETY INTERVENTION
medium,cold_start,37.5,25.0,60,0.01,OLD,0,618.5,654.0,38.198871,38.998849,1,1,EMERGENCY_INTERVENTION_REQUIRED,CONTROL-ONLY MODEL / NO PRODUCTION SAFETY INTERVENTION
medium,cold_start,37.5,25.0,60,0.01,NEW,300,616.1,651.6,38.197968,38.997878,1,1,EMERGENCY_INTERVENTION_REQUIRED,CONTROL-ONLY MODEL / NO PRODUCTION SAFETY INTERVENTION
medium,cold_start,37.5,25.0,60,0.01,NEW,500,616.4,651.8,38.199703,38.999281,1,1,EMERGENCY_INTERVENTION_REQUIRED,CONTROL-ONLY MODEL / NO PRODUCTION SAFETY INTERVENTION
medium,cold_start,37.5,25.0,60,0.01,NEW,1000,616.9,652.3,38.198363,38.997955,1,1,EMERGENCY_INTERVENTION_REQUIRED,CONTROL-ONLY MODEL / NO PRODUCTION SAFETY INTERVENTION
medium,cold_start,37.5,28.0,5,0.10,OLD,0,435.6,-1.0,38.198203,38.999747,1,0,SAFETY_INTERVENTION_REQUIRED,CONTROL-ONLY MODEL / NO PRODUCTION SAFETY INTERVENTION
medium,cold_start,37.5,28.0,5,0.10,NEW,300,433.3,-1.0,38.198941,38.992485,1,0,SAFETY_INTERVENTION_REQUIRED,CONTROL-ONLY MODEL / NO PRODUCTION SAFETY INTERVENTION
medium,cold_start,37.5,28.0,5,0.10,NEW,500,433.3,-1.0,38.198315,38.995598,1,0,SAFETY_INTERVENTION_REQUIRED,CONTROL-ONLY MODEL / NO PRODUCTION SAFETY INTERVENTION
medium,cold_start,37.5,28.0,5,0.10,NEW,1000,433.5,-1.0,38.199120,38.999529,1,0,SAFETY_INTERVENTION_REQUIRED,CONTROL-ONLY MODEL / NO PRODUCTION SAFETY INTERVENTION
medium,cold_start,37.5,28.0,5,0.01,OLD,0,435.3,-1.0,38.199736,38.994885,1,0,SAFETY_INTERVENTION_REQUIRED,CONTROL-ONLY MODEL / NO PRODUCTION SAFETY INTERVENTION
medium,cold_start,37.5,28.0,5,0.01,NEW,300,433.2,-1.0,38.198988,38.992796,1,0,SAFETY_INTERVENTION_REQUIRED,CONTROL-ONLY MODEL / NO PRODUCTION SAFETY INTERVENTION
medium,cold_start,37.5,28.0,5,0.01,NEW,500,433.3,-1.0,38.199603,38.994293,1,0,SAFETY_INTERVENTION_REQUIRED,CONTROL-ONLY MODEL / NO PRODUCTION SAFETY INTERVENTION
medium,cold_start,37.5,28.0,5,0.01,NEW,1000,433.5,-1.0,38.198346,38.997718,1,0,SAFETY_INTERVENTION_REQUIRED,CONTROL-ONLY MODEL / NO PRODUCTION SAFETY INTERVENTION
medium,cold_start,37.5,28.0,15,0.10,OLD,0,444.3,490.9,38.199651,38.999274,1,1,EMERGENCY_INTERVENTION_REQUIRED,CONTROL-ONLY MODEL / NO PRODUCTION SAFETY INTERVENTION
medium,cold_start,37.5,28.0,15,0.10,NEW,300,442.1,488.7,38.198146,38.999936,1,1,EMERGENCY_INTERVENTION_REQUIRED,CONTROL-ONLY MODEL / NO PRODUCTION SAFETY INTERVENTION
medium,cold_start,37.5,28.0,15,0.10,NEW,500,442.2,488.4,38.198916,38.999359,1,1,EMERGENCY_INTERVENTION_REQUIRED,CONTROL-ONLY MODEL / NO PRODUCTION SAFETY INTERVENTION
medium,cold_start,37.5,28.0,15,0.10,NEW,1000,442.3,488.0,38.198769,38.999495,1,1,EMERGENCY_INTERVENTION_REQUIRED,CONTROL-ONLY MODEL / NO PRODUCTION SAFETY INTERVENTION
medium,cold_start,37.5,28.0,15,0.01,OLD,0,444.3,490.4,38.199398,38.998736,1,1,EMERGENCY_INTERVENTION_REQUIRED,CONTROL-ONLY MODEL / NO PRODUCTION SAFETY INTERVENTION
medium,cold_start,37.5,28.0,15,0.01,NEW,300,442.1,488.3,38.199650,38.999040,1,1,EMERGENCY_INTERVENTION_REQUIRED,CONTROL-ONLY MODEL / NO PRODUCTION SAFETY INTERVENTION
medium,cold_start,37.5,28.0,15,0.01,NEW,500,442.1,488.3,38.198526,38.999426,1,1,EMERGENCY_INTERVENTION_REQUIRED,CONTROL-ONLY MODEL / NO PRODUCTION SAFETY INTERVENTION
medium,cold_start,37.5,28.0,15,0.01,NEW,1000,442.4,488.2,38.198557,38.999708,1,1,EMERGENCY_INTERVENTION_REQUIRED,CONTROL-ONLY MODEL / NO PRODUCTION SAFETY INTERVENTION
medium,cold_start,37.5,28.0,30,0.10,OLD,0,458.7,496.9,38.198630,38.998460,1,1,EMERGENCY_INTERVENTION_REQUIRED,CONTROL-ONLY MODEL / NO PRODUCTION SAFETY INTERVENTION
medium,cold_start,37.5,28.0,30,0.10,NEW,300,456.6,494.5,38.199760,38.998866,1,1,EMERGENCY_INTERVENTION_REQUIRED,CONTROL-ONLY MODEL / NO PRODUCTION SAFETY INTERVENTION
medium,cold_start,37.5,28.0,30,0.10,NEW,500,456.8,494.8,38.199402,38.999985,1,1,EMERGENCY_INTERVENTION_REQUIRED,CONTROL-ONLY MODEL / NO PRODUCTION SAFETY INTERVENTION
medium,cold_start,37.5,28.0,30,0.10,NEW,1000,457.3,494.7,38.198506,38.998894,1,1,EMERGENCY_INTERVENTION_REQUIRED,CONTROL-ONLY MODEL / NO PRODUCTION SAFETY INTERVENTION
medium,cold_start,37.5,28.0,30,0.01,OLD,0,458.6,496.4,38.198827,38.998925,1,1,EMERGENCY_INTERVENTION_REQUIRED,CONTROL-ONLY MODEL / NO PRODUCTION SAFETY INTERVENTION
medium,cold_start,37.5,28.0,30,0.01,NEW,300,456.6,494.4,38.199715,38.998897,1,1,EMERGENCY_INTERVENTION_REQUIRED,CONTROL-ONLY MODEL / NO PRODUCTION SAFETY INTERVENTION
medium,cold_start,37.5,28.0,30,0.01,NEW,500,456.8,494.4,38.199326,38.998289,1,1,EMERGENCY_INTERVENTION_REQUIRED,CONTROL-ONLY MODEL / NO PRODUCTION SAFETY INTERVENTION
medium,cold_start,37.5,28.0,30,0.01,NEW,1000,457.3,494.6,38.198353,38.999002,1,1,EMERGENCY_INTERVENTION_REQUIRED,CONTROL-ONLY MODEL / NO PRODUCTION SAFETY INTERVENTION
medium,cold_start,37.5,28.0,60,0.10,OLD,0,489.1,523.2,38.199756,38.998990,1,1,EMERGENCY_INTERVENTION_REQUIRED,CONTROL-ONLY MODEL / NO PRODUCTION SAFETY INTERVENTION
medium,cold_start,37.5,28.0,60,0.10,NEW,300,486.6,520.6,38.199691,38.998253,1,1,EMERGENCY_INTERVENTION_REQUIRED,CONTROL-ONLY MODEL / NO PRODUCTION SAFETY INTERVENTION
medium,cold_start,37.5,28.0,60,0.10,NEW,500,486.8,520.8,38.199287,38.997853,1,1,EMERGENCY_INTERVENTION_REQUIRED,CONTROL-ONLY MODEL / NO PRODUCTION SAFETY INTERVENTION
medium,cold_start,37.5,28.0,60,0.10,NEW,1000,487.3,521.4,38.198276,38.999189,1,1,EMERGENCY_INTERVENTION_REQUIRED,CONTROL-ONLY MODEL / NO PRODUCTION SAFETY INTERVENTION
medium,cold_start,37.5,28.0,60,0.01,OLD,0,488.7,522.8,38.198103,38.997817,1,1,EMERGENCY_INTERVENTION_REQUIRED,CONTROL-ONLY MODEL / NO PRODUCTION SAFETY INTERVENTION
medium,cold_start,37.5,28.0,60,0.01,NEW,300,486.6,520.6,38.199645,38.998208,1,1,EMERGENCY_INTERVENTION_REQUIRED,CONTROL-ONLY MODEL / NO PRODUCTION SAFETY INTERVENTION
medium,cold_start,37.5,28.0,60,0.01,NEW,500,486.8,520.8,38.199210,38.997777,1,1,EMERGENCY_INTERVENTION_REQUIRED,CONTROL-ONLY MODEL / NO PRODUCTION SAFETY INTERVENTION
medium,cold_start,37.5,28.0,60,0.01,NEW,1000,487.3,521.4,38.198122,38.999037,1,1,EMERGENCY_INTERVENTION_REQUIRED,CONTROL-ONLY MODEL / NO PRODUCTION SAFETY INTERVENTION
heavy,cold_start,30.0,20.0,5,0.10,OLD,0,-1.0,-1.0,30.856818,30.856818,0,0,NO_THRESHOLD_CROSSING,CONTROL-ONLY MODEL / NO PRODUCTION SAFETY INTERVENTION
heavy,cold_start,30.0,20.0,5,0.10,NEW,300,-1.0,-1.0,30.854102,30.854102,0,0,NO_THRESHOLD_CROSSING,CONTROL-ONLY MODEL / NO PRODUCTION SAFETY INTERVENTION
heavy,cold_start,30.0,20.0,5,0.10,NEW,500,-1.0,-1.0,30.855925,30.855925,0,0,NO_THRESHOLD_CROSSING,CONTROL-ONLY MODEL / NO PRODUCTION SAFETY INTERVENTION
heavy,cold_start,30.0,20.0,5,0.10,NEW,1000,-1.0,-1.0,30.856471,30.856471,0,0,NO_THRESHOLD_CROSSING,CONTROL-ONLY MODEL / NO PRODUCTION SAFETY INTERVENTION
heavy,cold_start,30.0,20.0,5,0.01,OLD,0,-1.0,-1.0,30.864161,30.864161,0,0,NO_THRESHOLD_CROSSING,CONTROL-ONLY MODEL / NO PRODUCTION SAFETY INTERVENTION
heavy,cold_start,30.0,20.0,5,0.01,NEW,300,-1.0,-1.0,30.860056,30.860056,0,0,NO_THRESHOLD_CROSSING,CONTROL-ONLY MODEL / NO PRODUCTION SAFETY INTERVENTION
heavy,cold_start,30.0,20.0,5,0.01,NEW,500,-1.0,-1.0,30.860424,30.860424,0,0,NO_THRESHOLD_CROSSING,CONTROL-ONLY MODEL / NO PRODUCTION SAFETY INTERVENTION
heavy,cold_start,30.0,20.0,5,0.01,NEW,1000,-1.0,-1.0,30.861775,30.861775,0,0,NO_THRESHOLD_CROSSING,CONTROL-ONLY MODEL / NO PRODUCTION SAFETY INTERVENTION
heavy,cold_start,30.0,20.0,15,0.10,OLD,0,-1.0,-1.0,30.920733,30.920733,0,0,NO_THRESHOLD_CROSSING,CONTROL-ONLY MODEL / NO PRODUCTION SAFETY INTERVENTION
heavy,cold_start,30.0,20.0,15,0.10,NEW,300,-1.0,-1.0,30.915879,30.915879,0,0,NO_THRESHOLD_CROSSING,CONTROL-ONLY MODEL / NO PRODUCTION SAFETY INTERVENTION
heavy,cold_start,30.0,20.0,15,0.10,NEW,500,-1.0,-1.0,30.915218,30.915218,0,0,NO_THRESHOLD_CROSSING,CONTROL-ONLY MODEL / NO PRODUCTION SAFETY INTERVENTION
heavy,cold_start,30.0,20.0,15,0.10,NEW,1000,-1.0,-1.0,30.916134,30.916134,0,0,NO_THRESHOLD_CROSSING,CONTROL-ONLY MODEL / NO PRODUCTION SAFETY INTERVENTION
heavy,cold_start,30.0,20.0,15,0.01,OLD,0,-1.0,-1.0,30.925816,30.925816,0,0,NO_THRESHOLD_CROSSING,CONTROL-ONLY MODEL / NO PRODUCTION SAFETY INTERVENTION
heavy,cold_start,30.0,20.0,15,0.01,NEW,300,-1.0,-1.0,30.923104,30.923104,0,0,NO_THRESHOLD_CROSSING,CONTROL-ONLY MODEL / NO PRODUCTION SAFETY INTERVENTION
heavy,cold_start,30.0,20.0,15,0.01,NEW,500,-1.0,-1.0,30.923257,30.923257,0,0,NO_THRESHOLD_CROSSING,CONTROL-ONLY MODEL / NO PRODUCTION SAFETY INTERVENTION
heavy,cold_start,30.0,20.0,15,0.01,NEW,1000,-1.0,-1.0,30.924415,30.924415,0,0,NO_THRESHOLD_CROSSING,CONTROL-ONLY MODEL / NO PRODUCTION SAFETY INTERVENTION
heavy,cold_start,30.0,20.0,30,0.10,OLD,0,-1.0,-1.0,31.027259,31.027259,0,0,NO_THRESHOLD_CROSSING,CONTROL-ONLY MODEL / NO PRODUCTION SAFETY INTERVENTION
heavy,cold_start,30.0,20.0,30,0.10,NEW,300,-1.0,-1.0,31.019177,31.019177,0,0,NO_THRESHOLD_CROSSING,CONTROL-ONLY MODEL / NO PRODUCTION SAFETY INTERVENTION
heavy,cold_start,30.0,20.0,30,0.10,NEW,500,-1.0,-1.0,31.020923,31.020923,0,0,NO_THRESHOLD_CROSSING,CONTROL-ONLY MODEL / NO PRODUCTION SAFETY INTERVENTION
heavy,cold_start,30.0,20.0,30,0.10,NEW,1000,-1.0,-1.0,31.019639,31.019639,0,0,NO_THRESHOLD_CROSSING,CONTROL-ONLY MODEL / NO PRODUCTION SAFETY INTERVENTION
heavy,cold_start,30.0,20.0,30,0.01,OLD,0,-1.0,-1.0,31.027899,31.027899,0,0,NO_THRESHOLD_CROSSING,CONTROL-ONLY MODEL / NO PRODUCTION SAFETY INTERVENTION
heavy,cold_start,30.0,20.0,30,0.01,NEW,300,-1.0,-1.0,31.023954,31.023954,0,0,NO_THRESHOLD_CROSSING,CONTROL-ONLY MODEL / NO PRODUCTION SAFETY INTERVENTION
heavy,cold_start,30.0,20.0,30,0.01,NEW,500,-1.0,-1.0,31.025269,31.025269,0,0,NO_THRESHOLD_CROSSING,CONTROL-ONLY MODEL / NO PRODUCTION SAFETY INTERVENTION
heavy,cold_start,30.0,20.0,30,0.01,NEW,1000,-1.0,-1.0,31.025915,31.025915,0,0,NO_THRESHOLD_CROSSING,CONTROL-ONLY MODEL / NO PRODUCTION SAFETY INTERVENTION
heavy,cold_start,30.0,20.0,60,0.10,OLD,0,-1.0,-1.0,31.242530,31.242530,0,0,NO_THRESHOLD_CROSSING,CONTROL-ONLY MODEL / NO PRODUCTION SAFETY INTERVENTION
heavy,cold_start,30.0,20.0,60,0.10,NEW,300,-1.0,-1.0,31.237118,31.237118,0,0,NO_THRESHOLD_CROSSING,CONTROL-ONLY MODEL / NO PRODUCTION SAFETY INTERVENTION
heavy,cold_start,30.0,20.0,60,0.10,NEW,500,-1.0,-1.0,31.238721,31.238721,0,0,NO_THRESHOLD_CROSSING,CONTROL-ONLY MODEL / NO PRODUCTION SAFETY INTERVENTION
heavy,cold_start,30.0,20.0,60,0.10,NEW,1000,-1.0,-1.0,31.239863,31.239863,0,0,NO_THRESHOLD_CROSSING,CONTROL-ONLY MODEL / NO PRODUCTION SAFETY INTERVENTION
heavy,cold_start,30.0,20.0,60,0.01,OLD,0,-1.0,-1.0,31.252097,31.252097,0,0,NO_THRESHOLD_CROSSING,CONTROL-ONLY MODEL / NO PRODUCTION SAFETY INTERVENTION
heavy,cold_start,30.0,20.0,60,0.01,NEW,300,-1.0,-1.0,31.244392,31.244392,0,0,NO_THRESHOLD_CROSSING,CONTROL-ONLY MODEL / NO PRODUCTION SAFETY INTERVENTION
heavy,cold_start,30.0,20.0,60,0.01,NEW,500,-1.0,-1.0,31.245817,31.245817,0,0,NO_THRESHOLD_CROSSING,CONTROL-ONLY MODEL / NO PRODUCTION SAFETY INTERVENTION
heavy,cold_start,30.0,20.0,60,0.01,NEW,1000,-1.0,-1.0,31.247605,31.247605,0,0,NO_THRESHOLD_CROSSING,CONTROL-ONLY MODEL / NO PRODUCTION SAFETY INTERVENTION
heavy,cold_start,30.0,25.0,5,0.10,OLD,0,-1.0,-1.0,30.959479,30.959479,0,0,NO_THRESHOLD_CROSSING,CONTROL-ONLY MODEL / NO PRODUCTION SAFETY INTERVENTION
heavy,cold_start,30.0,25.0,5,0.10,NEW,300,-1.0,-1.0,30.956878,30.956878,0,0,NO_THRESHOLD_CROSSING,CONTROL-ONLY MODEL / NO PRODUCTION SAFETY INTERVENTION
heavy,cold_start,30.0,25.0,5,0.10,NEW,500,-1.0,-1.0,30.954993,30.954993,0,0,NO_THRESHOLD_CROSSING,CONTROL-ONLY MODEL / NO PRODUCTION SAFETY INTERVENTION
heavy,cold_start,30.0,25.0,5,0.10,NEW,1000,-1.0,-1.0,30.953846,30.953846,0,0,NO_THRESHOLD_CROSSING,CONTROL-ONLY MODEL / NO PRODUCTION SAFETY INTERVENTION
heavy,cold_start,30.0,25.0,5,0.01,OLD,0,-1.0,-1.0,30.963274,30.963274,0,0,NO_THRESHOLD_CROSSING,CONTROL-ONLY MODEL / NO PRODUCTION SAFETY INTERVENTION
heavy,cold_start,30.0,25.0,5,0.01,NEW,300,-1.0,-1.0,30.959099,30.959099,0,0,NO_THRESHOLD_CROSSING,CONTROL-ONLY MODEL / NO PRODUCTION SAFETY INTERVENTION
heavy,cold_start,30.0,25.0,5,0.01,NEW,500,-1.0,-1.0,30.959152,30.959152,0,0,NO_THRESHOLD_CROSSING,CONTROL-ONLY MODEL / NO PRODUCTION SAFETY INTERVENTION
heavy,cold_start,30.0,25.0,5,0.01,NEW,1000,-1.0,-1.0,30.960604,30.960604,0,0,NO_THRESHOLD_CROSSING,CONTROL-ONLY MODEL / NO PRODUCTION SAFETY INTERVENTION
heavy,cold_start,30.0,25.0,15,0.10,OLD,0,-1.0,-1.0,31.027697,31.027697,0,0,NO_THRESHOLD_CROSSING,CONTROL-ONLY MODEL / NO PRODUCTION SAFETY INTERVENTION
heavy,cold_start,30.0,25.0,15,0.10,NEW,300,-1.0,-1.0,31.023911,31.023911,0,0,NO_THRESHOLD_CROSSING,CONTROL-ONLY MODEL / NO PRODUCTION SAFETY INTERVENTION
heavy,cold_start,30.0,25.0,15,0.10,NEW,500,-1.0,-1.0,31.023370,31.023370,0,0,NO_THRESHOLD_CROSSING,CONTROL-ONLY MODEL / NO PRODUCTION SAFETY INTERVENTION
heavy,cold_start,30.0,25.0,15,0.10,NEW,1000,-1.0,-1.0,31.025773,31.025773,0,0,NO_THRESHOLD_CROSSING,CONTROL-ONLY MODEL / NO PRODUCTION SAFETY INTERVENTION
heavy,cold_start,30.0,25.0,15,0.01,OLD,0,-1.0,-1.0,31.033110,31.033110,0,0,NO_THRESHOLD_CROSSING,CONTROL-ONLY MODEL / NO PRODUCTION SAFETY INTERVENTION
heavy,cold_start,30.0,25.0,15,0.01,NEW,300,-1.0,-1.0,31.029032,31.029032,0,0,NO_THRESHOLD_CROSSING,CONTROL-ONLY MODEL / NO PRODUCTION SAFETY INTERVENTION
heavy,cold_start,30.0,25.0,15,0.01,NEW,500,-1.0,-1.0,31.028626,31.028626,0,0,NO_THRESHOLD_CROSSING,CONTROL-ONLY MODEL / NO PRODUCTION SAFETY INTERVENTION
heavy,cold_start,30.0,25.0,15,0.01,NEW,1000,-1.0,-1.0,31.029604,31.029604,0,0,NO_THRESHOLD_CROSSING,CONTROL-ONLY MODEL / NO PRODUCTION SAFETY INTERVENTION
heavy,cold_start,30.0,25.0,30,0.10,OLD,0,-1.0,-1.0,31.142956,31.142956,0,0,NO_THRESHOLD_CROSSING,CONTROL-ONLY MODEL / NO PRODUCTION SAFETY INTERVENTION
heavy,cold_start,30.0,25.0,30,0.10,NEW,300,-1.0,-1.0,31.134759,31.134759,0,0,NO_THRESHOLD_CROSSING,CONTROL-ONLY MODEL / NO PRODUCTION SAFETY INTERVENTION
heavy,cold_start,30.0,25.0,30,0.10,NEW,500,-1.0,-1.0,31.133976,31.133976,0,0,NO_THRESHOLD_CROSSING,CONTROL-ONLY MODEL / NO PRODUCTION SAFETY INTERVENTION
heavy,cold_start,30.0,25.0,30,0.10,NEW,1000,-1.0,-1.0,31.136277,31.136277,0,0,NO_THRESHOLD_CROSSING,CONTROL-ONLY MODEL / NO PRODUCTION SAFETY INTERVENTION
heavy,cold_start,30.0,25.0,30,0.01,OLD,0,-1.0,-1.0,31.147867,31.147867,0,0,NO_THRESHOLD_CROSSING,CONTROL-ONLY MODEL / NO PRODUCTION SAFETY INTERVENTION
heavy,cold_start,30.0,25.0,30,0.01,NEW,300,-1.0,-1.0,31.142362,31.142362,0,0,NO_THRESHOLD_CROSSING,CONTROL-ONLY MODEL / NO PRODUCTION SAFETY INTERVENTION
heavy,cold_start,30.0,25.0,30,0.01,NEW,500,-1.0,-1.0,31.142537,31.142537,0,0,NO_THRESHOLD_CROSSING,CONTROL-ONLY MODEL / NO PRODUCTION SAFETY INTERVENTION
heavy,cold_start,30.0,25.0,30,0.01,NEW,1000,-1.0,-1.0,31.142845,31.142845,0,0,NO_THRESHOLD_CROSSING,CONTROL-ONLY MODEL / NO PRODUCTION SAFETY INTERVENTION
heavy,cold_start,30.0,25.0,60,0.10,OLD,0,-1.0,-1.0,31.387000,31.387000,0,0,NO_THRESHOLD_CROSSING,CONTROL-ONLY MODEL / NO PRODUCTION SAFETY INTERVENTION
heavy,cold_start,30.0,25.0,60,0.10,NEW,300,-1.0,-1.0,31.377252,31.377252,0,0,NO_THRESHOLD_CROSSING,CONTROL-ONLY MODEL / NO PRODUCTION SAFETY INTERVENTION
heavy,cold_start,30.0,25.0,60,0.10,NEW,500,-1.0,-1.0,31.379888,31.379888,0,0,NO_THRESHOLD_CROSSING,CONTROL-ONLY MODEL / NO PRODUCTION SAFETY INTERVENTION
heavy,cold_start,30.0,25.0,60,0.10,NEW,1000,-1.0,-1.0,31.382797,31.382797,0,0,NO_THRESHOLD_CROSSING,CONTROL-ONLY MODEL / NO PRODUCTION SAFETY INTERVENTION
heavy,cold_start,30.0,25.0,60,0.01,OLD,0,-1.0,-1.0,31.392120,31.392120,0,0,NO_THRESHOLD_CROSSING,CONTROL-ONLY MODEL / NO PRODUCTION SAFETY INTERVENTION
heavy,cold_start,30.0,25.0,60,0.01,NEW,300,-1.0,-1.0,31.387254,31.387254,0,0,NO_THRESHOLD_CROSSING,CONTROL-ONLY MODEL / NO PRODUCTION SAFETY INTERVENTION
heavy,cold_start,30.0,25.0,60,0.01,NEW,500,-1.0,-1.0,31.387378,31.387378,0,0,NO_THRESHOLD_CROSSING,CONTROL-ONLY MODEL / NO PRODUCTION SAFETY INTERVENTION
heavy,cold_start,30.0,25.0,60,0.01,NEW,1000,-1.0,-1.0,31.389859,31.389859,0,0,NO_THRESHOLD_CROSSING,CONTROL-ONLY MODEL / NO PRODUCTION SAFETY INTERVENTION
heavy,cold_start,30.0,28.0,5,0.10,OLD,0,-1.0,-1.0,31.015314,31.015314,0,0,NO_THRESHOLD_CROSSING,CONTROL-ONLY MODEL / NO PRODUCTION SAFETY INTERVENTION
heavy,cold_start,30.0,28.0,5,0.10,NEW,300,-1.0,-1.0,31.015909,31.015909,0,0,NO_THRESHOLD_CROSSING,CONTROL-ONLY MODEL / NO PRODUCTION SAFETY INTERVENTION
heavy,cold_start,30.0,28.0,5,0.10,NEW,500,-1.0,-1.0,31.012527,31.012527,0,0,NO_THRESHOLD_CROSSING,CONTROL-ONLY MODEL / NO PRODUCTION SAFETY INTERVENTION
heavy,cold_start,30.0,28.0,5,0.10,NEW,1000,-1.0,-1.0,31.012596,31.012596,0,0,NO_THRESHOLD_CROSSING,CONTROL-ONLY MODEL / NO PRODUCTION SAFETY INTERVENTION
heavy,cold_start,30.0,28.0,5,0.01,OLD,0,-1.0,-1.0,31.018260,31.018260,0,0,NO_THRESHOLD_CROSSING,CONTROL-ONLY MODEL / NO PRODUCTION SAFETY INTERVENTION
heavy,cold_start,30.0,28.0,5,0.01,NEW,300,-1.0,-1.0,31.018632,31.018632,0,0,NO_THRESHOLD_CROSSING,CONTROL-ONLY MODEL / NO PRODUCTION SAFETY INTERVENTION
heavy,cold_start,30.0,28.0,5,0.01,NEW,500,-1.0,-1.0,31.017558,31.017558,0,0,NO_THRESHOLD_CROSSING,CONTROL-ONLY MODEL / NO PRODUCTION SAFETY INTERVENTION
heavy,cold_start,30.0,28.0,5,0.01,NEW,1000,-1.0,-1.0,31.019893,31.019893,0,0,NO_THRESHOLD_CROSSING,CONTROL-ONLY MODEL / NO PRODUCTION SAFETY INTERVENTION
heavy,cold_start,30.0,28.0,15,0.10,OLD,0,-1.0,-1.0,31.090943,31.090943,0,0,NO_THRESHOLD_CROSSING,CONTROL-ONLY MODEL / NO PRODUCTION SAFETY INTERVENTION
heavy,cold_start,30.0,28.0,15,0.10,NEW,300,-1.0,-1.0,31.088528,31.088528,0,0,NO_THRESHOLD_CROSSING,CONTROL-ONLY MODEL / NO PRODUCTION SAFETY INTERVENTION
heavy,cold_start,30.0,28.0,15,0.10,NEW,500,-1.0,-1.0,31.088289,31.088289,0,0,NO_THRESHOLD_CROSSING,CONTROL-ONLY MODEL / NO PRODUCTION SAFETY INTERVENTION
heavy,cold_start,30.0,28.0,15,0.10,NEW,1000,-1.0,-1.0,31.088416,31.088416,0,0,NO_THRESHOLD_CROSSING,CONTROL-ONLY MODEL / NO PRODUCTION SAFETY INTERVENTION
heavy,cold_start,30.0,28.0,15,0.01,OLD,0,-1.0,-1.0,31.097765,31.097765,0,0,NO_THRESHOLD_CROSSING,CONTROL-ONLY MODEL / NO PRODUCTION SAFETY INTERVENTION
heavy,cold_start,30.0,28.0,15,0.01,NEW,300,-1.0,-1.0,31.092671,31.092671,0,0,NO_THRESHOLD_CROSSING,CONTROL-ONLY MODEL / NO PRODUCTION SAFETY INTERVENTION
heavy,cold_start,30.0,28.0,15,0.01,NEW,500,-1.0,-1.0,31.093313,31.093313,0,0,NO_THRESHOLD_CROSSING,CONTROL-ONLY MODEL / NO PRODUCTION SAFETY INTERVENTION
heavy,cold_start,30.0,28.0,15,0.01,NEW,1000,-1.0,-1.0,31.090111,31.090111,0,0,NO_THRESHOLD_CROSSING,CONTROL-ONLY MODEL / NO PRODUCTION SAFETY INTERVENTION
heavy,cold_start,30.0,28.0,30,0.10,OLD,0,-1.0,-1.0,31.211399,31.211399,0,0,NO_THRESHOLD_CROSSING,CONTROL-ONLY MODEL / NO PRODUCTION SAFETY INTERVENTION
heavy,cold_start,30.0,28.0,30,0.10,NEW,300,-1.0,-1.0,31.211032,31.211032,0,0,NO_THRESHOLD_CROSSING,CONTROL-ONLY MODEL / NO PRODUCTION SAFETY INTERVENTION
heavy,cold_start,30.0,28.0,30,0.10,NEW,500,-1.0,-1.0,31.210229,31.210229,0,0,NO_THRESHOLD_CROSSING,CONTROL-ONLY MODEL / NO PRODUCTION SAFETY INTERVENTION
heavy,cold_start,30.0,28.0,30,0.10,NEW,1000,-1.0,-1.0,31.208883,31.208883,0,0,NO_THRESHOLD_CROSSING,CONTROL-ONLY MODEL / NO PRODUCTION SAFETY INTERVENTION
heavy,cold_start,30.0,28.0,30,0.01,OLD,0,-1.0,-1.0,31.215311,31.215311,0,0,NO_THRESHOLD_CROSSING,CONTROL-ONLY MODEL / NO PRODUCTION SAFETY INTERVENTION
heavy,cold_start,30.0,28.0,30,0.01,NEW,300,-1.0,-1.0,31.212092,31.212092,0,0,NO_THRESHOLD_CROSSING,CONTROL-ONLY MODEL / NO PRODUCTION SAFETY INTERVENTION
heavy,cold_start,30.0,28.0,30,0.01,NEW,500,-1.0,-1.0,31.211425,31.211425,0,0,NO_THRESHOLD_CROSSING,CONTROL-ONLY MODEL / NO PRODUCTION SAFETY INTERVENTION
heavy,cold_start,30.0,28.0,30,0.01,NEW,1000,-1.0,-1.0,31.211881,31.211881,0,0,NO_THRESHOLD_CROSSING,CONTROL-ONLY MODEL / NO PRODUCTION SAFETY INTERVENTION
heavy,cold_start,30.0,28.0,60,0.10,OLD,0,-1.0,-1.0,31.473342,31.473342,0,0,NO_THRESHOLD_CROSSING,CONTROL-ONLY MODEL / NO PRODUCTION SAFETY INTERVENTION
heavy,cold_start,30.0,28.0,60,0.10,NEW,300,-1.0,-1.0,31.469226,31.469226,0,0,NO_THRESHOLD_CROSSING,CONTROL-ONLY MODEL / NO PRODUCTION SAFETY INTERVENTION
heavy,cold_start,30.0,28.0,60,0.10,NEW,500,-1.0,-1.0,31.467795,31.467795,0,0,NO_THRESHOLD_CROSSING,CONTROL-ONLY MODEL / NO PRODUCTION SAFETY INTERVENTION
heavy,cold_start,30.0,28.0,60,0.10,NEW,1000,-1.0,-1.0,31.464314,31.464314,0,0,NO_THRESHOLD_CROSSING,CONTROL-ONLY MODEL / NO PRODUCTION SAFETY INTERVENTION
heavy,cold_start,30.0,28.0,60,0.01,OLD,0,-1.0,-1.0,31.475159,31.475159,0,0,NO_THRESHOLD_CROSSING,CONTROL-ONLY MODEL / NO PRODUCTION SAFETY INTERVENTION
heavy,cold_start,30.0,28.0,60,0.01,NEW,300,-1.0,-1.0,31.472430,31.472430,0,0,NO_THRESHOLD_CROSSING,CONTROL-ONLY MODEL / NO PRODUCTION SAFETY INTERVENTION
heavy,cold_start,30.0,28.0,60,0.01,NEW,500,-1.0,-1.0,31.472261,31.472261,0,0,NO_THRESHOLD_CROSSING,CONTROL-ONLY MODEL / NO PRODUCTION SAFETY INTERVENTION
heavy,cold_start,30.0,28.0,60,0.01,NEW,1000,-1.0,-1.0,31.473108,31.473108,0,0,NO_THRESHOLD_CROSSING,CONTROL-ONLY MODEL / NO PRODUCTION SAFETY INTERVENTION
heavy,cold_start,32.0,20.0,5,0.10,OLD,0,-1.0,-1.0,32.817555,32.817555,0,0,NO_THRESHOLD_CROSSING,CONTROL-ONLY MODEL / NO PRODUCTION SAFETY INTERVENTION
heavy,cold_start,32.0,20.0,5,0.10,NEW,300,-1.0,-1.0,32.815406,32.815406,0,0,NO_THRESHOLD_CROSSING,CONTROL-ONLY MODEL / NO PRODUCTION SAFETY INTERVENTION
heavy,cold_start,32.0,20.0,5,0.10,NEW,500,-1.0,-1.0,32.817064,32.817064,0,0,NO_THRESHOLD_CROSSING,CONTROL-ONLY MODEL / NO PRODUCTION SAFETY INTERVENTION
heavy,cold_start,32.0,20.0,5,0.10,NEW,1000,-1.0,-1.0,32.813273,32.813273,0,0,NO_THRESHOLD_CROSSING,CONTROL-ONLY MODEL / NO PRODUCTION SAFETY INTERVENTION
heavy,cold_start,32.0,20.0,5,0.01,OLD,0,-1.0,-1.0,32.823038,32.823038,0,0,NO_THRESHOLD_CROSSING,CONTROL-ONLY MODEL / NO PRODUCTION SAFETY INTERVENTION
heavy,cold_start,32.0,20.0,5,0.01,NEW,300,-1.0,-1.0,32.820511,32.820511,0,0,NO_THRESHOLD_CROSSING,CONTROL-ONLY MODEL / NO PRODUCTION SAFETY INTERVENTION
heavy,cold_start,32.0,20.0,5,0.01,NEW,500,-1.0,-1.0,32.820492,32.820492,0,0,NO_THRESHOLD_CROSSING,CONTROL-ONLY MODEL / NO PRODUCTION SAFETY INTERVENTION
heavy,cold_start,32.0,20.0,5,0.01,NEW,1000,-1.0,-1.0,32.821044,32.821044,0,0,NO_THRESHOLD_CROSSING,CONTROL-ONLY MODEL / NO PRODUCTION SAFETY INTERVENTION
heavy,cold_start,32.0,20.0,15,0.10,OLD,0,-1.0,-1.0,32.879903,32.879903,0,0,NO_THRESHOLD_CROSSING,CONTROL-ONLY MODEL / NO PRODUCTION SAFETY INTERVENTION
heavy,cold_start,32.0,20.0,15,0.10,NEW,300,-1.0,-1.0,32.875256,32.875256,0,0,NO_THRESHOLD_CROSSING,CONTROL-ONLY MODEL / NO PRODUCTION SAFETY INTERVENTION
heavy,cold_start,32.0,20.0,15,0.10,NEW,500,-1.0,-1.0,32.874278,32.874278,0,0,NO_THRESHOLD_CROSSING,CONTROL-ONLY MODEL / NO PRODUCTION SAFETY INTERVENTION
heavy,cold_start,32.0,20.0,15,0.10,NEW,1000,-1.0,-1.0,32.872188,32.872188,0,0,NO_THRESHOLD_CROSSING,CONTROL-ONLY MODEL / NO PRODUCTION SAFETY INTERVENTION
heavy,cold_start,32.0,20.0,15,0.01,OLD,0,-1.0,-1.0,32.885235,32.885235,0,0,NO_THRESHOLD_CROSSING,CONTROL-ONLY MODEL / NO PRODUCTION SAFETY INTERVENTION
heavy,cold_start,32.0,20.0,15,0.01,NEW,300,-1.0,-1.0,32.879745,32.879745,0,0,NO_THRESHOLD_CROSSING,CONTROL-ONLY MODEL / NO PRODUCTION SAFETY INTERVENTION
heavy,cold_start,32.0,20.0,15,0.01,NEW,500,-1.0,-1.0,32.880445,32.880445,0,0,NO_THRESHOLD_CROSSING,CONTROL-ONLY MODEL / NO PRODUCTION SAFETY INTERVENTION
heavy,cold_start,32.0,20.0,15,0.01,NEW,1000,-1.0,-1.0,32.881289,32.881289,0,0,NO_THRESHOLD_CROSSING,CONTROL-ONLY MODEL / NO PRODUCTION SAFETY INTERVENTION
heavy,cold_start,32.0,20.0,30,0.10,OLD,0,-1.0,-1.0,32.977047,32.977047,0,0,NO_THRESHOLD_CROSSING,CONTROL-ONLY MODEL / NO PRODUCTION SAFETY INTERVENTION
heavy,cold_start,32.0,20.0,30,0.10,NEW,300,-1.0,-1.0,32.970334,32.970334,0,0,NO_THRESHOLD_CROSSING,CONTROL-ONLY MODEL / NO PRODUCTION SAFETY INTERVENTION
heavy,cold_start,32.0,20.0,30,0.10,NEW,500,-1.0,-1.0,32.970094,32.970094,0,0,NO_THRESHOLD_CROSSING,CONTROL-ONLY MODEL / NO PRODUCTION SAFETY INTERVENTION
heavy,cold_start,32.0,20.0,30,0.10,NEW,1000,-1.0,-1.0,32.970632,32.970632,0,0,NO_THRESHOLD_CROSSING,CONTROL-ONLY MODEL / NO PRODUCTION SAFETY INTERVENTION
heavy,cold_start,32.0,20.0,30,0.01,OLD,0,-1.0,-1.0,32.982508,32.982508,0,0,NO_THRESHOLD_CROSSING,CONTROL-ONLY MODEL / NO PRODUCTION SAFETY INTERVENTION
heavy,cold_start,32.0,20.0,30,0.01,NEW,300,-1.0,-1.0,32.977455,32.977455,0,0,NO_THRESHOLD_CROSSING,CONTROL-ONLY MODEL / NO PRODUCTION SAFETY INTERVENTION
heavy,cold_start,32.0,20.0,30,0.01,NEW,500,-1.0,-1.0,32.977955,32.977955,0,0,NO_THRESHOLD_CROSSING,CONTROL-ONLY MODEL / NO PRODUCTION SAFETY INTERVENTION
heavy,cold_start,32.0,20.0,30,0.01,NEW,1000,-1.0,-1.0,32.978928,32.978928,0,0,NO_THRESHOLD_CROSSING,CONTROL-ONLY MODEL / NO PRODUCTION SAFETY INTERVENTION
heavy,cold_start,32.0,20.0,60,0.10,OLD,0,-1.0,-1.0,33.182763,33.182763,0,0,NO_THRESHOLD_CROSSING,CONTROL-ONLY MODEL / NO PRODUCTION SAFETY INTERVENTION
heavy,cold_start,32.0,20.0,60,0.10,NEW,300,-1.0,-1.0,33.180816,33.180816,0,0,NO_THRESHOLD_CROSSING,CONTROL-ONLY MODEL / NO PRODUCTION SAFETY INTERVENTION
heavy,cold_start,32.0,20.0,60,0.10,NEW,500,-1.0,-1.0,33.179781,33.179781,0,0,NO_THRESHOLD_CROSSING,CONTROL-ONLY MODEL / NO PRODUCTION SAFETY INTERVENTION
heavy,cold_start,32.0,20.0,60,0.10,NEW,1000,-1.0,-1.0,33.181211,33.181211,0,0,NO_THRESHOLD_CROSSING,CONTROL-ONLY MODEL / NO PRODUCTION SAFETY INTERVENTION
heavy,cold_start,32.0,20.0,60,0.01,OLD,0,-1.0,-1.0,33.194252,33.194252,0,0,NO_THRESHOLD_CROSSING,CONTROL-ONLY MODEL / NO PRODUCTION SAFETY INTERVENTION
heavy,cold_start,32.0,20.0,60,0.01,NEW,300,-1.0,-1.0,33.187653,33.187653,0,0,NO_THRESHOLD_CROSSING,CONTROL-ONLY MODEL / NO PRODUCTION SAFETY INTERVENTION
heavy,cold_start,32.0,20.0,60,0.01,NEW,500,-1.0,-1.0,33.188304,33.188304,0,0,NO_THRESHOLD_CROSSING,CONTROL-ONLY MODEL / NO PRODUCTION SAFETY INTERVENTION
heavy,cold_start,32.0,20.0,60,0.01,NEW,1000,-1.0,-1.0,33.190703,33.190703,0,0,NO_THRESHOLD_CROSSING,CONTROL-ONLY MODEL / NO PRODUCTION SAFETY INTERVENTION
heavy,cold_start,32.0,25.0,5,0.10,OLD,0,-1.0,-1.0,32.918350,32.918350,0,0,NO_THRESHOLD_CROSSING,CONTROL-ONLY MODEL / NO PRODUCTION SAFETY INTERVENTION
heavy,cold_start,32.0,25.0,5,0.10,NEW,300,-1.0,-1.0,32.911131,32.911131,0,0,NO_THRESHOLD_CROSSING,CONTROL-ONLY MODEL / NO PRODUCTION SAFETY INTERVENTION
heavy,cold_start,32.0,25.0,5,0.10,NEW,500,-1.0,-1.0,32.912129,32.912129,0,0,NO_THRESHOLD_CROSSING,CONTROL-ONLY MODEL / NO PRODUCTION SAFETY INTERVENTION
heavy,cold_start,32.0,25.0,5,0.10,NEW,1000,-1.0,-1.0,32.912870,32.912870,0,0,NO_THRESHOLD_CROSSING,CONTROL-ONLY MODEL / NO PRODUCTION SAFETY INTERVENTION
heavy,cold_start,32.0,25.0,5,0.01,OLD,0,-1.0,-1.0,32.922046,32.922046,0,0,NO_THRESHOLD_CROSSING,CONTROL-ONLY MODEL / NO PRODUCTION SAFETY INTERVENTION
heavy,cold_start,32.0,25.0,5,0.01,NEW,300,-1.0,-1.0,32.918863,32.918863,0,0,NO_THRESHOLD_CROSSING,CONTROL-ONLY MODEL / NO PRODUCTION SAFETY INTERVENTION
heavy,cold_start,32.0,25.0,5,0.01,NEW,500,-1.0,-1.0,32.919397,32.919397,0,0,NO_THRESHOLD_CROSSING,CONTROL-ONLY MODEL / NO PRODUCTION SAFETY INTERVENTION
heavy,cold_start,32.0,25.0,5,0.01,NEW,1000,-1.0,-1.0,32.920997,32.920997,0,0,NO_THRESHOLD_CROSSING,CONTROL-ONLY MODEL / NO PRODUCTION SAFETY INTERVENTION
heavy,cold_start,32.0,25.0,15,0.10,OLD,0,-1.0,-1.0,32.989534,32.989534,0,0,NO_THRESHOLD_CROSSING,CONTROL-ONLY MODEL / NO PRODUCTION SAFETY INTERVENTION
heavy,cold_start,32.0,25.0,15,0.10,NEW,300,-1.0,-1.0,32.978729,32.978729,0,0,NO_THRESHOLD_CROSSING,CONTROL-ONLY MODEL / NO PRODUCTION SAFETY INTERVENTION
heavy,cold_start,32.0,25.0,15,0.10,NEW,500,-1.0,-1.0,32.980220,32.980220,0,0,NO_THRESHOLD_CROSSING,CONTROL-ONLY MODEL / NO PRODUCTION SAFETY INTERVENTION
heavy,cold_start,32.0,25.0,15,0.10,NEW,1000,-1.0,-1.0,32.981640,32.981640,0,0,NO_THRESHOLD_CROSSING,CONTROL-ONLY MODEL / NO PRODUCTION SAFETY INTERVENTION
heavy,cold_start,32.0,25.0,15,0.01,OLD,0,-1.0,-1.0,32.991163,32.991163,0,0,NO_THRESHOLD_CROSSING,CONTROL-ONLY MODEL / NO PRODUCTION SAFETY INTERVENTION
heavy,cold_start,32.0,25.0,15,0.01,NEW,300,-1.0,-1.0,32.986502,32.986502,0,0,NO_THRESHOLD_CROSSING,CONTROL-ONLY MODEL / NO PRODUCTION SAFETY INTERVENTION
heavy,cold_start,32.0,25.0,15,0.01,NEW,500,-1.0,-1.0,32.987057,32.987057,0,0,NO_THRESHOLD_CROSSING,CONTROL-ONLY MODEL / NO PRODUCTION SAFETY INTERVENTION
heavy,cold_start,32.0,25.0,15,0.01,NEW,1000,-1.0,-1.0,32.988168,32.988168,0,0,NO_THRESHOLD_CROSSING,CONTROL-ONLY MODEL / NO PRODUCTION SAFETY INTERVENTION
heavy,cold_start,32.0,25.0,30,0.10,OLD,0,-1.0,-1.0,33.095273,33.095273,0,0,NO_THRESHOLD_CROSSING,CONTROL-ONLY MODEL / NO PRODUCTION SAFETY INTERVENTION
heavy,cold_start,32.0,25.0,30,0.10,NEW,300,-1.0,-1.0,33.088539,33.088539,0,0,NO_THRESHOLD_CROSSING,CONTROL-ONLY MODEL / NO PRODUCTION SAFETY INTERVENTION
heavy,cold_start,32.0,25.0,30,0.10,NEW,500,-1.0,-1.0,33.090074,33.090074,0,0,NO_THRESHOLD_CROSSING,CONTROL-ONLY MODEL / NO PRODUCTION SAFETY INTERVENTION
heavy,cold_start,32.0,25.0,30,0.10,NEW,1000,-1.0,-1.0,33.088750,33.088750,0,0,NO_THRESHOLD_CROSSING,CONTROL-ONLY MODEL / NO PRODUCTION SAFETY INTERVENTION
heavy,cold_start,32.0,25.0,30,0.01,OLD,0,-1.0,-1.0,33.100938,33.100938,0,0,NO_THRESHOLD_CROSSING,CONTROL-ONLY MODEL / NO PRODUCTION SAFETY INTERVENTION
heavy,cold_start,32.0,25.0,30,0.01,NEW,300,-1.0,-1.0,33.095714,33.095714,0,0,NO_THRESHOLD_CROSSING,CONTROL-ONLY MODEL / NO PRODUCTION SAFETY INTERVENTION
heavy,cold_start,32.0,25.0,30,0.01,NEW,500,-1.0,-1.0,33.096411,33.096411,0,0,NO_THRESHOLD_CROSSING,CONTROL-ONLY MODEL / NO PRODUCTION SAFETY INTERVENTION
heavy,cold_start,32.0,25.0,30,0.01,NEW,1000,-1.0,-1.0,33.097484,33.097484,0,0,NO_THRESHOLD_CROSSING,CONTROL-ONLY MODEL / NO PRODUCTION SAFETY INTERVENTION
heavy,cold_start,32.0,25.0,60,0.10,OLD,0,-1.0,-1.0,33.330582,33.330582,0,0,NO_THRESHOLD_CROSSING,CONTROL-ONLY MODEL / NO PRODUCTION SAFETY INTERVENTION
heavy,cold_start,32.0,25.0,60,0.10,NEW,300,-1.0,-1.0,33.324825,33.324825,0,0,NO_THRESHOLD_CROSSING,CONTROL-ONLY MODEL / NO PRODUCTION SAFETY INTERVENTION
heavy,cold_start,32.0,25.0,60,0.10,NEW,500,-1.0,-1.0,33.326221,33.326221,0,0,NO_THRESHOLD_CROSSING,CONTROL-ONLY MODEL / NO PRODUCTION SAFETY INTERVENTION
heavy,cold_start,32.0,25.0,60,0.10,NEW,1000,-1.0,-1.0,33.325369,33.325369,0,0,NO_THRESHOLD_CROSSING,CONTROL-ONLY MODEL / NO PRODUCTION SAFETY INTERVENTION
heavy,cold_start,32.0,25.0,60,0.01,OLD,0,-1.0,-1.0,33.334675,33.334675,0,0,NO_THRESHOLD_CROSSING,CONTROL-ONLY MODEL / NO PRODUCTION SAFETY INTERVENTION
heavy,cold_start,32.0,25.0,60,0.01,NEW,300,-1.0,-1.0,33.330737,33.330737,0,0,NO_THRESHOLD_CROSSING,CONTROL-ONLY MODEL / NO PRODUCTION SAFETY INTERVENTION
heavy,cold_start,32.0,25.0,60,0.01,NEW,500,-1.0,-1.0,33.331935,33.331935,0,0,NO_THRESHOLD_CROSSING,CONTROL-ONLY MODEL / NO PRODUCTION SAFETY INTERVENTION
heavy,cold_start,32.0,25.0,60,0.01,NEW,1000,-1.0,-1.0,33.332947,33.332947,0,0,NO_THRESHOLD_CROSSING,CONTROL-ONLY MODEL / NO PRODUCTION SAFETY INTERVENTION
heavy,cold_start,32.0,28.0,5,0.10,OLD,0,-1.0,-1.0,32.978229,32.978229,0,0,NO_THRESHOLD_CROSSING,CONTROL-ONLY MODEL / NO PRODUCTION SAFETY INTERVENTION
heavy,cold_start,32.0,28.0,5,0.10,NEW,300,-1.0,-1.0,32.972892,32.972892,0,0,NO_THRESHOLD_CROSSING,CONTROL-ONLY MODEL / NO PRODUCTION SAFETY INTERVENTION
heavy,cold_start,32.0,28.0,5,0.10,NEW,500,-1.0,-1.0,32.972878,32.972878,0,0,NO_THRESHOLD_CROSSING,CONTROL-ONLY MODEL / NO PRODUCTION SAFETY INTERVENTION
heavy,cold_start,32.0,28.0,5,0.10,NEW,1000,-1.0,-1.0,32.975249,32.975249,0,0,NO_THRESHOLD_CROSSING,CONTROL-ONLY MODEL / NO PRODUCTION SAFETY INTERVENTION
heavy,cold_start,32.0,28.0,5,0.01,OLD,0,-1.0,-1.0,32.986322,32.986322,0,0,NO_THRESHOLD_CROSSING,CONTROL-ONLY MODEL / NO PRODUCTION SAFETY INTERVENTION
heavy,cold_start,32.0,28.0,5,0.01,NEW,300,-1.0,-1.0,32.978554,32.978554,0,0,NO_THRESHOLD_CROSSING,CONTROL-ONLY MODEL / NO PRODUCTION SAFETY INTERVENTION
heavy,cold_start,32.0,28.0,5,0.01,NEW,500,-1.0,-1.0,32.978832,32.978832,0,0,NO_THRESHOLD_CROSSING,CONTROL-ONLY MODEL / NO PRODUCTION SAFETY INTERVENTION
heavy,cold_start,32.0,28.0,5,0.01,NEW,1000,-1.0,-1.0,32.978478,32.978478,0,0,NO_THRESHOLD_CROSSING,CONTROL-ONLY MODEL / NO PRODUCTION SAFETY INTERVENTION
heavy,cold_start,32.0,28.0,15,0.10,OLD,0,-1.0,-1.0,33.048993,33.048993,0,0,NO_THRESHOLD_CROSSING,CONTROL-ONLY MODEL / NO PRODUCTION SAFETY INTERVENTION
heavy,cold_start,32.0,28.0,15,0.10,NEW,300,-1.0,-1.0,33.043427,33.043427,0,0,NO_THRESHOLD_CROSSING,CONTROL-ONLY MODEL / NO PRODUCTION SAFETY INTERVENTION
heavy,cold_start,32.0,28.0,15,0.10,NEW,500,-1.0,-1.0,33.045498,33.045498,0,0,NO_THRESHOLD_CROSSING,CONTROL-ONLY MODEL / NO PRODUCTION SAFETY INTERVENTION
heavy,cold_start,32.0,28.0,15,0.10,NEW,1000,-1.0,-1.0,33.042859,33.042859,0,0,NO_THRESHOLD_CROSSING,CONTROL-ONLY MODEL / NO PRODUCTION SAFETY INTERVENTION
heavy,cold_start,32.0,28.0,15,0.01,OLD,0,-1.0,-1.0,33.055999,33.055999,0,0,NO_THRESHOLD_CROSSING,CONTROL-ONLY MODEL / NO PRODUCTION SAFETY INTERVENTION
heavy,cold_start,32.0,28.0,15,0.01,NEW,300,-1.0,-1.0,33.050449,33.050449,0,0,NO_THRESHOLD_CROSSING,CONTROL-ONLY MODEL / NO PRODUCTION SAFETY INTERVENTION
heavy,cold_start,32.0,28.0,15,0.01,NEW,500,-1.0,-1.0,33.050921,33.050921,0,0,NO_THRESHOLD_CROSSING,CONTROL-ONLY MODEL / NO PRODUCTION SAFETY INTERVENTION
heavy,cold_start,32.0,28.0,15,0.01,NEW,1000,-1.0,-1.0,33.050621,33.050621,0,0,NO_THRESHOLD_CROSSING,CONTROL-ONLY MODEL / NO PRODUCTION SAFETY INTERVENTION
heavy,cold_start,32.0,28.0,30,0.10,OLD,0,-1.0,-1.0,33.163722,33.163722,0,0,NO_THRESHOLD_CROSSING,CONTROL-ONLY MODEL / NO PRODUCTION SAFETY INTERVENTION
heavy,cold_start,32.0,28.0,30,0.10,NEW,300,-1.0,-1.0,33.161927,33.161927,0,0,NO_THRESHOLD_CROSSING,CONTROL-ONLY MODEL / NO PRODUCTION SAFETY INTERVENTION
heavy,cold_start,32.0,28.0,30,0.10,NEW,500,-1.0,-1.0,33.161103,33.161103,0,0,NO_THRESHOLD_CROSSING,CONTROL-ONLY MODEL / NO PRODUCTION SAFETY INTERVENTION
heavy,cold_start,32.0,28.0,30,0.10,NEW,1000,-1.0,-1.0,33.159734,33.159734,0,0,NO_THRESHOLD_CROSSING,CONTROL-ONLY MODEL / NO PRODUCTION SAFETY INTERVENTION
heavy,cold_start,32.0,28.0,30,0.01,OLD,0,-1.0,-1.0,33.168323,33.168323,0,0,NO_THRESHOLD_CROSSING,CONTROL-ONLY MODEL / NO PRODUCTION SAFETY INTERVENTION
heavy,cold_start,32.0,28.0,30,0.01,NEW,300,-1.0,-1.0,33.166639,33.166639,0,0,NO_THRESHOLD_CROSSING,CONTROL-ONLY MODEL / NO PRODUCTION SAFETY INTERVENTION
heavy,cold_start,32.0,28.0,30,0.01,NEW,500,-1.0,-1.0,33.166804,33.166804,0,0,NO_THRESHOLD_CROSSING,CONTROL-ONLY MODEL / NO PRODUCTION SAFETY INTERVENTION
heavy,cold_start,32.0,28.0,30,0.01,NEW,1000,-1.0,-1.0,33.166693,33.166693,0,0,NO_THRESHOLD_CROSSING,CONTROL-ONLY MODEL / NO PRODUCTION SAFETY INTERVENTION
heavy,cold_start,32.0,28.0,60,0.10,OLD,0,-1.0,-1.0,33.416263,33.416263,0,0,NO_THRESHOLD_CROSSING,CONTROL-ONLY MODEL / NO PRODUCTION SAFETY INTERVENTION
heavy,cold_start,32.0,28.0,60,0.10,NEW,300,-1.0,-1.0,33.410480,33.410480,0,0,NO_THRESHOLD_CROSSING,CONTROL-ONLY MODEL / NO PRODUCTION SAFETY INTERVENTION
heavy,cold_start,32.0,28.0,60,0.10,NEW,500,-1.0,-1.0,33.409762,33.409762,0,0,NO_THRESHOLD_CROSSING,CONTROL-ONLY MODEL / NO PRODUCTION SAFETY INTERVENTION
heavy,cold_start,32.0,28.0,60,0.10,NEW,1000,-1.0,-1.0,33.410564,33.410564,0,0,NO_THRESHOLD_CROSSING,CONTROL-ONLY MODEL / NO PRODUCTION SAFETY INTERVENTION
heavy,cold_start,32.0,28.0,60,0.01,OLD,0,-1.0,-1.0,33.418766,33.418766,0,0,NO_THRESHOLD_CROSSING,CONTROL-ONLY MODEL / NO PRODUCTION SAFETY INTERVENTION
heavy,cold_start,32.0,28.0,60,0.01,NEW,300,-1.0,-1.0,33.417056,33.417056,0,0,NO_THRESHOLD_CROSSING,CONTROL-ONLY MODEL / NO PRODUCTION SAFETY INTERVENTION
heavy,cold_start,32.0,28.0,60,0.01,NEW,500,-1.0,-1.0,33.418183,33.418183,0,0,NO_THRESHOLD_CROSSING,CONTROL-ONLY MODEL / NO PRODUCTION SAFETY INTERVENTION
heavy,cold_start,32.0,28.0,60,0.01,NEW,1000,-1.0,-1.0,33.415504,33.415504,0,0,NO_THRESHOLD_CROSSING,CONTROL-ONLY MODEL / NO PRODUCTION SAFETY INTERVENTION
heavy,cold_start,35.0,20.0,5,0.10,OLD,0,-1.0,-1.0,35.758420,35.758420,0,0,NO_THRESHOLD_CROSSING,CONTROL-ONLY MODEL / NO PRODUCTION SAFETY INTERVENTION
heavy,cold_start,35.0,20.0,5,0.10,NEW,300,-1.0,-1.0,35.755351,35.755351,0,0,NO_THRESHOLD_CROSSING,CONTROL-ONLY MODEL / NO PRODUCTION SAFETY INTERVENTION
heavy,cold_start,35.0,20.0,5,0.10,NEW,500,-1.0,-1.0,35.754503,35.754503,0,0,NO_THRESHOLD_CROSSING,CONTROL-ONLY MODEL / NO PRODUCTION SAFETY INTERVENTION
heavy,cold_start,35.0,20.0,5,0.10,NEW,1000,-1.0,-1.0,35.757645,35.757645,0,0,NO_THRESHOLD_CROSSING,CONTROL-ONLY MODEL / NO PRODUCTION SAFETY INTERVENTION
heavy,cold_start,35.0,20.0,5,0.01,OLD,0,-1.0,-1.0,35.764417,35.764417,0,0,NO_THRESHOLD_CROSSING,CONTROL-ONLY MODEL / NO PRODUCTION SAFETY INTERVENTION
heavy,cold_start,35.0,20.0,5,0.01,NEW,300,-1.0,-1.0,35.760436,35.760436,0,0,NO_THRESHOLD_CROSSING,CONTROL-ONLY MODEL / NO PRODUCTION SAFETY INTERVENTION
heavy,cold_start,35.0,20.0,5,0.01,NEW,500,-1.0,-1.0,35.760775,35.760775,0,0,NO_THRESHOLD_CROSSING,CONTROL-ONLY MODEL / NO PRODUCTION SAFETY INTERVENTION
heavy,cold_start,35.0,20.0,5,0.01,NEW,1000,-1.0,-1.0,35.761401,35.761401,0,0,NO_THRESHOLD_CROSSING,CONTROL-ONLY MODEL / NO PRODUCTION SAFETY INTERVENTION
heavy,cold_start,35.0,20.0,15,0.10,OLD,0,-1.0,-1.0,35.819316,35.819316,0,0,NO_THRESHOLD_CROSSING,CONTROL-ONLY MODEL / NO PRODUCTION SAFETY INTERVENTION
heavy,cold_start,35.0,20.0,15,0.10,NEW,300,-1.0,-1.0,35.809069,35.809069,0,0,NO_THRESHOLD_CROSSING,CONTROL-ONLY MODEL / NO PRODUCTION SAFETY INTERVENTION
heavy,cold_start,35.0,20.0,15,0.10,NEW,500,-1.0,-1.0,35.808497,35.808497,0,0,NO_THRESHOLD_CROSSING,CONTROL-ONLY MODEL / NO PRODUCTION SAFETY INTERVENTION
heavy,cold_start,35.0,20.0,15,0.10,NEW,1000,-1.0,-1.0,35.812171,35.812171,0,0,NO_THRESHOLD_CROSSING,CONTROL-ONLY MODEL / NO PRODUCTION SAFETY INTERVENTION
heavy,cold_start,35.0,20.0,15,0.01,OLD,0,-1.0,-1.0,35.821685,35.821685,0,0,NO_THRESHOLD_CROSSING,CONTROL-ONLY MODEL / NO PRODUCTION SAFETY INTERVENTION
heavy,cold_start,35.0,20.0,15,0.01,NEW,300,-1.0,-1.0,35.816175,35.816175,0,0,NO_THRESHOLD_CROSSING,CONTROL-ONLY MODEL / NO PRODUCTION SAFETY INTERVENTION
heavy,cold_start,35.0,20.0,15,0.01,NEW,500,-1.0,-1.0,35.816709,35.816709,0,0,NO_THRESHOLD_CROSSING,CONTROL-ONLY MODEL / NO PRODUCTION SAFETY INTERVENTION
heavy,cold_start,35.0,20.0,15,0.01,NEW,1000,-1.0,-1.0,35.817826,35.817826,0,0,NO_THRESHOLD_CROSSING,CONTROL-ONLY MODEL / NO PRODUCTION SAFETY INTERVENTION
heavy,cold_start,35.0,20.0,30,0.10,OLD,0,-1.0,-1.0,35.909025,35.909025,0,0,NO_THRESHOLD_CROSSING,CONTROL-ONLY MODEL / NO PRODUCTION SAFETY INTERVENTION
heavy,cold_start,35.0,20.0,30,0.10,NEW,300,-1.0,-1.0,35.899654,35.899654,0,0,NO_THRESHOLD_CROSSING,CONTROL-ONLY MODEL / NO PRODUCTION SAFETY INTERVENTION
heavy,cold_start,35.0,20.0,30,0.10,NEW,500,-1.0,-1.0,35.902121,35.902121,0,0,NO_THRESHOLD_CROSSING,CONTROL-ONLY MODEL / NO PRODUCTION SAFETY INTERVENTION
heavy,cold_start,35.0,20.0,30,0.10,NEW,1000,-1.0,-1.0,35.901239,35.901239,0,0,NO_THRESHOLD_CROSSING,CONTROL-ONLY MODEL / NO PRODUCTION SAFETY INTERVENTION
heavy,cold_start,35.0,20.0,30,0.01,OLD,0,-1.0,-1.0,35.912866,35.912866,0,0,NO_THRESHOLD_CROSSING,CONTROL-ONLY MODEL / NO PRODUCTION SAFETY INTERVENTION
heavy,cold_start,35.0,20.0,30,0.01,NEW,300,-1.0,-1.0,35.906008,35.906008,0,0,NO_THRESHOLD_CROSSING,CONTROL-ONLY MODEL / NO PRODUCTION SAFETY INTERVENTION
heavy,cold_start,35.0,20.0,30,0.01,NEW,500,-1.0,-1.0,35.906374,35.906374,0,0,NO_THRESHOLD_CROSSING,CONTROL-ONLY MODEL / NO PRODUCTION SAFETY INTERVENTION
heavy,cold_start,35.0,20.0,30,0.01,NEW,1000,-1.0,-1.0,35.907757,35.907757,0,0,NO_THRESHOLD_CROSSING,CONTROL-ONLY MODEL / NO PRODUCTION SAFETY INTERVENTION
heavy,cold_start,35.0,20.0,60,0.10,OLD,0,-1.0,-1.0,36.099227,36.099227,0,0,NO_THRESHOLD_CROSSING,CONTROL-ONLY MODEL / NO PRODUCTION SAFETY INTERVENTION
heavy,cold_start,35.0,20.0,60,0.10,NEW,300,-1.0,-1.0,36.094496,36.094496,0,0,NO_THRESHOLD_CROSSING,CONTROL-ONLY MODEL / NO PRODUCTION SAFETY INTERVENTION
heavy,cold_start,35.0,20.0,60,0.10,NEW,500,-1.0,-1.0,36.095625,36.095625,0,0,NO_THRESHOLD_CROSSING,CONTROL-ONLY MODEL / NO PRODUCTION SAFETY INTERVENTION
heavy,cold_start,35.0,20.0,60,0.10,NEW,1000,-1.0,-1.0,36.094181,36.094181,0,0,NO_THRESHOLD_CROSSING,CONTROL-ONLY MODEL / NO PRODUCTION SAFETY INTERVENTION
heavy,cold_start,35.0,20.0,60,0.01,OLD,0,-1.0,-1.0,36.108340,36.108340,0,0,NO_THRESHOLD_CROSSING,CONTROL-ONLY MODEL / NO PRODUCTION SAFETY INTERVENTION
heavy,cold_start,35.0,20.0,60,0.01,NEW,300,-1.0,-1.0,36.100807,36.100807,0,0,NO_THRESHOLD_CROSSING,CONTROL-ONLY MODEL / NO PRODUCTION SAFETY INTERVENTION
heavy,cold_start,35.0,20.0,60,0.01,NEW,500,-1.0,-1.0,36.101861,36.101861,0,0,NO_THRESHOLD_CROSSING,CONTROL-ONLY MODEL / NO PRODUCTION SAFETY INTERVENTION
heavy,cold_start,35.0,20.0,60,0.01,NEW,1000,-1.0,-1.0,36.104026,36.104026,0,0,NO_THRESHOLD_CROSSING,CONTROL-ONLY MODEL / NO PRODUCTION SAFETY INTERVENTION
heavy,cold_start,35.0,25.0,5,0.10,OLD,0,-1.0,-1.0,35.856818,35.856818,0,0,NO_THRESHOLD_CROSSING,CONTROL-ONLY MODEL / NO PRODUCTION SAFETY INTERVENTION
heavy,cold_start,35.0,25.0,5,0.10,NEW,300,-1.0,-1.0,35.854101,35.854101,0,0,NO_THRESHOLD_CROSSING,CONTROL-ONLY MODEL / NO PRODUCTION SAFETY INTERVENTION
heavy,cold_start,35.0,25.0,5,0.10,NEW,500,-1.0,-1.0,35.855925,35.855925,0,0,NO_THRESHOLD_CROSSING,CONTROL-ONLY MODEL / NO PRODUCTION SAFETY INTERVENTION
heavy,cold_start,35.0,25.0,5,0.10,NEW,1000,-1.0,-1.0,35.856471,35.856471,0,0,NO_THRESHOLD_CROSSING,CONTROL-ONLY MODEL / NO PRODUCTION SAFETY INTERVENTION
heavy,cold_start,35.0,25.0,5,0.01,OLD,0,-1.0,-1.0,35.864161,35.864161,0,0,NO_THRESHOLD_CROSSING,CONTROL-ONLY MODEL / NO PRODUCTION SAFETY INTERVENTION
heavy,cold_start,35.0,25.0,5,0.01,NEW,300,-1.0,-1.0,35.860056,35.860056,0,0,NO_THRESHOLD_CROSSING,CONTROL-ONLY MODEL / NO PRODUCTION SAFETY INTERVENTION
heavy,cold_start,35.0,25.0,5,0.01,NEW,500,-1.0,-1.0,35.860424,35.860424,0,0,NO_THRESHOLD_CROSSING,CONTROL-ONLY MODEL / NO PRODUCTION SAFETY INTERVENTION
heavy,cold_start,35.0,25.0,5,0.01,NEW,1000,-1.0,-1.0,35.861775,35.861775,0,0,NO_THRESHOLD_CROSSING,CONTROL-ONLY MODEL / NO PRODUCTION SAFETY INTERVENTION
heavy,cold_start,35.0,25.0,15,0.10,OLD,0,-1.0,-1.0,35.920733,35.920733,0,0,NO_THRESHOLD_CROSSING,CONTROL-ONLY MODEL / NO PRODUCTION SAFETY INTERVENTION
heavy,cold_start,35.0,25.0,15,0.10,NEW,300,-1.0,-1.0,35.915879,35.915879,0,0,NO_THRESHOLD_CROSSING,CONTROL-ONLY MODEL / NO PRODUCTION SAFETY INTERVENTION
heavy,cold_start,35.0,25.0,15,0.10,NEW,500,-1.0,-1.0,35.915218,35.915218,0,0,NO_THRESHOLD_CROSSING,CONTROL-ONLY MODEL / NO PRODUCTION SAFETY INTERVENTION
heavy,cold_start,35.0,25.0,15,0.10,NEW,1000,-1.0,-1.0,35.916134,35.916134,0,0,NO_THRESHOLD_CROSSING,CONTROL-ONLY MODEL / NO PRODUCTION SAFETY INTERVENTION
heavy,cold_start,35.0,25.0,15,0.01,OLD,0,-1.0,-1.0,35.925816,35.925816,0,0,NO_THRESHOLD_CROSSING,CONTROL-ONLY MODEL / NO PRODUCTION SAFETY INTERVENTION
heavy,cold_start,35.0,25.0,15,0.01,NEW,300,-1.0,-1.0,35.923104,35.923104,0,0,NO_THRESHOLD_CROSSING,CONTROL-ONLY MODEL / NO PRODUCTION SAFETY INTERVENTION
heavy,cold_start,35.0,25.0,15,0.01,NEW,500,-1.0,-1.0,35.923257,35.923257,0,0,NO_THRESHOLD_CROSSING,CONTROL-ONLY MODEL / NO PRODUCTION SAFETY INTERVENTION
heavy,cold_start,35.0,25.0,15,0.01,NEW,1000,-1.0,-1.0,35.924415,35.924415,0,0,NO_THRESHOLD_CROSSING,CONTROL-ONLY MODEL / NO PRODUCTION SAFETY INTERVENTION
heavy,cold_start,35.0,25.0,30,0.10,OLD,0,-1.0,-1.0,36.027259,36.027259,0,0,NO_THRESHOLD_CROSSING,CONTROL-ONLY MODEL / NO PRODUCTION SAFETY INTERVENTION
heavy,cold_start,35.0,25.0,30,0.10,NEW,300,-1.0,-1.0,36.019177,36.019177,0,0,NO_THRESHOLD_CROSSING,CONTROL-ONLY MODEL / NO PRODUCTION SAFETY INTERVENTION
heavy,cold_start,35.0,25.0,30,0.10,NEW,500,-1.0,-1.0,36.020923,36.020923,0,0,NO_THRESHOLD_CROSSING,CONTROL-ONLY MODEL / NO PRODUCTION SAFETY INTERVENTION
heavy,cold_start,35.0,25.0,30,0.10,NEW,1000,-1.0,-1.0,36.019639,36.019639,0,0,NO_THRESHOLD_CROSSING,CONTROL-ONLY MODEL / NO PRODUCTION SAFETY INTERVENTION
heavy,cold_start,35.0,25.0,30,0.01,OLD,0,-1.0,-1.0,36.027899,36.027899,0,0,NO_THRESHOLD_CROSSING,CONTROL-ONLY MODEL / NO PRODUCTION SAFETY INTERVENTION
heavy,cold_start,35.0,25.0,30,0.01,NEW,300,-1.0,-1.0,36.023954,36.023954,0,0,NO_THRESHOLD_CROSSING,CONTROL-ONLY MODEL / NO PRODUCTION SAFETY INTERVENTION
heavy,cold_start,35.0,25.0,30,0.01,NEW,500,-1.0,-1.0,36.025269,36.025269,0,0,NO_THRESHOLD_CROSSING,CONTROL-ONLY MODEL / NO PRODUCTION SAFETY INTERVENTION
heavy,cold_start,35.0,25.0,30,0.01,NEW,1000,-1.0,-1.0,36.025915,36.025915,0,0,NO_THRESHOLD_CROSSING,CONTROL-ONLY MODEL / NO PRODUCTION SAFETY INTERVENTION
heavy,cold_start,35.0,25.0,60,0.10,OLD,0,-1.0,-1.0,36.242530,36.242530,0,0,NO_THRESHOLD_CROSSING,CONTROL-ONLY MODEL / NO PRODUCTION SAFETY INTERVENTION
heavy,cold_start,35.0,25.0,60,0.10,NEW,300,-1.0,-1.0,36.237118,36.237118,0,0,NO_THRESHOLD_CROSSING,CONTROL-ONLY MODEL / NO PRODUCTION SAFETY INTERVENTION
heavy,cold_start,35.0,25.0,60,0.10,NEW,500,-1.0,-1.0,36.238721,36.238721,0,0,NO_THRESHOLD_CROSSING,CONTROL-ONLY MODEL / NO PRODUCTION SAFETY INTERVENTION
heavy,cold_start,35.0,25.0,60,0.10,NEW,1000,-1.0,-1.0,36.239863,36.239863,0,0,NO_THRESHOLD_CROSSING,CONTROL-ONLY MODEL / NO PRODUCTION SAFETY INTERVENTION
heavy,cold_start,35.0,25.0,60,0.01,OLD,0,-1.0,-1.0,36.252097,36.252097,0,0,NO_THRESHOLD_CROSSING,CONTROL-ONLY MODEL / NO PRODUCTION SAFETY INTERVENTION
heavy,cold_start,35.0,25.0,60,0.01,NEW,300,-1.0,-1.0,36.244471,36.244471,0,0,NO_THRESHOLD_CROSSING,CONTROL-ONLY MODEL / NO PRODUCTION SAFETY INTERVENTION
heavy,cold_start,35.0,25.0,60,0.01,NEW,500,-1.0,-1.0,36.245817,36.245817,0,0,NO_THRESHOLD_CROSSING,CONTROL-ONLY MODEL / NO PRODUCTION SAFETY INTERVENTION
heavy,cold_start,35.0,25.0,60,0.01,NEW,1000,-1.0,-1.0,36.247605,36.247605,0,0,NO_THRESHOLD_CROSSING,CONTROL-ONLY MODEL / NO PRODUCTION SAFETY INTERVENTION
heavy,cold_start,35.0,28.0,5,0.10,OLD,0,-1.0,-1.0,35.918350,35.918350,0,0,NO_THRESHOLD_CROSSING,CONTROL-ONLY MODEL / NO PRODUCTION SAFETY INTERVENTION
heavy,cold_start,35.0,28.0,5,0.10,NEW,300,-1.0,-1.0,35.911131,35.911131,0,0,NO_THRESHOLD_CROSSING,CONTROL-ONLY MODEL / NO PRODUCTION SAFETY INTERVENTION
heavy,cold_start,35.0,28.0,5,0.10,NEW,500,-1.0,-1.0,35.912129,35.912129,0,0,NO_THRESHOLD_CROSSING,CONTROL-ONLY MODEL / NO PRODUCTION SAFETY INTERVENTION
heavy,cold_start,35.0,28.0,5,0.10,NEW,1000,-1.0,-1.0,35.912870,35.912870,0,0,NO_THRESHOLD_CROSSING,CONTROL-ONLY MODEL / NO PRODUCTION SAFETY INTERVENTION
heavy,cold_start,35.0,28.0,5,0.01,OLD,0,-1.0,-1.0,35.922046,35.922046,0,0,NO_THRESHOLD_CROSSING,CONTROL-ONLY MODEL / NO PRODUCTION SAFETY INTERVENTION
heavy,cold_start,35.0,28.0,5,0.01,NEW,300,-1.0,-1.0,35.918863,35.918863,0,0,NO_THRESHOLD_CROSSING,CONTROL-ONLY MODEL / NO PRODUCTION SAFETY INTERVENTION
heavy,cold_start,35.0,28.0,5,0.01,NEW,500,-1.0,-1.0,35.919397,35.919397,0,0,NO_THRESHOLD_CROSSING,CONTROL-ONLY MODEL / NO PRODUCTION SAFETY INTERVENTION
heavy,cold_start,35.0,28.0,5,0.01,NEW,1000,-1.0,-1.0,35.920997,35.920997,0,0,NO_THRESHOLD_CROSSING,CONTROL-ONLY MODEL / NO PRODUCTION SAFETY INTERVENTION
heavy,cold_start,35.0,28.0,15,0.10,OLD,0,-1.0,-1.0,35.989534,35.989534,0,0,NO_THRESHOLD_CROSSING,CONTROL-ONLY MODEL / NO PRODUCTION SAFETY INTERVENTION
heavy,cold_start,35.0,28.0,15,0.10,NEW,300,-1.0,-1.0,35.978729,35.978729,0,0,NO_THRESHOLD_CROSSING,CONTROL-ONLY MODEL / NO PRODUCTION SAFETY INTERVENTION
heavy,cold_start,35.0,28.0,15,0.10,NEW,500,-1.0,-1.0,35.980220,35.980220,0,0,NO_THRESHOLD_CROSSING,CONTROL-ONLY MODEL / NO PRODUCTION SAFETY INTERVENTION
heavy,cold_start,35.0,28.0,15,0.10,NEW,1000,-1.0,-1.0,35.981640,35.981640,0,0,NO_THRESHOLD_CROSSING,CONTROL-ONLY MODEL / NO PRODUCTION SAFETY INTERVENTION
heavy,cold_start,35.0,28.0,15,0.01,OLD,0,-1.0,-1.0,35.991163,35.991163,0,0,NO_THRESHOLD_CROSSING,CONTROL-ONLY MODEL / NO PRODUCTION SAFETY INTERVENTION
heavy,cold_start,35.0,28.0,15,0.01,NEW,300,-1.0,-1.0,35.986502,35.986502,0,0,NO_THRESHOLD_CROSSING,CONTROL-ONLY MODEL / NO PRODUCTION SAFETY INTERVENTION
heavy,cold_start,35.0,28.0,15,0.01,NEW,500,-1.0,-1.0,35.987057,35.987057,0,0,NO_THRESHOLD_CROSSING,CONTROL-ONLY MODEL / NO PRODUCTION SAFETY INTERVENTION
heavy,cold_start,35.0,28.0,15,0.01,NEW,1000,-1.0,-1.0,35.988168,35.988168,0,0,NO_THRESHOLD_CROSSING,CONTROL-ONLY MODEL / NO PRODUCTION SAFETY INTERVENTION
heavy,cold_start,35.0,28.0,30,0.10,OLD,0,-1.0,-1.0,36.095273,36.095273,0,0,NO_THRESHOLD_CROSSING,CONTROL-ONLY MODEL / NO PRODUCTION SAFETY INTERVENTION
heavy,cold_start,35.0,28.0,30,0.10,NEW,300,-1.0,-1.0,36.088539,36.088539,0,0,NO_THRESHOLD_CROSSING,CONTROL-ONLY MODEL / NO PRODUCTION SAFETY INTERVENTION
heavy,cold_start,35.0,28.0,30,0.10,NEW,500,-1.0,-1.0,36.090074,36.090074,0,0,NO_THRESHOLD_CROSSING,CONTROL-ONLY MODEL / NO PRODUCTION SAFETY INTERVENTION
heavy,cold_start,35.0,28.0,30,0.10,NEW,1000,-1.0,-1.0,36.088750,36.088750,0,0,NO_THRESHOLD_CROSSING,CONTROL-ONLY MODEL / NO PRODUCTION SAFETY INTERVENTION
heavy,cold_start,35.0,28.0,30,0.01,OLD,0,-1.0,-1.0,36.100938,36.100938,0,0,NO_THRESHOLD_CROSSING,CONTROL-ONLY MODEL / NO PRODUCTION SAFETY INTERVENTION
heavy,cold_start,35.0,28.0,30,0.01,NEW,300,-1.0,-1.0,36.095714,36.095714,0,0,NO_THRESHOLD_CROSSING,CONTROL-ONLY MODEL / NO PRODUCTION SAFETY INTERVENTION
heavy,cold_start,35.0,28.0,30,0.01,NEW,500,-1.0,-1.0,36.096411,36.096411,0,0,NO_THRESHOLD_CROSSING,CONTROL-ONLY MODEL / NO PRODUCTION SAFETY INTERVENTION
heavy,cold_start,35.0,28.0,30,0.01,NEW,1000,-1.0,-1.0,36.097484,36.097484,0,0,NO_THRESHOLD_CROSSING,CONTROL-ONLY MODEL / NO PRODUCTION SAFETY INTERVENTION
heavy,cold_start,35.0,28.0,60,0.10,OLD,0,-1.0,-1.0,36.330582,36.330582,0,0,NO_THRESHOLD_CROSSING,CONTROL-ONLY MODEL / NO PRODUCTION SAFETY INTERVENTION
heavy,cold_start,35.0,28.0,60,0.10,NEW,300,-1.0,-1.0,36.324825,36.324825,0,0,NO_THRESHOLD_CROSSING,CONTROL-ONLY MODEL / NO PRODUCTION SAFETY INTERVENTION
heavy,cold_start,35.0,28.0,60,0.10,NEW,500,-1.0,-1.0,36.326221,36.326221,0,0,NO_THRESHOLD_CROSSING,CONTROL-ONLY MODEL / NO PRODUCTION SAFETY INTERVENTION
heavy,cold_start,35.0,28.0,60,0.10,NEW,1000,-1.0,-1.0,36.325369,36.325369,0,0,NO_THRESHOLD_CROSSING,CONTROL-ONLY MODEL / NO PRODUCTION SAFETY INTERVENTION
heavy,cold_start,35.0,28.0,60,0.01,OLD,0,-1.0,-1.0,36.334675,36.334675,0,0,NO_THRESHOLD_CROSSING,CONTROL-ONLY MODEL / NO PRODUCTION SAFETY INTERVENTION
heavy,cold_start,35.0,28.0,60,0.01,NEW,300,-1.0,-1.0,36.330737,36.330737,0,0,NO_THRESHOLD_CROSSING,CONTROL-ONLY MODEL / NO PRODUCTION SAFETY INTERVENTION
heavy,cold_start,35.0,28.0,60,0.01,NEW,500,-1.0,-1.0,36.331935,36.331935,0,0,NO_THRESHOLD_CROSSING,CONTROL-ONLY MODEL / NO PRODUCTION SAFETY INTERVENTION
heavy,cold_start,35.0,28.0,60,0.01,NEW,1000,-1.0,-1.0,36.332947,36.332947,0,0,NO_THRESHOLD_CROSSING,CONTROL-ONLY MODEL / NO PRODUCTION SAFETY INTERVENTION
heavy,cold_start,37.5,20.0,5,0.10,OLD,0,2310.8,-1.0,38.199800,38.211104,1,0,SAFETY_INTERVENTION_REQUIRED,CONTROL-ONLY MODEL / NO PRODUCTION SAFETY INTERVENTION
heavy,cold_start,37.5,20.0,5,0.10,NEW,300,2305.4,-1.0,38.199966,38.203577,1,0,SAFETY_INTERVENTION_REQUIRED,CONTROL-ONLY MODEL / NO PRODUCTION SAFETY INTERVENTION
heavy,cold_start,37.5,20.0,5,0.10,NEW,500,2307.1,-1.0,38.199977,38.203047,1,0,SAFETY_INTERVENTION_REQUIRED,CONTROL-ONLY MODEL / NO PRODUCTION SAFETY INTERVENTION
heavy,cold_start,37.5,20.0,5,0.10,NEW,1000,2305.4,-1.0,38.199981,38.204638,1,0,SAFETY_INTERVENTION_REQUIRED,CONTROL-ONLY MODEL / NO PRODUCTION SAFETY INTERVENTION
heavy,cold_start,37.5,20.0,5,0.01,OLD,0,2304.1,-1.0,38.199906,38.215454,1,0,SAFETY_INTERVENTION_REQUIRED,CONTROL-ONLY MODEL / NO PRODUCTION SAFETY INTERVENTION
heavy,cold_start,37.5,20.0,5,0.01,NEW,300,2298.2,-1.0,38.199882,38.210410,1,0,SAFETY_INTERVENTION_REQUIRED,CONTROL-ONLY MODEL / NO PRODUCTION SAFETY INTERVENTION
heavy,cold_start,37.5,20.0,5,0.01,NEW,500,2298.0,-1.0,38.199981,38.210585,1,0,SAFETY_INTERVENTION_REQUIRED,CONTROL-ONLY MODEL / NO PRODUCTION SAFETY INTERVENTION
heavy,cold_start,37.5,20.0,5,0.01,NEW,1000,2297.8,-1.0,38.199877,38.211419,1,0,SAFETY_INTERVENTION_REQUIRED,CONTROL-ONLY MODEL / NO PRODUCTION SAFETY INTERVENTION
heavy,cold_start,37.5,20.0,15,0.10,OLD,0,2298.7,-1.0,38.199925,38.265756,1,0,SAFETY_INTERVENTION_REQUIRED,CONTROL-ONLY MODEL / NO PRODUCTION SAFETY INTERVENTION
heavy,cold_start,37.5,20.0,15,0.10,NEW,300,2288.6,-1.0,38.199892,38.259187,1,0,SAFETY_INTERVENTION_REQUIRED,CONTROL-ONLY MODEL / NO PRODUCTION SAFETY INTERVENTION
heavy,cold_start,37.5,20.0,15,0.10,NEW,500,2289.3,-1.0,38.199974,38.257349,1,0,SAFETY_INTERVENTION_REQUIRED,CONTROL-ONLY MODEL / NO PRODUCTION SAFETY INTERVENTION
heavy,cold_start,37.5,20.0,15,0.10,NEW,1000,2289.4,-1.0,38.199881,38.257550,1,0,SAFETY_INTERVENTION_REQUIRED,CONTROL-ONLY MODEL / NO PRODUCTION SAFETY INTERVENTION
heavy,cold_start,37.5,20.0,15,0.01,OLD,0,2295.5,-1.0,38.199906,38.267357,1,0,SAFETY_INTERVENTION_REQUIRED,CONTROL-ONLY MODEL / NO PRODUCTION SAFETY INTERVENTION
heavy,cold_start,37.5,20.0,15,0.01,NEW,300,2287.0,-1.0,38.199990,38.262739,1,0,SAFETY_INTERVENTION_REQUIRED,CONTROL-ONLY MODEL / NO PRODUCTION SAFETY INTERVENTION
heavy,cold_start,37.5,20.0,15,0.01,NEW,500,2286.8,-1.0,38.199783,38.263652,1,0,SAFETY_INTERVENTION_REQUIRED,CONTROL-ONLY MODEL / NO PRODUCTION SAFETY INTERVENTION
heavy,cold_start,37.5,20.0,15,0.01,NEW,1000,2286.7,-1.0,38.199788,38.265005,1,0,SAFETY_INTERVENTION_REQUIRED,CONTROL-ONLY MODEL / NO PRODUCTION SAFETY INTERVENTION
heavy,cold_start,37.5,20.0,30,0.10,OLD,0,2300.0,-1.0,38.199955,38.347243,1,0,SAFETY_INTERVENTION_REQUIRED,CONTROL-ONLY MODEL / NO PRODUCTION SAFETY INTERVENTION
heavy,cold_start,37.5,20.0,30,0.10,NEW,300,2290.2,-1.0,38.199710,38.340015,1,0,SAFETY_INTERVENTION_REQUIRED,CONTROL-ONLY MODEL / NO PRODUCTION SAFETY INTERVENTION
heavy,cold_start,37.5,20.0,30,0.10,NEW,500,2290.0,-1.0,38.199922,38.342016,1,0,SAFETY_INTERVENTION_REQUIRED,CONTROL-ONLY MODEL / NO PRODUCTION SAFETY INTERVENTION
heavy,cold_start,37.5,20.0,30,0.10,NEW,1000,2290.1,-1.0,38.199590,38.342839,1,0,SAFETY_INTERVENTION_REQUIRED,CONTROL-ONLY MODEL / NO PRODUCTION SAFETY INTERVENTION
heavy,cold_start,37.5,20.0,30,0.01,OLD,0,2300.1,-1.0,38.199580,38.352958,1,0,SAFETY_INTERVENTION_REQUIRED,CONTROL-ONLY MODEL / NO PRODUCTION SAFETY INTERVENTION
heavy,cold_start,37.5,20.0,30,0.01,NEW,300,2288.6,-1.0,38.199635,38.347485,1,0,SAFETY_INTERVENTION_REQUIRED,CONTROL-ONLY MODEL / NO PRODUCTION SAFETY INTERVENTION
heavy,cold_start,37.5,20.0,30,0.01,NEW,500,2288.6,-1.0,38.199587,38.348732,1,0,SAFETY_INTERVENTION_REQUIRED,CONTROL-ONLY MODEL / NO PRODUCTION SAFETY INTERVENTION
heavy,cold_start,37.5,20.0,30,0.01,NEW,1000,2288.8,-1.0,38.199954,38.348564,1,0,SAFETY_INTERVENTION_REQUIRED,CONTROL-ONLY MODEL / NO PRODUCTION SAFETY INTERVENTION
heavy,cold_start,37.5,20.0,60,0.10,OLD,0,2320.8,-1.0,38.199752,38.526321,1,0,SAFETY_INTERVENTION_REQUIRED,CONTROL-ONLY MODEL / NO PRODUCTION SAFETY INTERVENTION
heavy,cold_start,37.5,20.0,60,0.10,NEW,300,2309.7,-1.0,38.199680,38.520119,1,0,SAFETY_INTERVENTION_REQUIRED,CONTROL-ONLY MODEL / NO PRODUCTION SAFETY INTERVENTION
heavy,cold_start,37.5,20.0,60,0.10,NEW,500,2309.7,-1.0,38.199977,38.521883,1,0,SAFETY_INTERVENTION_REQUIRED,CONTROL-ONLY MODEL / NO PRODUCTION SAFETY INTERVENTION
heavy,cold_start,37.5,20.0,60,0.10,NEW,1000,2309.9,-1.0,38.199806,38.524903,1,0,SAFETY_INTERVENTION_REQUIRED,CONTROL-ONLY MODEL / NO PRODUCTION SAFETY INTERVENTION
heavy,cold_start,37.5,20.0,60,0.01,OLD,0,2320.8,-1.0,38.199788,38.531710,1,0,SAFETY_INTERVENTION_REQUIRED,CONTROL-ONLY MODEL / NO PRODUCTION SAFETY INTERVENTION
heavy,cold_start,37.5,20.0,60,0.01,NEW,300,2308.9,-1.0,38.199562,38.529440,1,0,SAFETY_INTERVENTION_REQUIRED,CONTROL-ONLY MODEL / NO PRODUCTION SAFETY INTERVENTION
heavy,cold_start,37.5,20.0,60,0.01,NEW,500,2309.0,-1.0,38.199660,38.530939,1,0,SAFETY_INTERVENTION_REQUIRED,CONTROL-ONLY MODEL / NO PRODUCTION SAFETY INTERVENTION
heavy,cold_start,37.5,20.0,60,0.01,NEW,1000,2309.4,-1.0,38.199889,38.532154,1,0,SAFETY_INTERVENTION_REQUIRED,CONTROL-ONLY MODEL / NO PRODUCTION SAFETY INTERVENTION
heavy,cold_start,37.5,25.0,5,0.10,OLD,0,1571.6,-1.0,38.199625,38.307253,1,0,SAFETY_INTERVENTION_REQUIRED,CONTROL-ONLY MODEL / NO PRODUCTION SAFETY INTERVENTION
heavy,cold_start,37.5,25.0,5,0.10,NEW,300,1564.2,-1.0,38.199756,38.302054,1,0,SAFETY_INTERVENTION_REQUIRED,CONTROL-ONLY MODEL / NO PRODUCTION SAFETY INTERVENTION
heavy,cold_start,37.5,25.0,5,0.10,NEW,500,1564.5,-1.0,38.199990,38.301105,1,0,SAFETY_INTERVENTION_REQUIRED,CONTROL-ONLY MODEL / NO PRODUCTION SAFETY INTERVENTION
heavy,cold_start,37.5,25.0,5,0.10,NEW,1000,1564.2,-1.0,38.199997,38.303652,1,0,SAFETY_INTERVENTION_REQUIRED,CONTROL-ONLY MODEL / NO PRODUCTION SAFETY INTERVENTION
heavy,cold_start,37.5,25.0,5,0.01,OLD,0,1570.7,-1.0,38.199794,38.316223,1,0,SAFETY_INTERVENTION_REQUIRED,CONTROL-ONLY MODEL / NO PRODUCTION SAFETY INTERVENTION
heavy,cold_start,37.5,25.0,5,0.01,NEW,300,1562.4,-1.0,38.199636,38.309860,1,0,SAFETY_INTERVENTION_REQUIRED,CONTROL-ONLY MODEL / NO PRODUCTION SAFETY INTERVENTION
heavy,cold_start,37.5,25.0,5,0.01,NEW,500,1562.5,-1.0,38.199989,38.310666,1,0,SAFETY_INTERVENTION_REQUIRED,CONTROL-ONLY MODEL / NO PRODUCTION SAFETY INTERVENTION
heavy,cold_start,37.5,25.0,5,0.01,NEW,1000,1562.7,-1.0,38.199817,38.310985,1,0,SAFETY_INTERVENTION_REQUIRED,CONTROL-ONLY MODEL / NO PRODUCTION SAFETY INTERVENTION
heavy,cold_start,37.5,25.0,15,0.10,OLD,0,1573.9,-1.0,38.199826,38.368471,1,0,SAFETY_INTERVENTION_REQUIRED,CONTROL-ONLY MODEL / NO PRODUCTION SAFETY INTERVENTION
heavy,cold_start,37.5,25.0,15,0.10,NEW,300,1566.1,-1.0,38.199691,38.363132,1,0,SAFETY_INTERVENTION_REQUIRED,CONTROL-ONLY MODEL / NO PRODUCTION SAFETY INTERVENTION
heavy,cold_start,37.5,25.0,15,0.10,NEW,500,1566.3,-1.0,38.199960,38.362462,1,0,SAFETY_INTERVENTION_REQUIRED,CONTROL-ONLY MODEL / NO PRODUCTION SAFETY INTERVENTION
heavy,cold_start,37.5,25.0,15,0.10,NEW,1000,1566.4,-1.0,38.199725,38.363206,1,0,SAFETY_INTERVENTION_REQUIRED,CONTROL-ONLY MODEL / NO PRODUCTION SAFETY INTERVENTION
heavy,cold_start,37.5,25.0,15,0.01,OLD,0,1573.2,-1.0,38.199871,38.375171,1,0,SAFETY_INTERVENTION_REQUIRED,CONTROL-ONLY MODEL / NO PRODUCTION SAFETY INTERVENTION
heavy,cold_start,37.5,25.0,15,0.01,NEW,300,1565.0,-1.0,38.199622,38.368904,1,0,SAFETY_INTERVENTION_REQUIRED,CONTROL-ONLY MODEL / NO PRODUCTION SAFETY INTERVENTION
heavy,cold_start,37.5,25.0,15,0.01,NEW,500,1565.0,-1.0,38.199934,38.369914,1,0,SAFETY_INTERVENTION_REQUIRED,CONTROL-ONLY MODEL / NO PRODUCTION SAFETY INTERVENTION
heavy,cold_start,37.5,25.0,15,0.01,NEW,1000,1565.2,-1.0,38.199836,38.370658,1,0,SAFETY_INTERVENTION_REQUIRED,CONTROL-ONLY MODEL / NO PRODUCTION SAFETY INTERVENTION
heavy,cold_start,37.5,25.0,30,0.10,OLD,0,1582.1,-1.0,38.199827,38.463172,1,0,SAFETY_INTERVENTION_REQUIRED,CONTROL-ONLY MODEL / NO PRODUCTION SAFETY INTERVENTION
heavy,cold_start,37.5,25.0,30,0.10,NEW,300,1573.9,-1.0,38.199972,38.459624,1,0,SAFETY_INTERVENTION_REQUIRED,CONTROL-ONLY MODEL / NO PRODUCTION SAFETY INTERVENTION
heavy,cold_start,37.5,25.0,30,0.10,NEW,500,1574.0,-1.0,38.199599,38.458879,1,0,SAFETY_INTERVENTION_REQUIRED,CONTROL-ONLY MODEL / NO PRODUCTION SAFETY INTERVENTION
heavy,cold_start,37.5,25.0,30,0.10,NEW,1000,1574.2,-1.0,38.199686,38.459320,1,0,SAFETY_INTERVENTION_REQUIRED,CONTROL-ONLY MODEL / NO PRODUCTION SAFETY INTERVENTION
heavy,cold_start,37.5,25.0,30,0.01,OLD,0,1580.6,-1.0,38.199519,38.470284,1,0,SAFETY_INTERVENTION_REQUIRED,CONTROL-ONLY MODEL / NO PRODUCTION SAFETY INTERVENTION
heavy,cold_start,37.5,25.0,30,0.01,NEW,300,1573.2,-1.0,38.199699,38.465446,1,0,SAFETY_INTERVENTION_REQUIRED,CONTROL-ONLY MODEL / NO PRODUCTION SAFETY INTERVENTION
heavy,cold_start,37.5,25.0,30,0.01,NEW,500,1573.3,-1.0,38.199787,38.465879,1,0,SAFETY_INTERVENTION_REQUIRED,CONTROL-ONLY MODEL / NO PRODUCTION SAFETY INTERVENTION
heavy,cold_start,37.5,25.0,30,0.01,NEW,1000,1573.3,-1.0,38.199693,38.467543,1,0,SAFETY_INTERVENTION_REQUIRED,CONTROL-ONLY MODEL / NO PRODUCTION SAFETY INTERVENTION
heavy,cold_start,37.5,25.0,60,0.10,OLD,0,1607.2,-1.0,38.199933,38.670710,1,0,SAFETY_INTERVENTION_REQUIRED,CONTROL-ONLY MODEL / NO PRODUCTION SAFETY INTERVENTION
heavy,cold_start,37.5,25.0,60,0.10,NEW,300,1598.1,-1.0,38.199368,38.666157,1,0,SAFETY_INTERVENTION_REQUIRED,CONTROL-ONLY MODEL / NO PRODUCTION SAFETY INTERVENTION
heavy,cold_start,37.5,25.0,60,0.10,NEW,500,1598.2,-1.0,38.199378,38.665485,1,0,SAFETY_INTERVENTION_REQUIRED,CONTROL-ONLY MODEL / NO PRODUCTION SAFETY INTERVENTION
heavy,cold_start,37.5,25.0,60,0.10,NEW,1000,1598.6,-1.0,38.199836,38.667618,1,0,SAFETY_INTERVENTION_REQUIRED,CONTROL-ONLY MODEL / NO PRODUCTION SAFETY INTERVENTION
heavy,cold_start,37.5,25.0,60,0.01,OLD,0,1606.1,-1.0,38.199924,38.678597,1,0,SAFETY_INTERVENTION_REQUIRED,CONTROL-ONLY MODEL / NO PRODUCTION SAFETY INTERVENTION
heavy,cold_start,37.5,25.0,60,0.01,NEW,300,1597.8,-1.0,38.199732,38.673094,1,0,SAFETY_INTERVENTION_REQUIRED,CONTROL-ONLY MODEL / NO PRODUCTION SAFETY INTERVENTION
heavy,cold_start,37.5,25.0,60,0.01,NEW,500,1597.9,-1.0,38.199574,38.673356,1,0,SAFETY_INTERVENTION_REQUIRED,CONTROL-ONLY MODEL / NO PRODUCTION SAFETY INTERVENTION
heavy,cold_start,37.5,25.0,60,0.01,NEW,1000,1598.2,-1.0,38.199871,38.675975,1,0,SAFETY_INTERVENTION_REQUIRED,CONTROL-ONLY MODEL / NO PRODUCTION SAFETY INTERVENTION
heavy,cold_start,37.5,28.0,5,0.10,OLD,0,1180.5,-1.0,38.199846,38.368364,1,0,SAFETY_INTERVENTION_REQUIRED,CONTROL-ONLY MODEL / NO PRODUCTION SAFETY INTERVENTION
heavy,cold_start,37.5,28.0,5,0.10,NEW,300,1173.6,-1.0,38.199545,38.363847,1,0,SAFETY_INTERVENTION_REQUIRED,CONTROL-ONLY MODEL / NO PRODUCTION SAFETY INTERVENTION
heavy,cold_start,37.5,28.0,5,0.10,NEW,500,1173.5,-1.0,38.199697,38.365533,1,0,SAFETY_INTERVENTION_REQUIRED,CONTROL-ONLY MODEL / NO PRODUCTION SAFETY INTERVENTION
heavy,cold_start,37.5,28.0,5,0.10,NEW,1000,1173.1,-1.0,38.199785,38.368822,1,0,SAFETY_INTERVENTION_REQUIRED,CONTROL-ONLY MODEL / NO PRODUCTION SAFETY INTERVENTION
heavy,cold_start,37.5,28.0,5,0.01,OLD,0,1179.6,-1.0,38.199725,38.373791,1,0,SAFETY_INTERVENTION_REQUIRED,CONTROL-ONLY MODEL / NO PRODUCTION SAFETY INTERVENTION
heavy,cold_start,37.5,28.0,5,0.01,NEW,300,1172.5,-1.0,38.199703,38.369137,1,0,SAFETY_INTERVENTION_REQUIRED,CONTROL-ONLY MODEL / NO PRODUCTION SAFETY INTERVENTION
heavy,cold_start,37.5,28.0,5,0.01,NEW,500,1172.5,-1.0,38.199599,38.369705,1,0,SAFETY_INTERVENTION_REQUIRED,CONTROL-ONLY MODEL / NO PRODUCTION SAFETY INTERVENTION
heavy,cold_start,37.5,28.0,5,0.01,NEW,1000,1172.7,-1.0,38.199666,38.370310,1,0,SAFETY_INTERVENTION_REQUIRED,CONTROL-ONLY MODEL / NO PRODUCTION SAFETY INTERVENTION
heavy,cold_start,37.5,28.0,15,0.10,OLD,0,1184.2,-1.0,38.199395,38.432968,1,0,SAFETY_INTERVENTION_REQUIRED,CONTROL-ONLY MODEL / NO PRODUCTION SAFETY INTERVENTION
heavy,cold_start,37.5,28.0,15,0.10,NEW,300,1178.0,-1.0,38.199954,38.425799,1,0,SAFETY_INTERVENTION_REQUIRED,CONTROL-ONLY MODEL / NO PRODUCTION SAFETY INTERVENTION
heavy,cold_start,37.5,28.0,15,0.10,NEW,500,1178.1,-1.0,38.199891,38.425770,1,0,SAFETY_INTERVENTION_REQUIRED,CONTROL-ONLY MODEL / NO PRODUCTION SAFETY INTERVENTION
heavy,cold_start,37.5,28.0,15,0.10,NEW,1000,1177.9,-1.0,38.199559,38.429108,1,0,SAFETY_INTERVENTION_REQUIRED,CONTROL-ONLY MODEL / NO PRODUCTION SAFETY INTERVENTION
heavy,cold_start,37.5,28.0,15,0.01,OLD,0,1185.1,-1.0,38.199638,38.434917,1,0,SAFETY_INTERVENTION_REQUIRED,CONTROL-ONLY MODEL / NO PRODUCTION SAFETY INTERVENTION
heavy,cold_start,37.5,28.0,15,0.01,NEW,300,1177.0,-1.0,38.199666,38.433407,1,0,SAFETY_INTERVENTION_REQUIRED,CONTROL-ONLY MODEL / NO PRODUCTION SAFETY INTERVENTION
heavy,cold_start,37.5,28.0,15,0.01,NEW,500,1177.0,-1.0,38.199534,38.433962,1,0,SAFETY_INTERVENTION_REQUIRED,CONTROL-ONLY MODEL / NO PRODUCTION SAFETY INTERVENTION
heavy,cold_start,37.5,28.0,15,0.01,NEW,1000,1177.1,-1.0,38.199709,38.434512,1,0,SAFETY_INTERVENTION_REQUIRED,CONTROL-ONLY MODEL / NO PRODUCTION SAFETY INTERVENTION
heavy,cold_start,37.5,28.0,30,0.10,OLD,0,1196.2,-1.0,38.199814,38.533962,1,0,SAFETY_INTERVENTION_REQUIRED,CONTROL-ONLY MODEL / NO PRODUCTION SAFETY INTERVENTION
heavy,cold_start,37.5,28.0,30,0.10,NEW,300,1187.5,-1.0,38.199892,38.529388,1,0,SAFETY_INTERVENTION_REQUIRED,CONTROL-ONLY MODEL / NO PRODUCTION SAFETY INTERVENTION
heavy,cold_start,37.5,28.0,30,0.10,NEW,500,1187.6,-1.0,38.199543,38.528693,1,0,SAFETY_INTERVENTION_REQUIRED,CONTROL-ONLY MODEL / NO PRODUCTION SAFETY INTERVENTION
heavy,cold_start,37.5,28.0,30,0.10,NEW,1000,1187.9,-1.0,38.199773,38.528750,1,0,SAFETY_INTERVENTION_REQUIRED,CONTROL-ONLY MODEL / NO PRODUCTION SAFETY INTERVENTION
heavy,cold_start,37.5,28.0,30,0.01,OLD,0,1194.9,-1.0,38.199633,38.540331,1,0,SAFETY_INTERVENTION_REQUIRED,CONTROL-ONLY MODEL / NO PRODUCTION SAFETY INTERVENTION
heavy,cold_start,37.5,28.0,30,0.01,NEW,300,1186.9,-1.0,38.199900,38.536872,1,0,SAFETY_INTERVENTION_REQUIRED,CONTROL-ONLY MODEL / NO PRODUCTION SAFETY INTERVENTION
heavy,cold_start,37.5,28.0,30,0.01,NEW,500,1187.0,-1.0,38.199821,38.536689,1,0,SAFETY_INTERVENTION_REQUIRED,CONTROL-ONLY MODEL / NO PRODUCTION SAFETY INTERVENTION
heavy,cold_start,37.5,28.0,30,0.01,NEW,1000,1187.1,-1.0,38.199969,38.538489,1,0,SAFETY_INTERVENTION_REQUIRED,CONTROL-ONLY MODEL / NO PRODUCTION SAFETY INTERVENTION
heavy,cold_start,37.5,28.0,60,0.10,OLD,0,1221.9,-1.0,38.199738,38.759531,1,0,SAFETY_INTERVENTION_REQUIRED,CONTROL-ONLY MODEL / NO PRODUCTION SAFETY INTERVENTION
heavy,cold_start,37.5,28.0,60,0.10,NEW,300,1213.1,-1.0,38.199363,38.750644,1,0,SAFETY_INTERVENTION_REQUIRED,CONTROL-ONLY MODEL / NO PRODUCTION SAFETY INTERVENTION
heavy,cold_start,37.5,28.0,60,0.10,NEW,500,1213.3,-1.0,38.199983,38.751517,1,0,SAFETY_INTERVENTION_REQUIRED,CONTROL-ONLY MODEL / NO PRODUCTION SAFETY INTERVENTION
heavy,cold_start,37.5,28.0,60,0.10,NEW,1000,1213.5,-1.0,38.199456,38.752960,1,0,SAFETY_INTERVENTION_REQUIRED,CONTROL-ONLY MODEL / NO PRODUCTION SAFETY INTERVENTION
heavy,cold_start,37.5,28.0,60,0.01,OLD,0,1220.3,-1.0,38.199298,38.762595,1,0,SAFETY_INTERVENTION_REQUIRED,CONTROL-ONLY MODEL / NO PRODUCTION SAFETY INTERVENTION
heavy,cold_start,37.5,28.0,60,0.01,NEW,300,1212.9,-1.0,38.199973,38.759645,1,0,SAFETY_INTERVENTION_REQUIRED,CONTROL-ONLY MODEL / NO PRODUCTION SAFETY INTERVENTION
heavy,cold_start,37.5,28.0,60,0.01,NEW,500,1213.0,-1.0,38.199844,38.759746,1,0,SAFETY_INTERVENTION_REQUIRED,CONTROL-ONLY MODEL / NO PRODUCTION SAFETY INTERVENTION
heavy,cold_start,37.5,28.0,60,0.01,NEW,1000,1213.1,-1.0,38.199235,38.762582,1,0,SAFETY_INTERVENTION_REQUIRED,CONTROL-ONLY MODEL / NO PRODUCTION SAFETY INTERVENTION
light,vent,37.5,25.0,15,0.10,OLD,0,192.3,203.0,38.199354,38.998899,1,1,EMERGENCY_INTERVENTION_REQUIRED,CONTROL-ONLY MODEL / NO PRODUCTION SAFETY INTERVENTION
light,vent,37.5,25.0,15,0.10,NEW,300,191.6,202.1,38.193713,38.995933,1,1,EMERGENCY_INTERVENTION_REQUIRED,CONTROL-ONLY MODEL / NO PRODUCTION SAFETY INTERVENTION
light,vent,37.5,25.0,15,0.10,NEW,500,191.8,202.2,38.194170,38.993614,1,1,EMERGENCY_INTERVENTION_REQUIRED,CONTROL-ONLY MODEL / NO PRODUCTION SAFETY INTERVENTION
light,vent,37.5,25.0,15,0.10,NEW,1000,192.3,202.6,38.195286,38.998668,1,1,EMERGENCY_INTERVENTION_REQUIRED,CONTROL-ONLY MODEL / NO PRODUCTION SAFETY INTERVENTION
light,door,37.5,25.0,15,0.10,OLD,0,192.3,203.0,38.199354,38.998899,1,1,EMERGENCY_INTERVENTION_REQUIRED,CONTROL-ONLY MODEL / NO PRODUCTION SAFETY INTERVENTION
light,door,37.5,25.0,15,0.10,NEW,300,191.6,202.1,38.193713,38.995933,1,1,EMERGENCY_INTERVENTION_REQUIRED,CONTROL-ONLY MODEL / NO PRODUCTION SAFETY INTERVENTION
light,door,37.5,25.0,15,0.10,NEW,500,191.8,202.2,38.194170,38.993614,1,1,EMERGENCY_INTERVENTION_REQUIRED,CONTROL-ONLY MODEL / NO PRODUCTION SAFETY INTERVENTION
light,door,37.5,25.0,15,0.10,NEW,1000,192.3,202.6,38.195286,38.998668,1,1,EMERGENCY_INTERVENTION_REQUIRED,CONTROL-ONLY MODEL / NO PRODUCTION SAFETY INTERVENTION
light,ambient_rise,37.5,25.0,15,0.10,OLD,0,192.3,203.0,38.199354,38.998899,1,1,EMERGENCY_INTERVENTION_REQUIRED,CONTROL-ONLY MODEL / NO PRODUCTION SAFETY INTERVENTION
light,ambient_rise,37.5,25.0,15,0.10,NEW,300,191.6,202.1,38.193713,38.995933,1,1,EMERGENCY_INTERVENTION_REQUIRED,CONTROL-ONLY MODEL / NO PRODUCTION SAFETY INTERVENTION
light,ambient_rise,37.5,25.0,15,0.10,NEW,500,191.8,202.2,38.194170,38.993614,1,1,EMERGENCY_INTERVENTION_REQUIRED,CONTROL-ONLY MODEL / NO PRODUCTION SAFETY INTERVENTION
light,ambient_rise,37.5,25.0,15,0.10,NEW,1000,192.3,202.6,38.195286,38.998668,1,1,EMERGENCY_INTERVENTION_REQUIRED,CONTROL-ONLY MODEL / NO PRODUCTION SAFETY INTERVENTION
light,noise,37.5,25.0,15,0.10,OLD,0,191.3,201.7,38.192715,38.993851,1,1,EMERGENCY_INTERVENTION_REQUIRED,CONTROL-ONLY MODEL / NO PRODUCTION SAFETY INTERVENTION
light,noise,37.5,25.0,15,0.10,NEW,300,191.7,202.0,38.198963,38.999664,1,1,EMERGENCY_INTERVENTION_REQUIRED,CONTROL-ONLY MODEL / NO PRODUCTION SAFETY INTERVENTION
light,noise,37.5,25.0,15,0.10,NEW,500,191.9,202.1,38.197781,38.996351,1,1,EMERGENCY_INTERVENTION_REQUIRED,CONTROL-ONLY MODEL / NO PRODUCTION SAFETY INTERVENTION
light,noise,37.5,25.0,15,0.10,NEW,1000,192.4,202.4,38.194794,38.992062,1,1,EMERGENCY_INTERVENTION_REQUIRED,CONTROL-ONLY MODEL / NO PRODUCTION SAFETY INTERVENTION
light,one_bad_sample,37.5,25.0,15,0.10,OLD,0,192.3,203.0,38.199354,38.998899,1,1,EMERGENCY_INTERVENTION_REQUIRED,CONTROL-ONLY MODEL / NO PRODUCTION SAFETY INTERVENTION
light,one_bad_sample,37.5,25.0,15,0.10,NEW,300,191.6,202.1,38.193713,38.995933,1,1,EMERGENCY_INTERVENTION_REQUIRED,CONTROL-ONLY MODEL / NO PRODUCTION SAFETY INTERVENTION
light,one_bad_sample,37.5,25.0,15,0.10,NEW,500,191.8,202.2,38.194170,38.993614,1,1,EMERGENCY_INTERVENTION_REQUIRED,CONTROL-ONLY MODEL / NO PRODUCTION SAFETY INTERVENTION
light,one_bad_sample,37.5,25.0,15,0.10,NEW,1000,192.3,202.6,38.195286,38.998668,1,1,EMERGENCY_INTERVENTION_REQUIRED,CONTROL-ONLY MODEL / NO PRODUCTION SAFETY INTERVENTION
light,sensor_loss,37.5,25.0,15,0.10,OLD,0,192.3,203.0,38.199354,38.998899,1,1,EMERGENCY_INTERVENTION_REQUIRED,CONTROL-ONLY MODEL / NO PRODUCTION SAFETY INTERVENTION
light,sensor_loss,37.5,25.0,15,0.10,NEW,300,191.6,202.1,38.193713,38.995933,1,1,EMERGENCY_INTERVENTION_REQUIRED,CONTROL-ONLY MODEL / NO PRODUCTION SAFETY INTERVENTION
light,sensor_loss,37.5,25.0,15,0.10,NEW,500,191.8,202.2,38.194170,38.993614,1,1,EMERGENCY_INTERVENTION_REQUIRED,CONTROL-ONLY MODEL / NO PRODUCTION SAFETY INTERVENTION
light,sensor_loss,37.5,25.0,15,0.10,NEW,1000,192.3,202.6,38.195286,38.998668,1,1,EMERGENCY_INTERVENTION_REQUIRED,CONTROL-ONLY MODEL / NO PRODUCTION SAFETY INTERVENTION
light,safety_cut,37.5,25.0,15,0.10,OLD,0,192.3,203.0,38.199354,38.998899,1,1,EMERGENCY_INTERVENTION_REQUIRED,CONTROL-ONLY MODEL / NO PRODUCTION SAFETY INTERVENTION
light,safety_cut,37.5,25.0,15,0.10,NEW,300,191.6,202.1,38.193713,38.995933,1,1,EMERGENCY_INTERVENTION_REQUIRED,CONTROL-ONLY MODEL / NO PRODUCTION SAFETY INTERVENTION
light,safety_cut,37.5,25.0,15,0.10,NEW,500,191.8,202.2,38.194170,38.993614,1,1,EMERGENCY_INTERVENTION_REQUIRED,CONTROL-ONLY MODEL / NO PRODUCTION SAFETY INTERVENTION
light,safety_cut,37.5,25.0,15,0.10,NEW,1000,192.3,202.6,38.195286,38.998668,1,1,EMERGENCY_INTERVENTION_REQUIRED,CONTROL-ONLY MODEL / NO PRODUCTION SAFETY INTERVENTION
light,setpoint_step,37.5,25.0,15,0.10,OLD,0,3724.4,3734.8,38.199820,38.994814,1,1,EMERGENCY_INTERVENTION_REQUIRED,CONTROL-ONLY MODEL / NO PRODUCTION SAFETY INTERVENTION
light,setpoint_step,37.5,25.0,15,0.10,NEW,300,3720.4,3730.8,38.193413,38.994493,1,1,EMERGENCY_INTERVENTION_REQUIRED,CONTROL-ONLY MODEL / NO PRODUCTION SAFETY INTERVENTION
light,setpoint_step,37.5,25.0,15,0.10,NEW,500,3721.3,3731.7,38.192439,38.999880,1,1,EMERGENCY_INTERVENTION_REQUIRED,CONTROL-ONLY MODEL / NO PRODUCTION SAFETY INTERVENTION
light,setpoint_step,37.5,25.0,15,0.10,NEW,1000,3723.8,3734.3,38.198267,38.996420,1,1,EMERGENCY_INTERVENTION_REQUIRED,CONTROL-ONLY MODEL / NO PRODUCTION SAFETY INTERVENTION
light,vent,37.5,25.0,15,0.01,OLD,0,192.1,202.8,38.192314,38.992629,1,1,EMERGENCY_INTERVENTION_REQUIRED,CONTROL-ONLY MODEL / NO PRODUCTION SAFETY INTERVENTION
light,vent,37.5,25.0,15,0.01,NEW,300,191.6,202.1,38.197545,38.998665,1,1,EMERGENCY_INTERVENTION_REQUIRED,CONTROL-ONLY MODEL / NO PRODUCTION SAFETY INTERVENTION
light,vent,37.5,25.0,15,0.01,NEW,500,191.7,202.2,38.192455,38.996603,1,1,EMERGENCY_INTERVENTION_REQUIRED,CONTROL-ONLY MODEL / NO PRODUCTION SAFETY INTERVENTION
light,vent,37.5,25.0,15,0.01,NEW,1000,192.2,202.5,38.199470,38.994782,1,1,EMERGENCY_INTERVENTION_REQUIRED,CONTROL-ONLY MODEL / NO PRODUCTION SAFETY INTERVENTION
light,door,37.5,25.0,15,0.01,OLD,0,192.1,202.8,38.192314,38.992629,1,1,EMERGENCY_INTERVENTION_REQUIRED,CONTROL-ONLY MODEL / NO PRODUCTION SAFETY INTERVENTION
light,door,37.5,25.0,15,0.01,NEW,300,191.6,202.1,38.197545,38.998665,1,1,EMERGENCY_INTERVENTION_REQUIRED,CONTROL-ONLY MODEL / NO PRODUCTION SAFETY INTERVENTION
light,door,37.5,25.0,15,0.01,NEW,500,191.7,202.2,38.192455,38.996603,1,1,EMERGENCY_INTERVENTION_REQUIRED,CONTROL-ONLY MODEL / NO PRODUCTION SAFETY INTERVENTION
light,door,37.5,25.0,15,0.01,NEW,1000,192.2,202.5,38.199470,38.994782,1,1,EMERGENCY_INTERVENTION_REQUIRED,CONTROL-ONLY MODEL / NO PRODUCTION SAFETY INTERVENTION
light,ambient_rise,37.5,25.0,15,0.01,OLD,0,192.1,202.8,38.192314,38.992629,1,1,EMERGENCY_INTERVENTION_REQUIRED,CONTROL-ONLY MODEL / NO PRODUCTION SAFETY INTERVENTION
light,ambient_rise,37.5,25.0,15,0.01,NEW,300,191.6,202.1,38.197545,38.998665,1,1,EMERGENCY_INTERVENTION_REQUIRED,CONTROL-ONLY MODEL / NO PRODUCTION SAFETY INTERVENTION
light,ambient_rise,37.5,25.0,15,0.01,NEW,500,191.7,202.2,38.192455,38.996603,1,1,EMERGENCY_INTERVENTION_REQUIRED,CONTROL-ONLY MODEL / NO PRODUCTION SAFETY INTERVENTION
light,ambient_rise,37.5,25.0,15,0.01,NEW,1000,192.2,202.5,38.199470,38.994782,1,1,EMERGENCY_INTERVENTION_REQUIRED,CONTROL-ONLY MODEL / NO PRODUCTION SAFETY INTERVENTION
light,noise,37.5,25.0,15,0.01,OLD,0,191.9,202.7,38.198214,38.998188,1,1,EMERGENCY_INTERVENTION_REQUIRED,CONTROL-ONLY MODEL / NO PRODUCTION SAFETY INTERVENTION
light,noise,37.5,25.0,15,0.01,NEW,300,191.7,202.1,38.198895,38.998270,1,1,EMERGENCY_INTERVENTION_REQUIRED,CONTROL-ONLY MODEL / NO PRODUCTION SAFETY INTERVENTION
light,noise,37.5,25.0,15,0.01,NEW,500,191.9,202.2,38.197680,38.997187,1,1,EMERGENCY_INTERVENTION_REQUIRED,CONTROL-ONLY MODEL / NO PRODUCTION SAFETY INTERVENTION
light,noise,37.5,25.0,15,0.01,NEW,1000,192.4,202.5,38.194633,38.999696,1,1,EMERGENCY_INTERVENTION_REQUIRED,CONTROL-ONLY MODEL / NO PRODUCTION SAFETY INTERVENTION
light,one_bad_sample,37.5,25.0,15,0.01,OLD,0,192.1,202.8,38.192314,38.992629,1,1,EMERGENCY_INTERVENTION_REQUIRED,CONTROL-ONLY MODEL / NO PRODUCTION SAFETY INTERVENTION
light,one_bad_sample,37.5,25.0,15,0.01,NEW,300,191.6,202.1,38.197545,38.998665,1,1,EMERGENCY_INTERVENTION_REQUIRED,CONTROL-ONLY MODEL / NO PRODUCTION SAFETY INTERVENTION
light,one_bad_sample,37.5,25.0,15,0.01,NEW,500,191.7,202.2,38.192455,38.996603,1,1,EMERGENCY_INTERVENTION_REQUIRED,CONTROL-ONLY MODEL / NO PRODUCTION SAFETY INTERVENTION
light,one_bad_sample,37.5,25.0,15,0.01,NEW,1000,192.2,202.5,38.199470,38.994782,1,1,EMERGENCY_INTERVENTION_REQUIRED,CONTROL-ONLY MODEL / NO PRODUCTION SAFETY INTERVENTION
light,sensor_loss,37.5,25.0,15,0.01,OLD,0,192.1,202.8,38.192314,38.992629,1,1,EMERGENCY_INTERVENTION_REQUIRED,CONTROL-ONLY MODEL / NO PRODUCTION SAFETY INTERVENTION
light,sensor_loss,37.5,25.0,15,0.01,NEW,300,191.6,202.1,38.197545,38.998665,1,1,EMERGENCY_INTERVENTION_REQUIRED,CONTROL-ONLY MODEL / NO PRODUCTION SAFETY INTERVENTION
light,sensor_loss,37.5,25.0,15,0.01,NEW,500,191.7,202.2,38.192455,38.996603,1,1,EMERGENCY_INTERVENTION_REQUIRED,CONTROL-ONLY MODEL / NO PRODUCTION SAFETY INTERVENTION
light,sensor_loss,37.5,25.0,15,0.01,NEW,1000,192.2,202.5,38.199470,38.994782,1,1,EMERGENCY_INTERVENTION_REQUIRED,CONTROL-ONLY MODEL / NO PRODUCTION SAFETY INTERVENTION
light,safety_cut,37.5,25.0,15,0.01,OLD,0,192.1,202.8,38.192314,38.992629,1,1,EMERGENCY_INTERVENTION_REQUIRED,CONTROL-ONLY MODEL / NO PRODUCTION SAFETY INTERVENTION
light,safety_cut,37.5,25.0,15,0.01,NEW,300,191.6,202.1,38.197545,38.998665,1,1,EMERGENCY_INTERVENTION_REQUIRED,CONTROL-ONLY MODEL / NO PRODUCTION SAFETY INTERVENTION
light,safety_cut,37.5,25.0,15,0.01,NEW,500,191.7,202.2,38.192455,38.996603,1,1,EMERGENCY_INTERVENTION_REQUIRED,CONTROL-ONLY MODEL / NO PRODUCTION SAFETY INTERVENTION
light,safety_cut,37.5,25.0,15,0.01,NEW,1000,192.2,202.5,38.199470,38.994782,1,1,EMERGENCY_INTERVENTION_REQUIRED,CONTROL-ONLY MODEL / NO PRODUCTION SAFETY INTERVENTION
light,setpoint_step,37.5,25.0,15,0.01,OLD,0,3723.4,3733.9,38.196697,38.997588,1,1,EMERGENCY_INTERVENTION_REQUIRED,CONTROL-ONLY MODEL / NO PRODUCTION SAFETY INTERVENTION
light,setpoint_step,37.5,25.0,15,0.01,NEW,300,3723.7,3734.2,38.192042,38.994973,1,1,EMERGENCY_INTERVENTION_REQUIRED,CONTROL-ONLY MODEL / NO PRODUCTION SAFETY INTERVENTION
light,setpoint_step,37.5,25.0,15,0.01,NEW,500,3724.0,3734.4,38.192858,38.998752,1,1,EMERGENCY_INTERVENTION_REQUIRED,CONTROL-ONLY MODEL / NO PRODUCTION SAFETY INTERVENTION
light,setpoint_step,37.5,25.0,15,0.01,NEW,1000,3719.8,3729.8,38.198724,38.993949,1,1,EMERGENCY_INTERVENTION_REQUIRED,CONTROL-ONLY MODEL / NO PRODUCTION SAFETY INTERVENTION
light,vent,37.5,25.0,60,0.10,OLD,0,236.3,246.4,38.192715,38.998971,1,1,EMERGENCY_INTERVENTION_REQUIRED,CONTROL-ONLY MODEL / NO PRODUCTION SAFETY INTERVENTION
light,vent,37.5,25.0,60,0.10,NEW,300,236.3,246.4,38.192715,38.998971,1,1,EMERGENCY_INTERVENTION_REQUIRED,CONTROL-ONLY MODEL / NO PRODUCTION SAFETY INTERVENTION
light,vent,37.5,25.0,60,0.10,NEW,500,236.3,246.4,38.192715,38.998971,1,1,EMERGENCY_INTERVENTION_REQUIRED,CONTROL-ONLY MODEL / NO PRODUCTION SAFETY INTERVENTION
light,vent,37.5,25.0,60,0.10,NEW,1000,236.3,246.4,38.192715,38.998971,1,1,EMERGENCY_INTERVENTION_REQUIRED,CONTROL-ONLY MODEL / NO PRODUCTION SAFETY INTERVENTION
light,door,37.5,25.0,60,0.10,OLD,0,236.3,246.4,38.192715,38.998971,1,1,EMERGENCY_INTERVENTION_REQUIRED,CONTROL-ONLY MODEL / NO PRODUCTION SAFETY INTERVENTION
light,door,37.5,25.0,60,0.10,NEW,300,236.3,246.4,38.192715,38.998971,1,1,EMERGENCY_INTERVENTION_REQUIRED,CONTROL-ONLY MODEL / NO PRODUCTION SAFETY INTERVENTION
light,door,37.5,25.0,60,0.10,NEW,500,236.3,246.4,38.192715,38.998971,1,1,EMERGENCY_INTERVENTION_REQUIRED,CONTROL-ONLY MODEL / NO PRODUCTION SAFETY INTERVENTION
light,door,37.5,25.0,60,0.10,NEW,1000,236.3,246.4,38.192715,38.998971,1,1,EMERGENCY_INTERVENTION_REQUIRED,CONTROL-ONLY MODEL / NO PRODUCTION SAFETY INTERVENTION
light,ambient_rise,37.5,25.0,60,0.10,OLD,0,236.3,246.4,38.192715,38.998971,1,1,EMERGENCY_INTERVENTION_REQUIRED,CONTROL-ONLY MODEL / NO PRODUCTION SAFETY INTERVENTION
light,ambient_rise,37.5,25.0,60,0.10,NEW,300,236.3,246.4,38.192715,38.998971,1,1,EMERGENCY_INTERVENTION_REQUIRED,CONTROL-ONLY MODEL / NO PRODUCTION SAFETY INTERVENTION
light,ambient_rise,37.5,25.0,60,0.10,NEW,500,236.3,246.4,38.192715,38.998971,1,1,EMERGENCY_INTERVENTION_REQUIRED,CONTROL-ONLY MODEL / NO PRODUCTION SAFETY INTERVENTION
light,ambient_rise,37.5,25.0,60,0.10,NEW,1000,236.3,246.4,38.192715,38.998971,1,1,EMERGENCY_INTERVENTION_REQUIRED,CONTROL-ONLY MODEL / NO PRODUCTION SAFETY INTERVENTION
light,noise,37.5,25.0,60,0.10,OLD,0,236.3,246.4,38.192715,38.998971,1,1,EMERGENCY_INTERVENTION_REQUIRED,CONTROL-ONLY MODEL / NO PRODUCTION SAFETY INTERVENTION
light,noise,37.5,25.0,60,0.10,NEW,300,236.3,246.4,38.192715,38.998971,1,1,EMERGENCY_INTERVENTION_REQUIRED,CONTROL-ONLY MODEL / NO PRODUCTION SAFETY INTERVENTION
light,noise,37.5,25.0,60,0.10,NEW,500,236.3,246.4,38.192715,38.998971,1,1,EMERGENCY_INTERVENTION_REQUIRED,CONTROL-ONLY MODEL / NO PRODUCTION SAFETY INTERVENTION
light,noise,37.5,25.0,60,0.10,NEW,1000,236.3,246.4,38.192715,38.998971,1,1,EMERGENCY_INTERVENTION_REQUIRED,CONTROL-ONLY MODEL / NO PRODUCTION SAFETY INTERVENTION
light,one_bad_sample,37.5,25.0,60,0.10,OLD,0,236.3,246.4,38.192715,38.998971,1,1,EMERGENCY_INTERVENTION_REQUIRED,CONTROL-ONLY MODEL / NO PRODUCTION SAFETY INTERVENTION
light,one_bad_sample,37.5,25.0,60,0.10,NEW,300,236.3,246.4,38.192715,38.998971,1,1,EMERGENCY_INTERVENTION_REQUIRED,CONTROL-ONLY MODEL / NO PRODUCTION SAFETY INTERVENTION
light,one_bad_sample,37.5,25.0,60,0.10,NEW,500,236.3,246.4,38.192715,38.998971,1,1,EMERGENCY_INTERVENTION_REQUIRED,CONTROL-ONLY MODEL / NO PRODUCTION SAFETY INTERVENTION
light,one_bad_sample,37.5,25.0,60,0.10,NEW,1000,236.3,246.4,38.192715,38.998971,1,1,EMERGENCY_INTERVENTION_REQUIRED,CONTROL-ONLY MODEL / NO PRODUCTION SAFETY INTERVENTION
light,sensor_loss,37.5,25.0,60,0.10,OLD,0,236.3,246.4,38.192715,38.998971,1,1,EMERGENCY_INTERVENTION_REQUIRED,CONTROL-ONLY MODEL / NO PRODUCTION SAFETY INTERVENTION
light,sensor_loss,37.5,25.0,60,0.10,NEW,300,236.3,246.4,38.192715,38.998971,1,1,EMERGENCY_INTERVENTION_REQUIRED,CONTROL-ONLY MODEL / NO PRODUCTION SAFETY INTERVENTION
light,sensor_loss,37.5,25.0,60,0.10,NEW,500,236.3,246.4,38.192715,38.998971,1,1,EMERGENCY_INTERVENTION_REQUIRED,CONTROL-ONLY MODEL / NO PRODUCTION SAFETY INTERVENTION
light,sensor_loss,37.5,25.0,60,0.10,NEW,1000,236.3,246.4,38.192715,38.998971,1,1,EMERGENCY_INTERVENTION_REQUIRED,CONTROL-ONLY MODEL / NO PRODUCTION SAFETY INTERVENTION
light,safety_cut,37.5,25.0,60,0.10,OLD,0,236.3,246.4,38.192715,38.998971,1,1,EMERGENCY_INTERVENTION_REQUIRED,CONTROL-ONLY MODEL / NO PRODUCTION SAFETY INTERVENTION
light,safety_cut,37.5,25.0,60,0.10,NEW,300,236.3,246.4,38.192715,38.998971,1,1,EMERGENCY_INTERVENTION_REQUIRED,CONTROL-ONLY MODEL / NO PRODUCTION SAFETY INTERVENTION
light,safety_cut,37.5,25.0,60,0.10,NEW,500,236.3,246.4,38.192715,38.998971,1,1,EMERGENCY_INTERVENTION_REQUIRED,CONTROL-ONLY MODEL / NO PRODUCTION SAFETY INTERVENTION
light,safety_cut,37.5,25.0,60,0.10,NEW,1000,236.3,246.4,38.192715,38.998971,1,1,EMERGENCY_INTERVENTION_REQUIRED,CONTROL-ONLY MODEL / NO PRODUCTION SAFETY INTERVENTION
light,setpoint_step,37.5,25.0,60,0.10,OLD,0,3770.3,3780.3,38.199846,38.998099,1,1,EMERGENCY_INTERVENTION_REQUIRED,CONTROL-ONLY MODEL / NO PRODUCTION SAFETY INTERVENTION
light,setpoint_step,37.5,25.0,60,0.10,NEW,300,3752.8,3762.8,38.196196,38.994469,1,1,EMERGENCY_INTERVENTION_REQUIRED,CONTROL-ONLY MODEL / NO PRODUCTION SAFETY INTERVENTION
light,setpoint_step,37.5,25.0,60,0.10,NEW,500,3765.5,3775.5,38.198593,38.996853,1,1,EMERGENCY_INTERVENTION_REQUIRED,CONTROL-ONLY MODEL / NO PRODUCTION SAFETY INTERVENTION
light,setpoint_step,37.5,25.0,60,0.10,NEW,1000,3769.8,3779.8,38.199297,38.997553,1,1,EMERGENCY_INTERVENTION_REQUIRED,CONTROL-ONLY MODEL / NO PRODUCTION SAFETY INTERVENTION
light,vent,37.5,25.0,60,0.01,OLD,0,236.3,246.4,38.192715,38.998971,1,1,EMERGENCY_INTERVENTION_REQUIRED,CONTROL-ONLY MODEL / NO PRODUCTION SAFETY INTERVENTION
light,vent,37.5,25.0,60,0.01,NEW,300,236.4,246.6,38.194283,38.993928,1,1,EMERGENCY_INTERVENTION_REQUIRED,CONTROL-ONLY MODEL / NO PRODUCTION SAFETY INTERVENTION
light,vent,37.5,25.0,60,0.01,NEW,500,236.5,246.8,38.198002,38.995754,1,1,EMERGENCY_INTERVENTION_REQUIRED,CONTROL-ONLY MODEL / NO PRODUCTION SAFETY INTERVENTION
light,vent,37.5,25.0,60,0.01,NEW,1000,236.6,247.3,38.196595,38.999929,1,1,EMERGENCY_INTERVENTION_REQUIRED,CONTROL-ONLY MODEL / NO PRODUCTION SAFETY INTERVENTION
light,door,37.5,25.0,60,0.01,OLD,0,236.3,246.4,38.192715,38.998971,1,1,EMERGENCY_INTERVENTION_REQUIRED,CONTROL-ONLY MODEL / NO PRODUCTION SAFETY INTERVENTION
light,door,37.5,25.0,60,0.01,NEW,300,236.4,246.6,38.194283,38.993928,1,1,EMERGENCY_INTERVENTION_REQUIRED,CONTROL-ONLY MODEL / NO PRODUCTION SAFETY INTERVENTION
light,door,37.5,25.0,60,0.01,NEW,500,236.5,246.8,38.198002,38.995754,1,1,EMERGENCY_INTERVENTION_REQUIRED,CONTROL-ONLY MODEL / NO PRODUCTION SAFETY INTERVENTION
light,door,37.5,25.0,60,0.01,NEW,1000,236.6,247.3,38.196595,38.999929,1,1,EMERGENCY_INTERVENTION_REQUIRED,CONTROL-ONLY MODEL / NO PRODUCTION SAFETY INTERVENTION
light,ambient_rise,37.5,25.0,60,0.01,OLD,0,236.3,246.4,38.192715,38.998971,1,1,EMERGENCY_INTERVENTION_REQUIRED,CONTROL-ONLY MODEL / NO PRODUCTION SAFETY INTERVENTION
light,ambient_rise,37.5,25.0,60,0.01,NEW,300,236.4,246.6,38.194283,38.993928,1,1,EMERGENCY_INTERVENTION_REQUIRED,CONTROL-ONLY MODEL / NO PRODUCTION SAFETY INTERVENTION
light,ambient_rise,37.5,25.0,60,0.01,NEW,500,236.5,246.8,38.198002,38.995754,1,1,EMERGENCY_INTERVENTION_REQUIRED,CONTROL-ONLY MODEL / NO PRODUCTION SAFETY INTERVENTION
light,ambient_rise,37.5,25.0,60,0.01,NEW,1000,236.6,247.3,38.196595,38.999929,1,1,EMERGENCY_INTERVENTION_REQUIRED,CONTROL-ONLY MODEL / NO PRODUCTION SAFETY INTERVENTION
light,noise,37.5,25.0,60,0.01,OLD,0,236.3,246.4,38.192715,38.998971,1,1,EMERGENCY_INTERVENTION_REQUIRED,CONTROL-ONLY MODEL / NO PRODUCTION SAFETY INTERVENTION
light,noise,37.5,25.0,60,0.01,NEW,300,236.3,246.4,38.192715,38.998971,1,1,EMERGENCY_INTERVENTION_REQUIRED,CONTROL-ONLY MODEL / NO PRODUCTION SAFETY INTERVENTION
light,noise,37.5,25.0,60,0.01,NEW,500,236.3,246.4,38.192715,38.998971,1,1,EMERGENCY_INTERVENTION_REQUIRED,CONTROL-ONLY MODEL / NO PRODUCTION SAFETY INTERVENTION
light,noise,37.5,25.0,60,0.01,NEW,1000,236.3,246.4,38.192715,38.998971,1,1,EMERGENCY_INTERVENTION_REQUIRED,CONTROL-ONLY MODEL / NO PRODUCTION SAFETY INTERVENTION
light,one_bad_sample,37.5,25.0,60,0.01,OLD,0,236.3,246.4,38.192715,38.998971,1,1,EMERGENCY_INTERVENTION_REQUIRED,CONTROL-ONLY MODEL / NO PRODUCTION SAFETY INTERVENTION
light,one_bad_sample,37.5,25.0,60,0.01,NEW,300,236.4,246.6,38.194283,38.993928,1,1,EMERGENCY_INTERVENTION_REQUIRED,CONTROL-ONLY MODEL / NO PRODUCTION SAFETY INTERVENTION
light,one_bad_sample,37.5,25.0,60,0.01,NEW,500,236.5,246.8,38.198002,38.995754,1,1,EMERGENCY_INTERVENTION_REQUIRED,CONTROL-ONLY MODEL / NO PRODUCTION SAFETY INTERVENTION
light,one_bad_sample,37.5,25.0,60,0.01,NEW,1000,236.6,247.3,38.196595,38.999929,1,1,EMERGENCY_INTERVENTION_REQUIRED,CONTROL-ONLY MODEL / NO PRODUCTION SAFETY INTERVENTION
light,sensor_loss,37.5,25.0,60,0.01,OLD,0,236.3,246.4,38.192715,38.998971,1,1,EMERGENCY_INTERVENTION_REQUIRED,CONTROL-ONLY MODEL / NO PRODUCTION SAFETY INTERVENTION
light,sensor_loss,37.5,25.0,60,0.01,NEW,300,236.4,246.6,38.194283,38.993928,1,1,EMERGENCY_INTERVENTION_REQUIRED,CONTROL-ONLY MODEL / NO PRODUCTION SAFETY INTERVENTION
light,sensor_loss,37.5,25.0,60,0.01,NEW,500,236.5,246.8,38.198002,38.995754,1,1,EMERGENCY_INTERVENTION_REQUIRED,CONTROL-ONLY MODEL / NO PRODUCTION SAFETY INTERVENTION
light,sensor_loss,37.5,25.0,60,0.01,NEW,1000,236.6,247.3,38.196595,38.999929,1,1,EMERGENCY_INTERVENTION_REQUIRED,CONTROL-ONLY MODEL / NO PRODUCTION SAFETY INTERVENTION
light,safety_cut,37.5,25.0,60,0.01,OLD,0,236.3,246.4,38.192715,38.998971,1,1,EMERGENCY_INTERVENTION_REQUIRED,CONTROL-ONLY MODEL / NO PRODUCTION SAFETY INTERVENTION
light,safety_cut,37.5,25.0,60,0.01,NEW,300,236.4,246.6,38.194283,38.993928,1,1,EMERGENCY_INTERVENTION_REQUIRED,CONTROL-ONLY MODEL / NO PRODUCTION SAFETY INTERVENTION
light,safety_cut,37.5,25.0,60,0.01,NEW,500,236.5,246.8,38.198002,38.995754,1,1,EMERGENCY_INTERVENTION_REQUIRED,CONTROL-ONLY MODEL / NO PRODUCTION SAFETY INTERVENTION
light,safety_cut,37.5,25.0,60,0.01,NEW,1000,236.6,247.3,38.196595,38.999929,1,1,EMERGENCY_INTERVENTION_REQUIRED,CONTROL-ONLY MODEL / NO PRODUCTION SAFETY INTERVENTION
light,setpoint_step,37.5,25.0,60,0.01,OLD,0,3768.5,3778.9,38.199645,38.994961,1,1,EMERGENCY_INTERVENTION_REQUIRED,CONTROL-ONLY MODEL / NO PRODUCTION SAFETY INTERVENTION
light,setpoint_step,37.5,25.0,60,0.01,NEW,300,3770.5,3780.5,38.199023,38.997280,1,1,EMERGENCY_INTERVENTION_REQUIRED,CONTROL-ONLY MODEL / NO PRODUCTION SAFETY INTERVENTION
light,setpoint_step,37.5,25.0,60,0.01,NEW,500,3768.9,3778.9,38.195840,38.994119,1,1,EMERGENCY_INTERVENTION_REQUIRED,CONTROL-ONLY MODEL / NO PRODUCTION SAFETY INTERVENTION
light,setpoint_step,37.5,25.0,60,0.01,NEW,1000,3765.4,3775.4,38.196006,38.994283,1,1,EMERGENCY_INTERVENTION_REQUIRED,CONTROL-ONLY MODEL / NO PRODUCTION SAFETY INTERVENTION
medium,vent,37.5,25.0,15,0.10,OLD,0,573.9,624.2,38.199151,38.999229,1,1,EMERGENCY_INTERVENTION_REQUIRED,CONTROL-ONLY MODEL / NO PRODUCTION SAFETY INTERVENTION
medium,vent,37.5,25.0,15,0.10,NEW,300,571.8,623.1,38.198228,38.999368,1,1,EMERGENCY_INTERVENTION_REQUIRED,CONTROL-ONLY MODEL / NO PRODUCTION SAFETY INTERVENTION
medium,vent,37.5,25.0,15,0.10,NEW,500,571.9,623.0,38.198942,38.999767,1,1,EMERGENCY_INTERVENTION_REQUIRED,CONTROL-ONLY MODEL / NO PRODUCTION SAFETY INTERVENTION
medium,vent,37.5,25.0,15,0.10,NEW,1000,572.1,622.6,38.198302,38.999549,1,1,EMERGENCY_INTERVENTION_REQUIRED,CONTROL-ONLY MODEL / NO PRODUCTION SAFETY INTERVENTION
medium,door,37.5,25.0,15,0.10,OLD,0,573.9,624.2,38.199151,38.999229,1,1,EMERGENCY_INTERVENTION_REQUIRED,CONTROL-ONLY MODEL / NO PRODUCTION SAFETY INTERVENTION
medium,door,37.5,25.0,15,0.10,NEW,300,571.8,623.1,38.198228,38.999368,1,1,EMERGENCY_INTERVENTION_REQUIRED,CONTROL-ONLY MODEL / NO PRODUCTION SAFETY INTERVENTION
medium,door,37.5,25.0,15,0.10,NEW,500,571.9,623.0,38.198942,38.999767,1,1,EMERGENCY_INTERVENTION_REQUIRED,CONTROL-ONLY MODEL / NO PRODUCTION SAFETY INTERVENTION
medium,door,37.5,25.0,15,0.10,NEW,1000,572.1,622.6,38.198302,38.999549,1,1,EMERGENCY_INTERVENTION_REQUIRED,CONTROL-ONLY MODEL / NO PRODUCTION SAFETY INTERVENTION
medium,ambient_rise,37.5,25.0,15,0.10,OLD,0,573.9,624.2,38.199151,38.999229,1,1,EMERGENCY_INTERVENTION_REQUIRED,CONTROL-ONLY MODEL / NO PRODUCTION SAFETY INTERVENTION
medium,ambient_rise,37.5,25.0,15,0.10,NEW,300,571.8,623.1,38.198228,38.999368,1,1,EMERGENCY_INTERVENTION_REQUIRED,CONTROL-ONLY MODEL / NO PRODUCTION SAFETY INTERVENTION
medium,ambient_rise,37.5,25.0,15,0.10,NEW,500,571.9,623.0,38.198942,38.999767,1,1,EMERGENCY_INTERVENTION_REQUIRED,CONTROL-ONLY MODEL / NO PRODUCTION SAFETY INTERVENTION
medium,ambient_rise,37.5,25.0,15,0.10,NEW,1000,572.1,622.6,38.198302,38.999549,1,1,EMERGENCY_INTERVENTION_REQUIRED,CONTROL-ONLY MODEL / NO PRODUCTION SAFETY INTERVENTION
medium,noise,37.5,25.0,15,0.10,OLD,0,575.5,628.5,38.199980,38.999682,1,1,EMERGENCY_INTERVENTION_REQUIRED,CONTROL-ONLY MODEL / NO PRODUCTION SAFETY INTERVENTION
medium,noise,37.5,25.0,15,0.10,NEW,300,572.1,625.1,38.199731,38.999933,1,1,EMERGENCY_INTERVENTION_REQUIRED,CONTROL-ONLY MODEL / NO PRODUCTION SAFETY INTERVENTION
medium,noise,37.5,25.0,15,0.10,NEW,500,572.1,624.5,38.199232,38.999957,1,1,EMERGENCY_INTERVENTION_REQUIRED,CONTROL-ONLY MODEL / NO PRODUCTION SAFETY INTERVENTION
medium,noise,37.5,25.0,15,0.10,NEW,1000,572.1,622.6,38.198484,38.999722,1,1,EMERGENCY_INTERVENTION_REQUIRED,CONTROL-ONLY MODEL / NO PRODUCTION SAFETY INTERVENTION
medium,one_bad_sample,37.5,25.0,15,0.10,OLD,0,573.9,624.2,38.199151,38.999229,1,1,EMERGENCY_INTERVENTION_REQUIRED,CONTROL-ONLY MODEL / NO PRODUCTION SAFETY INTERVENTION
medium,one_bad_sample,37.5,25.0,15,0.10,NEW,300,571.8,623.1,38.198228,38.999368,1,1,EMERGENCY_INTERVENTION_REQUIRED,CONTROL-ONLY MODEL / NO PRODUCTION SAFETY INTERVENTION
medium,one_bad_sample,37.5,25.0,15,0.10,NEW,500,571.9,623.0,38.198942,38.999767,1,1,EMERGENCY_INTERVENTION_REQUIRED,CONTROL-ONLY MODEL / NO PRODUCTION SAFETY INTERVENTION
medium,one_bad_sample,37.5,25.0,15,0.10,NEW,1000,572.1,622.6,38.198302,38.999549,1,1,EMERGENCY_INTERVENTION_REQUIRED,CONTROL-ONLY MODEL / NO PRODUCTION SAFETY INTERVENTION
medium,sensor_loss,37.5,25.0,15,0.10,OLD,0,573.9,624.2,38.199151,38.999229,1,1,EMERGENCY_INTERVENTION_REQUIRED,CONTROL-ONLY MODEL / NO PRODUCTION SAFETY INTERVENTION
medium,sensor_loss,37.5,25.0,15,0.10,NEW,300,571.8,623.1,38.198228,38.999368,1,1,EMERGENCY_INTERVENTION_REQUIRED,CONTROL-ONLY MODEL / NO PRODUCTION SAFETY INTERVENTION
medium,sensor_loss,37.5,25.0,15,0.10,NEW,500,571.9,623.0,38.198942,38.999767,1,1,EMERGENCY_INTERVENTION_REQUIRED,CONTROL-ONLY MODEL / NO PRODUCTION SAFETY INTERVENTION
medium,sensor_loss,37.5,25.0,15,0.10,NEW,1000,572.1,622.6,38.198302,38.999549,1,1,EMERGENCY_INTERVENTION_REQUIRED,CONTROL-ONLY MODEL / NO PRODUCTION SAFETY INTERVENTION
medium,safety_cut,37.5,25.0,15,0.10,OLD,0,573.9,624.2,38.199151,38.999229,1,1,EMERGENCY_INTERVENTION_REQUIRED,CONTROL-ONLY MODEL / NO PRODUCTION SAFETY INTERVENTION
medium,safety_cut,37.5,25.0,15,0.10,NEW,300,571.8,623.1,38.198228,38.999368,1,1,EMERGENCY_INTERVENTION_REQUIRED,CONTROL-ONLY MODEL / NO PRODUCTION SAFETY INTERVENTION
medium,safety_cut,37.5,25.0,15,0.10,NEW,500,571.9,623.0,38.198942,38.999767,1,1,EMERGENCY_INTERVENTION_REQUIRED,CONTROL-ONLY MODEL / NO PRODUCTION SAFETY INTERVENTION
medium,safety_cut,37.5,25.0,15,0.10,NEW,1000,572.1,622.6,38.198302,38.999549,1,1,EMERGENCY_INTERVENTION_REQUIRED,CONTROL-ONLY MODEL / NO PRODUCTION SAFETY INTERVENTION
medium,setpoint_step,37.5,25.0,15,0.10,OLD,0,3966.9,4018.4,38.198418,38.999999,1,1,EMERGENCY_INTERVENTION_REQUIRED,CONTROL-ONLY MODEL / NO PRODUCTION SAFETY INTERVENTION
medium,setpoint_step,37.5,25.0,15,0.10,NEW,300,3963.3,4014.7,38.199263,38.999609,1,1,EMERGENCY_INTERVENTION_REQUIRED,CONTROL-ONLY MODEL / NO PRODUCTION SAFETY INTERVENTION
medium,setpoint_step,37.5,25.0,15,0.10,NEW,500,3962.9,4014.0,38.198450,38.999284,1,1,EMERGENCY_INTERVENTION_REQUIRED,CONTROL-ONLY MODEL / NO PRODUCTION SAFETY INTERVENTION
medium,setpoint_step,37.5,25.0,15,0.10,NEW,1000,3963.6,4015.0,38.199477,38.999177,1,1,EMERGENCY_INTERVENTION_REQUIRED,CONTROL-ONLY MODEL / NO PRODUCTION SAFETY INTERVENTION
medium,vent,37.5,25.0,15,0.01,OLD,0,574.2,624.8,38.198134,38.999481,1,1,EMERGENCY_INTERVENTION_REQUIRED,CONTROL-ONLY MODEL / NO PRODUCTION SAFETY INTERVENTION
medium,vent,37.5,25.0,15,0.01,NEW,300,571.7,622.5,38.198644,38.999140,1,1,EMERGENCY_INTERVENTION_REQUIRED,CONTROL-ONLY MODEL / NO PRODUCTION SAFETY INTERVENTION
medium,vent,37.5,25.0,15,0.01,NEW,500,571.8,622.3,38.198290,38.999443,1,1,EMERGENCY_INTERVENTION_REQUIRED,CONTROL-ONLY MODEL / NO PRODUCTION SAFETY INTERVENTION
medium,vent,37.5,25.0,15,0.01,NEW,1000,572.1,622.3,38.198678,38.999718,1,1,EMERGENCY_INTERVENTION_REQUIRED,CONTROL-ONLY MODEL / NO PRODUCTION SAFETY INTERVENTION
medium,door,37.5,25.0,15,0.01,OLD,0,574.2,624.8,38.198134,38.999481,1,1,EMERGENCY_INTERVENTION_REQUIRED,CONTROL-ONLY MODEL / NO PRODUCTION SAFETY INTERVENTION
medium,door,37.5,25.0,15,0.01,NEW,300,571.7,622.5,38.198644,38.999140,1,1,EMERGENCY_INTERVENTION_REQUIRED,CONTROL-ONLY MODEL / NO PRODUCTION SAFETY INTERVENTION
medium,door,37.5,25.0,15,0.01,NEW,500,571.8,622.3,38.198290,38.999443,1,1,EMERGENCY_INTERVENTION_REQUIRED,CONTROL-ONLY MODEL / NO PRODUCTION SAFETY INTERVENTION
medium,door,37.5,25.0,15,0.01,NEW,1000,572.1,622.3,38.198678,38.999718,1,1,EMERGENCY_INTERVENTION_REQUIRED,CONTROL-ONLY MODEL / NO PRODUCTION SAFETY INTERVENTION
medium,ambient_rise,37.5,25.0,15,0.01,OLD,0,574.2,624.8,38.198134,38.999481,1,1,EMERGENCY_INTERVENTION_REQUIRED,CONTROL-ONLY MODEL / NO PRODUCTION SAFETY INTERVENTION
medium,ambient_rise,37.5,25.0,15,0.01,NEW,300,571.7,622.5,38.198644,38.999140,1,1,EMERGENCY_INTERVENTION_REQUIRED,CONTROL-ONLY MODEL / NO PRODUCTION SAFETY INTERVENTION
medium,ambient_rise,37.5,25.0,15,0.01,NEW,500,571.8,622.3,38.198290,38.999443,1,1,EMERGENCY_INTERVENTION_REQUIRED,CONTROL-ONLY MODEL / NO PRODUCTION SAFETY INTERVENTION
medium,ambient_rise,37.5,25.0,15,0.01,NEW,1000,572.1,622.3,38.198678,38.999718,1,1,EMERGENCY_INTERVENTION_REQUIRED,CONTROL-ONLY MODEL / NO PRODUCTION SAFETY INTERVENTION
medium,noise,37.5,25.0,15,0.01,OLD,0,575.3,627.4,38.199660,38.999815,1,1,EMERGENCY_INTERVENTION_REQUIRED,CONTROL-ONLY MODEL / NO PRODUCTION SAFETY INTERVENTION
medium,noise,37.5,25.0,15,0.01,NEW,300,571.9,623.6,38.198893,38.999172,1,1,EMERGENCY_INTERVENTION_REQUIRED,CONTROL-ONLY MODEL / NO PRODUCTION SAFETY INTERVENTION
medium,noise,37.5,25.0,15,0.01,NEW,500,572.0,623.7,38.198946,38.999613,1,1,EMERGENCY_INTERVENTION_REQUIRED,CONTROL-ONLY MODEL / NO PRODUCTION SAFETY INTERVENTION
medium,noise,37.5,25.0,15,0.01,NEW,1000,572.4,623.9,38.199889,38.999614,1,1,EMERGENCY_INTERVENTION_REQUIRED,CONTROL-ONLY MODEL / NO PRODUCTION SAFETY INTERVENTION
medium,one_bad_sample,37.5,25.0,15,0.01,OLD,0,574.2,624.8,38.198134,38.999481,1,1,EMERGENCY_INTERVENTION_REQUIRED,CONTROL-ONLY MODEL / NO PRODUCTION SAFETY INTERVENTION
medium,one_bad_sample,37.5,25.0,15,0.01,NEW,300,571.7,622.5,38.198644,38.999140,1,1,EMERGENCY_INTERVENTION_REQUIRED,CONTROL-ONLY MODEL / NO PRODUCTION SAFETY INTERVENTION
medium,one_bad_sample,37.5,25.0,15,0.01,NEW,500,571.8,622.3,38.198290,38.999443,1,1,EMERGENCY_INTERVENTION_REQUIRED,CONTROL-ONLY MODEL / NO PRODUCTION SAFETY INTERVENTION
medium,one_bad_sample,37.5,25.0,15,0.01,NEW,1000,572.1,622.3,38.198678,38.999718,1,1,EMERGENCY_INTERVENTION_REQUIRED,CONTROL-ONLY MODEL / NO PRODUCTION SAFETY INTERVENTION
medium,sensor_loss,37.5,25.0,15,0.01,OLD,0,574.2,624.8,38.198134,38.999481,1,1,EMERGENCY_INTERVENTION_REQUIRED,CONTROL-ONLY MODEL / NO PRODUCTION SAFETY INTERVENTION
medium,sensor_loss,37.5,25.0,15,0.01,NEW,300,571.7,622.5,38.198644,38.999140,1,1,EMERGENCY_INTERVENTION_REQUIRED,CONTROL-ONLY MODEL / NO PRODUCTION SAFETY INTERVENTION
medium,sensor_loss,37.5,25.0,15,0.01,NEW,500,571.8,622.3,38.198290,38.999443,1,1,EMERGENCY_INTERVENTION_REQUIRED,CONTROL-ONLY MODEL / NO PRODUCTION SAFETY INTERVENTION
medium,sensor_loss,37.5,25.0,15,0.01,NEW,1000,572.1,622.3,38.198678,38.999718,1,1,EMERGENCY_INTERVENTION_REQUIRED,CONTROL-ONLY MODEL / NO PRODUCTION SAFETY INTERVENTION
medium,safety_cut,37.5,25.0,15,0.01,OLD,0,574.2,624.8,38.198134,38.999481,1,1,EMERGENCY_INTERVENTION_REQUIRED,CONTROL-ONLY MODEL / NO PRODUCTION SAFETY INTERVENTION
medium,safety_cut,37.5,25.0,15,0.01,NEW,300,571.7,622.5,38.198644,38.999140,1,1,EMERGENCY_INTERVENTION_REQUIRED,CONTROL-ONLY MODEL / NO PRODUCTION SAFETY INTERVENTION
medium,safety_cut,37.5,25.0,15,0.01,NEW,500,571.8,622.3,38.198290,38.999443,1,1,EMERGENCY_INTERVENTION_REQUIRED,CONTROL-ONLY MODEL / NO PRODUCTION SAFETY INTERVENTION
medium,safety_cut,37.5,25.0,15,0.01,NEW,1000,572.1,622.3,38.198678,38.999718,1,1,EMERGENCY_INTERVENTION_REQUIRED,CONTROL-ONLY MODEL / NO PRODUCTION SAFETY INTERVENTION
medium,setpoint_step,37.5,25.0,15,0.01,OLD,0,3968.2,4018.5,38.199137,38.999677,1,1,EMERGENCY_INTERVENTION_REQUIRED,CONTROL-ONLY MODEL / NO PRODUCTION SAFETY INTERVENTION
medium,setpoint_step,37.5,25.0,15,0.01,NEW,300,3970.5,4021.4,38.198726,38.999903,1,1,EMERGENCY_INTERVENTION_REQUIRED,CONTROL-ONLY MODEL / NO PRODUCTION SAFETY INTERVENTION
medium,setpoint_step,37.5,25.0,15,0.01,NEW,500,3970.5,4021.5,38.198023,38.999415,1,1,EMERGENCY_INTERVENTION_REQUIRED,CONTROL-ONLY MODEL / NO PRODUCTION SAFETY INTERVENTION
medium,setpoint_step,37.5,25.0,15,0.01,NEW,1000,3970.8,4021.5,38.198770,38.999395,1,1,EMERGENCY_INTERVENTION_REQUIRED,CONTROL-ONLY MODEL / NO PRODUCTION SAFETY INTERVENTION
medium,vent,37.5,25.0,60,0.10,OLD,0,619.1,654.6,38.199675,38.998382,1,1,EMERGENCY_INTERVENTION_REQUIRED,CONTROL-ONLY MODEL / NO PRODUCTION SAFETY INTERVENTION
medium,vent,37.5,25.0,60,0.10,NEW,300,616.1,651.6,38.197922,38.998066,1,1,EMERGENCY_INTERVENTION_REQUIRED,CONTROL-ONLY MODEL / NO PRODUCTION SAFETY INTERVENTION
medium,vent,37.5,25.0,60,0.10,NEW,500,616.4,651.8,38.199627,38.999205,1,1,EMERGENCY_INTERVENTION_REQUIRED,CONTROL-ONLY MODEL / NO PRODUCTION SAFETY INTERVENTION
medium,vent,37.5,25.0,60,0.10,NEW,1000,616.9,652.3,38.198210,38.997804,1,1,EMERGENCY_INTERVENTION_REQUIRED,CONTROL-ONLY MODEL / NO PRODUCTION SAFETY INTERVENTION
medium,door,37.5,25.0,60,0.10,OLD,0,619.1,654.6,38.199675,38.998382,1,1,EMERGENCY_INTERVENTION_REQUIRED,CONTROL-ONLY MODEL / NO PRODUCTION SAFETY INTERVENTION
medium,door,37.5,25.0,60,0.10,NEW,300,616.1,651.6,38.197922,38.998066,1,1,EMERGENCY_INTERVENTION_REQUIRED,CONTROL-ONLY MODEL / NO PRODUCTION SAFETY INTERVENTION
medium,door,37.5,25.0,60,0.10,NEW,500,616.4,651.8,38.199627,38.999205,1,1,EMERGENCY_INTERVENTION_REQUIRED,CONTROL-ONLY MODEL / NO PRODUCTION SAFETY INTERVENTION
medium,door,37.5,25.0,60,0.10,NEW,1000,616.9,652.3,38.198210,38.997804,1,1,EMERGENCY_INTERVENTION_REQUIRED,CONTROL-ONLY MODEL / NO PRODUCTION SAFETY INTERVENTION
medium,ambient_rise,37.5,25.0,60,0.10,OLD,0,619.1,654.6,38.199675,38.998382,1,1,EMERGENCY_INTERVENTION_REQUIRED,CONTROL-ONLY MODEL / NO PRODUCTION SAFETY INTERVENTION
medium,ambient_rise,37.5,25.0,60,0.10,NEW,300,616.1,651.6,38.197922,38.998066,1,1,EMERGENCY_INTERVENTION_REQUIRED,CONTROL-ONLY MODEL / NO PRODUCTION SAFETY INTERVENTION
medium,ambient_rise,37.5,25.0,60,0.10,NEW,500,616.4,651.8,38.199627,38.999205,1,1,EMERGENCY_INTERVENTION_REQUIRED,CONTROL-ONLY MODEL / NO PRODUCTION SAFETY INTERVENTION
medium,ambient_rise,37.5,25.0,60,0.10,NEW,1000,616.9,652.3,38.198210,38.997804,1,1,EMERGENCY_INTERVENTION_REQUIRED,CONTROL-ONLY MODEL / NO PRODUCTION SAFETY INTERVENTION
medium,noise,37.5,25.0,60,0.10,OLD,0,618.5,654.1,38.198724,38.998715,1,1,EMERGENCY_INTERVENTION_REQUIRED,CONTROL-ONLY MODEL / NO PRODUCTION SAFETY INTERVENTION
medium,noise,37.5,25.0,60,0.10,NEW,300,616.1,651.7,38.198000,38.998048,1,1,EMERGENCY_INTERVENTION_REQUIRED,CONTROL-ONLY MODEL / NO PRODUCTION SAFETY INTERVENTION
medium,noise,37.5,25.0,60,0.10,NEW,500,616.4,651.8,38.199756,38.999234,1,1,EMERGENCY_INTERVENTION_REQUIRED,CONTROL-ONLY MODEL / NO PRODUCTION SAFETY INTERVENTION
medium,noise,37.5,25.0,60,0.10,NEW,1000,616.9,652.3,38.198469,38.998060,1,1,EMERGENCY_INTERVENTION_REQUIRED,CONTROL-ONLY MODEL / NO PRODUCTION SAFETY INTERVENTION
medium,one_bad_sample,37.5,25.0,60,0.10,OLD,0,619.1,654.6,38.199675,38.998382,1,1,EMERGENCY_INTERVENTION_REQUIRED,CONTROL-ONLY MODEL / NO PRODUCTION SAFETY INTERVENTION
medium,one_bad_sample,37.5,25.0,60,0.10,NEW,300,616.1,651.6,38.197922,38.998066,1,1,EMERGENCY_INTERVENTION_REQUIRED,CONTROL-ONLY MODEL / NO PRODUCTION SAFETY INTERVENTION
medium,one_bad_sample,37.5,25.0,60,0.10,NEW,500,616.4,651.8,38.199627,38.999205,1,1,EMERGENCY_INTERVENTION_REQUIRED,CONTROL-ONLY MODEL / NO PRODUCTION SAFETY INTERVENTION
medium,one_bad_sample,37.5,25.0,60,0.10,NEW,1000,616.9,652.3,38.198210,38.997804,1,1,EMERGENCY_INTERVENTION_REQUIRED,CONTROL-ONLY MODEL / NO PRODUCTION SAFETY INTERVENTION
medium,sensor_loss,37.5,25.0,60,0.10,OLD,0,619.1,654.6,38.199675,38.998382,1,1,EMERGENCY_INTERVENTION_REQUIRED,CONTROL-ONLY MODEL / NO PRODUCTION SAFETY INTERVENTION
medium,sensor_loss,37.5,25.0,60,0.10,NEW,300,616.1,651.6,38.197922,38.998066,1,1,EMERGENCY_INTERVENTION_REQUIRED,CONTROL-ONLY MODEL / NO PRODUCTION SAFETY INTERVENTION
medium,sensor_loss,37.5,25.0,60,0.10,NEW,500,616.4,651.8,38.199627,38.999205,1,1,EMERGENCY_INTERVENTION_REQUIRED,CONTROL-ONLY MODEL / NO PRODUCTION SAFETY INTERVENTION
medium,sensor_loss,37.5,25.0,60,0.10,NEW,1000,616.9,652.3,38.198210,38.997804,1,1,EMERGENCY_INTERVENTION_REQUIRED,CONTROL-ONLY MODEL / NO PRODUCTION SAFETY INTERVENTION
medium,safety_cut,37.5,25.0,60,0.10,OLD,0,619.1,654.6,38.199675,38.998382,1,1,EMERGENCY_INTERVENTION_REQUIRED,CONTROL-ONLY MODEL / NO PRODUCTION SAFETY INTERVENTION
medium,safety_cut,37.5,25.0,60,0.10,NEW,300,616.1,651.6,38.197922,38.998066,1,1,EMERGENCY_INTERVENTION_REQUIRED,CONTROL-ONLY MODEL / NO PRODUCTION SAFETY INTERVENTION
medium,safety_cut,37.5,25.0,60,0.10,NEW,500,616.4,651.8,38.199627,38.999205,1,1,EMERGENCY_INTERVENTION_REQUIRED,CONTROL-ONLY MODEL / NO PRODUCTION SAFETY INTERVENTION
medium,safety_cut,37.5,25.0,60,0.10,NEW,1000,616.9,652.3,38.198210,38.997804,1,1,EMERGENCY_INTERVENTION_REQUIRED,CONTROL-ONLY MODEL / NO PRODUCTION SAFETY INTERVENTION
medium,setpoint_step,37.5,25.0,60,0.10,OLD,0,3995.0,4030.6,38.199470,38.998229,1,1,EMERGENCY_INTERVENTION_REQUIRED,CONTROL-ONLY MODEL / NO PRODUCTION SAFETY INTERVENTION
medium,setpoint_step,37.5,25.0,60,0.10,NEW,300,4001.1,4036.7,38.198683,38.999310,1,1,EMERGENCY_INTERVENTION_REQUIRED,CONTROL-ONLY MODEL / NO PRODUCTION SAFETY INTERVENTION
medium,setpoint_step,37.5,25.0,60,0.10,NEW,500,4001.0,4036.4,38.198949,38.998535,1,1,EMERGENCY_INTERVENTION_REQUIRED,CONTROL-ONLY MODEL / NO PRODUCTION SAFETY INTERVENTION
medium,setpoint_step,37.5,25.0,60,0.10,NEW,1000,3999.2,4034.6,38.198256,38.997849,1,1,EMERGENCY_INTERVENTION_REQUIRED,CONTROL-ONLY MODEL / NO PRODUCTION SAFETY INTERVENTION
medium,vent,37.5,25.0,60,0.01,OLD,0,618.5,654.0,38.198871,38.998849,1,1,EMERGENCY_INTERVENTION_REQUIRED,CONTROL-ONLY MODEL / NO PRODUCTION SAFETY INTERVENTION
medium,vent,37.5,25.0,60,0.01,NEW,300,616.1,651.6,38.197968,38.997878,1,1,EMERGENCY_INTERVENTION_REQUIRED,CONTROL-ONLY MODEL / NO PRODUCTION SAFETY INTERVENTION
medium,vent,37.5,25.0,60,0.01,NEW,500,616.4,651.8,38.199703,38.999281,1,1,EMERGENCY_INTERVENTION_REQUIRED,CONTROL-ONLY MODEL / NO PRODUCTION SAFETY INTERVENTION
medium,vent,37.5,25.0,60,0.01,NEW,1000,616.9,652.3,38.198363,38.997955,1,1,EMERGENCY_INTERVENTION_REQUIRED,CONTROL-ONLY MODEL / NO PRODUCTION SAFETY INTERVENTION
medium,door,37.5,25.0,60,0.01,OLD,0,618.5,654.0,38.198871,38.998849,1,1,EMERGENCY_INTERVENTION_REQUIRED,CONTROL-ONLY MODEL / NO PRODUCTION SAFETY INTERVENTION
medium,door,37.5,25.0,60,0.01,NEW,300,616.1,651.6,38.197968,38.997878,1,1,EMERGENCY_INTERVENTION_REQUIRED,CONTROL-ONLY MODEL / NO PRODUCTION SAFETY INTERVENTION
medium,door,37.5,25.0,60,0.01,NEW,500,616.4,651.8,38.199703,38.999281,1,1,EMERGENCY_INTERVENTION_REQUIRED,CONTROL-ONLY MODEL / NO PRODUCTION SAFETY INTERVENTION
medium,door,37.5,25.0,60,0.01,NEW,1000,616.9,652.3,38.198363,38.997955,1,1,EMERGENCY_INTERVENTION_REQUIRED,CONTROL-ONLY MODEL / NO PRODUCTION SAFETY INTERVENTION
medium,ambient_rise,37.5,25.0,60,0.01,OLD,0,618.5,654.0,38.198871,38.998849,1,1,EMERGENCY_INTERVENTION_REQUIRED,CONTROL-ONLY MODEL / NO PRODUCTION SAFETY INTERVENTION
medium,ambient_rise,37.5,25.0,60,0.01,NEW,300,616.1,651.6,38.197968,38.997878,1,1,EMERGENCY_INTERVENTION_REQUIRED,CONTROL-ONLY MODEL / NO PRODUCTION SAFETY INTERVENTION
medium,ambient_rise,37.5,25.0,60,0.01,NEW,500,616.4,651.8,38.199703,38.999281,1,1,EMERGENCY_INTERVENTION_REQUIRED,CONTROL-ONLY MODEL / NO PRODUCTION SAFETY INTERVENTION
medium,ambient_rise,37.5,25.0,60,0.01,NEW,1000,616.9,652.3,38.198363,38.997955,1,1,EMERGENCY_INTERVENTION_REQUIRED,CONTROL-ONLY MODEL / NO PRODUCTION SAFETY INTERVENTION
medium,noise,37.5,25.0,60,0.01,OLD,0,618.4,653.9,38.199197,38.997934,1,1,EMERGENCY_INTERVENTION_REQUIRED,CONTROL-ONLY MODEL / NO PRODUCTION SAFETY INTERVENTION
medium,noise,37.5,25.0,60,0.01,NEW,300,616.1,651.7,38.197908,38.998601,1,1,EMERGENCY_INTERVENTION_REQUIRED,CONTROL-ONLY MODEL / NO PRODUCTION SAFETY INTERVENTION
medium,noise,37.5,25.0,60,0.01,NEW,500,616.4,651.8,38.199604,38.999083,1,1,EMERGENCY_INTERVENTION_REQUIRED,CONTROL-ONLY MODEL / NO PRODUCTION SAFETY INTERVENTION
medium,noise,37.5,25.0,60,0.01,NEW,1000,616.9,652.3,38.198164,38.997758,1,1,EMERGENCY_INTERVENTION_REQUIRED,CONTROL-ONLY MODEL / NO PRODUCTION SAFETY INTERVENTION
medium,one_bad_sample,37.5,25.0,60,0.01,OLD,0,618.5,654.0,38.198871,38.998849,1,1,EMERGENCY_INTERVENTION_REQUIRED,CONTROL-ONLY MODEL / NO PRODUCTION SAFETY INTERVENTION
medium,one_bad_sample,37.5,25.0,60,0.01,NEW,300,616.1,651.6,38.197968,38.997878,1,1,EMERGENCY_INTERVENTION_REQUIRED,CONTROL-ONLY MODEL / NO PRODUCTION SAFETY INTERVENTION
medium,one_bad_sample,37.5,25.0,60,0.01,NEW,500,616.4,651.8,38.199703,38.999281,1,1,EMERGENCY_INTERVENTION_REQUIRED,CONTROL-ONLY MODEL / NO PRODUCTION SAFETY INTERVENTION
medium,one_bad_sample,37.5,25.0,60,0.01,NEW,1000,616.9,652.3,38.198363,38.997955,1,1,EMERGENCY_INTERVENTION_REQUIRED,CONTROL-ONLY MODEL / NO PRODUCTION SAFETY INTERVENTION
medium,sensor_loss,37.5,25.0,60,0.01,OLD,0,618.5,654.0,38.198871,38.998849,1,1,EMERGENCY_INTERVENTION_REQUIRED,CONTROL-ONLY MODEL / NO PRODUCTION SAFETY INTERVENTION
medium,sensor_loss,37.5,25.0,60,0.01,NEW,300,616.1,651.6,38.197968,38.997878,1,1,EMERGENCY_INTERVENTION_REQUIRED,CONTROL-ONLY MODEL / NO PRODUCTION SAFETY INTERVENTION
medium,sensor_loss,37.5,25.0,60,0.01,NEW,500,616.4,651.8,38.199703,38.999281,1,1,EMERGENCY_INTERVENTION_REQUIRED,CONTROL-ONLY MODEL / NO PRODUCTION SAFETY INTERVENTION
medium,sensor_loss,37.5,25.0,60,0.01,NEW,1000,616.9,652.3,38.198363,38.997955,1,1,EMERGENCY_INTERVENTION_REQUIRED,CONTROL-ONLY MODEL / NO PRODUCTION SAFETY INTERVENTION
medium,safety_cut,37.5,25.0,60,0.01,OLD,0,618.5,654.0,38.198871,38.998849,1,1,EMERGENCY_INTERVENTION_REQUIRED,CONTROL-ONLY MODEL / NO PRODUCTION SAFETY INTERVENTION
medium,safety_cut,37.5,25.0,60,0.01,NEW,300,616.1,651.6,38.197968,38.997878,1,1,EMERGENCY_INTERVENTION_REQUIRED,CONTROL-ONLY MODEL / NO PRODUCTION SAFETY INTERVENTION
medium,safety_cut,37.5,25.0,60,0.01,NEW,500,616.4,651.8,38.199703,38.999281,1,1,EMERGENCY_INTERVENTION_REQUIRED,CONTROL-ONLY MODEL / NO PRODUCTION SAFETY INTERVENTION
medium,safety_cut,37.5,25.0,60,0.01,NEW,1000,616.9,652.3,38.198363,38.997955,1,1,EMERGENCY_INTERVENTION_REQUIRED,CONTROL-ONLY MODEL / NO PRODUCTION SAFETY INTERVENTION
medium,setpoint_step,37.5,25.0,60,0.01,OLD,0,4001.5,4037.1,38.198121,38.998371,1,1,EMERGENCY_INTERVENTION_REQUIRED,CONTROL-ONLY MODEL / NO PRODUCTION SAFETY INTERVENTION
medium,setpoint_step,37.5,25.0,60,0.01,NEW,300,3997.7,4033.2,38.199055,38.998656,1,1,EMERGENCY_INTERVENTION_REQUIRED,CONTROL-ONLY MODEL / NO PRODUCTION SAFETY INTERVENTION
medium,setpoint_step,37.5,25.0,60,0.01,NEW,500,4000.1,4035.6,38.199853,38.998977,1,1,EMERGENCY_INTERVENTION_REQUIRED,CONTROL-ONLY MODEL / NO PRODUCTION SAFETY INTERVENTION
medium,setpoint_step,37.5,25.0,60,0.01,NEW,1000,4003.5,4038.9,38.199792,38.999368,1,1,EMERGENCY_INTERVENTION_REQUIRED,CONTROL-ONLY MODEL / NO PRODUCTION SAFETY INTERVENTION
heavy,vent,37.5,25.0,15,0.10,OLD,0,1573.9,-1.0,38.199826,38.368471,1,0,SAFETY_INTERVENTION_REQUIRED,CONTROL-ONLY MODEL / NO PRODUCTION SAFETY INTERVENTION
heavy,vent,37.5,25.0,15,0.10,NEW,300,1566.1,-1.0,38.199691,38.363132,1,0,SAFETY_INTERVENTION_REQUIRED,CONTROL-ONLY MODEL / NO PRODUCTION SAFETY INTERVENTION
heavy,vent,37.5,25.0,15,0.10,NEW,500,1566.3,-1.0,38.199960,38.362462,1,0,SAFETY_INTERVENTION_REQUIRED,CONTROL-ONLY MODEL / NO PRODUCTION SAFETY INTERVENTION
heavy,vent,37.5,25.0,15,0.10,NEW,1000,1566.4,-1.0,38.199725,38.363206,1,0,SAFETY_INTERVENTION_REQUIRED,CONTROL-ONLY MODEL / NO PRODUCTION SAFETY INTERVENTION
heavy,door,37.5,25.0,15,0.10,OLD,0,1573.9,-1.0,38.199826,38.371998,1,0,SAFETY_INTERVENTION_REQUIRED,CONTROL-ONLY MODEL / NO PRODUCTION SAFETY INTERVENTION
heavy,door,37.5,25.0,15,0.10,NEW,300,1566.1,-1.0,38.199691,38.364434,1,0,SAFETY_INTERVENTION_REQUIRED,CONTROL-ONLY MODEL / NO PRODUCTION SAFETY INTERVENTION
heavy,door,37.5,25.0,15,0.10,NEW,500,1566.3,-1.0,38.199960,38.364119,1,0,SAFETY_INTERVENTION_REQUIRED,CONTROL-ONLY MODEL / NO PRODUCTION SAFETY INTERVENTION
heavy,door,37.5,25.0,15,0.10,NEW,1000,1566.4,-1.0,38.199725,38.363206,1,0,SAFETY_INTERVENTION_REQUIRED,CONTROL-ONLY MODEL / NO PRODUCTION SAFETY INTERVENTION
heavy,ambient_rise,37.5,25.0,15,0.10,OLD,0,1573.9,-1.0,38.199826,38.368471,1,0,SAFETY_INTERVENTION_REQUIRED,CONTROL-ONLY MODEL / NO PRODUCTION SAFETY INTERVENTION
heavy,ambient_rise,37.5,25.0,15,0.10,NEW,300,1566.1,-1.0,38.199691,38.363132,1,0,SAFETY_INTERVENTION_REQUIRED,CONTROL-ONLY MODEL / NO PRODUCTION SAFETY INTERVENTION
heavy,ambient_rise,37.5,25.0,15,0.10,NEW,500,1566.3,-1.0,38.199960,38.362462,1,0,SAFETY_INTERVENTION_REQUIRED,CONTROL-ONLY MODEL / NO PRODUCTION SAFETY INTERVENTION
heavy,ambient_rise,37.5,25.0,15,0.10,NEW,1000,1566.4,-1.0,38.199725,38.363206,1,0,SAFETY_INTERVENTION_REQUIRED,CONTROL-ONLY MODEL / NO PRODUCTION SAFETY INTERVENTION
heavy,noise,37.5,25.0,15,0.10,OLD,0,1573.6,-1.0,38.199728,38.363206,1,0,SAFETY_INTERVENTION_REQUIRED,CONTROL-ONLY MODEL / NO PRODUCTION SAFETY INTERVENTION
heavy,noise,37.5,25.0,15,0.10,NEW,300,1566.5,-1.0,38.199681,38.358718,1,0,SAFETY_INTERVENTION_REQUIRED,CONTROL-ONLY MODEL / NO PRODUCTION SAFETY INTERVENTION
heavy,noise,37.5,25.0,15,0.10,NEW,500,1566.7,-1.0,38.199915,38.357836,1,0,SAFETY_INTERVENTION_REQUIRED,CONTROL-ONLY MODEL / NO PRODUCTION SAFETY INTERVENTION
heavy,noise,37.5,25.0,15,0.10,NEW,1000,1567.1,-1.0,38.199923,38.358232,1,0,SAFETY_INTERVENTION_REQUIRED,CONTROL-ONLY MODEL / NO PRODUCTION SAFETY INTERVENTION
heavy,one_bad_sample,37.5,25.0,15,0.10,OLD,0,1573.9,-1.0,38.199826,38.368471,1,0,SAFETY_INTERVENTION_REQUIRED,CONTROL-ONLY MODEL / NO PRODUCTION SAFETY INTERVENTION
heavy,one_bad_sample,37.5,25.0,15,0.10,NEW,300,1566.1,-1.0,38.199691,38.363132,1,0,SAFETY_INTERVENTION_REQUIRED,CONTROL-ONLY MODEL / NO PRODUCTION SAFETY INTERVENTION
heavy,one_bad_sample,37.5,25.0,15,0.10,NEW,500,1566.3,-1.0,38.199960,38.362462,1,0,SAFETY_INTERVENTION_REQUIRED,CONTROL-ONLY MODEL / NO PRODUCTION SAFETY INTERVENTION
heavy,one_bad_sample,37.5,25.0,15,0.10,NEW,1000,1566.4,-1.0,38.199725,38.363206,1,0,SAFETY_INTERVENTION_REQUIRED,CONTROL-ONLY MODEL / NO PRODUCTION SAFETY INTERVENTION
heavy,sensor_loss,37.5,25.0,15,0.10,OLD,0,1573.9,-1.0,38.199826,38.368471,1,0,SAFETY_INTERVENTION_REQUIRED,CONTROL-ONLY MODEL / NO PRODUCTION SAFETY INTERVENTION
heavy,sensor_loss,37.5,25.0,15,0.10,NEW,300,1566.1,-1.0,38.199691,38.363132,1,0,SAFETY_INTERVENTION_REQUIRED,CONTROL-ONLY MODEL / NO PRODUCTION SAFETY INTERVENTION
heavy,sensor_loss,37.5,25.0,15,0.10,NEW,500,1566.3,-1.0,38.199960,38.362462,1,0,SAFETY_INTERVENTION_REQUIRED,CONTROL-ONLY MODEL / NO PRODUCTION SAFETY INTERVENTION
heavy,sensor_loss,37.5,25.0,15,0.10,NEW,1000,1566.4,-1.0,38.199725,38.363206,1,0,SAFETY_INTERVENTION_REQUIRED,CONTROL-ONLY MODEL / NO PRODUCTION SAFETY INTERVENTION
heavy,safety_cut,37.5,25.0,15,0.10,OLD,0,1573.9,-1.0,38.199826,38.368471,1,0,SAFETY_INTERVENTION_REQUIRED,CONTROL-ONLY MODEL / NO PRODUCTION SAFETY INTERVENTION
heavy,safety_cut,37.5,25.0,15,0.10,NEW,300,1566.1,-1.0,38.199691,38.363132,1,0,SAFETY_INTERVENTION_REQUIRED,CONTROL-ONLY MODEL / NO PRODUCTION SAFETY INTERVENTION
heavy,safety_cut,37.5,25.0,15,0.10,NEW,500,1566.3,-1.0,38.199960,38.362462,1,0,SAFETY_INTERVENTION_REQUIRED,CONTROL-ONLY MODEL / NO PRODUCTION SAFETY INTERVENTION
heavy,safety_cut,37.5,25.0,15,0.10,NEW,1000,1566.4,-1.0,38.199725,38.363206,1,0,SAFETY_INTERVENTION_REQUIRED,CONTROL-ONLY MODEL / NO PRODUCTION SAFETY INTERVENTION
heavy,setpoint_step,37.5,25.0,15,0.10,OLD,0,4633.0,-1.0,38.199502,38.369166,1,0,SAFETY_INTERVENTION_REQUIRED,CONTROL-ONLY MODEL / NO PRODUCTION SAFETY INTERVENTION
heavy,setpoint_step,37.5,25.0,15,0.10,NEW,300,4619.3,-1.0,38.199645,38.363431,1,0,SAFETY_INTERVENTION_REQUIRED,CONTROL-ONLY MODEL / NO PRODUCTION SAFETY INTERVENTION
heavy,setpoint_step,37.5,25.0,15,0.10,NEW,500,4619.7,-1.0,38.199584,38.361176,1,0,SAFETY_INTERVENTION_REQUIRED,CONTROL-ONLY MODEL / NO PRODUCTION SAFETY INTERVENTION
heavy,setpoint_step,37.5,25.0,15,0.10,NEW,1000,4618.8,-1.0,38.199733,38.366031,1,0,SAFETY_INTERVENTION_REQUIRED,CONTROL-ONLY MODEL / NO PRODUCTION SAFETY INTERVENTION
heavy,vent,37.5,25.0,15,0.01,OLD,0,1573.2,-1.0,38.199871,38.375171,1,0,SAFETY_INTERVENTION_REQUIRED,CONTROL-ONLY MODEL / NO PRODUCTION SAFETY INTERVENTION
heavy,vent,37.5,25.0,15,0.01,NEW,300,1565.0,-1.0,38.199622,38.368904,1,0,SAFETY_INTERVENTION_REQUIRED,CONTROL-ONLY MODEL / NO PRODUCTION SAFETY INTERVENTION
heavy,vent,37.5,25.0,15,0.01,NEW,500,1565.0,-1.0,38.199934,38.369914,1,0,SAFETY_INTERVENTION_REQUIRED,CONTROL-ONLY MODEL / NO PRODUCTION SAFETY INTERVENTION
heavy,vent,37.5,25.0,15,0.01,NEW,1000,1565.2,-1.0,38.199836,38.370658,1,0,SAFETY_INTERVENTION_REQUIRED,CONTROL-ONLY MODEL / NO PRODUCTION SAFETY INTERVENTION
heavy,door,37.5,25.0,15,0.01,OLD,0,1573.2,-1.0,38.199871,38.375171,1,0,SAFETY_INTERVENTION_REQUIRED,CONTROL-ONLY MODEL / NO PRODUCTION SAFETY INTERVENTION
heavy,door,37.5,25.0,15,0.01,NEW,300,1565.0,-1.0,38.199622,38.370324,1,0,SAFETY_INTERVENTION_REQUIRED,CONTROL-ONLY MODEL / NO PRODUCTION SAFETY INTERVENTION
heavy,door,37.5,25.0,15,0.01,NEW,500,1565.0,-1.0,38.199934,38.369914,1,0,SAFETY_INTERVENTION_REQUIRED,CONTROL-ONLY MODEL / NO PRODUCTION SAFETY INTERVENTION
heavy,door,37.5,25.0,15,0.01,NEW,1000,1565.2,-1.0,38.199836,38.370658,1,0,SAFETY_INTERVENTION_REQUIRED,CONTROL-ONLY MODEL / NO PRODUCTION SAFETY INTERVENTION
heavy,ambient_rise,37.5,25.0,15,0.01,OLD,0,1573.2,-1.0,38.199871,38.375171,1,0,SAFETY_INTERVENTION_REQUIRED,CONTROL-ONLY MODEL / NO PRODUCTION SAFETY INTERVENTION
heavy,ambient_rise,37.5,25.0,15,0.01,NEW,300,1565.0,-1.0,38.199622,38.368904,1,0,SAFETY_INTERVENTION_REQUIRED,CONTROL-ONLY MODEL / NO PRODUCTION SAFETY INTERVENTION
heavy,ambient_rise,37.5,25.0,15,0.01,NEW,500,1565.0,-1.0,38.199934,38.369914,1,0,SAFETY_INTERVENTION_REQUIRED,CONTROL-ONLY MODEL / NO PRODUCTION SAFETY INTERVENTION
heavy,ambient_rise,37.5,25.0,15,0.01,NEW,1000,1565.2,-1.0,38.199836,38.370658,1,0,SAFETY_INTERVENTION_REQUIRED,CONTROL-ONLY MODEL / NO PRODUCTION SAFETY INTERVENTION
heavy,noise,37.5,25.0,15,0.01,OLD,0,1573.7,-1.0,38.199569,38.366840,1,0,SAFETY_INTERVENTION_REQUIRED,CONTROL-ONLY MODEL / NO PRODUCTION SAFETY INTERVENTION
heavy,noise,37.5,25.0,15,0.01,NEW,300,1566.1,-1.0,38.199558,38.362179,1,0,SAFETY_INTERVENTION_REQUIRED,CONTROL-ONLY MODEL / NO PRODUCTION SAFETY INTERVENTION
heavy,noise,37.5,25.0,15,0.01,NEW,500,1566.3,-1.0,38.199724,38.362434,1,0,SAFETY_INTERVENTION_REQUIRED,CONTROL-ONLY MODEL / NO PRODUCTION SAFETY INTERVENTION
heavy,noise,37.5,25.0,15,0.01,NEW,1000,1566.4,-1.0,38.199629,38.364310,1,0,SAFETY_INTERVENTION_REQUIRED,CONTROL-ONLY MODEL / NO PRODUCTION SAFETY INTERVENTION
heavy,one_bad_sample,37.5,25.0,15,0.01,OLD,0,1573.2,-1.0,38.199871,38.375171,1,0,SAFETY_INTERVENTION_REQUIRED,CONTROL-ONLY MODEL / NO PRODUCTION SAFETY INTERVENTION
heavy,one_bad_sample,37.5,25.0,15,0.01,NEW,300,1565.0,-1.0,38.199622,38.368904,1,0,SAFETY_INTERVENTION_REQUIRED,CONTROL-ONLY MODEL / NO PRODUCTION SAFETY INTERVENTION
heavy,one_bad_sample,37.5,25.0,15,0.01,NEW,500,1565.0,-1.0,38.199934,38.369914,1,0,SAFETY_INTERVENTION_REQUIRED,CONTROL-ONLY MODEL / NO PRODUCTION SAFETY INTERVENTION
heavy,one_bad_sample,37.5,25.0,15,0.01,NEW,1000,1565.2,-1.0,38.199836,38.370658,1,0,SAFETY_INTERVENTION_REQUIRED,CONTROL-ONLY MODEL / NO PRODUCTION SAFETY INTERVENTION
heavy,sensor_loss,37.5,25.0,15,0.01,OLD,0,1573.2,-1.0,38.199871,38.375171,1,0,SAFETY_INTERVENTION_REQUIRED,CONTROL-ONLY MODEL / NO PRODUCTION SAFETY INTERVENTION
heavy,sensor_loss,37.5,25.0,15,0.01,NEW,300,1565.0,-1.0,38.199622,38.368904,1,0,SAFETY_INTERVENTION_REQUIRED,CONTROL-ONLY MODEL / NO PRODUCTION SAFETY INTERVENTION
heavy,sensor_loss,37.5,25.0,15,0.01,NEW,500,1565.0,-1.0,38.199934,38.369914,1,0,SAFETY_INTERVENTION_REQUIRED,CONTROL-ONLY MODEL / NO PRODUCTION SAFETY INTERVENTION
heavy,sensor_loss,37.5,25.0,15,0.01,NEW,1000,1565.2,-1.0,38.199836,38.370658,1,0,SAFETY_INTERVENTION_REQUIRED,CONTROL-ONLY MODEL / NO PRODUCTION SAFETY INTERVENTION
heavy,safety_cut,37.5,25.0,15,0.01,OLD,0,1573.2,-1.0,38.199871,38.375171,1,0,SAFETY_INTERVENTION_REQUIRED,CONTROL-ONLY MODEL / NO PRODUCTION SAFETY INTERVENTION
heavy,safety_cut,37.5,25.0,15,0.01,NEW,300,1565.0,-1.0,38.199622,38.368904,1,0,SAFETY_INTERVENTION_REQUIRED,CONTROL-ONLY MODEL / NO PRODUCTION SAFETY INTERVENTION
heavy,safety_cut,37.5,25.0,15,0.01,NEW,500,1565.0,-1.0,38.199934,38.369914,1,0,SAFETY_INTERVENTION_REQUIRED,CONTROL-ONLY MODEL / NO PRODUCTION SAFETY INTERVENTION
heavy,safety_cut,37.5,25.0,15,0.01,NEW,1000,1565.2,-1.0,38.199836,38.370658,1,0,SAFETY_INTERVENTION_REQUIRED,CONTROL-ONLY MODEL / NO PRODUCTION SAFETY INTERVENTION
heavy,setpoint_step,37.5,25.0,15,0.01,OLD,0,4621.7,-1.0,38.199772,38.374766,1,0,SAFETY_INTERVENTION_REQUIRED,CONTROL-ONLY MODEL / NO PRODUCTION SAFETY INTERVENTION
heavy,setpoint_step,37.5,25.0,15,0.01,NEW,300,4616.5,-1.0,38.199835,38.368968,1,0,SAFETY_INTERVENTION_REQUIRED,CONTROL-ONLY MODEL / NO PRODUCTION SAFETY INTERVENTION
heavy,setpoint_step,37.5,25.0,15,0.01,NEW,500,4615.9,-1.0,38.199742,38.370322,1,0,SAFETY_INTERVENTION_REQUIRED,CONTROL-ONLY MODEL / NO PRODUCTION SAFETY INTERVENTION
heavy,setpoint_step,37.5,25.0,15,0.01,NEW,1000,4615.9,-1.0,38.199774,38.369045,1,0,SAFETY_INTERVENTION_REQUIRED,CONTROL-ONLY MODEL / NO PRODUCTION SAFETY INTERVENTION
heavy,vent,37.5,25.0,60,0.10,OLD,0,1607.2,-1.0,38.199933,38.677888,1,0,SAFETY_INTERVENTION_REQUIRED,CONTROL-ONLY MODEL / NO PRODUCTION SAFETY INTERVENTION
heavy,vent,37.5,25.0,60,0.10,NEW,300,1598.1,-1.0,38.199368,38.667246,1,0,SAFETY_INTERVENTION_REQUIRED,CONTROL-ONLY MODEL / NO PRODUCTION SAFETY INTERVENTION
heavy,vent,37.5,25.0,60,0.10,NEW,500,1598.2,-1.0,38.199378,38.666114,1,0,SAFETY_INTERVENTION_REQUIRED,CONTROL-ONLY MODEL / NO PRODUCTION SAFETY INTERVENTION
heavy,vent,37.5,25.0,60,0.10,NEW,1000,1598.6,-1.0,38.199836,38.667618,1,0,SAFETY_INTERVENTION_REQUIRED,CONTROL-ONLY MODEL / NO PRODUCTION SAFETY INTERVENTION
heavy,door,37.5,25.0,60,0.10,OLD,0,1607.2,-1.0,38.199933,38.671273,1,0,SAFETY_INTERVENTION_REQUIRED,CONTROL-ONLY MODEL / NO PRODUCTION SAFETY INTERVENTION
heavy,door,37.5,25.0,60,0.10,NEW,300,1598.1,-1.0,38.199368,38.666157,1,0,SAFETY_INTERVENTION_REQUIRED,CONTROL-ONLY MODEL / NO PRODUCTION SAFETY INTERVENTION
heavy,door,37.5,25.0,60,0.10,NEW,500,1598.2,-1.0,38.199378,38.665485,1,0,SAFETY_INTERVENTION_REQUIRED,CONTROL-ONLY MODEL / NO PRODUCTION SAFETY INTERVENTION
heavy,door,37.5,25.0,60,0.10,NEW,1000,1598.6,-1.0,38.199836,38.667618,1,0,SAFETY_INTERVENTION_REQUIRED,CONTROL-ONLY MODEL / NO PRODUCTION SAFETY INTERVENTION
heavy,ambient_rise,37.5,25.0,60,0.10,OLD,0,1607.2,-1.0,38.199933,38.670710,1,0,SAFETY_INTERVENTION_REQUIRED,CONTROL-ONLY MODEL / NO PRODUCTION SAFETY INTERVENTION
heavy,ambient_rise,37.5,25.0,60,0.10,NEW,300,1598.1,-1.0,38.199368,38.666157,1,0,SAFETY_INTERVENTION_REQUIRED,CONTROL-ONLY MODEL / NO PRODUCTION SAFETY INTERVENTION
heavy,ambient_rise,37.5,25.0,60,0.10,NEW,500,1598.2,-1.0,38.199378,38.665485,1,0,SAFETY_INTERVENTION_REQUIRED,CONTROL-ONLY MODEL / NO PRODUCTION SAFETY INTERVENTION
heavy,ambient_rise,37.5,25.0,60,0.10,NEW,1000,1598.6,-1.0,38.199836,38.667618,1,0,SAFETY_INTERVENTION_REQUIRED,CONTROL-ONLY MODEL / NO PRODUCTION SAFETY INTERVENTION
heavy,noise,37.5,25.0,60,0.10,OLD,0,1606.0,-1.0,38.199695,38.659678,1,0,SAFETY_INTERVENTION_REQUIRED,CONTROL-ONLY MODEL / NO PRODUCTION SAFETY INTERVENTION
heavy,noise,37.5,25.0,60,0.10,NEW,300,1598.6,-1.0,38.199772,38.654235,1,0,SAFETY_INTERVENTION_REQUIRED,CONTROL-ONLY MODEL / NO PRODUCTION SAFETY INTERVENTION
heavy,noise,37.5,25.0,60,0.10,NEW,500,1598.7,-1.0,38.199880,38.653670,1,0,SAFETY_INTERVENTION_REQUIRED,CONTROL-ONLY MODEL / NO PRODUCTION SAFETY INTERVENTION
heavy,noise,37.5,25.0,60,0.10,NEW,1000,1598.8,-1.0,38.199424,38.652380,1,0,SAFETY_INTERVENTION_REQUIRED,CONTROL-ONLY MODEL / NO PRODUCTION SAFETY INTERVENTION
heavy,one_bad_sample,37.5,25.0,60,0.10,OLD,0,1607.2,-1.0,38.199933,38.670710,1,0,SAFETY_INTERVENTION_REQUIRED,CONTROL-ONLY MODEL / NO PRODUCTION SAFETY INTERVENTION
heavy,one_bad_sample,37.5,25.0,60,0.10,NEW,300,1598.1,-1.0,38.199368,38.666157,1,0,SAFETY_INTERVENTION_REQUIRED,CONTROL-ONLY MODEL / NO PRODUCTION SAFETY INTERVENTION
heavy,one_bad_sample,37.5,25.0,60,0.10,NEW,500,1598.2,-1.0,38.199378,38.665485,1,0,SAFETY_INTERVENTION_REQUIRED,CONTROL-ONLY MODEL / NO PRODUCTION SAFETY INTERVENTION
heavy,one_bad_sample,37.5,25.0,60,0.10,NEW,1000,1598.6,-1.0,38.199836,38.667618,1,0,SAFETY_INTERVENTION_REQUIRED,CONTROL-ONLY MODEL / NO PRODUCTION SAFETY INTERVENTION
heavy,sensor_loss,37.5,25.0,60,0.10,OLD,0,1607.2,-1.0,38.199933,38.670710,1,0,SAFETY_INTERVENTION_REQUIRED,CONTROL-ONLY MODEL / NO PRODUCTION SAFETY INTERVENTION
heavy,sensor_loss,37.5,25.0,60,0.10,NEW,300,1598.1,-1.0,38.199368,38.666157,1,0,SAFETY_INTERVENTION_REQUIRED,CONTROL-ONLY MODEL / NO PRODUCTION SAFETY INTERVENTION
heavy,sensor_loss,37.5,25.0,60,0.10,NEW,500,1598.2,-1.0,38.199378,38.665485,1,0,SAFETY_INTERVENTION_REQUIRED,CONTROL-ONLY MODEL / NO PRODUCTION SAFETY INTERVENTION
heavy,sensor_loss,37.5,25.0,60,0.10,NEW,1000,1598.6,-1.0,38.199836,38.667618,1,0,SAFETY_INTERVENTION_REQUIRED,CONTROL-ONLY MODEL / NO PRODUCTION SAFETY INTERVENTION
heavy,safety_cut,37.5,25.0,60,0.10,OLD,0,1607.2,-1.0,38.199933,38.670710,1,0,SAFETY_INTERVENTION_REQUIRED,CONTROL-ONLY MODEL / NO PRODUCTION SAFETY INTERVENTION
heavy,safety_cut,37.5,25.0,60,0.10,NEW,300,1598.1,-1.0,38.199368,38.666157,1,0,SAFETY_INTERVENTION_REQUIRED,CONTROL-ONLY MODEL / NO PRODUCTION SAFETY INTERVENTION
heavy,safety_cut,37.5,25.0,60,0.10,NEW,500,1598.2,-1.0,38.199378,38.665485,1,0,SAFETY_INTERVENTION_REQUIRED,CONTROL-ONLY MODEL / NO PRODUCTION SAFETY INTERVENTION
heavy,safety_cut,37.5,25.0,60,0.10,NEW,1000,1598.6,-1.0,38.199836,38.667618,1,0,SAFETY_INTERVENTION_REQUIRED,CONTROL-ONLY MODEL / NO PRODUCTION SAFETY INTERVENTION
heavy,setpoint_step,37.5,25.0,60,0.10,OLD,0,4651.2,-1.0,38.199769,38.671176,1,0,SAFETY_INTERVENTION_REQUIRED,CONTROL-ONLY MODEL / NO PRODUCTION SAFETY INTERVENTION
heavy,setpoint_step,37.5,25.0,60,0.10,NEW,300,4640.9,-1.0,38.199975,38.663942,1,0,SAFETY_INTERVENTION_REQUIRED,CONTROL-ONLY MODEL / NO PRODUCTION SAFETY INTERVENTION
heavy,setpoint_step,37.5,25.0,60,0.10,NEW,500,4641.1,-1.0,38.199376,38.664995,1,0,SAFETY_INTERVENTION_REQUIRED,CONTROL-ONLY MODEL / NO PRODUCTION SAFETY INTERVENTION
heavy,setpoint_step,37.5,25.0,60,0.10,NEW,1000,4643.6,-1.0,38.199796,38.668011,1,0,SAFETY_INTERVENTION_REQUIRED,CONTROL-ONLY MODEL / NO PRODUCTION SAFETY INTERVENTION
heavy,vent,37.5,25.0,60,0.01,OLD,0,1606.1,-1.0,38.199924,38.683377,1,0,SAFETY_INTERVENTION_REQUIRED,CONTROL-ONLY MODEL / NO PRODUCTION SAFETY INTERVENTION
heavy,vent,37.5,25.0,60,0.01,NEW,300,1597.8,-1.0,38.199732,38.675790,1,0,SAFETY_INTERVENTION_REQUIRED,CONTROL-ONLY MODEL / NO PRODUCTION SAFETY INTERVENTION
heavy,vent,37.5,25.0,60,0.01,NEW,500,1597.9,-1.0,38.199574,38.673356,1,0,SAFETY_INTERVENTION_REQUIRED,CONTROL-ONLY MODEL / NO PRODUCTION SAFETY INTERVENTION
heavy,vent,37.5,25.0,60,0.01,NEW,1000,1598.2,-1.0,38.199871,38.675975,1,0,SAFETY_INTERVENTION_REQUIRED,CONTROL-ONLY MODEL / NO PRODUCTION SAFETY INTERVENTION
heavy,door,37.5,25.0,60,0.01,OLD,0,1606.1,-1.0,38.199924,38.678597,1,0,SAFETY_INTERVENTION_REQUIRED,CONTROL-ONLY MODEL / NO PRODUCTION SAFETY INTERVENTION
heavy,door,37.5,25.0,60,0.01,NEW,300,1597.8,-1.0,38.199732,38.673094,1,0,SAFETY_INTERVENTION_REQUIRED,CONTROL-ONLY MODEL / NO PRODUCTION SAFETY INTERVENTION
heavy,door,37.5,25.0,60,0.01,NEW,500,1597.9,-1.0,38.199574,38.673356,1,0,SAFETY_INTERVENTION_REQUIRED,CONTROL-ONLY MODEL / NO PRODUCTION SAFETY INTERVENTION
heavy,door,37.5,25.0,60,0.01,NEW,1000,1598.2,-1.0,38.199871,38.675975,1,0,SAFETY_INTERVENTION_REQUIRED,CONTROL-ONLY MODEL / NO PRODUCTION SAFETY INTERVENTION
heavy,ambient_rise,37.5,25.0,60,0.01,OLD,0,1606.1,-1.0,38.199924,38.678597,1,0,SAFETY_INTERVENTION_REQUIRED,CONTROL-ONLY MODEL / NO PRODUCTION SAFETY INTERVENTION
heavy,ambient_rise,37.5,25.0,60,0.01,NEW,300,1597.8,-1.0,38.199732,38.673094,1,0,SAFETY_INTERVENTION_REQUIRED,CONTROL-ONLY MODEL / NO PRODUCTION SAFETY INTERVENTION
heavy,ambient_rise,37.5,25.0,60,0.01,NEW,500,1597.9,-1.0,38.199574,38.673356,1,0,SAFETY_INTERVENTION_REQUIRED,CONTROL-ONLY MODEL / NO PRODUCTION SAFETY INTERVENTION
heavy,ambient_rise,37.5,25.0,60,0.01,NEW,1000,1598.2,-1.0,38.199871,38.675975,1,0,SAFETY_INTERVENTION_REQUIRED,CONTROL-ONLY MODEL / NO PRODUCTION SAFETY INTERVENTION
heavy,noise,37.5,25.0,60,0.01,OLD,0,1607.2,-1.0,38.199381,38.670141,1,0,SAFETY_INTERVENTION_REQUIRED,CONTROL-ONLY MODEL / NO PRODUCTION SAFETY INTERVENTION
heavy,noise,37.5,25.0,60,0.01,NEW,300,1598.1,-1.0,38.199619,38.666557,1,0,SAFETY_INTERVENTION_REQUIRED,CONTROL-ONLY MODEL / NO PRODUCTION SAFETY INTERVENTION
heavy,noise,37.5,25.0,60,0.01,NEW,500,1598.2,-1.0,38.199699,38.666960,1,0,SAFETY_INTERVENTION_REQUIRED,CONTROL-ONLY MODEL / NO PRODUCTION SAFETY INTERVENTION
heavy,noise,37.5,25.0,60,0.01,NEW,1000,1598.6,-1.0,38.199766,38.667546,1,0,SAFETY_INTERVENTION_REQUIRED,CONTROL-ONLY MODEL / NO PRODUCTION SAFETY INTERVENTION
heavy,one_bad_sample,37.5,25.0,60,0.01,OLD,0,1606.1,-1.0,38.199924,38.678597,1,0,SAFETY_INTERVENTION_REQUIRED,CONTROL-ONLY MODEL / NO PRODUCTION SAFETY INTERVENTION
heavy,one_bad_sample,37.5,25.0,60,0.01,NEW,300,1597.8,-1.0,38.199732,38.673094,1,0,SAFETY_INTERVENTION_REQUIRED,CONTROL-ONLY MODEL / NO PRODUCTION SAFETY INTERVENTION
heavy,one_bad_sample,37.5,25.0,60,0.01,NEW,500,1597.9,-1.0,38.199574,38.673356,1,0,SAFETY_INTERVENTION_REQUIRED,CONTROL-ONLY MODEL / NO PRODUCTION SAFETY INTERVENTION
heavy,one_bad_sample,37.5,25.0,60,0.01,NEW,1000,1598.2,-1.0,38.199871,38.675975,1,0,SAFETY_INTERVENTION_REQUIRED,CONTROL-ONLY MODEL / NO PRODUCTION SAFETY INTERVENTION
heavy,sensor_loss,37.5,25.0,60,0.01,OLD,0,1606.1,-1.0,38.199924,38.678597,1,0,SAFETY_INTERVENTION_REQUIRED,CONTROL-ONLY MODEL / NO PRODUCTION SAFETY INTERVENTION
heavy,sensor_loss,37.5,25.0,60,0.01,NEW,300,1597.8,-1.0,38.199732,38.673094,1,0,SAFETY_INTERVENTION_REQUIRED,CONTROL-ONLY MODEL / NO PRODUCTION SAFETY INTERVENTION
heavy,sensor_loss,37.5,25.0,60,0.01,NEW,500,1597.9,-1.0,38.199574,38.673356,1,0,SAFETY_INTERVENTION_REQUIRED,CONTROL-ONLY MODEL / NO PRODUCTION SAFETY INTERVENTION
heavy,sensor_loss,37.5,25.0,60,0.01,NEW,1000,1598.2,-1.0,38.199871,38.675975,1,0,SAFETY_INTERVENTION_REQUIRED,CONTROL-ONLY MODEL / NO PRODUCTION SAFETY INTERVENTION
heavy,safety_cut,37.5,25.0,60,0.01,OLD,0,1606.1,-1.0,38.199924,38.678597,1,0,SAFETY_INTERVENTION_REQUIRED,CONTROL-ONLY MODEL / NO PRODUCTION SAFETY INTERVENTION
heavy,safety_cut,37.5,25.0,60,0.01,NEW,300,1597.8,-1.0,38.199732,38.673094,1,0,SAFETY_INTERVENTION_REQUIRED,CONTROL-ONLY MODEL / NO PRODUCTION SAFETY INTERVENTION
heavy,safety_cut,37.5,25.0,60,0.01,NEW,500,1597.9,-1.0,38.199574,38.673356,1,0,SAFETY_INTERVENTION_REQUIRED,CONTROL-ONLY MODEL / NO PRODUCTION SAFETY INTERVENTION
heavy,safety_cut,37.5,25.0,60,0.01,NEW,1000,1598.2,-1.0,38.199871,38.675975,1,0,SAFETY_INTERVENTION_REQUIRED,CONTROL-ONLY MODEL / NO PRODUCTION SAFETY INTERVENTION
heavy,setpoint_step,37.5,25.0,60,0.01,OLD,0,4641.6,-1.0,38.199572,38.679362,1,0,SAFETY_INTERVENTION_REQUIRED,CONTROL-ONLY MODEL / NO PRODUCTION SAFETY INTERVENTION
heavy,setpoint_step,37.5,25.0,60,0.01,NEW,300,4634.1,-1.0,38.199884,38.672671,1,0,SAFETY_INTERVENTION_REQUIRED,CONTROL-ONLY MODEL / NO PRODUCTION SAFETY INTERVENTION
heavy,setpoint_step,37.5,25.0,60,0.01,NEW,500,4633.5,-1.0,38.199531,38.674065,1,0,SAFETY_INTERVENTION_REQUIRED,CONTROL-ONLY MODEL / NO PRODUCTION SAFETY INTERVENTION
heavy,setpoint_step,37.5,25.0,60,0.01,NEW,1000,4633.8,-1.0,38.199358,38.675975,1,0,SAFETY_INTERVENTION_REQUIRED,CONTROL-ONLY MODEL / NO PRODUCTION SAFETY INTERVENTION
